Accident_Index,Age_Band_of_Driver,Age_of_Vehicle,Driver_Home_Area_Type,Driver_IMD_Decile,Engine_Capacity_.CC.,Hit_Object_in_Carriageway,Hit_Object_off_Carriageway,Journey_Purpose_of_Driver,Junction_Location,make,model,Propulsion_Code,Sex_of_Driver,Skidding_and_Overturning,Towing_and_Articulation,Vehicle_Leaving_Carriageway,Vehicle_Location.Restricted_Lane,Vehicle_Manoeuvre,Vehicle_Reference,Vehicle_Type,Was_Vehicle_Left_Hand_Drive,X1st_Point_of_Impact,Year
200401GD00675,26 - 35,,Data missing or out of range,,1997.0,,,Data missing or out of range,Data missing or out of range,HONDA,ACCORD VTEC SE AUTO,Petrol,Male,,No tow/articulation,Did not leave carriageway,0.0,Turning right,1,109,Data missing or out of range,Nearside,2004
200401GD00720,21 - 25,,Urban area,2.0,1753.0,,,Data missing or out of range,Data missing or out of range,FORD,TRAN CONNECT LX TDDI SWB,Heavy oil,Male,,No tow/articulation,Did not leave carriageway,0.0,U-turn,1,Van / Goods 3.5 tonnes mgw or under,Data missing or out of range,Offside,2004
200401GD00812,46 - 55,1.0,Urban area,2.0,3900.0,,,Data missing or out of range,Data missing or out of range,DENNIS,,Heavy oil,Male,,No tow/articulation,Did not leave carriageway,0.0,Turning right,2,Bus or coach (17 or more pass seats),Data missing or out of range,Nearside,2004
200401GD00831,26 - 35,4.0,Urban area,9.0,599.0,,,Data missing or out of range,Data missing or out of range,SUZUKI,,Petrol,Male,,No tow/articulation,Did not leave carriageway,0.0,Moving off,1,106,Data missing or out of range,Front,2004
200401HT00172,36 - 45,,Data missing or out of range,,,,,Data missing or out of range,Data missing or out of range,FORD,TRANSIT 190 D MWB,,Male,,No tow/articulation,Did not leave carriageway,0.0,Going ahead other,2,Van / Goods 3.5 tonnes mgw or under,Data missing or out of range,Front,2004
200401HT00182,46 - 55,9.0,Urban area,,1799.0,,,Data missing or out of range,Data missing or out of range,MERCEDES,C180 ELEGANCE AUTO,Petrol,Female,,No tow/articulation,Did not leave carriageway,0.0,Going ahead other,1,109,Data missing or out of range,Front,2004
200401HT00202,26 - 35,10.0,Data missing or out of range,,5480.0,,,Data missing or out of range,Data missing or out of range,VOLVO,,Heavy oil,Male,,No tow/articulation,Did not leave carriageway,0.0,Going ahead other,1,Other vehicle,Data missing or out of range,Front,2004
200401HT00228,21 - 25,,Urban area,1.0,,,,Data missing or out of range,Data missing or out of range,IVECO,,,Male,,No tow/articulation,Did not leave carriageway,0.0,Overtaking moving vehicle - offside,1,106,Data missing or out of range,Front,2004
200401HT00229,26 - 35,6.0,Urban area,4.0,1870.0,,,Data missing or out of range,Data missing or out of range,RENAULT,LAGUNA RN DTI,Heavy oil,Male,,No tow/articulation,Did not leave carriageway,0.0,Waiting to go - held up,1,109,Data missing or out of range,Back,2004
200401HT00238,36 - 45,5.0,Data missing or out of range,,,,,Data missing or out of range,Data missing or out of range,DENNIS,,Heavy oil,Male,,No tow/articulation,Did not leave carriageway,0.0,Going ahead other,1,Bus or coach (17 or more pass seats),Data missing or out of range,Offside,2004
200401HT00243,Data missing or out of range,10.0,Data missing or out of range,,1597.0,,,Data missing or out of range,Data missing or out of range,FORD,ESCORT L SPECIAL EDITION,Petrol,Male,,No tow/articulation,Did not leave carriageway,0.0,Going ahead other,2,109,Data missing or out of range,Data missing or out of range,2004
200401HT00340,26 - 35,2.0,Urban area,3.0,599.0,,,Data missing or out of range,Data missing or out of range,HONDA,CB 600 F2-02,Petrol,Male,,No tow/articulation,Did not leave carriageway,0.0,Going ahead other,1,106,Data missing or out of range,Did not impact,2004
200401HT00342,Data missing or out of range,,Data missing or out of range,,1587.0,,,Data missing or out of range,Data missing or out of range,PEUGEOT,307 S AUTO,Petrol,Male,,No tow/articulation,Did not leave carriageway,0.0,Going ahead other,2,109,Data missing or out of range,Front,2004
200401HT00367,36 - 45,8.0,Data missing or out of range,,748.0,,,Data missing or out of range,Data missing or out of range,HONDA,,Petrol,Male,,No tow/articulation,Did not leave carriageway,0.0,Going ahead other,2,106,Data missing or out of range,Nearside,2004
200401HT00528,26 - 35,,Urban area,2.0,,,,Data missing or out of range,Data missing or out of range,PIAGGIO,ET2,,Male,,No tow/articulation,Did not leave carriageway,0.0,Going ahead other,2,Bus or coach (17 or more pass seats),Data missing or out of range,Offside,2004
200401HT00613,46 - 55,,Urban area,2.0,,,,Data missing or out of range,Data missing or out of range,CITROEN,RELAY 1800 TD HDI LWB,,Male,,No tow/articulation,Did not leave carriageway,0.0,U-turn,2,109,Data missing or out of range,Offside,2004
200401HT00657,26 - 35,12.0,Urban area,1.0,1389.0,,,Data missing or out of range,Data missing or out of range,VAUXHALL,ASTRA LS I,Petrol,Male,,No tow/articulation,Did not leave carriageway,0.0,Turning right,1,109,Data missing or out of range,Data missing or out of range,2004
200401HT00704,21 - 25,7.0,Rural,9.0,1587.0,,,Data missing or out of range,Data missing or out of range,CITROEN,SAXO VSX AUTO,Petrol,Male,,No tow/articulation,Did not leave carriageway,0.0,Turning right,2,109,Data missing or out of range,Front,2004
200401HT20065,46 - 55,,Urban area,2.0,,,,Data missing or out of range,Data missing or out of range,AUSTIN,MONTEGO SL,,Male,,No tow/articulation,Did not leave carriageway,2.0,Going ahead other,1,Motorcycle 50cc and under,Data missing or out of range,Front,2004
200401JC00186,16 - 20,2.0,Urban area,3.0,1299.0,,,Data missing or out of range,Data missing or out of range,FORD,KA LUXURY,Petrol,Male,,No tow/articulation,Did not leave carriageway,0.0,Overtaking static vehicle - offside,1,109,Data missing or out of range,Front,2004
200401JC00248,26 - 35,9.0,Urban area,2.0,1108.0,,,Data missing or out of range,Data missing or out of range,FIAT,PUNTO 55 SX,Petrol,Female,,No tow/articulation,Did not leave carriageway,0.0,Waiting to go - held up,1,109,Data missing or out of range,Back,2004
200401JC00263,26 - 35,1.0,Urban area,8.0,1461.0,,,Data missing or out of range,Data missing or out of range,RENAULT,MEGANE EXPRESSION DCI 80,Heavy oil,Male,,No tow/articulation,Did not leave carriageway,0.0,Turning left,2,109,Data missing or out of range,Front,2004
200401JC00271,21 - 25,8.0,Data missing or out of range,,1396.0,,,Data missing or out of range,Data missing or out of range,ROVER,414 SI,Petrol,Male,,No tow/articulation,Did not leave carriageway,0.0,Going ahead other,1,109,Data missing or out of range,Front,2004
200401JC00476,46 - 55,10.0,Data missing or out of range,,3972.0,,,Data missing or out of range,Data missing or out of range,MERCEDES,,Heavy oil,Male,,No tow/articulation,Did not leave carriageway,0.0,Parked,2,Bus or coach (17 or more pass seats),Data missing or out of range,Back,2004
200401JC00484,26 - 35,1.0,Urban area,2.0,998.0,,,Data missing or out of range,Data missing or out of range,DUCATI,999 BIP,Petrol,Male,,No tow/articulation,Did not leave carriageway,0.0,Going ahead other,2,106,Data missing or out of range,Front,2004
200401JC00584,26 - 35,4.0,Urban area,4.0,5379.0,,,Data missing or out of range,Data missing or out of range,BMW,750I L AUTO,Petrol,Male,,No tow/articulation,Did not leave carriageway,0.0,Going ahead other,2,109,Data missing or out of range,Front,2004
200401JC30016,21 - 25,,Urban area,4.0,999.0,,,Data missing or out of range,Data missing or out of range,HONDA,VTR 1000 S-4,Petrol,Male,,No tow/articulation,Did not leave carriageway,0.0,Slowing or stopping,1,106,Data missing or out of range,Front,2004
200401JC30021,26 - 35,5.0,Urban area,1.0,1984.0,,,Data missing or out of range,Data missing or out of range,SEAT,ALHAMBRA 2.0,Petrol,Male,,No tow/articulation,Did not leave carriageway,0.0,Turning right,2,109,Data missing or out of range,Offside,2004
200401JC30053,46 - 55,,Urban area,4.0,1149.0,,,Data missing or out of range,Data missing or out of range,RENAULT,CLIO DYNAMIQUE 16V,Petrol,Male,,No tow/articulation,Did not leave carriageway,0.0,Parked,1,109,Data missing or out of range,Back,2004
200401JC30065,26 - 35,4.0,Urban area,5.0,650.0,,,Data missing or out of range,Data missing or out of range,SUZUKI,,Petrol,Male,,No tow/articulation,Did not leave carriageway,0.0,Going ahead other,2,106,Data missing or out of range,Front,2004
200401JC30072,16 - 20,8.0,Data missing or out of range,,1108.0,,,Data missing or out of range,Data missing or out of range,FIAT,PUNTO 55 SX,Petrol,Male,,No tow/articulation,Did not leave carriageway,0.0,Going ahead other,1,109,Data missing or out of range,Back,2004
200401JI00031,36 - 45,5.0,Urban area,4.0,1984.0,Kerb,Other permanent object,Data missing or out of range,Data missing or out of range,SEAT,ALHAMBRA 2.0,Petrol,Male,,No tow/articulation,Offside,0.0,Turning left,1,109,Data missing or out of range,Back,2004
200401JI00047,36 - 45,14.0,Urban area,5.0,1998.0,,,Data missing or out of range,Data missing or out of range,FORD,GRANADA GLI,Petrol,Male,,No tow/articulation,Did not leave carriageway,0.0,Turning right,2,109,Data missing or out of range,Front,2004
200401JI00051,Data missing or out of range,2.0,Urban area,4.0,1796.0,,,Data missing or out of range,Data missing or out of range,BMW,316TI SE COMPACT,Petrol,Male,,No tow/articulation,Did not leave carriageway,0.0,Waiting to go - held up,3,109,Data missing or out of range,Back,2004
200401JI00060,56 - 65,7.0,Urban area,4.0,2922.0,,,Data missing or out of range,Data missing or out of range,VOLVO,S90 CD 24V AUTO,Petrol,Female,,No tow/articulation,Did not leave carriageway,0.0,Turning left,2,109,Data missing or out of range,Front,2004
200401JI00090,21 - 25,4.0,Data missing or out of range,,1124.0,,,Data missing or out of range,Data missing or out of range,CITROEN,SAXO FORTE,Petrol,Female,,No tow/articulation,Did not leave carriageway,0.0,Waiting to go - held up,2,109,Data missing or out of range,Back,2004
200401JI00138,26 - 35,1.0,Urban area,1.0,8268.0,,,Data missing or out of range,Data missing or out of range,DENNIS,,Heavy oil,Male,,No tow/articulation,Did not leave carriageway,0.0,Moving off,1,Bus or coach (17 or more pass seats),Data missing or out of range,Did not impact,2004
200401JI00180,46 - 55,15.0,Urban area,2.0,1998.0,,,Data missing or out of range,Data missing or out of range,TOYOTA,CAMRY GLI AUTO,Petrol,Male,,No tow/articulation,Did not leave carriageway,0.0,Waiting to go - held up,1,109,Data missing or out of range,Back,2004
200401JI00391,46 - 55,1.0,Urban area,1.0,1998.0,,,Data missing or out of range,Data missing or out of range,HONDA,CR-V I-VTEC EXECUTIVE AUTO,Petrol,Male,,No tow/articulation,Did not leave carriageway,0.0,Going ahead other,1,109,Data missing or out of range,Front,2004
200401JI00455,26 - 35,1.0,Data missing or out of range,,2685.0,,,Data missing or out of range,Data missing or out of range,MERCEDES,CLK270 CDI AVAN'DE A,Heavy oil,Male,,No tow/articulation,Did not leave carriageway,0.0,Waiting to turn right,1,109,Data missing or out of range,Front,2004
200401JI00477,26 - 35,12.0,Urban area,4.0,3980.0,,,Data missing or out of range,Data missing or out of range,JAGUAR,XJ-S 4.0 AUTO,Petrol,Male,,No tow/articulation,Did not leave carriageway,0.0,Waiting to go - held up,1,109,Data missing or out of range,Back,2004
200401JI00588,46 - 55,11.0,Urban area,4.0,1834.0,,,Data missing or out of range,Data missing or out of range,MITSUBISHI,GALANT GLSI A,Petrol,Female,,No tow/articulation,Did not leave carriageway,0.0,Turning right,2,109,Data missing or out of range,Nearside,2004
200401JI00666,Data missing or out of range,7.0,Data missing or out of range,,1973.0,,,Data missing or out of range,Data missing or out of range,HONDA,CR-V 2.0I LS,Petrol,Female,,No tow/articulation,Did not leave carriageway,0.0,Turning right,2,109,Data missing or out of range,Offside,2004
200401KD00129,26 - 35,11.0,Data missing or out of range,,1994.0,,,Data missing or out of range,Data missing or out of range,ROVER,220 GTI,Petrol,Male,,No tow/articulation,Did not leave carriageway,0.0,Turning right,2,109,Data missing or out of range,Front,2004
200401KD00151,46 - 55,8.0,Urban area,2.0,1596.0,Parked vehicle,,Data missing or out of range,Data missing or out of range,BMW,316 I AUTO,Petrol,Male,Skidded,No tow/articulation,Did not leave carriageway,0.0,Turning right,2,109,Data missing or out of range,Offside,2004
200401KD00239,Data missing or out of range,11.0,Data missing or out of range,,2496.0,,,Data missing or out of range,Data missing or out of range,FORD,TRANSIT 100 D SWB,Heavy oil,Male,,No tow/articulation,Did not leave carriageway,0.0,Going ahead other,2,Van / Goods 3.5 tonnes mgw or under,Data missing or out of range,Front,2004
200401KD00288,36 - 45,,Urban area,5.0,,,,Data missing or out of range,Data missing or out of range,CITROEN,BERLINGO 600TD HDI LX,,Male,,No tow/articulation,Did not leave carriageway,0.0,Waiting to go - held up,2,109,Data missing or out of range,Back,2004
200401KD00445,36 - 45,16.0,Urban area,2.0,1396.0,,,Data missing or out of range,Data missing or out of range,HONDA,CIVIC GL AUTO,Petrol,Male,,No tow/articulation,Did not leave carriageway,0.0,Going ahead other,3,109,Data missing or out of range,Front,2004
200401KD00474,36 - 45,5.0,Urban area,4.0,918.0,,,Data missing or out of range,Data missing or out of range,HONDA,,Petrol,Male,Skidded,No tow/articulation,Did not leave carriageway,0.0,Slowing or stopping,2,106,Data missing or out of range,Front,2004
200401KD00544,26 - 35,14.0,Urban area,9.0,1597.0,,,Data missing or out of range,Data missing or out of range,NISSAN,SUNNY GSX COUPE,Petrol,Male,,No tow/articulation,Did not leave carriageway,0.0,Going ahead other,2,109,Data missing or out of range,Front,2004
200401KD00561,16 - 20,3.0,Urban area,6.0,1796.0,,,Data missing or out of range,Data missing or out of range,VAUXHALL,ASTRA 16V COMFORT,Petrol,Female,,No tow/articulation,Did not leave carriageway,0.0,Waiting to go - held up,2,109,Data missing or out of range,Back,2004
200401KD00649,56 - 65,,Urban area,9.0,,Kerb,,Data missing or out of range,Data missing or out of range,MITSUBISHI,L200 GLS TROJAN TD,,Male,Overturned,No tow/articulation,Nearside,0.0,Going ahead other,1,109,Data missing or out of range,Offside,2004
200401KD50015,36 - 45,,Urban area,8.0,2979.0,,,Data missing or out of range,Data missing or out of range,BMW,530I SE AUTO,Petrol,Male,,No tow/articulation,Did not leave carriageway,0.0,Going ahead other,1,109,Data missing or out of range,Offside,2004
200401KF60010,21 - 25,15.0,Urban area,,1998.0,,,Data missing or out of range,Data missing or out of range,VAUXHALL,ASTRA GTE 16V,Petrol,Male,,No tow/articulation,Did not leave carriageway,0.0,Turning right,2,109,Data missing or out of range,Offside,2004
200401KG00024,Data missing or out of range,7.0,Data missing or out of range,,1747.0,,,Data missing or out of range,Data missing or out of range,ALFA ROMEO,146 1.8 T.SPARK,Petrol,Male,,No tow/articulation,Did not leave carriageway,0.0,Going ahead other,2,109,Data missing or out of range,Front,2004
200401KG00056,56 - 65,10.0,Urban area,8.0,5958.0,,,Data missing or out of range,Data missing or out of range,MERCEDES,,Heavy oil,Male,,No tow/articulation,Did not leave carriageway,0.0,Going ahead other,2,Goods 7.5 tonnes mgw and over,Data missing or out of range,Front,2004
200401KG00166,46 - 55,3.0,Urban area,3.0,8268.0,,,Data missing or out of range,Data missing or out of range,DENNIS,,Heavy oil,Male,,No tow/articulation,Did not leave carriageway,0.0,Slowing or stopping,1,Bus or coach (17 or more pass seats),Data missing or out of range,Did not impact,2004
200401KG00241,36 - 45,10.0,Urban area,2.0,2496.0,,,Data missing or out of range,Data missing or out of range,FORD,TRANSIT 150 D SWB,Heavy oil,Male,,No tow/articulation,Did not leave carriageway,0.0,Going ahead other,1,Van / Goods 3.5 tonnes mgw or under,Data missing or out of range,Front,2004
200401KG00292,Data missing or out of range,3.0,Data missing or out of range,,3226.0,,,Data missing or out of range,Data missing or out of range,MERCEDES,E320 CDI ELEGANCE AUTO,Heavy oil,Female,,No tow/articulation,Did not leave carriageway,0.0,Going ahead other,2,109,Data missing or out of range,Front,2004
200401KG00349,56 - 65,10.0,Urban area,3.0,1753.0,,,Data missing or out of range,Data missing or out of range,FORD,ESCORT LX DIESEL,Heavy oil,Male,,No tow/articulation,Did not leave carriageway,0.0,Waiting to go - held up,2,109,Data missing or out of range,Back,2004
200401KG00359,26 - 35,7.0,Urban area,2.0,1332.0,,,Data missing or out of range,Data missing or out of range,TOYOTA,STARLET CD,Petrol,Female,,No tow/articulation,Did not leave carriageway,0.0,Overtaking - nearside,1,109,Data missing or out of range,Front,2004
200401KG00373,21 - 25,8.0,Urban area,2.0,3494.0,,,Data missing or out of range,Data missing or out of range,BMW,323I SE,Petrol,Male,,No tow/articulation,Did not leave carriageway,0.0,Changing lane to right,2,109,Data missing or out of range,Front,2004
200401KG00451,Data missing or out of range,1.0,Data missing or out of range,,11021.0,,,Data missing or out of range,Data missing or out of range,SCANIA,,Heavy oil,Male,,No tow/articulation,Did not leave carriageway,0.0,Changing lane to right,2,Goods 7.5 tonnes mgw and over,Data missing or out of range,Offside,2004
200401KO00003,26 - 35,5.0,Urban area,3.0,,,,Data missing or out of range,Data missing or out of range,DENNIS,,Heavy oil,Male,,No tow/articulation,Did not leave carriageway,0.0,Waiting to go - held up,1,Bus or coach (17 or more pass seats),Data missing or out of range,Back,2004
200401KO00065,36 - 45,10.0,Urban area,3.0,1119.0,,,Data missing or out of range,Data missing or out of range,FORD,FIESTA I,Petrol,Male,,No tow/articulation,Did not leave carriageway,0.0,Turning right,2,109,Data missing or out of range,Back,2004
200401KO00232,56 - 65,11.0,Urban area,2.0,2663.0,,,Data missing or out of range,Data missing or out of range,NISSAN,TERRANO II SLX TD,Heavy oil,Male,,No tow/articulation,Did not leave carriageway,0.0,Slowing or stopping,1,109,Data missing or out of range,Back,2004
200401KO00256,46 - 55,16.0,Urban area,5.0,954.0,,,Data missing or out of range,Data missing or out of range,PEUGEOT,205 XE,Petrol,Female,,No tow/articulation,Did not leave carriageway,0.0,Turning right,1,109,Data missing or out of range,Offside,2004
200401KO00487,21 - 25,,Urban area,3.0,,,,Data missing or out of range,Data missing or out of range,IVECO-FORD,,,Male,,No tow/articulation,Did not leave carriageway,0.0,Going ahead other,2,109,Data missing or out of range,Front,2004
200401KO00565,46 - 55,3.0,Urban area,4.0,6870.0,,,Data missing or out of range,Data missing or out of range,MAN,,Heavy oil,Male,,No tow/articulation,Did not leave carriageway,0.0,Changing lane to right,2,Van / Goods 3.5 tonnes mgw or under,Data missing or out of range,Offside,2004
200401KO00736,46 - 55,6.0,Urban area,3.0,1796.0,,,Data missing or out of range,Data missing or out of range,ROVER,200 VI,Petrol,Male,,No tow/articulation,Did not leave carriageway,0.0,Going ahead other,1,109,Data missing or out of range,Offside,2004
200401LX00027,26 - 35,5.0,Urban area,5.0,1783.0,,,Data missing or out of range,Data missing or out of range,VOLVO,V40 I AUTO,Petrol,Male,,No tow/articulation,Did not leave carriageway,0.0,Turning left,1,109,Data missing or out of range,Data missing or out of range,2004
200401LX00102,36 - 45,7.0,Urban area,5.0,124.0,,,Data missing or out of range,Data missing or out of range,PIAGGIO,VESPA ET4,Petrol,Male,,No tow/articulation,Did not leave carriageway,0.0,Moving off,1,Motorcycle 125cc and under,Data missing or out of range,Did not impact,2004
200401LX00136,26 - 35,6.0,Urban area,3.0,1747.0,,,Data missing or out of range,Data missing or out of range,ALFA ROMEO,156 1.8 T SPARK,Petrol,Male,,No tow/articulation,Did not leave carriageway,2.0,Changing lane to left,2,109,Data missing or out of range,Nearside,2004
200401LX00141,46 - 55,1.0,Urban area,2.0,7300.0,,,Data missing or out of range,Data missing or out of range,VOLVO,,Heavy oil,Male,,No tow/articulation,Did not leave carriageway,0.0,Going ahead other,1,Bus or coach (17 or more pass seats),Data missing or out of range,Data missing or out of range,2004
200401LX00293,26 - 35,8.0,Urban area,3.0,1108.0,,,Data missing or out of range,Data missing or out of range,FIAT,PUNTO 55 SX,Petrol,Female,,No tow/articulation,Did not leave carriageway,0.0,Going ahead other,1,109,Data missing or out of range,Data missing or out of range,2004
200401LX50084,21 - 25,4.0,Data missing or out of range,,1896.0,Kerb,,Data missing or out of range,Data missing or out of range,VOLKSWAGEN,,Heavy oil,Male,,No tow/articulation,Did not leave carriageway,0.0,Going ahead other,1,109,Data missing or out of range,Front,2004
200401LX50275,46 - 55,2.0,Data missing or out of range,,7300.0,,,Data missing or out of range,Data missing or out of range,VOLVO,,Heavy oil,Male,,No tow/articulation,Did not leave carriageway,0.0,Going ahead other,2,Bus or coach (17 or more pass seats),Data missing or out of range,Data missing or out of range,2004
200401LX50351,36 - 45,16.0,Data missing or out of range,,1985.0,,,Data missing or out of range,Data missing or out of range,SAAB,9000 I,Petrol,Male,,No tow/articulation,Did not leave carriageway,0.0,Turning right,1,109,Data missing or out of range,Front,2004
200401LX50543,Data missing or out of range,2.0,Data missing or out of range,,1598.0,,,Data missing or out of range,Data missing or out of range,RENAULT,MEGANE PRIVILEGE+ CABRIO,Petrol,Female,,No tow/articulation,Did not leave carriageway,0.0,Going ahead other,2,109,Data missing or out of range,Offside,2004
200401LX50578,56 - 65,9.0,Data missing or out of range,,2498.0,,,Data missing or out of range,Data missing or out of range,VAUXHALL,VECTRA CDX V6 AUTO,Petrol,Male,,No tow/articulation,Did not leave carriageway,0.0,Waiting to turn right,1,109,Data missing or out of range,Nearside,2004
200401LX50617,Data missing or out of range,4.0,Data missing or out of range,,1098.0,,,Data missing or out of range,Data missing or out of range,AUSTIN,HEALEY SPRITE,Petrol,Male,,No tow/articulation,Did not leave carriageway,0.0,Parked,5,109,Data missing or out of range,Front,2004
200401LX50650,26 - 35,2.0,Urban area,1.0,7300.0,,,Data missing or out of range,Data missing or out of range,VOLVO,,Heavy oil,Male,,No tow/articulation,Did not leave carriageway,0.0,Going ahead other,1,Bus or coach (17 or more pass seats),Data missing or out of range,Front,2004
200401LX50842,26 - 35,,Urban area,9.0,,,,Data missing or out of range,Data missing or out of range,TAISHAN,COMMUTER,,Male,,No tow/articulation,Did not leave carriageway,2.0,Going ahead other,1,Motorcycle 50cc and under,Data missing or out of range,Did not impact,2004
200401LX59265,16 - 20,2.0,Urban area,1.0,5883.0,,,Data missing or out of range,Data missing or out of range,DENNIS,,Heavy oil,Male,,No tow/articulation,Did not leave carriageway,0.0,Going ahead other,1,Bus or coach (17 or more pass seats),Data missing or out of range,Front,2004
200401MM00053,26 - 35,2.0,Data missing or out of range,,7300.0,,,Data missing or out of range,Data missing or out of range,VOLVO,,Heavy oil,Male,,No tow/articulation,Did not leave carriageway,2.0,Going ahead other,1,Bus or coach (17 or more pass seats),Data missing or out of range,Did not impact,2004
200401MM00096,36 - 45,6.0,Urban area,1.0,3301.0,,,Data missing or out of range,Data missing or out of range,CHRYSLER,,Petrol,Male,,No tow/articulation,Did not leave carriageway,2.0,Going ahead other,1,109,Data missing or out of range,Front,2004
200401MM00099,36 - 45,13.0,Data missing or out of range,,2299.0,,,Data missing or out of range,Data missing or out of range,MERCEDES,230TE AUTO,Petrol,Male,,No tow/articulation,Did not leave carriageway,0.0,Going ahead other,1,109,Data missing or out of range,Nearside,2004
200401MM00192,21 - 25,1.0,Urban area,3.0,1769.0,,,Data missing or out of range,Data missing or out of range,NISSAN,PRIMERA S,Petrol,Male,,No tow/articulation,Did not leave carriageway,0.0,Going ahead other,1,109,Data missing or out of range,Nearside,2004
200401MM00239,26 - 35,11.0,Urban area,2.0,999.0,,,Data missing or out of range,Data missing or out of range,FIAT,PANDA 1000 CLX IE,Petrol,Female,,No tow/articulation,Did not leave carriageway,0.0,Going ahead other,1,109,Data missing or out of range,Front,2004
200401MM00258,26 - 35,12.0,Urban area,2.0,2496.0,,,Data missing or out of range,Data missing or out of range,FORD,TRANSIT 80 POP D SWB,Heavy oil,Male,,No tow/articulation,Did not leave carriageway,0.0,Waiting to go - held up,1,Van / Goods 3.5 tonnes mgw or under,Data missing or out of range,Back,2004
200401MM00286,21 - 25,5.0,Urban area,2.0,,,,Data missing or out of range,Data missing or out of range,DENNIS,,Heavy oil,Male,,No tow/articulation,Did not leave carriageway,0.0,Slowing or stopping,1,Bus or coach (17 or more pass seats),Data missing or out of range,Did not impact,2004
200401MM70010,36 - 45,9.0,Urban area,3.0,899.0,,,Data missing or out of range,Data missing or out of range,HONDA,,Petrol,Male,,No tow/articulation,Did not leave carriageway,0.0,Going ahead other,2,106,Data missing or out of range,Back,2004
200401MM70212,26 - 35,3.0,Data missing or out of range,,2800.0,,,Data missing or out of range,Data missing or out of range,IVECO,,Heavy oil,Male,,No tow/articulation,Did not leave carriageway,0.0,Turning right,2,Goods 7.5 tonnes mgw and over,Data missing or out of range,Back,2004
200401MM70391,46 - 55,14.0,Data missing or out of range,,1396.0,,,Data missing or out of range,Data missing or out of range,HONDA,CIVIC GL AUTO,Petrol,Male,,No tow/articulation,Did not leave carriageway,0.0,Turning left,2,109,Data missing or out of range,Front,2004
200401MM70493,26 - 35,6.0,Urban area,2.0,3301.0,,,Data missing or out of range,Data missing or out of range,CHRYSLER,GRAND VOYAGER LE AUTO,Petrol,Male,,No tow/articulation,Did not leave carriageway,0.0,Going ahead other,1,109,Data missing or out of range,Front,2004
200401MM70523,16 - 20,1.0,Urban area,5.0,124.0,,,Data missing or out of range,Data missing or out of range,ITALJET,DRAGSTER D125LC,Petrol,Male,,No tow/articulation,Did not leave carriageway,0.0,Going ahead other,1,Motorcycle 125cc and under,Data missing or out of range,Front,2004
200401MM70591,36 - 45,3.0,Urban area,5.0,8268.0,,,Data missing or out of range,Data missing or out of range,DENNIS,,Heavy oil,Male,,No tow/articulation,Did not leave carriageway,0.0,Going ahead other,1,Bus or coach (17 or more pass seats),Data missing or out of range,Nearside,2004
200401MM70597,36 - 45,1.0,Urban area,5.0,7300.0,,,Data missing or out of range,Data missing or out of range,VOLVO,,Heavy oil,Male,,No tow/articulation,Did not leave carriageway,0.0,Slowing or stopping,1,Bus or coach (17 or more pass seats),Data missing or out of range,Did not impact,2004
200401MM70601,Over 75,3.0,Urban area,9.0,1997.0,,,Data missing or out of range,Data missing or out of range,CITROEN,XSARA LX HDI,Heavy oil,Female,,No tow/articulation,Did not leave carriageway,0.0,Turning right,2,109,Data missing or out of range,Front,2004
200401MM70633,26 - 35,,Urban area,3.0,,,,Data missing or out of range,Data missing or out of range,PIAGGIO,VESPA ET4,,Female,,No tow/articulation,Did not leave carriageway,0.0,Going ahead other,1,Motorcycle 125cc and under,Data missing or out of range,Front,2004