Accident_Index,Age_Band_of_Driver,Age_of_Vehicle,Driver_Home_Area_Type,Driver_IMD_Decile,Engine_Capacity_.CC.,Hit_Object_in_Carriageway,Hit_Object_off_Carriageway,Journey_Purpose_of_Driver,Junction_Location,make,model,Propulsion_Code,Sex_of_Driver,Skidding_and_Overturning,Towing_and_Articulation,Vehicle_Leaving_Carriageway,Vehicle_Location.Restricted_Lane,Vehicle_Manoeuvre,Vehicle_Reference,Vehicle_Type,Was_Vehicle_Left_Hand_Drive,X1st_Point_of_Impact,Year
200401MM70681,36 - 45,4.0,Urban area,6.0,,,,Data missing or out of range,Data missing or out of range,DAF,,Heavy oil,Male,,No tow/articulation,Did not leave carriageway,0.0,Going ahead other,1,Bus or coach (17 or more pass seats),Data missing or out of range,Did not impact,2004
200401MM70691,36 - 45,4.0,Urban area,10.0,1796.0,,,Data missing or out of range,Data missing or out of range,FORD,FOCUS ZETEC COLLECTION,Petrol,Male,,No tow/articulation,Did not leave carriageway,0.0,Turning right,2,109,Data missing or out of range,Front,2004
200401MM70813,36 - 45,5.0,Urban area,4.0,1783.0,,,Data missing or out of range,Data missing or out of range,RENAULT,LAGUNA RXE 16V,Petrol,Male,,No tow/articulation,Did not leave carriageway,0.0,Going ahead other,1,109,Data missing or out of range,Front,2004
200401MM79198,Data missing or out of range,10.0,Data missing or out of range,,1796.0,,,Data missing or out of range,Data missing or out of range,VAUXHALL,CAVALIER CLUB,Petrol,Male,,No tow/articulation,Did not leave carriageway,0.0,Slowing or stopping,2,109,Data missing or out of range,Front,2004
200401PL00020,26 - 35,,Urban area,3.0,,,,Data missing or out of range,Data missing or out of range,VAUXHALL,ASTRA ENVOY DI,,Male,,No tow/articulation,Did not leave carriageway,0.0,Going ahead other,2,109,Data missing or out of range,Front,2004
200401PL00026,26 - 35,4.0,Small town,9.0,124.0,,,Data missing or out of range,Data missing or out of range,SUZUKI,DR 125 SEY,Petrol,Male,,No tow/articulation,Did not leave carriageway,0.0,Overtaking moving vehicle - offside,1,Motorcycle 125cc and under,Data missing or out of range,Front,2004
200401PL00050,36 - 45,3.0,Data missing or out of range,,5883.0,,,Data missing or out of range,Data missing or out of range,DENNIS,,Heavy oil,Male,,No tow/articulation,Did not leave carriageway,0.0,Slowing or stopping,2,Bus or coach (17 or more pass seats),Data missing or out of range,Back,2004
200401PL00054,46 - 55,10.0,Urban area,3.0,1120.0,,,Data missing or out of range,Data missing or out of range,ROVER,METRO RIO,Petrol,Female,,No tow/articulation,Did not leave carriageway,0.0,Going ahead other,1,109,Data missing or out of range,Front,2004
200401PL00177,21 - 25,1.0,Urban area,2.0,1796.0,Parked vehicle,,Data missing or out of range,Data missing or out of range,MG,TF 160 SPRINT,Petrol,Male,Skidded,No tow/articulation,Did not leave carriageway,0.0,Going ahead other,1,109,Data missing or out of range,Front,2004
200401PL00190,16 - 20,8.0,Urban area,2.0,1242.0,Kerb,Other permanent object,Data missing or out of range,Data missing or out of range,FIAT,PUNTO 75 SX,Petrol,Male,,No tow/articulation,Offside and rebounded,0.0,Going ahead other,1,109,Data missing or out of range,Offside,2004
200401PL60091,21 - 25,5.0,Urban area,4.0,1948.0,,,Data missing or out of range,Data missing or out of range,RENAULT,LAGUNA RXE 16V,Petrol,Male,,No tow/articulation,Did not leave carriageway,0.0,Slowing or stopping,2,109,Data missing or out of range,Front,2004
200401PL60122,Data missing or out of range,6.0,Data missing or out of range,,1598.0,,,Data missing or out of range,Data missing or out of range,RENAULT,CLIO RXE,Petrol,Male,,No tow/articulation,Did not leave carriageway,0.0,Going ahead other,2,109,Data missing or out of range,Front,2004
200401PL60124,26 - 35,1.0,Urban area,10.0,1781.0,,,Data missing or out of range,Data missing or out of range,VOLKSWAGEN,PASSAT SE 20V TURBO TIPTRON,Petrol,Female,,No tow/articulation,Did not leave carriageway,0.0,Going ahead other,1,109,Data missing or out of range,Nearside,2004
200401PL60134,21 - 25,5.0,Urban area,1.0,,,,Data missing or out of range,Data missing or out of range,DENNIS,,Heavy oil,Male,,No tow/articulation,Did not leave carriageway,0.0,Moving off,1,Bus or coach (17 or more pass seats),Data missing or out of range,Did not impact,2004
200401PL60192,36 - 45,1.0,Urban area,5.0,3900.0,,,Data missing or out of range,Data missing or out of range,DENNIS,,Heavy oil,Male,,No tow/articulation,Did not leave carriageway,0.0,Slowing or stopping,1,Bus or coach (17 or more pass seats),Data missing or out of range,Did not impact,2004
200401PL60483,26 - 35,5.0,Data missing or out of range,,,,,Data missing or out of range,Data missing or out of range,DENNIS,,Heavy oil,Male,,No tow/articulation,Did not leave carriageway,2.0,Going ahead other,1,Bus or coach (17 or more pass seats),Data missing or out of range,Did not impact,2004
200401PL60720,26 - 35,3.0,Urban area,2.0,7300.0,,,Data missing or out of range,Data missing or out of range,VOLVO,,Heavy oil,Male,,No tow/articulation,Did not leave carriageway,0.0,Turning left,1,Bus or coach (17 or more pass seats),Data missing or out of range,Did not impact,2004
200401PL69034,16 - 20,,Urban area,2.0,1229.0,,,Data missing or out of range,Data missing or out of range,VAUXHALL,CORSA SXI TWINPORT,Petrol,Male,,No tow/articulation,Did not leave carriageway,0.0,Going ahead other,1,109,Data missing or out of range,Front,2004
200401PL69225,26 - 35,5.0,Data missing or out of range,,4398.0,,,Data missing or out of range,Data missing or out of range,BMW,840 CI SPORT AUTO,Petrol,Male,,No tow/articulation,Did not leave carriageway,0.0,Going ahead other,1,109,Data missing or out of range,Nearside,2004
200401PY00037,46 - 55,13.0,Urban area,5.0,1905.0,,,Data missing or out of range,Data missing or out of range,PEUGEOT,405 GTX INJECTION AUTO,Petrol,Male,,No tow/articulation,Did not leave carriageway,0.0,Going ahead other,2,109,Data missing or out of range,Front,2004
200401PY00041,26 - 35,,Urban area,2.0,,,,Data missing or out of range,Data missing or out of range,FORD,TRANSIT 350 LWB TD,,Male,,No tow/articulation,Did not leave carriageway,0.0,Going ahead other,1,Van / Goods 3.5 tonnes mgw or under,Data missing or out of range,Front,2004
200401PY00158,16 - 20,11.0,Urban area,5.0,1590.0,Kerb,Other permanent object,Data missing or out of range,Data missing or out of range,ROVER,216 GSI AUTO,Petrol,Male,,No tow/articulation,Nearside,0.0,Turning left,1,109,Data missing or out of range,Offside,2004
200401PY20033,46 - 55,6.0,Urban area,10.0,2493.0,,,Data missing or out of range,Data missing or out of range,SUZUKI,GRAND VITARA V6 AUTO,Petrol,Male,,No tow/articulation,Did not leave carriageway,0.0,Going ahead other,1,109,Data missing or out of range,Front,2004
200401PY20062,36 - 45,4.0,Urban area,2.0,1796.0,,,Data missing or out of range,Data missing or out of range,VAUXHALL,ASTRA CDX 16V,Petrol,Male,,No tow/articulation,Did not leave carriageway,2.0,Turning right,2,109,Data missing or out of range,Nearside,2004
200401PY20076,26 - 35,2.0,Urban area,2.0,8268.0,,,Data missing or out of range,Data missing or out of range,DENNIS,,Heavy oil,Male,,No tow/articulation,Did not leave carriageway,0.0,Parked,1,Bus or coach (17 or more pass seats),Data missing or out of range,Did not impact,2004
200401PY20193,Data missing or out of range,10.0,Data missing or out of range,,1299.0,,,Data missing or out of range,Data missing or out of range,FORD,FIESTA I AUTO,Petrol,Not known,,No tow/articulation,Did not leave carriageway,0.0,Going ahead other,2,109,Data missing or out of range,Front,2004
200401PY20245,16 - 20,3.0,Urban area,1.0,124.0,Parked vehicle,,Data missing or out of range,Data missing or out of range,PIAGGIO,ZIP 125,Petrol,Male,Skidded,No tow/articulation,Did not leave carriageway,0.0,Going ahead left-hand bend,1,Motorcycle 125cc and under,Data missing or out of range,Front,2004
200401PY20246,46 - 55,7.0,Data missing or out of range,,3378.0,,,Data missing or out of range,Data missing or out of range,TOYOTA,LANDCRUISER COLORADO VX A,Petrol,Female,,No tow/articulation,Did not leave carriageway,0.0,Overtaking static vehicle - offside,2,109,Data missing or out of range,Front,2004
200401PY20300,26 - 35,11.0,Data missing or out of range,,1127.0,Parked vehicle,,Data missing or out of range,Data missing or out of range,SUZUKI,,Petrol,Male,,No tow/articulation,Did not leave carriageway,0.0,Going ahead other,1,106,Data missing or out of range,Offside,2004
200401PY20315,66 - 75,4.0,Urban area,5.0,998.0,,,Data missing or out of range,Data missing or out of range,NISSAN,MICRA CELEBRATION 16V,Petrol,Male,,No tow/articulation,Did not leave carriageway,0.0,Turning right,2,109,Data missing or out of range,Front,2004
200401PY20359,36 - 45,1.0,Urban area,8.0,1995.0,,,Data missing or out of range,Data missing or out of range,CHRYSLER,PT CRUISER CLASSIC,Petrol,Female,,No tow/articulation,Did not leave carriageway,0.0,Waiting to go - held up,1,109,Data missing or out of range,Back,2004
200401PY20395,26 - 35,5.0,Data missing or out of range,,124.0,,,Data missing or out of range,Data missing or out of range,YAMAHA,YP1 25R,Petrol,Male,,No tow/articulation,Did not leave carriageway,0.0,Going ahead other,1,Motorcycle 125cc and under,Data missing or out of range,Front,2004
200401PY20674,46 - 55,2.0,Data missing or out of range,,1998.0,,,Data missing or out of range,Data missing or out of range,MERCEDES,C200 KOMP. CLASSIC SEMI-AUT,Petrol,Male,,No tow/articulation,Did not leave carriageway,0.0,Turning left,1,109,Data missing or out of range,Offside,2004
200401PY20716,46 - 55,3.0,Data missing or out of range,,4250.0,,,Data missing or out of range,Data missing or out of range,MERCEDES,,Heavy oil,Male,,No tow/articulation,Did not leave carriageway,0.0,Going ahead other,4,Goods over 3.5t. and under 7.5t,Data missing or out of range,Front,2004
200401QA00024,16 - 20,10.0,Urban area,8.0,1242.0,Parked vehicle,Other permanent object,Data missing or out of range,Data missing or out of range,FIAT,PUNTO 75 SX,Petrol,Male,Overturned,No tow/articulation,Nearside,0.0,Turning left,1,109,Data missing or out of range,Front,2004
200401QA00060,66 - 75,4.0,Data missing or out of range,,1598.0,,,Data missing or out of range,Data missing or out of range,TOYOTA,COROLLA VVTI GLS AUTO,Petrol,Male,,No tow/articulation,Did not leave carriageway,0.0,Going ahead other,3,109,Data missing or out of range,Back,2004
200401QA00072,36 - 45,9.0,Urban area,5.0,1686.0,,,Data missing or out of range,Data missing or out of range,VAUXHALL,ASTRA LS TD,Heavy oil,Male,,No tow/articulation,Did not leave carriageway,0.0,Turning right,1,109,Data missing or out of range,Offside,2004
200401QA00175,46 - 55,17.0,Urban area,7.0,954.0,,,Data missing or out of range,Data missing or out of range,PEUGEOT,205 XE,Petrol,Male,,No tow/articulation,Did not leave carriageway,0.0,Going ahead other,1,109,Data missing or out of range,Offside,2004
200401QA00225,26 - 35,,Urban area,5.0,,,,Data missing or out of range,Data missing or out of range,SCANIA,,,Male,,No tow/articulation,Did not leave carriageway,0.0,Going ahead other,2,109,Data missing or out of range,Front,2004
200401QA00324,16 - 20,12.0,Urban area,5.0,1360.0,,,Data missing or out of range,Data missing or out of range,PEUGEOT,205 RALLYE,Petrol,Male,,No tow/articulation,Did not leave carriageway,0.0,Going ahead other,2,109,Data missing or out of range,Front,2004
200401QA00331,56 - 65,,Urban area,9.0,,,,Data missing or out of range,Data missing or out of range,HONDA,CBR 900RR-2,,Male,,No tow/articulation,Did not leave carriageway,0.0,Slowing or stopping,1,Bus or coach (17 or more pass seats),Data missing or out of range,Did not impact,2004
200401QA00358,Over 75,8.0,Urban area,8.0,79.0,,,Data missing or out of range,Data missing or out of range,HONDA,,Petrol,Male,,No tow/articulation,Did not leave carriageway,0.0,Going ahead other,2,Motorcycle 125cc and under,Data missing or out of range,Front,2004
200401QA00433,16 - 20,15.0,Urban area,8.0,1297.0,,,Data missing or out of range,Data missing or out of range,VAUXHALL,ASTRA 1.3GL,Petrol,Female,,No tow/articulation,Did not leave carriageway,0.0,Going ahead other,1,109,Data missing or out of range,Front,2004
200401QA00480,36 - 45,16.0,Urban area,,1587.0,,,Data missing or out of range,Data missing or out of range,TOYOTA,CARINA GL AUTO,Petrol,Male,,No tow/articulation,Did not leave carriageway,0.0,Parked,1,109,Data missing or out of range,Offside,2004
200401QA00568,26 - 35,,Urban area,7.0,2184.0,,,Data missing or out of range,Data missing or out of range,NISSAN,X-TRAIL SPORT DCI,Heavy oil,Female,,No tow/articulation,Did not leave carriageway,0.0,Turning right,1,109,Data missing or out of range,Offside,2004
200401QA00614,46 - 55,15.0,Urban area,2.0,980.0,,,Data missing or out of range,Data missing or out of range,BMW,K100 LT,Petrol,Male,,No tow/articulation,Did not leave carriageway,0.0,Overtaking - nearside,1,106,Data missing or out of range,Front,2004
200401QA09033,Data missing or out of range,6.0,Data missing or out of range,,2088.0,,,Data missing or out of range,Data missing or out of range,PEUGEOT,406 EXECUTIVE DT,Heavy oil,Male,,No tow/articulation,Did not leave carriageway,0.0,Going ahead other,2,109,Data missing or out of range,Front,2004
200401QK00033,16 - 20,10.0,Data missing or out of range,,1769.0,Bollard or refuge,,Data missing or out of range,Data missing or out of range,PEUGEOT,205 MARDI GRAS D,Heavy oil,Male,,No tow/articulation,Did not leave carriageway,0.0,Going ahead other,1,109,Data missing or out of range,Front,2004
200401QK00082,Data missing or out of range,6.0,Data missing or out of range,,1998.0,,,Data missing or out of range,Data missing or out of range,VAUXHALL,OMEGA CD AUTO,Petrol,Not known,,No tow/articulation,Did not leave carriageway,0.0,Going ahead other,2,109,Data missing or out of range,Back,2004
200401QK00181,46 - 55,18.0,Data missing or out of range,,1796.0,,,Data missing or out of range,Data missing or out of range,OPEL,MANTA BERLINETTA,Petrol,Male,,No tow/articulation,Did not leave carriageway,0.0,Turning right,2,109,Data missing or out of range,Front,2004
200401QK00296,46 - 55,5.0,Urban area,3.0,1275.0,Previous accident,,Data missing or out of range,Data missing or out of range,NISSAN,MICRA INSPIRATION 16V,Petrol,Male,,No tow/articulation,Did not leave carriageway,0.0,Slowing or stopping,2,109,Data missing or out of range,Back,2004
200401QK00467,46 - 55,2.0,Data missing or out of range,,4250.0,,,Data missing or out of range,Data missing or out of range,MERCEDES,,Heavy oil,Male,,No tow/articulation,Did not leave carriageway,0.0,Waiting to go - held up,2,Goods 7.5 tonnes mgw and over,Data missing or out of range,Offside,2004
200401QK00481,21 - 25,5.0,Data missing or out of range,,1332.0,Kerb,Other permanent object,Data missing or out of range,Data missing or out of range,TOYOTA,COROLLA SE 16V AUTO,Petrol,Male,,No tow/articulation,Nearside,0.0,Slowing or stopping,1,109,Data missing or out of range,Back,2004
200401QK00660,26 - 35,5.0,Urban area,3.0,2800.0,,,Data missing or out of range,Data missing or out of range,BMW,328 CI SE AUTO,Petrol,Male,,No tow/articulation,Did not leave carriageway,0.0,Going ahead other,1,109,Data missing or out of range,Front,2004
200401QK00686,36 - 45,1.0,Urban area,7.0,1390.0,,,Data missing or out of range,Data missing or out of range,VOLKSWAGEN,GOLF MATCH,Petrol,Male,,No tow/articulation,Did not leave carriageway,0.0,Going ahead other,2,109,Data missing or out of range,Front,2004
200401QK00708,16 - 20,1.0,Urban area,2.0,1108.0,Parked vehicle,,Data missing or out of range,Data missing or out of range,FIAT,SEICENTO ACTIVE SPORT,Petrol,Male,Overturned,No tow/articulation,Did not leave carriageway,0.0,Going ahead other,1,109,Data missing or out of range,Front,2004
200401QK00803,Data missing or out of range,1.0,Data missing or out of range,,8268.0,,,Data missing or out of range,Data missing or out of range,DENNIS,,Heavy oil,Not known,,No tow/articulation,Did not leave carriageway,0.0,Going ahead other,2,Bus or coach (17 or more pass seats),Data missing or out of range,Nearside,2004
200401QK00819,26 - 35,2.0,Urban area,4.0,5883.0,,,Data missing or out of range,Data missing or out of range,DENNIS,,Heavy oil,Male,,No tow/articulation,Did not leave carriageway,0.0,Going ahead other,2,Bus or coach (17 or more pass seats),Data missing or out of range,Offside,2004
200401QK00860,26 - 35,3.0,Urban area,3.0,487.0,,,Data missing or out of range,Data missing or out of range,SUZUKI,GS500K1,Petrol,Female,,No tow/articulation,Did not leave carriageway,0.0,Going ahead other,2,106,Data missing or out of range,Front,2004
200401QK00964,36 - 45,9.0,Urban area,2.0,1796.0,,,Data missing or out of range,Data missing or out of range,FORD,MONDEO VERONA,Petrol,Female,,No tow/articulation,Did not leave carriageway,0.0,Going ahead other,1,109,Data missing or out of range,Front,2004
200401QK00981,46 - 55,,Urban area,5.0,,,,Data missing or out of range,Data missing or out of range,RENAULT,KANGOO AUTHENTIQUE D,,Male,,No tow/articulation,Did not leave carriageway,0.0,Going ahead other,2,Van / Goods 3.5 tonnes mgw or under,Data missing or out of range,Offside,2004
200401RG00029,36 - 45,8.0,Urban area,3.0,1998.0,,,Data missing or out of range,Data missing or out of range,PEUGEOT,306 CABRIOLET AUTO,Petrol,Male,,No tow/articulation,Did not leave carriageway,0.0,Going ahead other,1,109,Data missing or out of range,Front,2004
200401RG00049,26 - 35,12.0,Urban area,5.0,1468.0,,,Data missing or out of range,Data missing or out of range,HYUNDAI,X2 PONY GSI AUTO,Petrol,Male,,No tow/articulation,Did not leave carriageway,0.0,Waiting to go - held up,2,109,Data missing or out of range,Back,2004
200401RG00085,36 - 45,6.0,Urban area,1.0,1998.0,,,Data missing or out of range,Data missing or out of range,VAUXHALL,VECTRA GLS 16V,Petrol,Female,,No tow/articulation,Did not leave carriageway,0.0,U-turn,1,109,Data missing or out of range,Offside,2004
200401RG00128,56 - 65,14.0,Urban area,3.0,,,,Data missing or out of range,Data missing or out of range,FODEN,,Heavy oil,Male,,No tow/articulation,Did not leave carriageway,0.0,Going ahead other,1,Goods 7.5 tonnes mgw and over,Data missing or out of range,Front,2004
200401RG40031,56 - 65,1.0,Urban area,6.0,1398.0,,,Data missing or out of range,Data missing or out of range,CITROEN,C3 HDI EXCLUSIVE,Heavy oil,Male,,No tow/articulation,Did not leave carriageway,0.0,Waiting to turn right,1,109,Data missing or out of range,Offside,2004
200401RG40129,26 - 35,10.0,Data missing or out of range,,1984.0,,,Data missing or out of range,Data missing or out of range,AUDI,100E AUTO,Petrol,Female,,No tow/articulation,Did not leave carriageway,0.0,Waiting to go - held up,2,109,Data missing or out of range,Back,2004
200401RG40232,36 - 45,7.0,Urban area,4.0,2370.0,,,Data missing or out of range,Data missing or out of range,VOLKSWAGEN,1200 D LWB,Heavy oil,Male,,No tow/articulation,Did not leave carriageway,0.0,Going ahead other,1,Van / Goods 3.5 tonnes mgw or under,Data missing or out of range,Front,2004
200401RG40269,36 - 45,,Urban area,5.0,,,,Data missing or out of range,Data missing or out of range,FORD,RANGER XLT 4X4 TD,,Male,,No tow/articulation,Did not leave carriageway,0.0,Going ahead other,1,Other vehicle,Data missing or out of range,Front,2004
200401RG40328,36 - 45,5.0,Urban area,7.0,1753.0,,,Data missing or out of range,Data missing or out of range,FORD,FIESTA ENCORE DIESEL,Heavy oil,Female,,No tow/articulation,Did not leave carriageway,0.0,Waiting to go - held up,1,109,Data missing or out of range,Nearside,2004
200401RG40334,26 - 35,1.0,Urban area,3.0,1396.0,,,Data missing or out of range,Data missing or out of range,MG,ZR+,Petrol,Male,Skidded,No tow/articulation,Did not leave carriageway,0.0,Going ahead other,1,109,Data missing or out of range,Nearside,2004
200401RG40347,16 - 20,6.0,Urban area,4.0,954.0,,,Data missing or out of range,Data missing or out of range,CITROEN,SAXO SCANDAL,Petrol,Female,Skidded,No tow/articulation,Did not leave carriageway,0.0,Going ahead other,2,109,Data missing or out of range,Front,2004
200401RG40375,46 - 55,,Urban area,3.0,,,,Data missing or out of range,Data missing or out of range,PEUGEOT,306 MERIDIAN HDI (90),,Male,,No tow/articulation,Did not leave carriageway,0.0,Slowing or stopping,2,Minibus (8 - 16 passenger seats),Data missing or out of range,Front,2004
200401RG40412,36 - 45,2.0,Urban area,8.0,8268.0,,,Data missing or out of range,Data missing or out of range,DENNIS,,Heavy oil,Male,,No tow/articulation,Did not leave carriageway,0.0,Parked,1,Bus or coach (17 or more pass seats),Data missing or out of range,Did not impact,2004
200401RG40465,Data missing or out of range,5.0,Urban area,2.0,1985.0,,,Data missing or out of range,Data missing or out of range,SAAB,9-3 SE TURBO,Petrol,Male,,No tow/articulation,Did not leave carriageway,0.0,Going ahead other,2,109,Data missing or out of range,Front,2004
200401RG40506,26 - 35,,Small town,8.0,4250.0,,,Data missing or out of range,Data missing or out of range,MERCEDES,,Heavy oil,Male,,No tow/articulation,Did not leave carriageway,0.0,Waiting to go - held up,3,Goods over 3.5t. and under 7.5t,Data missing or out of range,Nearside,2004
200401RG40510,21 - 25,6.0,Urban area,4.0,1595.0,,,Data missing or out of range,Data missing or out of range,HONDA,CIVIC VTI-S,Petrol,Male,,No tow/articulation,Did not leave carriageway,0.0,Changing lane to left,1,109,Data missing or out of range,Back,2004
200401RG40639,26 - 35,12.0,Urban area,3.0,1991.0,,,Data missing or out of range,Data missing or out of range,BMW,320 I SE AUTO,Petrol,Male,,No tow/articulation,Did not leave carriageway,0.0,Going ahead other,2,109,Data missing or out of range,Front,2004
200401RG40645,56 - 65,,Urban area,7.0,1794.0,,,Data missing or out of range,Data missing or out of range,TOYOTA,AVENSIS T3-S,Petrol,Female,,No tow/articulation,Did not leave carriageway,0.0,Waiting to turn right,2,109,Data missing or out of range,Back,2004
200401RY00062,36 - 45,8.0,Urban area,3.0,1108.0,,,Data missing or out of range,Data missing or out of range,FIAT,PUNTO 55 SX,Petrol,Male,,No tow/articulation,Did not leave carriageway,0.0,Going ahead other,1,109,Data missing or out of range,Offside,2004
200401RY00087,46 - 55,11.0,Urban area,4.0,2497.0,,,Data missing or out of range,Data missing or out of range,MERCEDES,E250 D AUTO,Heavy oil,Male,,No tow/articulation,Did not leave carriageway,0.0,Going ahead other,1,109,Data missing or out of range,Front,2004
200401RY00093,Data missing or out of range,6.0,Urban area,10.0,1199.0,,,Data missing or out of range,Data missing or out of range,VAUXHALL,CORSA BREEZE 16V AUTO,Petrol,Female,,No tow/articulation,Did not leave carriageway,0.0,Waiting to go - held up,3,109,Data missing or out of range,Back,2004
200401RY10073,21 - 25,2.0,Urban area,3.0,1124.0,,,Data missing or out of range,Data missing or out of range,PEUGEOT,206 LOOK,Petrol,Male,,No tow/articulation,Did not leave carriageway,0.0,Going ahead other,1,109,Data missing or out of range,Front,2004
200401RY10129,66 - 75,3.0,Urban area,9.0,1242.0,,,Data missing or out of range,Data missing or out of range,FIAT,PUNTO ELX SPEEDGEAR,Petrol,Male,,No tow/articulation,Did not leave carriageway,0.0,Going ahead other,2,109,Data missing or out of range,Offside,2004
200401RY10263,21 - 25,4.0,Data missing or out of range,,9600.0,,,Data missing or out of range,Data missing or out of range,VOLVO,,Heavy oil,Male,,No tow/articulation,Did not leave carriageway,0.0,Slowing or stopping,1,Bus or coach (17 or more pass seats),Data missing or out of range,Did not impact,2004
200401RY10271,26 - 35,,Urban area,5.0,4116.0,,,Data missing or out of range,Data missing or out of range,RENAULT,,Heavy oil,Male,,No tow/articulation,Did not leave carriageway,0.0,Turning right,2,Goods 7.5 tonnes mgw and over,Data missing or out of range,Offside,2004
200401RY10319,16 - 20,,Urban area,8.0,,,,Data missing or out of range,Data missing or out of range,PIAGGIO,,,Male,,No tow/articulation,Did not leave carriageway,0.0,Going ahead other,2,Motorcycle 50cc and under,Data missing or out of range,Front,2004
200401RY10460,26 - 35,1.0,Urban area,4.0,1399.0,,,Data missing or out of range,Data missing or out of range,FORD,FIESTA LX TDCI,Heavy oil,Male,,No tow/articulation,Did not leave carriageway,0.0,Waiting to go - held up,1,109,Data missing or out of range,Data missing or out of range,2004
200401RY10518,36 - 45,1.0,Data missing or out of range,,1388.0,,,Data missing or out of range,Data missing or out of range,FORD,FIESTA FINESSE SEMI-AUTO,Petrol,Female,,No tow/articulation,Did not leave carriageway,6.0,Parked,1,109,Data missing or out of range,Offside,2004
200401SX00074,Data missing or out of range,1.0,Data missing or out of range,,1397.0,,,Data missing or out of range,Data missing or out of range,MERCEDES,A140 CLASSIC SE SWB AUTO,Petrol,Male,,No tow/articulation,Did not leave carriageway,0.0,Going ahead other,2,109,Data missing or out of range,Data missing or out of range,2004
200401SX00086,56 - 65,16.0,Urban area,8.0,,,,Data missing or out of range,Data missing or out of range,LEYLAND,,Heavy oil,Male,,No tow/articulation,Did not leave carriageway,0.0,Going ahead other,1,Bus or coach (17 or more pass seats),Data missing or out of range,Did not impact,2004
200401SX00130,16 - 20,2.0,Urban area,7.0,1108.0,,,Data missing or out of range,Data missing or out of range,FIAT,SEICENTO SPORTING,Petrol,Female,,No tow/articulation,Did not leave carriageway,0.0,Going ahead other,1,109,Data missing or out of range,Data missing or out of range,2004
200401SX00308,36 - 45,2.0,Urban area,,2461.0,Kerb,Tree,Data missing or out of range,Data missing or out of range,VOLKSWAGEN,LT35 95 TDI MWB,Heavy oil,Male,,No tow/articulation,Offside,0.0,Going ahead other,1,Van / Goods 3.5 tonnes mgw or under,Data missing or out of range,Front,2004
200401SX00581,36 - 45,12.0,Urban area,9.0,1590.0,,,Data missing or out of range,Data missing or out of range,SUZUKI,VITARA JLX SE (VAN),Petrol,Male,,No tow/articulation,Did not leave carriageway,0.0,Turning right,1,109,Data missing or out of range,Data missing or out of range,2004
200401SX00643,36 - 45,,Data missing or out of range,,3301.0,,,Data missing or out of range,Data missing or out of range,CHRYSLER,VOYAGER LX AUTO,Petrol,Male,,No tow/articulation,Did not leave carriageway,0.0,Reversing,1,109,Data missing or out of range,Back,2004
200401SX00705,26 - 35,8.0,Urban area,5.0,400.0,,,Data missing or out of range,Data missing or out of range,KAWASAKI,,Petrol,Male,Skidded,No tow/articulation,Did not leave carriageway,0.0,Going ahead other,1,106,Data missing or out of range,Front,2004
200401SX00712,16 - 20,15.0,Data missing or out of range,,1597.0,Kerb,,Data missing or out of range,Data missing or out of range,NISSAN,SUNNY GS,Petrol,Male,,No tow/articulation,Did not leave carriageway,0.0,Going ahead right-hand bend,1,109,Data missing or out of range,Nearside,2004
200401SX00882,36 - 45,12.0,Urban area,2.0,1389.0,,,Data missing or out of range,Data missing or out of range,VAUXHALL,ASTRA LS I,Petrol,Female,,No tow/articulation,Did not leave carriageway,0.0,Waiting to go - held up,2,109,Data missing or out of range,Data missing or out of range,2004
200401SX00914,Data missing or out of range,3.0,Data missing or out of range,,10308.0,,,Data missing or out of range,Data missing or out of range,IVECO-FORD,,Heavy oil,Male,,Articulated vehicle,Did not leave carriageway,0.0,Going ahead other,2,Goods 7.5 tonnes mgw and over,Data missing or out of range,Data missing or out of range,2004
200401SX01102,36 - 45,2.0,Urban area,1.0,8268.0,,,Data missing or out of range,Data missing or out of range,DENNIS,,Heavy oil,Male,,No tow/articulation,Did not leave carriageway,0.0,Going ahead other,1,Bus or coach (17 or more pass seats),Data missing or out of range,Did not impact,2004