Accident_Index,Age_Band_of_Driver,Age_of_Vehicle,Driver_Home_Area_Type,Driver_IMD_Decile,Engine_Capacity_.CC.,Hit_Object_in_Carriageway,Hit_Object_off_Carriageway,Journey_Purpose_of_Driver,Junction_Location,make,model,Propulsion_Code,Sex_of_Driver,Skidding_and_Overturning,Towing_and_Articulation,Vehicle_Leaving_Carriageway,Vehicle_Location.Restricted_Lane,Vehicle_Manoeuvre,Vehicle_Reference,Vehicle_Type,Was_Vehicle_Left_Hand_Drive,X1st_Point_of_Impact,Year
200401SX01107,26 - 35,14.0,Data missing or out of range,,1590.0,,,Data missing or out of range,Data missing or out of range,SUZUKI,VITARA QJ LXP,Petrol,Female,,No tow/articulation,Did not leave carriageway,0.0,Going ahead other,1,109,Data missing or out of range,Data missing or out of range,2004
200401SX01149,Data missing or out of range,5.0,Data missing or out of range,,1598.0,,,Data missing or out of range,Data missing or out of range,RENAULT,MEGANE SPORT 1.6E,Petrol,Male,,No tow/articulation,Did not leave carriageway,0.0,Going ahead other,2,109,Data missing or out of range,Did not impact,2004
200401SX01166,Data missing or out of range,8.0,Urban area,2.0,1597.0,,,Data missing or out of range,Data missing or out of range,MITSUBISHI,CARISMA GLXI,Petrol,Female,,No tow/articulation,Did not leave carriageway,0.0,Going ahead other,2,109,Data missing or out of range,Front,2004
200401SX01318,56 - 65,8.0,Urban area,4.0,1598.0,,,Data missing or out of range,Data missing or out of range,VAUXHALL,ASTRA MERIT AUTO,Petrol,Female,,No tow/articulation,Did not leave carriageway,0.0,Turning left,1,109,Data missing or out of range,Front,2004
200401SX01364,26 - 35,6.0,Urban area,2.0,8500.0,,,Data missing or out of range,Data missing or out of range,DENNIS,,Heavy oil,Male,,No tow/articulation,Did not leave carriageway,0.0,Turning right,2,Bus or coach (17 or more pass seats),Data missing or out of range,Back,2004
200401TA00116,36 - 45,1.0,Data missing or out of range,,7300.0,,,Data missing or out of range,Data missing or out of range,VOLVO,,Heavy oil,Male,,No tow/articulation,Did not leave carriageway,0.0,Going ahead other,1,Bus or coach (17 or more pass seats),Data missing or out of range,Front,2004
200401TA00191,46 - 55,6.0,Urban area,4.0,,,,Data missing or out of range,Data missing or out of range,DENNIS,,Heavy oil,Male,,No tow/articulation,Did not leave carriageway,0.0,Slowing or stopping,1,Bus or coach (17 or more pass seats),Data missing or out of range,Did not impact,2004
200401TA00238,36 - 45,1.0,Urban area,9.0,2402.0,,,Data missing or out of range,Data missing or out of range,LONDON TAXIS INT,TXII GOLD AUTO,Heavy oil,Male,,No tow/articulation,Did not leave carriageway,0.0,Changing lane to right,2,108,Data missing or out of range,Offside,2004
200401TA00247,36 - 45,8.0,Urban area,2.0,748.0,,,Data missing or out of range,Data missing or out of range,HONDA,,Petrol,Male,,No tow/articulation,Did not leave carriageway,0.0,Going ahead other,1,106,Data missing or out of range,Front,2004
200401TA00254,56 - 65,16.0,Data missing or out of range,,648.0,,,Data missing or out of range,Data missing or out of range,HONDA,,Petrol,Male,,No tow/articulation,Did not leave carriageway,0.0,Overtaking static vehicle - offside,1,106,Data missing or out of range,Front,2004
200401TA00340,26 - 35,5.0,Urban area,5.0,1896.0,,,Data missing or out of range,Data missing or out of range,VOLKSWAGEN,800 SPECIAL TD SWB,Heavy oil,Male,,No tow/articulation,Did not leave carriageway,0.0,Changing lane to left,2,Van / Goods 3.5 tonnes mgw or under,Data missing or out of range,Front,2004
200401TA00356,21 - 25,5.0,Data missing or out of range,,2494.0,,,Data missing or out of range,Data missing or out of range,BMW,323 CI SE,Petrol,Male,,No tow/articulation,Did not leave carriageway,0.0,Going ahead other,2,109,Data missing or out of range,Front,2004
200401TA00426,46 - 55,9.0,Urban area,2.0,553.0,,,Data missing or out of range,Data missing or out of range,KAWASAKI,,Petrol,Male,,No tow/articulation,Did not leave carriageway,0.0,Going ahead other,1,106,Data missing or out of range,Front,2004
200401TA00447,36 - 45,2.0,Urban area,9.0,599.0,,,Data missing or out of range,Data missing or out of range,MCC,SMART PURE SEMI-AUTO(LHD),Petrol,Female,,No tow/articulation,Did not leave carriageway,0.0,Turning right,2,109,Data missing or out of range,Front,2004
200401TA00491,26 - 35,3.0,Urban area,8.0,749.0,,,Data missing or out of range,Data missing or out of range,SUZUKI,GSX-R750Y,Petrol,Male,,No tow/articulation,Did not leave carriageway,0.0,Going ahead other,1,106,Data missing or out of range,Nearside,2004
200401TA00511,26 - 35,,Urban area,4.0,625.0,,,Data missing or out of range,Data missing or out of range,KTM,625 SMC,Petrol,Male,,No tow/articulation,Did not leave carriageway,0.0,Going ahead other,1,106,Data missing or out of range,Front,2004
200401TA00516,26 - 35,,Data missing or out of range,,6370.0,,,Data missing or out of range,Data missing or out of range,MERCEDES,,Heavy oil,Male,,No tow/articulation,Did not leave carriageway,0.0,Going ahead other,1,Bus or coach (17 or more pass seats),Data missing or out of range,Nearside,2004
200401TA00528,26 - 35,2.0,Data missing or out of range,,599.0,,,Data missing or out of range,Data missing or out of range,KAWASAKI,,Petrol,Male,,No tow/articulation,Did not leave carriageway,0.0,Going ahead other,2,106,Data missing or out of range,Offside,2004
200401TA00567,36 - 45,2.0,Urban area,10.0,652.0,,,Data missing or out of range,Data missing or out of range,BMW,F650 CS,Petrol,Male,,No tow/articulation,Did not leave carriageway,0.0,Going ahead other,2,106,Data missing or out of range,Nearside,2004
200401TA00593,36 - 45,3.0,Urban area,3.0,2664.0,,,Data missing or out of range,Data missing or out of range,LONDON TAXIS INT,TX1 SILVER AUTO,Heavy oil,Male,,No tow/articulation,Did not leave carriageway,0.0,Going ahead other,1,108,Data missing or out of range,Front,2004
200401TB00033,21 - 25,8.0,Data missing or out of range,,1396.0,Parked vehicle,,Data missing or out of range,Data missing or out of range,ROVER,414 SI,Petrol,Male,,No tow/articulation,Did not leave carriageway,0.0,Going ahead other,2,109,Data missing or out of range,Front,2004
200401TB00128,26 - 35,1.0,Data missing or out of range,,2402.0,,,Data missing or out of range,Data missing or out of range,FORD,TRANSIT 330 MWB TD,Heavy oil,Male,,No tow/articulation,Did not leave carriageway,0.0,Turning right,1,Van / Goods 3.5 tonnes mgw or under,Data missing or out of range,Front,2004
200401TB00186,36 - 45,4.0,Urban area,3.0,1598.0,,,Data missing or out of range,Data missing or out of range,MERCEDES,A160 AVANTGARDE AUTO,Petrol,Female,,No tow/articulation,Did not leave carriageway,0.0,Going ahead other,2,109,Data missing or out of range,Back,2004
200401TB00273,46 - 55,,Urban area,6.0,,,,Data missing or out of range,Data missing or out of range,VOLVO,,,Male,,Articulated vehicle,Did not leave carriageway,0.0,Going ahead other,2,Goods 7.5 tonnes mgw and over,Data missing or out of range,Offside,2004
200401TB00369,36 - 45,,Urban area,3.0,,,,Data missing or out of range,Data missing or out of range,IVECO-FORD,,,Male,,No tow/articulation,Did not leave carriageway,0.0,Going ahead other,3,Other vehicle,Data missing or out of range,Offside,2004
200401TB00454,56 - 65,4.0,Urban area,2.0,1997.0,,,Data missing or out of range,Data missing or out of range,PEUGEOT,306 MERIDIAN HDI (90),Heavy oil,Male,,No tow/articulation,Did not leave carriageway,0.0,Changing lane to right,1,109,Data missing or out of range,Offside,2004
200401TB00563,46 - 55,7.0,Urban area,7.0,1595.0,,,Data missing or out of range,Data missing or out of range,VOLKSWAGEN,POLO 1.6 CL,Petrol,Male,,No tow/articulation,Did not leave carriageway,0.0,Going ahead other,2,109,Data missing or out of range,Back,2004
200401TB00613,36 - 45,11.0,Urban area,10.0,2998.0,,,Data missing or out of range,Data missing or out of range,MERCEDES,300D DIESEL AUTO,Heavy oil,Male,,No tow/articulation,Did not leave carriageway,0.0,Going ahead other,1,109,Data missing or out of range,Back,2004
200401TC00084,26 - 35,1.0,Urban area,2.0,1598.0,,,Data missing or out of range,Data missing or out of range,MERCEDES,A160 ELEGANCE,Petrol,Male,,No tow/articulation,Did not leave carriageway,0.0,Changing lane to right,1,109,Data missing or out of range,Offside,2004
200401TC00132,Data missing or out of range,1.0,Data missing or out of range,,1686.0,,,Data missing or out of range,Data missing or out of range,VAUXHALL,ASTRA ENVOY CDTI,Heavy oil,Male,,No tow/articulation,Did not leave carriageway,0.0,Going ahead other,2,109,Data missing or out of range,Front,2004
200401TC00213,26 - 35,6.0,Urban area,3.0,998.0,,,Data missing or out of range,Data missing or out of range,NISSAN,MICRA EQUATION,Petrol,Male,,No tow/articulation,Did not leave carriageway,0.0,Going ahead other,1,109,Data missing or out of range,Front,2004
200401TC00252,36 - 45,3.0,Urban area,1.0,1999.0,Bollard or refuge,,Data missing or out of range,Data missing or out of range,MITSUBISHI,SHOGUN PININ GDI EQUIPPE AU,Petrol,Female,,No tow/articulation,Did not leave carriageway,0.0,Going ahead other,2,109,Data missing or out of range,Nearside,2004
200401TC00402,66 - 75,,Urban area,8.0,,,,Data missing or out of range,Data missing or out of range,IVECO-FORD,,,Male,,No tow/articulation,Did not leave carriageway,0.0,Going ahead other,2,Goods 7.5 tonnes mgw and over,Data missing or out of range,Front,2004
200401TC00411,26 - 35,2.0,Urban area,5.0,1896.0,,,Data missing or out of range,Data missing or out of range,AUDI,A4 TDI SPORT,Heavy oil,Male,,No tow/articulation,Did not leave carriageway,0.0,Going ahead other,3,109,Data missing or out of range,Front,2004
200401TC00459,26 - 35,8.0,Urban area,2.0,1600.0,,,Data missing or out of range,Data missing or out of range,VOLKSWAGEN,POLO 1.6 CL,Petrol,Male,,No tow/articulation,Did not leave carriageway,0.0,Going ahead right-hand bend,2,109,Data missing or out of range,Offside,2004
200401TC00460,Data missing or out of range,2.0,Data missing or out of range,,2295.0,,,Data missing or out of range,Data missing or out of range,MERCEDES,C230 K,Petrol,Not known,,No tow/articulation,Did not leave carriageway,0.0,Changing lane to left,2,109,Data missing or out of range,Nearside,2004
200401TC00517,46 - 55,1.0,Urban area,3.0,7300.0,,,Data missing or out of range,Data missing or out of range,VOLVO,,Heavy oil,Male,,No tow/articulation,Did not leave carriageway,0.0,Going ahead other,1,Bus or coach (17 or more pass seats),Data missing or out of range,Did not impact,2004
200401TC00536,21 - 25,3.0,Urban area,2.0,599.0,,,Data missing or out of range,Data missing or out of range,KAWASAKI,ZX600-J1,Petrol,Male,,No tow/articulation,Did not leave carriageway,0.0,Going ahead other,1,106,Data missing or out of range,Front,2004
200401TC00605,46 - 55,2.0,Urban area,8.0,4398.0,,,Data missing or out of range,Data missing or out of range,BMW,745 I AUTO,Petrol,Male,,No tow/articulation,Did not leave carriageway,0.0,Going ahead other,1,109,Data missing or out of range,Front,2004
200401TC00642,36 - 45,9.0,Urban area,2.0,1998.0,,,Data missing or out of range,Data missing or out of range,VAUXHALL,OMEGA 2.0 16V GLS AUTO,Petrol,Female,,No tow/articulation,Did not leave carriageway,0.0,Waiting to go - held up,1,109,Data missing or out of range,Back,2004
200401TC00701,21 - 25,4.0,Urban area,6.0,599.0,,,Data missing or out of range,Data missing or out of range,HONDA,CB600 HORNET,Petrol,Male,,No tow/articulation,Did not leave carriageway,0.0,Going ahead other,2,106,Data missing or out of range,Did not impact,2004
200401TC00703,Data missing or out of range,13.0,Data missing or out of range,,1753.0,,,Data missing or out of range,Data missing or out of range,FORD,ESCORT LX DIESEL,Petrol,Male,Skidded,No tow/articulation,Did not leave carriageway,0.0,Going ahead other,2,109,Data missing or out of range,Front,2004
200401TC00724,66 - 75,12.0,Urban area,9.0,1396.0,,,Data missing or out of range,Data missing or out of range,ROVER,414 SI,Petrol,Male,Skidded,No tow/articulation,Did not leave carriageway,0.0,Going ahead other,1,109,Data missing or out of range,Nearside,2004
200401TC00725,46 - 55,1.0,Urban area,8.0,1388.0,,,Data missing or out of range,Data missing or out of range,FORD,FIESTA FINESSE SEMI-AUTO,Petrol,Male,,No tow/articulation,Did not leave carriageway,0.0,Turning right,1,109,Data missing or out of range,Nearside,2004
200401TC00795,36 - 45,6.0,Data missing or out of range,,1120.0,,,Data missing or out of range,Data missing or out of range,ROVER,211I,Petrol,Male,,No tow/articulation,Did not leave carriageway,0.0,Going ahead other,2,109,Data missing or out of range,Front,2004
200401TC00815,16 - 20,2.0,Data missing or out of range,,1242.0,,,Data missing or out of range,Data missing or out of range,FIAT,PUNTO ACTIVE SPORT,Petrol,Male,,No tow/articulation,Did not leave carriageway,0.0,Going ahead other,1,109,Data missing or out of range,Front,2004
200401TC00982,26 - 35,15.0,Urban area,3.0,1397.0,,,Data missing or out of range,Data missing or out of range,RENAULT,5 GT TURBO,Petrol,Male,Skidded,No tow/articulation,Did not leave carriageway,0.0,Going ahead other,1,109,Data missing or out of range,Front,2004
200401TC01083,56 - 65,6.0,Data missing or out of range,,1761.0,,,Data missing or out of range,Data missing or out of range,CITROEN,XANTIA LX 16V,Petrol,Male,,No tow/articulation,Did not leave carriageway,0.0,Going ahead other,2,109,Data missing or out of range,Front,2004
200401TD00042,36 - 45,2.0,Data missing or out of range,,1002.0,,,Data missing or out of range,Data missing or out of range,YAMAHA,YZF 1000R,Petrol,Female,Skidded,No tow/articulation,Did not leave carriageway,0.0,Going ahead other,1,106,Data missing or out of range,Offside,2004
200401TD00098,26 - 35,14.0,Urban area,7.0,124.0,,,Data missing or out of range,Data missing or out of range,KAWASAKI,,Petrol,Male,,No tow/articulation,Did not leave carriageway,0.0,Going ahead other,1,Motorcycle 125cc and under,Data missing or out of range,Front,2004
200401TD00136,21 - 25,1.0,Data missing or out of range,,1995.0,,,Data missing or out of range,Data missing or out of range,VAUXHALL,ASTRA LS DTI,Heavy oil,Male,,No tow/articulation,Did not leave carriageway,0.0,Going ahead other,2,109,Data missing or out of range,Front,2004
200401TD00145,26 - 35,10.0,Urban area,5.0,1905.0,,,Data missing or out of range,Data missing or out of range,PEUGEOT,405 GLX TURBO DIESEL,Heavy oil,Male,,No tow/articulation,Did not leave carriageway,0.0,U-turn,1,109,Data missing or out of range,Offside,2004
200401TD00152,46 - 55,21.0,Urban area,1.0,650.0,,,Data missing or out of range,Data missing or out of range,HONDA,,Petrol,Male,,No tow/articulation,Did not leave carriageway,0.0,Going ahead other,1,106,Data missing or out of range,Data missing or out of range,2004
200401TD00218,36 - 45,10.0,Data missing or out of range,,1120.0,,,Data missing or out of range,Data missing or out of range,ROVER,METRO RIO GRANDE,Petrol,Female,,No tow/articulation,Did not leave carriageway,0.0,Parked,2,109,Data missing or out of range,Back,2004
200401TD00310,36 - 45,5.0,Urban area,9.0,900.0,,,Data missing or out of range,Data missing or out of range,DUCATI,,Petrol,Male,,No tow/articulation,Did not leave carriageway,0.0,Going ahead other,1,106,Data missing or out of range,Did not impact,2004
200401TD00397,36 - 45,2.0,Urban area,8.0,1461.0,,,Data missing or out of range,Data missing or out of range,RENAULT,CLIO EXPRESSION+ DCI 65,Heavy oil,Male,,No tow/articulation,Did not leave carriageway,0.0,Going ahead other,2,109,Data missing or out of range,Front,2004
200401TE00188,66 - 75,12.0,Urban area,6.0,1468.0,,,Data missing or out of range,Data missing or out of range,PROTON,SE AUTO,Petrol,Female,,No tow/articulation,Did not leave carriageway,0.0,Going ahead other,1,109,Data missing or out of range,Data missing or out of range,2004
200401TE00221,Data missing or out of range,11.0,Data missing or out of range,,1119.0,,,Data missing or out of range,Data missing or out of range,FORD,FIESTA I,Petrol,Not known,,No tow/articulation,Did not leave carriageway,0.0,Turning right,2,109,Data missing or out of range,Nearside,2004
200401TE00268,36 - 45,,Data missing or out of range,,647.0,,,Data missing or out of range,Data missing or out of range,HONDA,NT 650 V-4,Petrol,Male,,No tow/articulation,Did not leave carriageway,0.0,Going ahead other,1,106,Data missing or out of range,Nearside,2004
200401TE00353,21 - 25,15.0,Urban area,6.0,3000.0,,,Data missing or out of range,Data missing or out of range,NISSAN,,Petrol,Male,,No tow/articulation,Did not leave carriageway,0.0,Going ahead other,1,109,Data missing or out of range,Front,2004
200401TE00394,26 - 35,12.0,Data missing or out of range,,2164.0,,,Data missing or out of range,Data missing or out of range,TOYOTA,CAMRY GL INJ,Petrol,Male,,No tow/articulation,Did not leave carriageway,0.0,Going ahead other,2,109,Data missing or out of range,Front,2004
200401TE00422,21 - 25,2.0,Data missing or out of range,,599.0,,,Data missing or out of range,Data missing or out of range,MCC,SMART PURE SOFTIP SEMI-AUTO,Petrol,Male,,No tow/articulation,Did not leave carriageway,0.0,Slowing or stopping,1,109,Data missing or out of range,Front,2004
200401TE00520,21 - 25,11.0,Urban area,6.0,9999.0,,,Data missing or out of range,Data missing or out of range,DENNIS,,Heavy oil,Male,,No tow/articulation,Did not leave carriageway,0.0,Going ahead left-hand bend,1,Bus or coach (17 or more pass seats),Data missing or out of range,Front,2004
200401TE00637,36 - 45,3.0,Urban area,4.0,2171.0,,,Data missing or out of range,Data missing or out of range,BMW,320CI AUTO,Petrol,Male,,No tow/articulation,Did not leave carriageway,0.0,Going ahead other,1,109,Data missing or out of range,Front,2004
200401TE00638,Data missing or out of range,7.0,Data missing or out of range,,998.0,,,Data missing or out of range,Data missing or out of range,NISSAN,MICRA GX,Petrol,Male,,No tow/articulation,Did not leave carriageway,0.0,Turning right,2,109,Data missing or out of range,Nearside,2004
200401TE00656,21 - 25,2.0,Urban area,6.0,1998.0,,,Data missing or out of range,Data missing or out of range,HONDA,CIVIC TYPE-R,Petrol,Male,,No tow/articulation,Did not leave carriageway,0.0,Going ahead right-hand bend,1,109,Data missing or out of range,Front,2004
200401TE00705,36 - 45,3.0,Urban area,10.0,2771.0,,,Data missing or out of range,Data missing or out of range,VOLKSWAGEN,,Petrol,Male,,No tow/articulation,Did not leave carriageway,0.0,Slowing or stopping,1,109,Data missing or out of range,Back,2004
200401TE00710,26 - 35,3.0,Urban area,7.0,8268.0,,,Data missing or out of range,Data missing or out of range,DENNIS,,Heavy oil,Male,,No tow/articulation,Did not leave carriageway,0.0,Going ahead other,1,Bus or coach (17 or more pass seats),Data missing or out of range,Did not impact,2004
200401TE00934,Data missing or out of range,,Urban area,5.0,,,,Data missing or out of range,Data missing or out of range,HONDA,,,Male,,No tow/articulation,Did not leave carriageway,0.0,Going ahead other,1,Motorcycle 125cc and under,Data missing or out of range,Front,2004
200401TE09061,66 - 75,3.0,Urban area,10.0,1668.0,,,Data missing or out of range,Data missing or out of range,HONDA,CIVIC COUPE AUTO,Petrol,Female,,No tow/articulation,Did not leave carriageway,0.0,Going ahead other,1,109,Data missing or out of range,Offside,2004
200401TW00033,16 - 20,4.0,Data missing or out of range,,1396.0,,,Data missing or out of range,Data missing or out of range,HONDA,CIVIC TROPICA,Petrol,Male,,No tow/articulation,Did not leave carriageway,0.0,Going ahead other,1,109,Data missing or out of range,Offside,2004
200401TW00047,36 - 45,5.0,Data missing or out of range,,1995.0,,,Data missing or out of range,Data missing or out of range,VAUXHALL,VECTRA TOURER DTI,Heavy oil,Male,,No tow/articulation,Did not leave carriageway,0.0,Going ahead other,1,109,Data missing or out of range,Front,2004
200401TW00140,36 - 45,1.0,Data missing or out of range,,1997.0,,,Data missing or out of range,Data missing or out of range,CITROEN,C5 VTR HDI 110,Heavy oil,Male,,No tow/articulation,Did not leave carriageway,0.0,Going ahead other,1,109,Data missing or out of range,Front,2004
200401TW00154,56 - 65,13.0,Data missing or out of range,,2675.0,,Other permanent object,Data missing or out of range,Data missing or out of range,ROVER,827 SLI AUTO,Petrol,Male,,No tow/articulation,Straight ahead at junction,0.0,Moving off,1,109,Data missing or out of range,Front,2004
200401TW00159,36 - 45,11.0,Data missing or out of range,,1002.0,,,Data missing or out of range,Data missing or out of range,YAMAHA,,Petrol,Male,,No tow/articulation,Did not leave carriageway,0.0,Going ahead other,2,106,Data missing or out of range,Front,2004
200401TW00175,56 - 65,1.0,Urban area,4.0,8268.0,,,Data missing or out of range,Data missing or out of range,DENNIS,,Heavy oil,Male,,No tow/articulation,Did not leave carriageway,0.0,Moving off,1,Bus or coach (17 or more pass seats),Data missing or out of range,Did not impact,2004
200401TW00317,21 - 25,8.0,Data missing or out of range,,49.0,,,Data missing or out of range,Data missing or out of range,SUZUKI,,Petrol,Male,,No tow/articulation,Did not leave carriageway,0.0,Going ahead other,2,Motorcycle 50cc and under,Data missing or out of range,Front,2004
200401TW00374,26 - 35,1.0,Data missing or out of range,,2495.0,,,Data missing or out of range,Data missing or out of range,NISSAN,,Heavy oil,Male,,No tow/articulation,Did not leave carriageway,0.0,Going ahead other,1,Van / Goods 3.5 tonnes mgw or under,Data missing or out of range,Front,2004
200401TW00428,26 - 35,,Data missing or out of range,,,,,Data missing or out of range,Data missing or out of range,PIAGGIO,ET2,,Male,,No tow/articulation,Did not leave carriageway,0.0,Overtaking static vehicle - offside,1,Motorcycle 50cc and under,Data missing or out of range,Front,2004
200401TW00470,16 - 20,9.0,Urban area,5.0,1124.0,,,Data missing or out of range,Data missing or out of range,PEUGEOT,106 ESCAPADE,Petrol,Female,,No tow/articulation,Did not leave carriageway,0.0,Going ahead other,2,109,Data missing or out of range,Back,2004
200401TW00476,36 - 45,4.0,Data missing or out of range,,2793.0,,,Data missing or out of range,Data missing or out of range,BMW,528I SE TOURING AUTO,Petrol,Female,,No tow/articulation,Did not leave carriageway,0.0,Going ahead other,1,109,Data missing or out of range,Front,2004
200401TW00479,56 - 65,6.0,Data missing or out of range,,647.0,,,Data missing or out of range,Data missing or out of range,HONDA,NT650V DEAUVILLE,Petrol,Male,,No tow/articulation,Did not leave carriageway,0.0,Going ahead other,1,106,Data missing or out of range,Front,2004
200401TX00027,26 - 35,1.0,Urban area,5.0,1995.0,,,Data missing or out of range,Data missing or out of range,BMW,320D ES TOURING,Heavy oil,Male,,No tow/articulation,Did not leave carriageway,0.0,Parked,1,109,Data missing or out of range,Offside,2004
200401TX00085,56 - 65,,Small town,,,,,Data missing or out of range,Data missing or out of range,VOLVO,,,Male,,Articulated vehicle,Did not leave carriageway,0.0,Going ahead other,2,Goods 7.5 tonnes mgw and over,Data missing or out of range,Data missing or out of range,2004
200401TX00256,16 - 20,,Urban area,3.0,,,,Data missing or out of range,Data missing or out of range,PEUGEOT,VIVACITY 50,,Male,,No tow/articulation,Did not leave carriageway,0.0,Going ahead other,1,Motorcycle 50cc and under,Data missing or out of range,Data missing or out of range,2004
200401TX00274,36 - 45,7.0,Urban area,6.0,1242.0,,,Data missing or out of range,Data missing or out of range,FIAT,PUNTO SX 60,Petrol,Male,,No tow/articulation,Did not leave carriageway,0.0,Slowing or stopping,2,109,Data missing or out of range,Back,2004
200401TX00303,46 - 55,10.0,Urban area,2.0,,,,Data missing or out of range,Data missing or out of range,DENNIS,,Heavy oil,Male,,No tow/articulation,Did not leave carriageway,0.0,Going ahead other,1,Bus or coach (17 or more pass seats),Data missing or out of range,Did not impact,2004
200401TX00369,Data missing or out of range,19.0,Urban area,4.0,1985.0,,,Data missing or out of range,Data missing or out of range,SAAB,900 I 2,Petrol,Male,,No tow/articulation,Did not leave carriageway,0.0,Going ahead other,2,109,Data missing or out of range,Front,2004
200401TX00509,36 - 45,4.0,Data missing or out of range,,3301.0,,,Data missing or out of range,Data missing or out of range,CHRYSLER,VOYAGER LE AUTO,Petrol,Female,,No tow/articulation,Did not leave carriageway,0.0,Turning right,2,109,Data missing or out of range,Front,2004
200401TX00535,Data missing or out of range,6.0,Data missing or out of range,,1896.0,,,Data missing or out of range,Data missing or out of range,SEAT,CORDOBA VARIO SXE TDI,Heavy oil,Male,,No tow/articulation,Did not leave carriageway,0.0,Going ahead other,2,109,Data missing or out of range,Data missing or out of range,2004
200401TX00590,21 - 25,1.0,Data missing or out of range,,2402.0,,,Data missing or out of range,Data missing or out of range,FORD,TRANSIT 350 LWB TD,Heavy oil,Male,,No tow/articulation,Did not leave carriageway,0.0,Going ahead other,2,Van / Goods 3.5 tonnes mgw or under,Data missing or out of range,Front,2004
200401TX00647,26 - 35,1.0,Data missing or out of range,,2171.0,,,Data missing or out of range,Data missing or out of range,BMW,520 I SPORT AUTO,Petrol,Male,,No tow/articulation,Did not leave carriageway,0.0,Going ahead other,2,109,Data missing or out of range,Front,2004
200401TX00717,36 - 45,,Data missing or out of range,,2461.0,,,Data missing or out of range,Data missing or out of range,VOLKSWAGEN,LT35 83 TDI MWB,Heavy oil,Male,,No tow/articulation,Did not leave carriageway,0.0,Going ahead other,1,Van / Goods 3.5 tonnes mgw or under,Data missing or out of range,Did not impact,2004
200401TX00740,Data missing or out of range,,Data missing or out of range,,,,,Data missing or out of range,Data missing or out of range,MERCEDES,,,Male,,No tow/articulation,Did not leave carriageway,0.0,Going ahead right-hand bend,2,109,Data missing or out of range,Nearside,2004
200401TX00786,26 - 35,7.0,Urban area,6.0,583.0,,,Data missing or out of range,Data missing or out of range,DUCATI,,Petrol,Male,,No tow/articulation,Did not leave carriageway,0.0,Going ahead other,1,106,Data missing or out of range,Front,2004
200401VK00033,21 - 25,13.0,Data missing or out of range,,1289.0,,,Data missing or out of range,Data missing or out of range,SKODA,FAVORIT 136LX,Petrol,Female,,No tow/articulation,Did not leave carriageway,0.0,Turning left,1,109,Data missing or out of range,Nearside,2004
200401VK00045,26 - 35,3.0,Data missing or out of range,,124.0,,,Data missing or out of range,Data missing or out of range,PIAGGIO,HEXAGON,Petrol,Male,,No tow/articulation,Did not leave carriageway,0.0,Going ahead other,2,Motorcycle 125cc and under,Data missing or out of range,Front,2004
200401VK00077,16 - 20,4.0,Data missing or out of range,,249.0,,,Data missing or out of range,Data missing or out of range,APRILIA,,Petrol,Male,,No tow/articulation,Did not leave carriageway,0.0,Going ahead other,2,106,Data missing or out of range,Front,2004
200401VK00108,56 - 65,9.0,Data missing or out of range,,3980.0,,,Data missing or out of range,Data missing or out of range,JAGUAR,XJ6 SPORT AUTO,Petrol,Male,,No tow/articulation,Did not leave carriageway,0.0,Going ahead other,1,109,Data missing or out of range,Back,2004
200401VK00121,Data missing or out of range,13.0,Data missing or out of range,,1118.0,,,Data missing or out of range,Data missing or out of range,ROVER,METRO L,Petrol,Male,,No tow/articulation,Did not leave carriageway,0.0,Going ahead other,2,109,Data missing or out of range,Front,2004