Accident_Index,Age_Band_of_Driver,Age_of_Vehicle,Driver_Home_Area_Type,Driver_IMD_Decile,Engine_Capacity_.CC.,Hit_Object_in_Carriageway,Hit_Object_off_Carriageway,Journey_Purpose_of_Driver,Junction_Location,make,model,Propulsion_Code,Sex_of_Driver,Skidding_and_Overturning,Towing_and_Articulation,Vehicle_Leaving_Carriageway,Vehicle_Location.Restricted_Lane,Vehicle_Manoeuvre,Vehicle_Reference,Vehicle_Type,Was_Vehicle_Left_Hand_Drive,X1st_Point_of_Impact,Year
200401VK00190,26 - 35,,Data missing or out of range,,124.0,,,Data missing or out of range,Data missing or out of range,VESPA (DOUGLAS),,Petrol,Male,,No tow/articulation,Did not leave carriageway,0.0,Going ahead other,2,Motorcycle 125cc and under,Data missing or out of range,Did not impact,2004
200401VK00219,26 - 35,11.0,Data missing or out of range,,1997.0,,,Data missing or out of range,Data missing or out of range,ROVER,620 I,Petrol,Male,,No tow/articulation,Did not leave carriageway,0.0,Moving off,1,109,Data missing or out of range,Offside,2004
200401VK09021,Data missing or out of range,2.0,Urban area,3.0,1997.0,,,Data missing or out of range,Data missing or out of range,CITROEN,BERLINGO 800 LX HDI,Heavy oil,Male,,No tow/articulation,Did not leave carriageway,0.0,Going ahead other,2,Van / Goods 3.5 tonnes mgw or under,Data missing or out of range,Front,2004
200401VK09026,36 - 45,7.0,Urban area,3.0,1799.0,,,Data missing or out of range,Data missing or out of range,VAUXHALL,VECTRA ARCTIC 16V,Petrol,Female,,No tow/articulation,Did not leave carriageway,0.0,Slowing or stopping,2,109,Data missing or out of range,Back,2004
200401VW00054,Data missing or out of range,4.0,Data missing or out of range,,1783.0,,,Data missing or out of range,Data missing or out of range,RENAULT,LAGUNA ALIZE,Petrol,Male,,No tow/articulation,Did not leave carriageway,0.0,Going ahead other,1,109,Data missing or out of range,Offside,2004
200401VW00089,Data missing or out of range,5.0,Data missing or out of range,,1975.0,,,Data missing or out of range,Data missing or out of range,HYUNDAI,COUPE F2 EVO,Petrol,Male,,No tow/articulation,Did not leave carriageway,0.0,Waiting to go - held up,1,109,Data missing or out of range,Back,2004
200401VW00113,36 - 45,2.0,Data missing or out of range,,599.0,,,Data missing or out of range,Data missing or out of range,HONDA,CB 600 F-2,Petrol,Male,,No tow/articulation,Did not leave carriageway,0.0,Going ahead other,2,106,Data missing or out of range,Front,2004
200401VW00180,36 - 45,6.0,Data missing or out of range,,1599.0,,,Data missing or out of range,Data missing or out of range,HYUNDAI,LANTRA SIENA,Petrol,Female,,No tow/articulation,Did not leave carriageway,0.0,Going ahead other,1,109,Data missing or out of range,Front,2004
200401VW00215,46 - 55,4.0,Data missing or out of range,,2283.0,,,Data missing or out of range,Data missing or out of range,NISSAN,SERENA 2.3D OCCASION,Heavy oil,Female,,No tow/articulation,Did not leave carriageway,0.0,Going ahead right-hand bend,1,109,Data missing or out of range,Front,2004
200401VW00348,Data missing or out of range,4.0,Data missing or out of range,,1587.0,,,Data missing or out of range,Data missing or out of range,PEUGEOT,306 LX AUTO,Petrol,Male,,No tow/articulation,Did not leave carriageway,0.0,Going ahead other,2,109,Data missing or out of range,Offside,2004
200401VW00391,Data missing or out of range,9.0,Data missing or out of range,,1296.0,,,Data missing or out of range,Data missing or out of range,DAIHATSU,CHARADE LXI,Petrol,Not known,,No tow/articulation,Did not leave carriageway,0.0,Turning left,2,109,Data missing or out of range,Front,2004
200401VW00438,21 - 25,1.0,Urban area,8.0,49.0,,,Data missing or out of range,Data missing or out of range,PIAGGIO,ET2,Petrol,Female,,No tow/articulation,Did not leave carriageway,0.0,Overtaking static vehicle - offside,1,Motorcycle 50cc and under,Data missing or out of range,Offside,2004
200401VW00460,21 - 25,,Urban area,7.0,,,,Data missing or out of range,Data missing or out of range,VAUXHALL,ASTRAVAN ENVOY CDTI,,Male,,No tow/articulation,Did not leave carriageway,0.0,U-turn,1,109,Data missing or out of range,Offside,2004
200401VW00473,36 - 45,15.0,Urban area,3.0,1396.0,,,Data missing or out of range,Data missing or out of range,HONDA,CIVIC GL AUTO,Petrol,Male,,No tow/articulation,Did not leave carriageway,0.0,Going ahead other,1,109,Data missing or out of range,Front,2004
200401VW00477,21 - 25,,Urban area,5.0,1248.0,,,Data missing or out of range,Data missing or out of range,VAUXHALL,CORSA DESIGN CDTI,Heavy oil,Female,,No tow/articulation,Did not leave carriageway,0.0,Waiting to go - held up,2,109,Data missing or out of range,Nearside,2004
200401VW09013,36 - 45,4.0,Urban area,4.0,1850.0,,,Data missing or out of range,Data missing or out of range,HONDA,ACCORD VTEC S,Petrol,Male,,No tow/articulation,Did not leave carriageway,0.0,Turning right,1,109,Data missing or out of range,Nearside,2004
200401WW00097,Data missing or out of range,4.0,Urban area,4.0,1948.0,,,Data missing or out of range,Data missing or out of range,VOLVO,V40 2.0T XS,Petrol,Female,,No tow/articulation,Did not leave carriageway,0.0,Turning right,2,109,Data missing or out of range,Data missing or out of range,2004
200401WW00101,36 - 45,4.0,Urban area,4.0,1800.0,,,Data missing or out of range,Data missing or out of range,VOLKSWAGEN,PASSAT S 20V,Petrol,Male,,No tow/articulation,Did not leave carriageway,0.0,Going ahead other,1,109,Data missing or out of range,Data missing or out of range,2004
200401WW00108,26 - 35,5.0,Urban area,5.0,1587.0,,,Data missing or out of range,Data missing or out of range,PEUGEOT,306 LX AUTO,Petrol,Male,,No tow/articulation,Did not leave carriageway,0.0,Parked,2,109,Data missing or out of range,Data missing or out of range,2004
200401WW00117,26 - 35,1.0,Urban area,5.0,1108.0,,,Data missing or out of range,Data missing or out of range,FIAT,SEICENTO SPORTING,Petrol,Male,,No tow/articulation,Did not leave carriageway,0.0,Going ahead other,1,109,Data missing or out of range,Data missing or out of range,2004
200401WW00163,21 - 25,,Urban area,4.0,,,,Data missing or out of range,Data missing or out of range,VOLKSWAGEN,POLO S TDI,,Male,,No tow/articulation,Did not leave carriageway,0.0,Going ahead other,1,106,Data missing or out of range,Front,2004
200401WW00174,Data missing or out of range,8.0,Data missing or out of range,,954.0,,,Data missing or out of range,Data missing or out of range,CITROEN,AX DIMENSION,Petrol,Female,,No tow/articulation,Did not leave carriageway,0.0,Going ahead other,2,109,Data missing or out of range,Data missing or out of range,2004
200401WW00222,46 - 55,1.0,Urban area,1.0,7300.0,,,Data missing or out of range,Data missing or out of range,VOLVO,,Heavy oil,Male,,No tow/articulation,Did not leave carriageway,0.0,Waiting to go - held up,1,Bus or coach (17 or more pass seats),Data missing or out of range,Data missing or out of range,2004
200401WW00325,36 - 45,2.0,Urban area,9.0,1998.0,,,Data missing or out of range,Data missing or out of range,FORD,TRANSIT 280 SWB TD,Heavy oil,Male,,No tow/articulation,Did not leave carriageway,0.0,Turning right,2,Van / Goods 3.5 tonnes mgw or under,Data missing or out of range,Front,2004
200401WW00361,26 - 35,,Urban area,,,,,Data missing or out of range,Data missing or out of range,PIAGGIO,,,Female,,No tow/articulation,Did not leave carriageway,0.0,Overtaking static vehicle - offside,1,Motorcycle 125cc and under,Data missing or out of range,Offside,2004
200401WW00422,16 - 20,,Urban area,8.0,,,,Data missing or out of range,Data missing or out of range,TAIWAN GOLDEN BEE,204,,Male,,No tow/articulation,Did not leave carriageway,0.0,Overtaking static vehicle - offside,2,Motorcycle 125cc and under,Data missing or out of range,Data missing or out of range,2004
200401WW00450,36 - 45,2.0,Urban area,6.0,582.0,,,Data missing or out of range,Data missing or out of range,HONDA,FJS 600,Petrol,Male,,No tow/articulation,Did not leave carriageway,0.0,Going ahead other,1,106,Data missing or out of range,Front,2004
200401WW00484,46 - 55,4.0,Urban area,3.0,,,,Data missing or out of range,Data missing or out of range,DENNIS,,Heavy oil,Male,,No tow/articulation,Did not leave carriageway,0.0,Going ahead other,3,Bus or coach (17 or more pass seats),Data missing or out of range,Data missing or out of range,2004
200401WW00484,16 - 20,5.0,Urban area,2.0,1781.0,,,Data missing or out of range,Data missing or out of range,AUDI,A4 1.8T SPORT,Petrol,Male,,No tow/articulation,Did not leave carriageway,0.0,Going ahead other,4,109,Data missing or out of range,Data missing or out of range,2004
200401WW00551,36 - 45,5.0,Urban area,3.0,1590.0,,,Data missing or out of range,Data missing or out of range,HONDA,CIVIC LS AUTO,Petrol,Male,,No tow/articulation,Did not leave carriageway,0.0,Turning right,2,109,Data missing or out of range,Data missing or out of range,2004
200401WW00579,Data missing or out of range,10.0,Urban area,5.0,1124.0,,,Data missing or out of range,Data missing or out of range,PEUGEOT,106 MARDI GRAS,Petrol,Female,,No tow/articulation,Did not leave carriageway,0.0,Going ahead other,1,109,Data missing or out of range,Data missing or out of range,2004
200401WW00628,26 - 35,3.0,Urban area,3.0,,,,Data missing or out of range,Data missing or out of range,DAF TRUCKS,,Heavy oil,Male,,No tow/articulation,Did not leave carriageway,0.0,Going ahead other,1,Bus or coach (17 or more pass seats),Data missing or out of range,Did not impact,2004
200401WW00692,46 - 55,3.0,Urban area,3.0,1679.0,,,Data missing or out of range,Data missing or out of range,FORD,PUMA BLACK,Petrol,Male,,No tow/articulation,Did not leave carriageway,0.0,Going ahead other,1,109,Data missing or out of range,Nearside,2004
200401WW00694,Data missing or out of range,17.0,Urban area,4.0,1392.0,,,Data missing or out of range,Data missing or out of range,FORD,ESCORT GL 5SPD,Petrol,Male,,No tow/articulation,Did not leave carriageway,0.0,Going ahead other,2,109,Data missing or out of range,Front,2004
200401WW00715,26 - 35,16.0,Urban area,2.0,1997.0,,,Data missing or out of range,Data missing or out of range,MITSUBISHI,GALANT GTI 16V DOHC,Petrol,Male,,No tow/articulation,Did not leave carriageway,0.0,Turning right,1,109,Data missing or out of range,Offside,2004
200401WW00777,16 - 20,4.0,Data missing or out of range,,1689.0,,,Data missing or out of range,Data missing or out of range,MERCEDES,A170 CDI ELEGANCE AUTO,Heavy oil,Female,,No tow/articulation,Did not leave carriageway,0.0,Going ahead other,1,109,Data missing or out of range,Nearside,2004
200401WW00854,46 - 55,3.0,Urban area,2.0,,,,Data missing or out of range,Data missing or out of range,DAF TRUCKS,,Heavy oil,Male,,No tow/articulation,Did not leave carriageway,0.0,Moving off,1,Bus or coach (17 or more pass seats),Data missing or out of range,Did not impact,2004
200401WW00978,36 - 45,7.0,Urban area,9.0,124.0,,,Data missing or out of range,Data missing or out of range,PIAGGIO,HEXAGON,Petrol,Male,,No tow/articulation,Did not leave carriageway,0.0,Going ahead other,1,Motorcycle 125cc and under,Data missing or out of range,Front,2004
200401WW01125,21 - 25,,Urban area,4.0,,,,Data missing or out of range,Data missing or out of range,HONDA,SCV100F-E,,Male,,No tow/articulation,Did not leave carriageway,0.0,Going ahead other,2,Motorcycle 125cc and under,Data missing or out of range,Front,2004
200401XH00005,36 - 45,1.0,Urban area,4.0,3900.0,,,Data missing or out of range,Data missing or out of range,DENNIS,,Heavy oil,Male,,No tow/articulation,Did not leave carriageway,0.0,Going ahead other,2,Bus or coach (17 or more pass seats),Data missing or out of range,Front,2004
200401XH00039,26 - 35,,Urban area,6.0,1124.0,,,Data missing or out of range,Data missing or out of range,PEUGEOT,206 FEVER,Petrol,Female,,No tow/articulation,Did not leave carriageway,0.0,Waiting to go - held up,1,109,Data missing or out of range,Back,2004
200401XH00185,Data missing or out of range,4.0,Data missing or out of range,,2283.0,Parked vehicle,,Data missing or out of range,Data missing or out of range,NISSAN,SERENA 2.3D OCCASION,Heavy oil,Female,,No tow/articulation,Did not leave carriageway,0.0,Reversing,2,109,Data missing or out of range,Back,2004
200401XH00290,36 - 45,5.0,Urban area,5.0,,,,Data missing or out of range,Data missing or out of range,DENNIS,,Heavy oil,Male,,No tow/articulation,Did not leave carriageway,0.0,U-turn,2,Bus or coach (17 or more pass seats),Data missing or out of range,Data missing or out of range,2004
200401XH00309,Data missing or out of range,10.0,Urban area,5.0,2068.0,,,Data missing or out of range,Data missing or out of range,RENAULT,TRAFIC T900D PRIMA,Heavy oil,Not known,,No tow/articulation,Did not leave carriageway,0.0,Going ahead other,2,Van / Goods 3.5 tonnes mgw or under,Data missing or out of range,Front,2004
200401XH00313,21 - 25,13.0,Urban area,5.0,1809.0,Parked vehicle,,Data missing or out of range,Data missing or out of range,NISSAN,200 SX TURBO,Petrol,Male,,No tow/articulation,Did not leave carriageway,0.0,Slowing or stopping,1,109,Data missing or out of range,Front,2004
200401XH00331,21 - 25,1.0,Urban area,3.0,8268.0,,,Data missing or out of range,Data missing or out of range,DENNIS,,Heavy oil,Male,,No tow/articulation,Did not leave carriageway,0.0,Going ahead other,1,Bus or coach (17 or more pass seats),Data missing or out of range,Front,2004
200401XH00344,16 - 20,10.0,Data missing or out of range,,1331.0,,,Data missing or out of range,Data missing or out of range,TOYOTA,COROLLA XLI EXPRESS,Petrol,Male,,No tow/articulation,Did not leave carriageway,0.0,Going ahead other,2,109,Data missing or out of range,Front,2004
200401XH00433,21 - 25,13.0,Urban area,8.0,1596.0,,,Data missing or out of range,Data missing or out of range,FORD,FIESTA XR2I,Petrol,Female,,No tow/articulation,Did not leave carriageway,0.0,Going ahead other,1,109,Data missing or out of range,Front,2004
200401XH00513,26 - 35,2.0,Data missing or out of range,,198.0,,,Data missing or out of range,Data missing or out of range,PIAGGIO,,Petrol,Male,,No tow/articulation,Did not leave carriageway,0.0,Turning right,1,106,Data missing or out of range,Offside,2004
200401XH00526,36 - 45,1.0,Urban area,2.0,1686.0,,,Data missing or out of range,Data missing or out of range,VAUXHALL,ASTRA DTI 16V SPORTIVE,Heavy oil,Male,,No tow/articulation,Did not leave carriageway,0.0,Turning right,1,Van / Goods 3.5 tonnes mgw or under,Data missing or out of range,Nearside,2004
200401XH00534,46 - 55,8.0,Urban area,6.0,1396.0,,,Data missing or out of range,Data missing or out of range,ROVER,414 SI,Petrol,Female,,No tow/articulation,Did not leave carriageway,0.0,Going ahead other,1,109,Data missing or out of range,Nearside,2004
200401XH00536,Data missing or out of range,11.0,Data missing or out of range,,1896.0,,,Data missing or out of range,Data missing or out of range,VOLKSWAGEN,GOLF GL TURBO D,Heavy oil,Male,,No tow/articulation,Did not leave carriageway,0.0,Parked,2,109,Data missing or out of range,Front,2004
200401XH00583,26 - 35,7.0,Urban area,1.0,1905.0,,,Data missing or out of range,Data missing or out of range,CITROEN,SYNERGIE 1.9 TD X,Heavy oil,Male,,No tow/articulation,Did not leave carriageway,0.0,Changing lane to right,2,109,Data missing or out of range,Front,2004
200401XH00609,56 - 65,8.0,Urban area,3.0,1590.0,Parked vehicle,,Data missing or out of range,Data missing or out of range,HONDA,CIVIC 1.6I LS,Petrol,Male,Overturned,No tow/articulation,Did not leave carriageway,0.0,Going ahead other,1,109,Data missing or out of range,Front,2004
200401XH00694,26 - 35,,Urban area,3.0,,Other object,,Data missing or out of range,Data missing or out of range,PEUGEOT,LOOXOR 50,,Male,,No tow/articulation,Did not leave carriageway,0.0,Going ahead other,1,Motorcycle 50cc and under,Data missing or out of range,Offside,2004
200401XH00702,66 - 75,15.0,Data missing or out of range,,1721.0,,,Data missing or out of range,Data missing or out of range,RENAULT,19 TXE,Petrol,Female,,No tow/articulation,Did not leave carriageway,0.0,Parked,1,109,Data missing or out of range,Back,2004
200401XH00766,46 - 55,3.0,Urban area,7.0,790.0,,,Data missing or out of range,Data missing or out of range,TRIUMPH,BONNEVILLE AMERICA,Petrol,Male,,No tow/articulation,Did not leave carriageway,0.0,Slowing or stopping,1,106,Data missing or out of range,Front,2004
200401XH00802,21 - 25,2.0,Urban area,4.0,1149.0,,,Data missing or out of range,Data missing or out of range,RENAULT,CLIO DYNAMIQUE 16V,Petrol,Male,,No tow/articulation,Did not leave carriageway,0.0,Going ahead other,1,109,Data missing or out of range,Nearside,2004
200401XH00855,26 - 35,11.0,Urban area,4.0,1600.0,,,Data missing or out of range,Data missing or out of range,FORD,,Petrol,Male,,No tow/articulation,Did not leave carriageway,0.0,Going ahead other,2,109,Data missing or out of range,Nearside,2004
200401XH00912,Data missing or out of range,1.0,Data missing or out of range,,1998.0,,,Data missing or out of range,Data missing or out of range,TOYOTA,RAV4 NRG VVTI AUTO,Petrol,Male,,No tow/articulation,Did not leave carriageway,0.0,Parked,3,109,Data missing or out of range,Front,2004
200401XH00939,21 - 25,6.0,Data missing or out of range,,1149.0,,,Data missing or out of range,Data missing or out of range,RENAULT,CLIO BIARRITZ,Petrol,Female,,No tow/articulation,Did not leave carriageway,0.0,Going ahead other,1,109,Data missing or out of range,Offside,2004
200401XS00107,21 - 25,7.0,Urban area,10.0,599.0,,,Data missing or out of range,Data missing or out of range,KAWASAKI,ZX 600-F3,Petrol,Male,,No tow/articulation,Did not leave carriageway,0.0,Going ahead other,2,106,Data missing or out of range,Nearside,2004
200401XS00149,46 - 55,12.0,Data missing or out of range,,1800.0,,,Data missing or out of range,Data missing or out of range,NISSAN,,Petrol,Male,,No tow/articulation,Did not leave carriageway,0.0,Going ahead other,2,109,Data missing or out of range,Front,2004
200401XS00180,Data missing or out of range,,Urban area,3.0,,,,Data missing or out of range,Data missing or out of range,VAUXHALL,ARENA 2.5 LWB,,Male,,No tow/articulation,Did not leave carriageway,0.0,Going ahead other,2,109,Data missing or out of range,Back,2004
200401XS00224,26 - 35,5.0,Urban area,6.0,1300.0,,,Data missing or out of range,Data missing or out of range,MAZDA,DEMIO AEGEAN,Petrol,Female,,No tow/articulation,Did not leave carriageway,0.0,Going ahead other,1,109,Data missing or out of range,Back,2004
200401XS00231,16 - 20,8.0,Urban area,9.0,1108.0,,,Data missing or out of range,Data missing or out of range,FIAT,,Petrol,Female,,No tow/articulation,Did not leave carriageway,0.0,Going ahead other,1,109,Data missing or out of range,Front,2004
200401XS00282,Data missing or out of range,8.0,Data missing or out of range,,2800.0,Parked vehicle,,Data missing or out of range,Data missing or out of range,MITSUBISHI,,Heavy oil,Male,,No tow/articulation,Did not leave carriageway,0.0,Going ahead other,2,109,Data missing or out of range,Front,2004
200401XS00384,56 - 65,1.0,Data missing or out of range,,954.0,,,Data missing or out of range,Data missing or out of range,HONDA,CBR 900 RR-3,Petrol,Male,,No tow/articulation,Did not leave carriageway,0.0,Going ahead other,1,106,Data missing or out of range,Front,2004
200401XS00415,Data missing or out of range,,Urban area,4.0,,,,Data missing or out of range,Data missing or out of range,PIAGGIO,VESPA ET4,,Male,,No tow/articulation,Did not leave carriageway,0.0,Overtaking moving vehicle - offside,2,Motorcycle 125cc and under,Data missing or out of range,Front,2004
200401XS00523,Data missing or out of range,10.0,Urban area,2.0,1968.0,,,Data missing or out of range,Data missing or out of range,VOLKSWAGEN,TRANSPORTER DIES,Petrol,Male,,No tow/articulation,Did not leave carriageway,0.0,Going ahead other,2,Van / Goods 3.5 tonnes mgw or under,Data missing or out of range,Front,2004
200401XS00594,46 - 55,1.0,Urban area,4.0,3900.0,,,Data missing or out of range,Data missing or out of range,DENNIS,,Heavy oil,Male,,No tow/articulation,Did not leave carriageway,0.0,Waiting to go - held up,1,Bus or coach (17 or more pass seats),Data missing or out of range,Offside,2004
200401XS00595,26 - 35,3.0,Urban area,7.0,1598.0,,,Data missing or out of range,Data missing or out of range,MERCEDES,A160 CLASSIC,Petrol,Female,,No tow/articulation,Did not leave carriageway,0.0,Waiting to go - held up,1,109,Data missing or out of range,Nearside,2004
200401XS00730,Data missing or out of range,4.0,Data missing or out of range,,,,,Data missing or out of range,Data missing or out of range,DENNIS,,Heavy oil,Male,,No tow/articulation,Did not leave carriageway,0.0,Parked,1,Bus or coach (17 or more pass seats),Data missing or out of range,Did not impact,2004
200401XS00799,16 - 20,2.0,Urban area,2.0,49.0,,,Data missing or out of range,Data missing or out of range,HONDA,SH50,Petrol,Male,,No tow/articulation,Did not leave carriageway,0.0,Going ahead other,1,Motorcycle 50cc and under,Data missing or out of range,Front,2004
200401XS00804,36 - 45,,Data missing or out of range,,2148.0,,,Data missing or out of range,Data missing or out of range,MERCEDES,C220 CDI AVANTGDE SE A,Heavy oil,Female,,No tow/articulation,Did not leave carriageway,0.0,Slowing or stopping,2,109,Data missing or out of range,Back,2004
200401XS00851,26 - 35,,Urban area,3.0,,,,Data missing or out of range,Data missing or out of range,HONDA,CIVIC ESI AUTO,,Male,,No tow/articulation,Did not leave carriageway,0.0,Going ahead other,1,Motorcycle 125cc and under,Data missing or out of range,Front,2004
200401XS00860,21 - 25,6.0,Urban area,6.0,1396.0,,,Data missing or out of range,Data missing or out of range,HONDA,CIVIC ILLUSION,Petrol,Male,,No tow/articulation,Did not leave carriageway,0.0,Waiting to go - held up,2,109,Data missing or out of range,Back,2004
200401XS00914,Data missing or out of range,14.0,Data missing or out of range,,1324.0,,,Data missing or out of range,Data missing or out of range,MAZDA,323 SE,Petrol,Female,,No tow/articulation,Did not leave carriageway,0.0,Turning right,2,109,Data missing or out of range,Front,2004
200401XS00946,26 - 35,10.0,Urban area,4.0,487.0,,,Data missing or out of range,Data missing or out of range,SUZUKI,,Petrol,Male,,No tow/articulation,Did not leave carriageway,0.0,Overtaking moving vehicle - offside,1,106,Data missing or out of range,Nearside,2004
200401XS01049,26 - 35,,Data missing or out of range,,,,,Data missing or out of range,Data missing or out of range,MAN,,,Male,,No tow/articulation,Did not leave carriageway,0.0,Going ahead other,2,Goods 7.5 tonnes mgw and over,Data missing or out of range,Offside,2004
200401XS01061,21 - 25,9.0,Data missing or out of range,,124.0,,,Data missing or out of range,Data missing or out of range,YAMAHA,,Petrol,Male,,No tow/articulation,Did not leave carriageway,0.0,Going ahead other,1,Motorcycle 125cc and under,Data missing or out of range,Front,2004
200401XS01138,46 - 55,7.0,Data missing or out of range,,1796.0,,,Data missing or out of range,Data missing or out of range,FORD,MONDEO VERONA,Petrol,Female,,No tow/articulation,Did not leave carriageway,0.0,Going ahead other,2,109,Data missing or out of range,Front,2004
200401YE00044,36 - 45,7.0,Data missing or out of range,,1994.0,Kerb,,Data missing or out of range,Data missing or out of range,VAUXHALL,VECTRA 2.0 DI ENVOY,Heavy oil,Male,,No tow/articulation,Did not leave carriageway,0.0,Moving off,1,109,Data missing or out of range,Front,2004
200401YE00057,26 - 35,5.0,Data missing or out of range,,,,,Data missing or out of range,Data missing or out of range,DAF,,Heavy oil,Male,,No tow/articulation,Did not leave carriageway,0.0,Going ahead other,1,Bus or coach (17 or more pass seats),Data missing or out of range,Did not impact,2004
200401YE00062,Data missing or out of range,4.0,Data missing or out of range,,998.0,Parked vehicle,,Data missing or out of range,Data missing or out of range,NISSAN,MICRA CELEBRATION 16V,Petrol,Male,,No tow/articulation,Did not leave carriageway,0.0,Overtaking moving vehicle - offside,2,109,Data missing or out of range,Front,2004
200401YE00083,Data missing or out of range,10.0,Data missing or out of range,,1118.0,,,Data missing or out of range,Data missing or out of range,ROVER,METRO L,Petrol,Not known,,No tow/articulation,Did not leave carriageway,0.0,Going ahead other,2,109,Data missing or out of range,Front,2004
200401YE00104,56 - 65,10.0,Data missing or out of range,,1998.0,,,Data missing or out of range,Data missing or out of range,FORD,GRANADA LXI,Petrol,Male,,No tow/articulation,Did not leave carriageway,0.0,Going ahead other,2,109,Data missing or out of range,Front,2004
200401YE00114,36 - 45,15.0,Urban area,3.0,1958.0,,,Data missing or out of range,Data missing or out of range,HONDA,PRELUDE 4WS AUTO,Petrol,Male,,No tow/articulation,Did not leave carriageway,0.0,Overtaking static vehicle - offside,2,109,Data missing or out of range,Front,2004
200401YE00231,16 - 20,,Urban area,1.0,998.0,,,Data missing or out of range,Data missing or out of range,VAUXHALL,CORSA ENERGY TWINPORT S-A,Petrol,Male,,No tow/articulation,Did not leave carriageway,0.0,Going ahead other,1,109,Data missing or out of range,Back,2004
200401YE00302,Data missing or out of range,10.0,Data missing or out of range,,1994.0,,,Data missing or out of range,Data missing or out of range,ROVER,620 TI,Petrol,Male,,No tow/articulation,Did not leave carriageway,2.0,Overtaking - nearside,2,109,Data missing or out of range,Front,2004
200401YE00377,26 - 35,1.0,Data missing or out of range,,1997.0,,,Data missing or out of range,Data missing or out of range,CITROEN,XSARA PICASSO LX HDI,Heavy oil,Male,,No tow/articulation,Did not leave carriageway,0.0,Turning right,2,109,Data missing or out of range,Offside,2004
200401YE00452,26 - 35,,Urban area,9.0,102.0,,,Data missing or out of range,Data missing or out of range,HONDA,SCV100F-E,Petrol,Male,,No tow/articulation,Did not leave carriageway,0.0,Overtaking static vehicle - offside,1,Motorcycle 125cc and under,Data missing or out of range,Front,2004
200401YE00462,36 - 45,,Data missing or out of range,,,,,Data missing or out of range,Data missing or out of range,MERCEDES,,,Male,,No tow/articulation,Did not leave carriageway,0.0,Going ahead other,1,Goods over 3.5t. and under 7.5t,Data missing or out of range,Front,2004
200401YE80081,46 - 55,3.0,Data missing or out of range,,,,,Data missing or out of range,Data missing or out of range,DAF TRUCKS,,Heavy oil,Male,,No tow/articulation,Did not leave carriageway,2.0,Overtaking static vehicle - offside,1,Bus or coach (17 or more pass seats),Data missing or out of range,Did not impact,2004
200401YE89008,36 - 45,8.0,Urban area,4.0,1984.0,,,Data missing or out of range,Data missing or out of range,VOLKSWAGEN,SHARAN GL,Petrol,Female,,No tow/articulation,Did not leave carriageway,0.0,Going ahead other,2,109,Data missing or out of range,Front,2004
200401YE89018,36 - 45,6.0,Urban area,1.0,1598.0,,,Data missing or out of range,Data missing or out of range,RENAULT,MEGANE SPORT 1.6E,Petrol,Female,,No tow/articulation,Did not leave carriageway,0.0,Going ahead other,1,109,Data missing or out of range,Front,2004
200401YE89062,16 - 20,8.0,Urban area,5.0,1796.0,,,Data missing or out of range,Data missing or out of range,FORD,MONDEO VERONA,Petrol,Male,,No tow/articulation,Did not leave carriageway,0.0,Going ahead other,1,109,Data missing or out of range,Front,2004
200401YF00196,26 - 35,11.0,Data missing or out of range,,1389.0,,,Data missing or out of range,Data missing or out of range,VAUXHALL,ASTRA CALIFORNIA,Petrol,Male,,No tow/articulation,Did not leave carriageway,0.0,Going ahead other,2,109,Data missing or out of range,Front,2004