Accident_Index,Age_Band_of_Driver,Age_of_Vehicle,Driver_Home_Area_Type,Driver_IMD_Decile,Engine_Capacity_.CC.,Hit_Object_in_Carriageway,Hit_Object_off_Carriageway,Journey_Purpose_of_Driver,Junction_Location,make,model,Propulsion_Code,Sex_of_Driver,Skidding_and_Overturning,Towing_and_Articulation,Vehicle_Leaving_Carriageway,Vehicle_Location.Restricted_Lane,Vehicle_Manoeuvre,Vehicle_Reference,Vehicle_Type,Was_Vehicle_Left_Hand_Drive,X1st_Point_of_Impact,Year
200401YF00337,Data missing or out of range,15.0,Data missing or out of range,,1955.0,,,Data missing or out of range,Data missing or out of range,HONDA,ACCORD AERODECK EX AUTO,Petrol,Not known,,No tow/articulation,Did not leave carriageway,0.0,Going ahead other,1,109,Data missing or out of range,Data missing or out of range,2004
200401YF00382,46 - 55,,Urban area,8.0,4511.0,,,Data missing or out of range,Data missing or out of range,PORSCHE,CAYENNE TURBO AUTO,Petrol,Male,,No tow/articulation,Did not leave carriageway,0.0,Waiting to go - held up,1,109,Data missing or out of range,Back,2004
200401YR00042,26 - 35,2.0,Urban area,1.0,2800.0,,,Data missing or out of range,Data missing or out of range,IVECO-FORD,,Heavy oil,Male,,No tow/articulation,Did not leave carriageway,0.0,Turning left,1,Goods over 3.5t. and under 7.5t,Data missing or out of range,Back,2004
200401YR00091,26 - 35,3.0,Urban area,4.0,1598.0,,,Data missing or out of range,Data missing or out of range,MERCEDES,A160 CLASSIC,Petrol,Female,,No tow/articulation,Did not leave carriageway,0.0,Going ahead other,1,109,Data missing or out of range,Back,2004
200401YR00136,26 - 35,2.0,Urban area,9.0,101.0,,,Data missing or out of range,Data missing or out of range,YAMAHA,YN 100,Petrol,Female,,No tow/articulation,Did not leave carriageway,0.0,Overtaking moving vehicle - offside,1,Motorcycle 125cc and under,Data missing or out of range,Front,2004
200401YR00239,46 - 55,10.0,Data missing or out of range,,1597.0,Open door of vehicle,,Data missing or out of range,Data missing or out of range,FORD,ESCORT SAPPHIRE,Petrol,Female,,No tow/articulation,Did not leave carriageway,0.0,Overtaking static vehicle - offside,1,109,Data missing or out of range,Front,2004
200401YR00271,36 - 45,7.0,Urban area,4.0,2497.0,,,Data missing or out of range,Data missing or out of range,MERCEDES,C250 ELEGANCE TD AUTO,Heavy oil,Female,,No tow/articulation,Did not leave carriageway,0.0,Turning right,1,109,Data missing or out of range,Front,2004
200401YR00427,Data missing or out of range,5.0,Data missing or out of range,,1796.0,,,Data missing or out of range,Data missing or out of range,FORD,MONDEO VERONA,Petrol,Not known,,No tow/articulation,Did not leave carriageway,0.0,Parked,2,109,Data missing or out of range,Back,2004
200401YR00439,36 - 45,1.0,Urban area,2.0,7300.0,,,Data missing or out of range,Data missing or out of range,VOLVO,,Heavy oil,Female,,No tow/articulation,Did not leave carriageway,0.0,Going ahead other,2,Bus or coach (17 or more pass seats),Data missing or out of range,Front,2004
200401YR00600,26 - 35,,Urban area,7.0,1590.0,,,Data missing or out of range,Data missing or out of range,HONDA,CIVIC VTEC EXECUTIVE AUTO,Petrol,Male,,No tow/articulation,Did not leave carriageway,0.0,Going ahead other,1,109,Data missing or out of range,Front,2004
200401YR00614,26 - 35,6.0,Urban area,3.0,1341.0,,,Data missing or out of range,Data missing or out of range,HYUNDAI,ACCENT LS,Petrol,Male,,No tow/articulation,Did not leave carriageway,0.0,Going ahead other,2,109,Data missing or out of range,Back,2004
200401YR00708,21 - 25,3.0,Urban area,1.0,1686.0,Bollard or refuge,Other permanent object,Data missing or out of range,Data missing or out of range,VAUXHALL,ASTRA LS DTI,Heavy oil,Female,,No tow/articulation,Straight ahead at junction,0.0,Going ahead left-hand bend,2,109,Data missing or out of range,Front,2004
200401YR00791,36 - 45,5.0,Data missing or out of range,,,,,Data missing or out of range,Data missing or out of range,DENNIS,,Heavy oil,Male,,No tow/articulation,Did not leave carriageway,2.0,Going ahead other,1,Bus or coach (17 or more pass seats),Data missing or out of range,Front,2004
200401YR90022,46 - 55,13.0,Urban area,2.0,1974.0,,,Data missing or out of range,Data missing or out of range,NISSAN,PRAIRIE SLX,Petrol,Male,,No tow/articulation,Did not leave carriageway,0.0,Going ahead other,1,109,Data missing or out of range,Front,2004
200401YR90049,26 - 35,,Small town,10.0,998.0,,,Data missing or out of range,Data missing or out of range,YAMAHA,YZF R1 04,Petrol,Male,,No tow/articulation,Did not leave carriageway,0.0,Going ahead other,2,106,Data missing or out of range,Front,2004
200401YR99121,26 - 35,9.0,Urban area,2.0,1389.0,,,Data missing or out of range,Data missing or out of range,VAUXHALL,ASTRA MERIT,Petrol,Female,,No tow/articulation,Did not leave carriageway,0.0,Waiting to go - held up,1,109,Data missing or out of range,Offside,2004
200401ZD00026,21 - 25,7.0,Urban area,2.0,9600.0,,,Data missing or out of range,Data missing or out of range,VOLVO,,Heavy oil,Male,,No tow/articulation,Did not leave carriageway,0.0,Slowing or stopping,1,Bus or coach (17 or more pass seats),Data missing or out of range,Did not impact,2004
200401ZD00097,26 - 35,15.0,Urban area,4.0,649.0,,,Data missing or out of range,Data missing or out of range,HONDA,,Petrol,Male,,No tow/articulation,Did not leave carriageway,0.0,Going ahead other,2,106,Data missing or out of range,Back,2004
200401ZD00111,56 - 65,2.0,Urban area,9.0,1686.0,,,Data missing or out of range,Data missing or out of range,VAUXHALL,COMBO 1700 DI,Heavy oil,Male,,No tow/articulation,Did not leave carriageway,0.0,Slowing or stopping,1,Van / Goods 3.5 tonnes mgw or under,Data missing or out of range,Back,2004
200401ZD30179,16 - 20,1.0,Rural,10.0,124.0,Kerb,Other permanent object,Data missing or out of range,Data missing or out of range,HONDA,,Petrol,Male,Skidded,No tow/articulation,Offside on to centrl res + rebounded,0.0,Going ahead other,1,Motorcycle 125cc and under,Data missing or out of range,Did not impact,2004
200401ZD30293,36 - 45,11.0,Urban area,4.0,1796.0,,,Data missing or out of range,Data missing or out of range,BMW,518 I,Petrol,Male,,No tow/articulation,Did not leave carriageway,0.0,Turning right,2,109,Data missing or out of range,Offside,2004
200401ZD30536,26 - 35,4.0,Urban area,2.0,1396.0,,,Data missing or out of range,Data missing or out of range,ROVER,25 IE 16V,Petrol,Male,,No tow/articulation,Did not leave carriageway,0.0,Reversing,1,109,Data missing or out of range,Nearside,2004
200401ZD30540,46 - 55,5.0,Urban area,4.0,1392.0,,,Data missing or out of range,Data missing or out of range,NISSAN,ALMERA AMBITION,Petrol,Male,,No tow/articulation,Did not leave carriageway,0.0,Parked,5,109,Data missing or out of range,Nearside,2004
200401ZD30574,Data missing or out of range,7.0,Data missing or out of range,,1242.0,,,Data missing or out of range,Data missing or out of range,FIAT,PUNTO 75 SX,Petrol,Not known,,No tow/articulation,Did not leave carriageway,0.0,Going ahead other,2,109,Data missing or out of range,Front,2004
200401ZD30590,36 - 45,,Urban area,9.0,599.0,,,Data missing or out of range,Data missing or out of range,HONDA,CBR 600 RR-4,Petrol,Male,,No tow/articulation,Did not leave carriageway,0.0,Going ahead other,2,106,Data missing or out of range,Back,2004
200401ZD30643,26 - 35,15.0,Urban area,2.0,1998.0,,,Data missing or out of range,Data missing or out of range,MAZDA,626 GLX EXEC AUTO,Petrol,Male,,No tow/articulation,Did not leave carriageway,0.0,Going ahead other,2,109,Data missing or out of range,Front,2004
200401ZD30718,21 - 25,2.0,Data missing or out of range,,1124.0,,,Data missing or out of range,Data missing or out of range,PEUGEOT,206 LOOK,Petrol,Female,,No tow/articulation,Did not leave carriageway,0.0,Going ahead other,1,109,Data missing or out of range,Front,2004
200401ZD30762,Data missing or out of range,16.0,Data missing or out of range,,2693.0,,,Data missing or out of range,Data missing or out of range,BMW,525 E LUX AUTO,Petrol,Female,,No tow/articulation,Did not leave carriageway,0.0,Parked,2,109,Data missing or out of range,Offside,2004
200401ZD30765,16 - 20,,Urban area,2.0,1461.0,,,Data missing or out of range,Data missing or out of range,RENAULT,CLIO DYNAMIQUE DCI 80,Heavy oil,Male,,No tow/articulation,Did not leave carriageway,0.0,Turning right,1,109,Data missing or out of range,Nearside,2004
200401ZD30832,26 - 35,4.0,Data missing or out of range,,,,,Data missing or out of range,Data missing or out of range,DENNIS,,Heavy oil,Male,,No tow/articulation,Did not leave carriageway,0.0,Going ahead other,1,Bus or coach (17 or more pass seats),Data missing or out of range,Did not impact,2004
200401ZD30867,46 - 55,8.0,Data missing or out of range,,885.0,,,Data missing or out of range,Data missing or out of range,TRIUMPH,,Petrol,Male,,No tow/articulation,Did not leave carriageway,0.0,Going ahead other,1,106,Data missing or out of range,Nearside,2004
200401ZD39040,46 - 55,10.0,Urban area,4.0,2199.0,,,Data missing or out of range,Data missing or out of range,MERCEDES,E220 AUTO,Petrol,Male,,No tow/articulation,Did not leave carriageway,0.0,Turning left,1,109,Data missing or out of range,Front,2004
200401ZT00036,26 - 35,7.0,Data missing or out of range,,748.0,,,Data missing or out of range,Data missing or out of range,DUCATI,,Petrol,Male,,No tow/articulation,Did not leave carriageway,0.0,Going ahead other,1,106,Data missing or out of range,Front,2004
200401ZT00101,56 - 65,25.0,Urban area,8.0,736.0,Bollard or refuge,,Data missing or out of range,Data missing or out of range,HONDA,,Petrol,Male,,No tow/articulation,Did not leave carriageway,0.0,Overtaking static vehicle - offside,1,106,Data missing or out of range,Front,2004
200401ZT80147,26 - 35,,Urban area,3.0,,,,Data missing or out of range,Data missing or out of range,FIAT,,,Male,,No tow/articulation,Did not leave carriageway,0.0,Going ahead other,1,Goods 7.5 tonnes mgw and over,Data missing or out of range,Offside,2004
200401ZT80206,21 - 25,7.0,Urban area,8.0,,,,Data missing or out of range,Data missing or out of range,DENNIS,,Heavy oil,Male,,No tow/articulation,Did not leave carriageway,0.0,Slowing or stopping,1,Bus or coach (17 or more pass seats),Data missing or out of range,Did not impact,2004
200401ZT80268,46 - 55,7.0,Urban area,6.0,,,,Data missing or out of range,Data missing or out of range,DENNIS,,Heavy oil,Male,,No tow/articulation,Did not leave carriageway,0.0,Turning right,1,Bus or coach (17 or more pass seats),Data missing or out of range,Did not impact,2004
200401ZT80382,26 - 35,6.0,Urban area,3.0,1370.0,,,Data missing or out of range,Data missing or out of range,FIAT,BRAVA 1.4 S,Petrol,Male,,No tow/articulation,Did not leave carriageway,0.0,Going ahead other,2,109,Data missing or out of range,Front,2004
200401ZT80387,Data missing or out of range,2.0,Urban area,6.0,7300.0,,,Data missing or out of range,Data missing or out of range,VOLVO,,Heavy oil,Male,,No tow/articulation,Did not leave carriageway,0.0,Going ahead other,1,Bus or coach (17 or more pass seats),Data missing or out of range,Offside,2004
200401ZT89004,36 - 45,5.0,Urban area,4.0,1597.0,,,Data missing or out of range,Data missing or out of range,NISSAN,PRIMERA EQUATION,Petrol,Male,,No tow/articulation,Did not leave carriageway,0.0,Moving off,1,109,Data missing or out of range,Offside,2004
200401ZT89004,21 - 25,3.0,Urban area,3.0,124.0,,,Data missing or out of range,Data missing or out of range,CAGIVA,PLANET 125,Petrol,Male,,No tow/articulation,Did not leave carriageway,0.0,Going ahead other,2,Motorcycle 125cc and under,Data missing or out of range,Front,2004
2004030000193,21 - 25,3.0,Data missing or out of range,,1994.0,,,Data missing or out of range,Data missing or out of range,SUBARU,FORESTER S TURBO AWD,Petrol,Female,,No tow/articulation,Did not leave carriageway,0.0,Going ahead other,1,109,Data missing or out of range,Did not impact,2004
2004030000193,56 - 65,12.0,Data missing or out of range,,5480.0,,,Data missing or out of range,Data missing or out of range,VOLVO,,Heavy oil,Male,,No tow/articulation,Did not leave carriageway,0.0,Overtaking moving vehicle - offside,3,Goods 7.5 tonnes mgw and over,Data missing or out of range,Nearside,2004
2004030000428,36 - 45,4.0,Data missing or out of range,,1998.0,,,Data missing or out of range,Data missing or out of range,DAEWOO,NUBIRA CDX,Petrol,Male,,No tow/articulation,Did not leave carriageway,0.0,Going ahead other,1,109,Data missing or out of range,Offside,2004
2004030000622,36 - 45,10.0,Data missing or out of range,,11000.0,,,Data missing or out of range,Data missing or out of range,SCANIA,,Heavy oil,Male,,No tow/articulation,Did not leave carriageway,0.0,Going ahead other,1,Goods 7.5 tonnes mgw and over,Data missing or out of range,Front,2004
2004030000625,36 - 45,,Data missing or out of range,,,,,Data missing or out of range,Data missing or out of range,IVECO-FORD,,,Male,,No tow/articulation,Did not leave carriageway,0.0,Parked,2,Goods 7.5 tonnes mgw and over,Data missing or out of range,Did not impact,2004
2004030000943,21 - 25,,Small town,7.0,1599.0,,,Data missing or out of range,Data missing or out of range,FORD,SPORTKA,Petrol,Male,,No tow/articulation,Did not leave carriageway,0.0,Turning right,1,109,Data missing or out of range,Front,2004
2004030001166,36 - 45,,Urban area,5.0,,,Entered ditch,Data missing or out of range,Data missing or out of range,APRILIA,TUONO FIGHTER,,Male,,No tow/articulation,Offside,0.0,Going ahead other,2,109,Data missing or out of range,Front,2004
2004030001352,26 - 35,10.0,Data missing or out of range,,598.0,Bollard or refuge,,Data missing or out of range,Data missing or out of range,YAMAHA,,Petrol,Male,Overturned,No tow/articulation,Did not leave carriageway,0.0,Overtaking moving vehicle - offside,1,106,Data missing or out of range,Front,2004
2004030001361,21 - 25,7.0,Data missing or out of range,,5480.0,,,Data missing or out of range,Data missing or out of range,VOLVO,,Heavy oil,Male,,No tow/articulation,Did not leave carriageway,0.0,Going ahead other,2,Goods 7.5 tonnes mgw and over,Data missing or out of range,Front,2004
2004030001403,16 - 20,7.0,Urban area,9.0,1495.0,,,Data missing or out of range,Data missing or out of range,HYUNDAI,ACCENT MVI,Petrol,Male,,No tow/articulation,Did not leave carriageway,0.0,Going ahead other,2,109,Data missing or out of range,Back,2004
2004030001577,21 - 25,21.0,Data missing or out of range,,2792.0,,,Data missing or out of range,Data missing or out of range,FORD,CAPRI INJECTION,Petrol,Male,Skidded,No tow/articulation,Did not leave carriageway,0.0,Going ahead other,1,109,Data missing or out of range,Front,2004
2004030001661,46 - 55,4.0,Urban area,3.0,1747.0,,,Data missing or out of range,Data missing or out of range,FIAT,MAREA 115 ELX,Petrol,Male,,No tow/articulation,Did not leave carriageway,0.0,Slowing or stopping,1,109,Data missing or out of range,Front,2004
2004030001687,36 - 45,9.0,Data missing or out of range,,1108.0,,Other permanent object,Data missing or out of range,Data missing or out of range,FIAT,PUNTO 55 EL,Petrol,Male,,No tow/articulation,Nearside,0.0,Going ahead other,1,109,Data missing or out of range,Front,2004
2004030001768,Over 75,11.0,Data missing or out of range,,1289.0,,,Data missing or out of range,Data missing or out of range,SKODA,FAVORIT GLXI,Petrol,Male,,No tow/articulation,Did not leave carriageway,0.0,Going ahead right-hand bend,2,109,Data missing or out of range,Front,2004
2004030001772,16 - 20,15.0,Data missing or out of range,,98.0,,,Data missing or out of range,Data missing or out of range,YAMAHA,,Petrol,Male,,No tow/articulation,Did not leave carriageway,0.0,Going ahead other,2,Motorcycle 125cc and under,Data missing or out of range,Front,2004
2004030001870,46 - 55,3.0,Data missing or out of range,,1396.0,,,Data missing or out of range,Data missing or out of range,ROVER,25 IMPRESSION S,Petrol,Male,,No tow/articulation,Did not leave carriageway,0.0,Going ahead other,1,109,Data missing or out of range,Front,2004
2004030001892,36 - 45,5.0,Data missing or out of range,,12130.0,,,Data missing or out of range,Data missing or out of range,VOLVO,,Heavy oil,Male,,Articulated vehicle,Did not leave carriageway,0.0,Going ahead other,2,Goods 7.5 tonnes mgw and over,Data missing or out of range,Back,2004
2004030001984,56 - 65,3.0,Rural,10.0,1796.0,,,Data missing or out of range,Data missing or out of range,BMW,316TI SE COMPACT AUTO,Petrol,Male,,No tow/articulation,Did not leave carriageway,0.0,Waiting to go - held up,1,109,Data missing or out of range,Front,2004
2004030001998,36 - 45,1.0,Data missing or out of range,,1994.0,,,Data missing or out of range,Data missing or out of range,ROVER,45 IL TURBO DIESEL,Heavy oil,Male,,No tow/articulation,Did not leave carriageway,0.0,Going ahead other,1,109,Data missing or out of range,Front,2004
2004030002151,36 - 45,,Small town,7.0,1242.0,,,Data missing or out of range,Data missing or out of range,FIAT,PUNTO ACTIVE SPORT 8V,Petrol,Female,,No tow/articulation,Did not leave carriageway,0.0,Parked,2,109,Data missing or out of range,Did not impact,2004
2004030002521,46 - 55,1.0,Urban area,,1970.0,,,Data missing or out of range,Data missing or out of range,ALFA ROMEO,156 JTS LUSSO,Petrol,Male,,No tow/articulation,Offside,0.0,Going ahead left-hand bend,1,109,Data missing or out of range,Front,2004
2004030002555,21 - 25,1.0,Urban area,4.0,1753.0,,,Data missing or out of range,Data missing or out of range,FORD,TRANSIT CONNECT T200 TDDI S,Heavy oil,Female,,No tow/articulation,Did not leave carriageway,0.0,Waiting to go - held up,2,Van / Goods 3.5 tonnes mgw or under,Data missing or out of range,Back,2004
2004030002606,Over 75,2.0,Rural,7.0,1396.0,,,Data missing or out of range,Data missing or out of range,ROVER,45 SPIRIT S,Petrol,Male,,No tow/articulation,Did not leave carriageway,0.0,Going ahead other,1,109,Data missing or out of range,Front,2004
2004030002642,Over 75,2.0,Rural,7.0,1590.0,,,Data missing or out of range,Data missing or out of range,HONDA,CIVIC EXECUTIVE SE,Petrol,Male,,No tow/articulation,Did not leave carriageway,0.0,Going ahead other,2,109,Data missing or out of range,Front,2004
2004030002793,46 - 55,11.0,Urban area,5.0,96.0,,,Data missing or out of range,Data missing or out of range,VOLVO,,Heavy oil,Male,Skidded,No tow/articulation,Did not leave carriageway,0.0,Overtaking moving vehicle - offside,1,Bus or coach (17 or more pass seats),Data missing or out of range,Front,2004
2004030002944,36 - 45,,Urban area,9.0,,,,Data missing or out of range,Data missing or out of range,SCANIA,,,Male,,Articulated vehicle,Did not leave carriageway,0.0,Overtaking moving vehicle - offside,1,Goods 7.5 tonnes mgw and over,Data missing or out of range,Back,2004
2004030002984,26 - 35,,Rural,7.0,,,,Data missing or out of range,Data missing or out of range,CHEVROLET GMC,,,Male,,No tow/articulation,Did not leave carriageway,0.0,Going ahead other,1,109,Data missing or out of range,Front,2004
2004030002988,66 - 75,8.0,Small town,10.0,800.0,,Other permanent object,Data missing or out of range,Data missing or out of range,HONDA,,Petrol,Male,Overturned,No tow/articulation,Offside,0.0,Overtaking moving vehicle - offside,1,106,Data missing or out of range,Front,2004
2004030003049,26 - 35,5.0,Small town,7.0,1905.0,Parked vehicle,,Data missing or out of range,Data missing or out of range,CITROEN,XANTIA SENSATION TURBO D,Heavy oil,Male,Skidded,No tow/articulation,Did not leave carriageway,0.0,Going ahead left-hand bend,1,109,Data missing or out of range,Front,2004
2004030003088,26 - 35,,Urban area,1.0,,,,Data missing or out of range,Data missing or out of range,SEDDON/ATKINSON,,,Male,,No tow/articulation,Did not leave carriageway,0.0,Parked,2,Goods 7.5 tonnes mgw and over,Data missing or out of range,Did not impact,2004
2004030003200,26 - 35,,Urban area,5.0,1587.0,,Central crash barrier,Data missing or out of range,Data missing or out of range,CITROEN,XSARA PICASSO DESIRE 2,Petrol,Male,Skidded and overturned,No tow/articulation,Offside on to centrl res + rebounded,0.0,Going ahead other,2,109,Data missing or out of range,Offside,2004
2004030003303,56 - 65,1.0,Urban area,10.0,1242.0,,,Data missing or out of range,Data missing or out of range,FIAT,PUNTO 5000000,Petrol,Male,,No tow/articulation,Did not leave carriageway,0.0,Going ahead other,1,109,Data missing or out of range,Front,2004
2004030003376,66 - 75,6.0,Urban area,8.0,1597.0,,,Data missing or out of range,Data missing or out of range,FORD,ESCORT ENCORE 16V,Petrol,Female,,No tow/articulation,Did not leave carriageway,0.0,Going ahead other,2,109,Data missing or out of range,Back,2004
2004030003442,26 - 35,10.0,Rural,5.0,,,,Data missing or out of range,Data missing or out of range,DENNIS,,Heavy oil,Male,,No tow/articulation,Did not leave carriageway,0.0,Going ahead other,1,Bus or coach (17 or more pass seats),Data missing or out of range,Front,2004
2004030003975,26 - 35,11.0,Small town,9.0,96.0,,,Data missing or out of range,Data missing or out of range,VOLVO,,Heavy oil,Male,,No tow/articulation,Did not leave carriageway,0.0,Going ahead other,2,Bus or coach (17 or more pass seats),Data missing or out of range,Offside,2004
2004030004043,21 - 25,,Urban area,1.0,,,,Data missing or out of range,Data missing or out of range,HONDA,XR 125 L-4,,Female,,No tow/articulation,Did not leave carriageway,0.0,Moving off,1,109,Data missing or out of range,Front,2004
2004030004284,36 - 45,,Rural,,,,,Data missing or out of range,Data missing or out of range,NISSAN,,,Male,,No tow/articulation,Did not leave carriageway,0.0,Going ahead right-hand bend,2,109,Data missing or out of range,Front,2004
200404A000204,36 - 45,7.0,Data missing or out of range,,1242.0,Other object,,Data missing or out of range,Data missing or out of range,FORD,FIESTA FUSION,Petrol,Male,Skidded,No tow/articulation,Did not leave carriageway,0.0,Going ahead other,1,109,Data missing or out of range,Front,2004
200404A001004,21 - 25,5.0,Urban area,6.0,1747.0,,,Data missing or out of range,Data missing or out of range,ALFA ROMEO,156 1.8 T SPARK,Petrol,Female,,No tow/articulation,Did not leave carriageway,0.0,Going ahead other,2,109,Data missing or out of range,Back,2004
200404A001504,56 - 65,10.0,Urban area,3.0,1120.0,,,Data missing or out of range,Data missing or out of range,ROVER,METRO RIO GRANDE,Petrol,Female,,No tow/articulation,Did not leave carriageway,0.0,Going ahead other,1,109,Data missing or out of range,Front,2004
200404A026304,26 - 35,,Urban area,4.0,1587.0,,,Data missing or out of range,Data missing or out of range,PEUGEOT,206 ALLURE,Petrol,Female,,No tow/articulation,Did not leave carriageway,0.0,Going ahead other,2,109,Data missing or out of range,Nearside,2004
200404A030604,16 - 20,,Urban area,6.0,,,,Data missing or out of range,Data missing or out of range,NISSAN,,,Male,,No tow/articulation,Did not leave carriageway,0.0,Going ahead other,2,109,Data missing or out of range,Front,2004
200404A045804,26 - 35,2.0,Urban area,4.0,1988.0,Kerb,,Data missing or out of range,Data missing or out of range,FORD,FOCUS ST170,Petrol,Male,,No tow/articulation,Did not leave carriageway,0.0,Going ahead left-hand bend,2,109,Data missing or out of range,Nearside,2004
200404A049904,Data missing or out of range,7.0,Data missing or out of range,,1753.0,,,Data missing or out of range,Data missing or out of range,FORD,FIESTA ENCORE DIESEL,Heavy oil,Not known,,No tow/articulation,Did not leave carriageway,0.0,Parked,4,109,Data missing or out of range,Front,2004
200404A059604,16 - 20,10.0,Urban area,3.0,1119.0,,,Data missing or out of range,Data missing or out of range,FORD,FIESTA FRESCO I,Petrol,Male,Skidded,No tow/articulation,Did not leave carriageway,0.0,Slowing or stopping,1,109,Data missing or out of range,Front,2004
200404A065504,46 - 55,13.0,Small town,6.0,1905.0,,,Data missing or out of range,Data missing or out of range,PEUGEOT,309 TRIO DIESEL,Heavy oil,Male,,No tow/articulation,Did not leave carriageway,0.0,Turning right,1,109,Data missing or out of range,Front,2004
200404B002004,56 - 65,6.0,Urban area,3.0,1064.0,,,Data missing or out of range,Data missing or out of range,MOTO GUZZI,CALIFORNIA 1100,Petrol,Male,,No tow/articulation,Did not leave carriageway,0.0,Going ahead other,2,106,Data missing or out of range,Front,2004
200404B009804,21 - 25,18.0,Rural,5.0,2226.0,,,Data missing or out of range,Data missing or out of range,AUDI,COUPE QUATTRO,Petrol,Male,,No tow/articulation,Did not leave carriageway,0.0,Going ahead other,1,109,Data missing or out of range,Front,2004
200404B025904,36 - 45,2.0,Urban area,9.0,1598.0,,,Data missing or out of range,Data missing or out of range,MAZDA,323F GXI,Petrol,Female,,No tow/articulation,Did not leave carriageway,0.0,Going ahead other,2,109,Data missing or out of range,Offside,2004
200404B031504,26 - 35,11.0,Data missing or out of range,,96.0,,Road sign or traffic signal,Data missing or out of range,Data missing or out of range,VOLVO,,Heavy oil,Male,,No tow/articulation,Did not leave carriageway,0.0,Slowing or stopping,1,Bus or coach (17 or more pass seats),Data missing or out of range,Front,2004
200404B032604,66 - 75,9.0,Data missing or out of range,,1905.0,,Central crash barrier,Data missing or out of range,Data missing or out of range,CITROEN,ZX MEMPHIS TD,Heavy oil,Male,,No tow/articulation,Offside on to centrl res + rebounded,0.0,Going ahead other,1,109,Data missing or out of range,Front,2004
200404B034604,16 - 20,3.0,Urban area,8.0,49.0,,,Data missing or out of range,Data missing or out of range,APRILIA,,Petrol,Male,,No tow/articulation,Did not leave carriageway,0.0,Going ahead other,2,Motorcycle 50cc and under,Data missing or out of range,Front,2004
200404B057504,46 - 55,2.0,Rural,7.0,1870.0,,,Data missing or out of range,Data missing or out of range,RENAULT,LAGUNA PRIVILEGE DCI,Heavy oil,Male,,No tow/articulation,Did not leave carriageway,0.0,Going ahead other,1,109,Data missing or out of range,Nearside,2004
200404B069104,21 - 25,5.0,Urban area,4.0,1994.0,,,Data missing or out of range,Data missing or out of range,ROVER,220 DI TURBO,Heavy oil,Female,,No tow/articulation,Did not leave carriageway,0.0,Going ahead other,1,109,Data missing or out of range,Front,2004
200404B082404,21 - 25,4.0,Urban area,5.0,1275.0,,,Data missing or out of range,Data missing or out of range,MG,MIDGET,Petrol,Male,Skidded,No tow/articulation,Did not leave carriageway,0.0,Going ahead other,1,109,Data missing or out of range,Front,2004
200404C000804,56 - 65,,Rural,6.0,,,,Data missing or out of range,Data missing or out of range,VAUXHALL,MOVANO D 2800 SWB,,Male,Skidded,No tow/articulation,Did not leave carriageway,0.0,Going ahead other,1,109,Data missing or out of range,Front,2004
200404C002204,46 - 55,3.0,Rural,8.0,1896.0,,,Data missing or out of range,Data missing or out of range,VOLKSWAGEN,GOLF E SDI,Heavy oil,Female,Skidded,No tow/articulation,Did not leave carriageway,0.0,Slowing or stopping,1,109,Data missing or out of range,Front,2004
200404C003104,36 - 45,8.0,Urban area,2.0,3201.0,,,Data missing or out of range,Data missing or out of range,BMW,M3 EVOLUTION,Petrol,Male,Skidded,Caravan,Did not leave carriageway,0.0,Changing lane to right,1,109,Data missing or out of range,Offside,2004
200404C028904,36 - 45,1.0,Small town,9.0,1999.0,Bollard or refuge,,Data missing or out of range,Data missing or out of range,MAZDA,6 TS DIESEL,Heavy oil,Male,Skidded,No tow/articulation,Did not leave carriageway,0.0,Going ahead other,1,109,Data missing or out of range,Front,2004
200404C029404,36 - 45,7.0,Urban area,3.0,9600.0,,,Data missing or out of range,Data missing or out of range,VOLVO,,Heavy oil,Male,,No tow/articulation,Did not leave carriageway,0.0,Slowing or stopping,1,Bus or coach (17 or more pass seats),Data missing or out of range,Did not impact,2004