Accident_Index,Age_Band_of_Driver,Age_of_Vehicle,Driver_Home_Area_Type,Driver_IMD_Decile,Engine_Capacity_.CC.,Hit_Object_in_Carriageway,Hit_Object_off_Carriageway,Journey_Purpose_of_Driver,Junction_Location,make,model,Propulsion_Code,Sex_of_Driver,Skidding_and_Overturning,Towing_and_Articulation,Vehicle_Leaving_Carriageway,Vehicle_Location.Restricted_Lane,Vehicle_Manoeuvre,Vehicle_Reference,Vehicle_Type,Was_Vehicle_Left_Hand_Drive,X1st_Point_of_Impact,Year
200404C033504,46 - 55,,Urban area,1.0,,,,Data missing or out of range,Data missing or out of range,SCANIA,,,Male,,Articulated vehicle,Did not leave carriageway,0.0,Going ahead other,2,Goods 7.5 tonnes mgw and over,Data missing or out of range,Front,2004
200404C034004,46 - 55,4.0,Data missing or out of range,,1997.0,,,Data missing or out of range,Data missing or out of range,PEUGEOT,406 LX HDI(90),Heavy oil,Male,,No tow/articulation,Did not leave carriageway,0.0,Waiting to turn right,2,109,Data missing or out of range,Back,2004
200404C037204,36 - 45,9.0,Small town,8.0,1998.0,,,Data missing or out of range,Data missing or out of range,DAEWOO,ESPERO CDXI,Petrol,Male,,No tow/articulation,Did not leave carriageway,5.0,Going ahead other,1,109,Data missing or out of range,Front,2004
200404C043704,66 - 75,5.0,Urban area,9.0,1799.0,,,Data missing or out of range,Data missing or out of range,VAUXHALL,VECTRA ARCTIC 16V,Petrol,Male,,No tow/articulation,Did not leave carriageway,0.0,Changing lane to right,1,109,Data missing or out of range,Offside,2004
200404C054804,Over 75,7.0,Rural,9.0,1905.0,,,Data missing or out of range,Data missing or out of range,CITROEN,XANTIA 1.9 TD TEMPTATION,Heavy oil,Male,,No tow/articulation,Did not leave carriageway,0.0,Turning right,1,109,Data missing or out of range,Did not impact,2004
200404C056504,36 - 45,,Urban area,9.0,,,,Data missing or out of range,Data missing or out of range,FORD,TRANSIT CONNECT T200 TDDI S,,Male,,No tow/articulation,Did not leave carriageway,0.0,Going ahead other,1,109,Data missing or out of range,Front,2004
200404C056604,36 - 45,6.0,Urban area,6.0,1870.0,,,Data missing or out of range,Data missing or out of range,RENAULT,LAGUNA RT SPORT DTI,Heavy oil,Male,,No tow/articulation,Did not leave carriageway,0.0,Going ahead other,2,109,Data missing or out of range,Nearside,2004
200404C062404,26 - 35,7.0,Data missing or out of range,,1840.0,,,Data missing or out of range,Data missing or out of range,MAZDA,323 EXECUTIVE,Petrol,Male,,No tow/articulation,Nearside,0.0,Going ahead other,2,109,Data missing or out of range,Offside,2004
200404C069604,36 - 45,,Data missing or out of range,,1896.0,,,Data missing or out of range,Data missing or out of range,VOLKSWAGEN,POLO TWIST SDI,Heavy oil,Male,Skidded,No tow/articulation,Did not leave carriageway,0.0,Turning right,1,109,Data missing or out of range,Front,2004
200404C076504,26 - 35,9.0,Urban area,6.0,1994.0,,,Data missing or out of range,Data missing or out of range,SUBARU,IMPREZA TURBO 4WD,Petrol,Male,Skidded and overturned,No tow/articulation,Nearside,0.0,Going ahead other,1,109,Data missing or out of range,Nearside,2004
200404C078804,66 - 75,1.0,Urban area,8.0,3697.0,,,Data missing or out of range,Data missing or out of range,AUDI,A8 3-7 QUATTRO AUTO,Petrol,Male,,No tow/articulation,Did not leave carriageway,0.0,Waiting to go - held up,3,109,Data missing or out of range,Back,2004
200404C082104,36 - 45,6.0,Urban area,3.0,998.0,,,Data missing or out of range,Data missing or out of range,NISSAN,MICRA EQUATION,Petrol,Male,Skidded,No tow/articulation,Did not leave carriageway,0.0,Slowing or stopping,3,109,Data missing or out of range,Front,2004
200404C083004,21 - 25,1.0,Small town,10.0,1242.0,,,Data missing or out of range,Data missing or out of range,FIAT,PUNTO ACTIVE 8V,Petrol,Female,,No tow/articulation,Did not leave carriageway,0.0,Waiting to turn right,2,109,Data missing or out of range,Back,2004
200404C084104,36 - 45,6.0,Urban area,9.0,998.0,,,Data missing or out of range,Data missing or out of range,NISSAN,MICRA GX,Petrol,Female,,No tow/articulation,Did not leave carriageway,0.0,Waiting to go - held up,2,109,Data missing or out of range,Offside,2004
200404C090604,46 - 55,2.0,Urban area,10.0,1794.0,,,Data missing or out of range,Data missing or out of range,TOYOTA,AVENSIS GS VVT-I,Petrol,Male,,No tow/articulation,Did not leave carriageway,0.0,Parked,2,109,Data missing or out of range,Nearside,2004
200404C093004,36 - 45,,Rural,6.0,,,,Data missing or out of range,Data missing or out of range,VAUXHALL,ASTRA EPIC 1.7 TD,,Male,,No tow/articulation,Did not leave carriageway,0.0,Slowing or stopping,2,109,Data missing or out of range,Back,2004
200404C116204,46 - 55,3.0,Rural,8.0,2793.0,,,Data missing or out of range,Data missing or out of range,BMW,728I AUTO,Petrol,Male,,No tow/articulation,Did not leave carriageway,0.0,Waiting to go - held up,2,109,Data missing or out of range,Back,2004
200404C118704,26 - 35,,Urban area,7.0,1896.0,,,Data missing or out of range,Data missing or out of range,SEAT,LEON CUPRA TDI,Heavy oil,Female,,No tow/articulation,Did not leave carriageway,0.0,Waiting to go - held up,3,109,Data missing or out of range,Front,2004
200404C124004,16 - 20,6.0,Small town,8.0,1389.0,,,Data missing or out of range,Data missing or out of range,VAUXHALL,CORSA BREEZE HI-TORQ,Petrol,Female,Skidded,No tow/articulation,Did not leave carriageway,0.0,Going ahead left-hand bend,1,109,Data missing or out of range,Offside,2004
200404D006304,36 - 45,4.0,Urban area,3.0,1796.0,,Near/Offside crash barrier,Data missing or out of range,Data missing or out of range,MG,MGF SE,Petrol,Female,Skidded,No tow/articulation,Nearside,0.0,Going ahead other,3,109,Data missing or out of range,Nearside,2004
200404D009304,Over 75,9.0,Urban area,8.0,1998.0,,Road sign or traffic signal,Data missing or out of range,Data missing or out of range,VOLVO,440 SE AUTO,Petrol,Female,,No tow/articulation,Offside,0.0,Going ahead other,1,109,Data missing or out of range,Front,2004
200404D017704,26 - 35,,Urban area,2.0,,,,Data missing or out of range,Data missing or out of range,RELIANT,SUPER ROBIN,,Male,,No tow/articulation,Nearside,0.0,Going ahead other,2,109,Data missing or out of range,Offside,2004
200404D023704,36 - 45,8.0,Urban area,,3972.0,,,Data missing or out of range,Data missing or out of range,MERCEDES,,Heavy oil,Male,,No tow/articulation,Did not leave carriageway,0.0,Turning right,1,Minibus (8 - 16 passenger seats),Data missing or out of range,Front,2004
200404D023804,21 - 25,4.0,Urban area,5.0,1998.0,,,Data missing or out of range,Data missing or out of range,VAUXHALL,VECTRA SRI 140,Petrol,Male,Skidded,No tow/articulation,Nearside,0.0,Going ahead other,1,109,Data missing or out of range,Offside,2004
200404D033104,26 - 35,2.0,Urban area,2.0,1998.0,,,Data missing or out of range,Data missing or out of range,NISSAN,X-TRAIL SE PLUS,Petrol,Male,,No tow/articulation,Did not leave carriageway,0.0,Waiting to go - held up,2,109,Data missing or out of range,Back,2004
200404D039704,26 - 35,8.0,Urban area,4.0,1905.0,,,Data missing or out of range,Data missing or out of range,PEUGEOT,406 EXECUTIVE DT,Heavy oil,Female,,No tow/articulation,Did not leave carriageway,0.0,Going ahead other,2,109,Data missing or out of range,Front,2004
200404D047304,26 - 35,12.0,Urban area,4.0,1360.0,,,Data missing or out of range,Data missing or out of range,CITROEN,AX 14 ECHO,Heavy oil,Female,,No tow/articulation,Did not leave carriageway,0.0,Turning right,1,109,Data missing or out of range,Front,2004
200404E000104,26 - 35,6.0,Urban area,9.0,1761.0,,,Data missing or out of range,Data missing or out of range,CITROEN,XANTIA 1.8I TEMPTATION 2,Petrol,Male,,No tow/articulation,Did not leave carriageway,0.0,Parked,2,109,Data missing or out of range,Back,2004
200404E018104,26 - 35,13.0,Urban area,8.0,399.0,,,Data missing or out of range,Data missing or out of range,HONDA,,Petrol,Male,Skidded,No tow/articulation,Nearside and rebounded,0.0,Going ahead right-hand bend,1,106,Data missing or out of range,Nearside,2004
200404E019204,36 - 45,2.0,Urban area,1.0,1997.0,,,Data missing or out of range,Data missing or out of range,CITROEN,XSARA PICASSO SX HDI,Heavy oil,Female,,No tow/articulation,Did not leave carriageway,0.0,Slowing or stopping,1,109,Data missing or out of range,Front,2004
200404E023804,46 - 55,3.0,Data missing or out of range,,9600.0,,,Data missing or out of range,Data missing or out of range,VOLVO,,Heavy oil,Male,,No tow/articulation,Did not leave carriageway,0.0,Going ahead right-hand bend,1,Bus or coach (17 or more pass seats),Data missing or out of range,Offside,2004
200404E035904,Over 75,3.0,Urban area,1.0,1124.0,,,Data missing or out of range,Data missing or out of range,PEUGEOT,106 XN ZEST 2,Petrol,Male,,No tow/articulation,Did not leave carriageway,0.0,Turning right,1,109,Data missing or out of range,Nearside,2004
200404E039604,36 - 45,,Data missing or out of range,,,,,Data missing or out of range,Data missing or out of range,SCANIA,,,Male,Skidded,No tow/articulation,Did not leave carriageway,0.0,Going ahead other,2,Goods 7.5 tonnes mgw and over,Data missing or out of range,Front,2004
200404E050104,36 - 45,6.0,Urban area,4.0,1332.0,,,Data missing or out of range,Data missing or out of range,TOYOTA,COROLLA 16V,Petrol,Male,,No tow/articulation,Did not leave carriageway,0.0,Going ahead other,1,109,Data missing or out of range,Front,2004
200404E063104,46 - 55,1.0,Urban area,1.0,1063.0,,,Data missing or out of range,Data missing or out of range,YAMAHA,BT 1100,Petrol,Male,Skidded,No tow/articulation,Did not leave carriageway,0.0,Going ahead other,1,106,Data missing or out of range,Front,2004
200404E076904,16 - 20,,Urban area,3.0,1149.0,,,Data missing or out of range,Data missing or out of range,RENAULT,CLIO EXTREME 3 16V,Petrol,Male,,No tow/articulation,Did not leave carriageway,0.0,Turning right,1,109,Data missing or out of range,Front,2004
200404E080304,26 - 35,1.0,Urban area,2.0,1997.0,,,Data missing or out of range,Data missing or out of range,PEUGEOT,307 S HDI 90,Heavy oil,Female,,No tow/articulation,Did not leave carriageway,0.0,Going ahead other,1,109,Data missing or out of range,Front,2004
200404E097204,36 - 45,,Data missing or out of range,,,,,Data missing or out of range,Data missing or out of range,VAUXHALL,COMBO GLS DIESEL,,Male,,No tow/articulation,Did not leave carriageway,0.0,Waiting to go - held up,4,109,Data missing or out of range,Back,2004
200404F001504,26 - 35,1.0,Data missing or out of range,,102.0,,,Data missing or out of range,Data missing or out of range,HONDA,SCV100F-E,Petrol,Male,Overturned,No tow/articulation,Did not leave carriageway,0.0,Going ahead other,3,Motorcycle 125cc and under,Data missing or out of range,Front,2004
200404F001804,46 - 55,1.0,Data missing or out of range,,1461.0,,,Data missing or out of range,Data missing or out of range,RENAULT,,Heavy oil,Male,,No tow/articulation,Did not leave carriageway,0.0,Going ahead other,2,109,Data missing or out of range,Front,2004
200404F006204,56 - 65,1.0,Urban area,1.0,5883.0,,,Data missing or out of range,Data missing or out of range,DENNIS,,Heavy oil,Male,,No tow/articulation,Did not leave carriageway,0.0,Slowing or stopping,1,Bus or coach (17 or more pass seats),Data missing or out of range,Nearside,2004
200404F015904,46 - 55,6.0,Urban area,3.0,1597.0,,,Data missing or out of range,Data missing or out of range,FORD,ESCORT FINESSE 16V,Petrol,Male,,No tow/articulation,Did not leave carriageway,0.0,Going ahead other,3,109,Data missing or out of range,Back,2004
200404F018204,36 - 45,8.0,Data missing or out of range,,1119.0,,Other permanent object,Data missing or out of range,Data missing or out of range,FORD,FIESTA CLASSIC,Petrol,Female,,No tow/articulation,Offside,0.0,Waiting to turn right,2,109,Data missing or out of range,Back,2004
200404F019004,26 - 35,1.0,Data missing or out of range,,1997.0,,,Data missing or out of range,Data missing or out of range,CITROEN,XSARA LX HDI,Heavy oil,Male,Skidded,No tow/articulation,Did not leave carriageway,0.0,Going ahead other,2,109,Data missing or out of range,Front,2004
200404F020904,36 - 45,5.0,Data missing or out of range,,1389.0,,,Data missing or out of range,Data missing or out of range,VAUXHALL,TIGRA CHEQUERS,Petrol,Female,,No tow/articulation,Did not leave carriageway,0.0,Going ahead other,2,109,Data missing or out of range,Back,2004
200404F032104,Over 75,6.0,Data missing or out of range,,998.0,,,Data missing or out of range,Data missing or out of range,NISSAN,MICRA EQUATION,Petrol,Male,,No tow/articulation,Did not leave carriageway,0.0,Going ahead other,2,109,Data missing or out of range,Front,2004
200404F034304,21 - 25,,Data missing or out of range,,1587.0,,,Data missing or out of range,Data missing or out of range,CITROEN,XSARA PICASSO DESIRE 2,Petrol,Male,,No tow/articulation,Did not leave carriageway,0.0,Going ahead other,1,109,Data missing or out of range,Front,2004
200404F034904,26 - 35,2.0,Urban area,1.0,1997.0,,,Data missing or out of range,Data missing or out of range,CITROEN,XSARA PICASSO LX HDI,Heavy oil,Male,,No tow/articulation,Did not leave carriageway,0.0,Waiting to turn right,2,109,Data missing or out of range,Nearside,2004
200404F037604,36 - 45,7.0,Urban area,7.0,1998.0,,,Data missing or out of range,Data missing or out of range,VAUXHALL,VECTRA LS 16V AUTO,Petrol,Female,,No tow/articulation,Did not leave carriageway,0.0,Turning right,2,109,Data missing or out of range,Back,2004
200404F037904,46 - 55,1.0,Urban area,7.0,1590.0,,,Data missing or out of range,Data missing or out of range,HONDA,HR-V VTEC 4WD,Petrol,Male,,No tow/articulation,Did not leave carriageway,0.0,Turning right,1,109,Data missing or out of range,Offside,2004
200404F042904,26 - 35,7.0,Urban area,1.0,1341.0,,,Data missing or out of range,Data missing or out of range,HYUNDAI,ACCENT COUPE I,Petrol,Female,Skidded,No tow/articulation,Did not leave carriageway,0.0,Going ahead other,1,109,Data missing or out of range,Front,2004
200404F054804,36 - 45,6.0,Data missing or out of range,,1598.0,,,Data missing or out of range,Data missing or out of range,VAUXHALL,ASTRA ARCTIC 8V,Petrol,Male,Skidded,No tow/articulation,Did not leave carriageway,0.0,Going ahead other,2,109,Data missing or out of range,Front,2004
200404F059204,26 - 35,8.0,Urban area,7.0,1995.0,,,Data missing or out of range,Data missing or out of range,FIAT,COUPE 16V TURBO,Petrol,Male,,No tow/articulation,Did not leave carriageway,0.0,Waiting to go - held up,3,109,Data missing or out of range,Back,2004
200404F064704,66 - 75,3.0,Data missing or out of range,,1995.0,,,Data missing or out of range,Data missing or out of range,VAUXHALL,VECTRA LS DTI,Heavy oil,Male,,No tow/articulation,Did not leave carriageway,9.0,Reversing,1,109,Data missing or out of range,Back,2004
200404F067904,46 - 55,14.0,Data missing or out of range,,1288.0,,,Data missing or out of range,Data missing or out of range,LADA,SAMARA SL,Petrol,Female,,No tow/articulation,Did not leave carriageway,0.0,Going ahead right-hand bend,2,109,Data missing or out of range,Front,2004
200404F075804,26 - 35,12.0,Urban area,3.0,1590.0,,,Data missing or out of range,Data missing or out of range,HONDA,CONCERTO EXI,Petrol,Male,,No tow/articulation,Did not leave carriageway,0.0,Going ahead other,2,109,Data missing or out of range,Front,2004
200404F077004,16 - 20,10.0,Urban area,5.0,1299.0,,,Data missing or out of range,Data missing or out of range,FORD,FIESTA FREESTYLE II,Petrol,Male,,No tow/articulation,Did not leave carriageway,0.0,Turning right,1,109,Data missing or out of range,Offside,2004
200404F078404,36 - 45,7.0,Urban area,2.0,1597.0,,,Data missing or out of range,Data missing or out of range,MITSUBISHI,CARISMA GLXI AUTO,Petrol,Female,,No tow/articulation,Did not leave carriageway,0.0,Slowing or stopping,2,109,Data missing or out of range,Back,2004
200404F078504,16 - 20,11.0,Data missing or out of range,,553.0,,Other permanent object,Data missing or out of range,Data missing or out of range,KAWASAKI,ZR550-B3,Petrol,Male,Skidded,No tow/articulation,Nearside,0.0,Going ahead other,1,106,Data missing or out of range,Front,2004
200404F094504,16 - 20,11.0,Urban area,1.0,954.0,,,Data missing or out of range,Data missing or out of range,PEUGEOT,106 KEY LARGO,Petrol,Male,,No tow/articulation,Did not leave carriageway,0.0,Overtaking static vehicle - offside,1,109,Data missing or out of range,Front,2004
200405AW00081,26 - 35,15.0,Urban area,1.0,1324.0,,,Data missing or out of range,Data missing or out of range,SUZUKI,SJ 413QB JA SAMURAI,Petrol,Male,,No tow/articulation,Did not leave carriageway,0.0,Turning right,1,109,Data missing or out of range,Nearside,2004
200405AW00256,26 - 35,,Data missing or out of range,,,,,Data missing or out of range,Data missing or out of range,FORD,TRANSIT CONNECT T200 TDDI S,,Male,,No tow/articulation,Did not leave carriageway,0.0,Waiting to turn left,1,109,Data missing or out of range,Back,2004
200405AW00358,66 - 75,12.0,Urban area,10.0,1289.0,,,Data missing or out of range,Data missing or out of range,SKODA,FAVORIT FORUM,Petrol,Female,,No tow/articulation,Did not leave carriageway,0.0,Going ahead other,2,109,Data missing or out of range,Front,2004
200405AW00362,26 - 35,6.0,Urban area,10.0,1332.0,,Near/Offside crash barrier,Data missing or out of range,Data missing or out of range,TOYOTA,COROLLA 16V,Petrol,Male,Skidded,No tow/articulation,Nearside,0.0,Going ahead right-hand bend,2,109,Data missing or out of range,Front,2004
200405AW00410,16 - 20,7.0,Urban area,10.0,1124.0,,,Data missing or out of range,Data missing or out of range,PEUGEOT,106 XN INDEPENDENCE,Petrol,Female,,No tow/articulation,Did not leave carriageway,0.0,Turning right,2,109,Data missing or out of range,Front,2004
200405AW01000,26 - 35,4.0,Urban area,7.0,1997.0,,,Data missing or out of range,Data missing or out of range,PEUGEOT,306 MERIDIAN HDI (90),Heavy oil,Male,Skidded,No tow/articulation,Did not leave carriageway,0.0,Going ahead other,2,109,Data missing or out of range,Front,2004
200405AW01113,21 - 25,,Urban area,1.0,1199.0,,,Data missing or out of range,Data missing or out of range,VAUXHALL,CORSA LIFE 16V,Petrol,Male,,No tow/articulation,Did not leave carriageway,0.0,Waiting to go - held up,2,109,Data missing or out of range,Back,2004
200405AW01130,26 - 35,4.0,Urban area,,750.0,,,Data missing or out of range,Data missing or out of range,SUZUKI,,Petrol,Male,,No tow/articulation,Did not leave carriageway,0.0,Slowing or stopping,1,106,Data missing or out of range,Back,2004
200405AW01149,56 - 65,9.0,Data missing or out of range,,1120.0,,,Data missing or out of range,Data missing or out of range,ROVER,111 SI,Petrol,Female,,No tow/articulation,Did not leave carriageway,0.0,Turning right,1,109,Data missing or out of range,Front,2004
200405AW01200,36 - 45,4.0,Urban area,8.0,1997.0,,,Data missing or out of range,Data missing or out of range,PEUGEOT,306 MERIDIAN HDI (90),Heavy oil,Female,,No tow/articulation,Did not leave carriageway,0.0,Turning right,1,109,Data missing or out of range,Front,2004
200405AW01736,46 - 55,3.0,Urban area,7.0,2664.0,,,Data missing or out of range,Data missing or out of range,LONDON TAXIS INT,TX1 SILVER,Heavy oil,Male,,No tow/articulation,Did not leave carriageway,0.0,Going ahead other,2,108,Data missing or out of range,Front,2004
200405AW01743,66 - 75,3.0,Urban area,9.0,1598.0,,,Data missing or out of range,Data missing or out of range,RENAULT,MEGANE SCENIC ALIZE AUTO,Petrol,Female,,No tow/articulation,Did not leave carriageway,0.0,Going ahead other,2,109,Data missing or out of range,Front,2004
200405AW02034,26 - 35,,Urban area,3.0,,,,Data missing or out of range,Data missing or out of range,FORD,TRANSIT CONNECT T220 TDDI L,,Male,,No tow/articulation,Did not leave carriageway,0.0,Going ahead right-hand bend,2,109,Data missing or out of range,Back,2004
200405AW02302,21 - 25,4.0,Urban area,9.0,11000.0,,,Data missing or out of range,Data missing or out of range,ERF,,Heavy oil,Male,,No tow/articulation,Did not leave carriageway,0.0,Turning right,1,Goods 7.5 tonnes mgw and over,Data missing or out of range,Nearside,2004
200405BS00167,66 - 75,9.0,Small town,8.0,1499.0,,,Data missing or out of range,Data missing or out of range,LADA,SAMARA 1.5 GSX,Petrol,Male,,No tow/articulation,Did not leave carriageway,0.0,Turning right,1,109,Data missing or out of range,Front,2004
200405BS00215,36 - 45,4.0,Data missing or out of range,,49.0,,,Data missing or out of range,Data missing or out of range,SYM,CITY HOPPER,Petrol,Female,,No tow/articulation,Did not leave carriageway,0.0,Going ahead other,2,Motorcycle 125cc and under,Data missing or out of range,Front,2004
200405BS00226,36 - 45,13.0,Urban area,5.0,891.0,,,Data missing or out of range,Data missing or out of range,YAMAHA,,Petrol,Male,,No tow/articulation,Did not leave carriageway,0.0,Going ahead other,2,106,Data missing or out of range,Offside,2004
200405BS00276,26 - 35,12.0,Urban area,5.0,1587.0,,,Data missing or out of range,Data missing or out of range,TOYOTA,CARINA XL,Petrol,Male,,No tow/articulation,Did not leave carriageway,0.0,Waiting to go - held up,1,109,Data missing or out of range,Back,2004
200405BS00355,46 - 55,1.0,Urban area,8.0,2184.0,,,Data missing or out of range,Data missing or out of range,NISSAN,X-TRAIL SPORT-X DIESEL,Heavy oil,Male,,No tow/articulation,Did not leave carriageway,0.0,Waiting to turn right,3,109,Data missing or out of range,Front,2004
200405BS00375,56 - 65,8.0,Data missing or out of range,,1389.0,,,Data missing or out of range,Data missing or out of range,VAUXHALL,TIGRA BLUE,Petrol,Female,,No tow/articulation,Did not leave carriageway,0.0,Going ahead other,1,109,Data missing or out of range,Front,2004
200405BS00460,21 - 25,11.0,Urban area,10.0,1796.0,,,Data missing or out of range,Data missing or out of range,VAUXHALL,CAVALIER LS AUTO,Petrol,Male,,No tow/articulation,Did not leave carriageway,0.0,Going ahead other,1,109,Data missing or out of range,Front,2004
200405BS00561,66 - 75,5.0,Urban area,9.0,1997.0,Parked vehicle,,Data missing or out of range,Data missing or out of range,HONDA,ACCORD LS AUTO,Petrol,Male,Overturned,No tow/articulation,Did not leave carriageway,0.0,Overtaking static vehicle - offside,1,109,Data missing or out of range,Front,2004
200405BS01008,36 - 45,8.0,Urban area,9.0,2495.0,,,Data missing or out of range,Data missing or out of range,LAND ROVER,DISCOVERY ES TDI AUTO,Heavy oil,Male,,No tow/articulation,Did not leave carriageway,0.0,Going ahead other,1,109,Data missing or out of range,Front,2004
200405BS01052,26 - 35,,Urban area,8.0,1587.0,,,Data missing or out of range,Data missing or out of range,CITROEN,XSARA PICASSO DESIRE 2,Petrol,Female,,No tow/articulation,Did not leave carriageway,0.0,Waiting to go - held up,4,109,Data missing or out of range,Back,2004
200405BS01284,16 - 20,11.0,Data missing or out of range,,1118.0,,,Data missing or out of range,Data missing or out of range,ROVER,METRO C,Petrol,Male,,No tow/articulation,Did not leave carriageway,0.0,Going ahead other,1,109,Data missing or out of range,Front,2004
200405BS01361,46 - 55,24.0,Urban area,8.0,980.0,,Near/Offside crash barrier,Data missing or out of range,Data missing or out of range,BMW,,Petrol,Male,,No tow/articulation,Offside on to centrl res + rebounded,0.0,Going ahead other,1,106,Data missing or out of range,Front,2004
200405BS01381,26 - 35,1.0,Urban area,9.0,2401.0,,,Data missing or out of range,Data missing or out of range,VOLVO,S60 D5 SE,Heavy oil,Male,,No tow/articulation,Did not leave carriageway,0.0,Waiting to go - held up,3,109,Data missing or out of range,Back,2004
200405BS01410,26 - 35,7.0,Urban area,8.0,1124.0,,,Data missing or out of range,Data missing or out of range,PEUGEOT,106 XN INDEPENDENCE,Petrol,Male,,No tow/articulation,Did not leave carriageway,0.0,Turning right,1,109,Data missing or out of range,Front,2004
200405BS01610,Data missing or out of range,12.0,Data missing or out of range,,12170.0,,,Data missing or out of range,Data missing or out of range,ERF,,Heavy oil,Male,,Articulated vehicle,Did not leave carriageway,0.0,Going ahead other,1,Goods 7.5 tonnes mgw and over,Data missing or out of range,Front,2004
200405BS01645,36 - 45,,Urban area,1.0,,,,Data missing or out of range,Data missing or out of range,VAUXHALL,COMBO 1700 DI,,Male,,No tow/articulation,Nearside,0.0,Turning right,1,109,Data missing or out of range,Front,2004
200405BS01677,21 - 25,3.0,Urban area,10.0,1850.0,,,Data missing or out of range,Data missing or out of range,HONDA,ACCORD VTEC SPORT,Petrol,Female,,No tow/articulation,Did not leave carriageway,0.0,Going ahead other,1,109,Data missing or out of range,Front,2004
200405BS01737,56 - 65,3.0,Urban area,2.0,998.0,,,Data missing or out of range,Data missing or out of range,NISSAN,MICRA ACTIV,Petrol,Female,,No tow/articulation,Did not leave carriageway,0.0,Going ahead other,2,109,Data missing or out of range,Offside,2004
200405CH00017,66 - 75,6.0,Urban area,2.0,1597.0,,Near/Offside crash barrier,Data missing or out of range,Data missing or out of range,FORD,ESCORT CHICANE,Petrol,Male,,No tow/articulation,Nearside,0.0,Turning right,2,109,Data missing or out of range,Nearside,2004
200405CH00415,56 - 65,6.0,Urban area,1.0,1598.0,,,Data missing or out of range,Data missing or out of range,RENAULT,MEGANE SPORT 1.6E,Petrol,Male,,No tow/articulation,Did not leave carriageway,0.0,Going ahead other,2,109,Data missing or out of range,Front,2004
200405CH00782,36 - 45,8.0,Urban area,2.0,2499.0,,,Data missing or out of range,Data missing or out of range,IVECO-FORD,,Heavy oil,Female,,No tow/articulation,Did not leave carriageway,0.0,U-turn,1,Minibus (8 - 16 passenger seats),Data missing or out of range,Did not impact,2004
200405CH00838,36 - 45,2.0,Urban area,8.0,1994.0,,,Data missing or out of range,Data missing or out of range,SUBARU,IMPREZA GX AWD,Petrol,Female,,No tow/articulation,Did not leave carriageway,0.0,Slowing or stopping,2,109,Data missing or out of range,Offside,2004
200405CH00992,46 - 55,2.0,Rural,10.0,5439.0,,,Data missing or out of range,Data missing or out of range,MERCEDES,ML55 AMG AUTO,Petrol,Male,,No tow/articulation,Did not leave carriageway,0.0,Going ahead other,1,109,Data missing or out of range,Front,2004
200405CH01077,21 - 25,,Urban area,2.0,,,,Data missing or out of range,Data missing or out of range,RENAULT,KANGOO SL17DCI 70,,Male,Skidded,No tow/articulation,Did not leave carriageway,0.0,Slowing or stopping,1,109,Data missing or out of range,Front,2004
200405CH01122,16 - 20,10.0,Urban area,,1997.0,,,Data missing or out of range,Data missing or out of range,HONDA,ACCORD LS COUPE,Petrol,Male,,No tow/articulation,Did not leave carriageway,0.0,Going ahead other,2,109,Data missing or out of range,Front,2004
200405DH00011,36 - 45,8.0,Data missing or out of range,,1581.0,,,Data missing or out of range,Data missing or out of range,FIAT,BRAVA 1.6 ELX,Petrol,Female,,No tow/articulation,Did not leave carriageway,0.0,Going ahead other,1,109,Data missing or out of range,Front,2004
200405DH00032,21 - 25,,Data missing or out of range,,,,,Data missing or out of range,Data missing or out of range,MERCEDES,310 VAN,,Male,,No tow/articulation,Did not leave carriageway,0.0,Going ahead other,2,109,Data missing or out of range,Front,2004
200405DH00043,36 - 45,2.0,Urban area,5.0,1798.0,Central island of roundabout,,Data missing or out of range,Data missing or out of range,FORD,,Heavy oil,Female,,No tow/articulation,Nearside,0.0,Going ahead other,2,109,Data missing or out of range,Nearside,2004
200405DH00044,46 - 55,11.0,Urban area,4.0,1235.0,,,Data missing or out of range,Data missing or out of range,NISSAN,MICRA CHIC,Petrol,Female,,No tow/articulation,Did not leave carriageway,0.0,Going ahead other,2,109,Data missing or out of range,Back,2004