Accident_Index,Age_Band_of_Driver,Age_of_Vehicle,Driver_Home_Area_Type,Driver_IMD_Decile,Engine_Capacity_.CC.,Hit_Object_in_Carriageway,Hit_Object_off_Carriageway,Journey_Purpose_of_Driver,Junction_Location,make,model,Propulsion_Code,Sex_of_Driver,Skidding_and_Overturning,Towing_and_Articulation,Vehicle_Leaving_Carriageway,Vehicle_Location.Restricted_Lane,Vehicle_Manoeuvre,Vehicle_Reference,Vehicle_Type,Was_Vehicle_Left_Hand_Drive,X1st_Point_of_Impact,Year
200405DH00172,36 - 45,4.0,Urban area,1.0,1200.0,,,Data missing or out of range,Data missing or out of range,KAWASAKI,,Petrol,Male,Skidded,No tow/articulation,Did not leave carriageway,0.0,Going ahead other,1,106,Data missing or out of range,Nearside,2004
200405DH00280,26 - 35,,Urban area,1.0,1968.0,,,Data missing or out of range,Data missing or out of range,AUDI,A3 SPORT TDI,Heavy oil,Male,,No tow/articulation,Did not leave carriageway,0.0,Waiting to turn left,3,109,Data missing or out of range,Back,2004
200405DH00700,36 - 45,,Urban area,3.0,,,,Data missing or out of range,Data missing or out of range,FORD,FIESTA COURIER DIESEL,,Male,,No tow/articulation,Did not leave carriageway,0.0,Slowing or stopping,3,109,Data missing or out of range,Back,2004
200405DH00884,26 - 35,2.0,Urban area,2.0,1242.0,,,Data missing or out of range,Data missing or out of range,FIAT,PUNTO ACTIVE,Petrol,Male,,No tow/articulation,Did not leave carriageway,0.0,Going ahead other,2,109,Data missing or out of range,Front,2004
200405DH00942,56 - 65,,Urban area,7.0,1951.0,,,Data missing or out of range,Data missing or out of range,LAND ROVER,FREELANDER TD4 S S/W,Heavy oil,Male,,No tow/articulation,Did not leave carriageway,0.0,Going ahead other,2,109,Data missing or out of range,Front,2004
200405ET00188,46 - 55,,Urban area,,,,,Data missing or out of range,Data missing or out of range,VOLVO,,,Male,,No tow/articulation,Did not leave carriageway,0.0,Going ahead other,3,109,Data missing or out of range,Back,2004
200405ET00288,46 - 55,2.0,Urban area,10.0,1769.0,,,Data missing or out of range,Data missing or out of range,NISSAN,ALMERA TINO TWISTER,Petrol,Female,,No tow/articulation,Did not leave carriageway,0.0,Going ahead other,2,109,Data missing or out of range,Back,2004
200405ET00371,56 - 65,,Urban area,4.0,,,,Data missing or out of range,Data missing or out of range,SAME,,,Female,,No tow/articulation,Did not leave carriageway,0.0,Going ahead other,2,109,Data missing or out of range,Front,2004
200405ET00484,36 - 45,2.0,Urban area,1.0,897.0,,,Data missing or out of range,Data missing or out of range,YAMAHA,TDM 900,Petrol,Male,,No tow/articulation,Did not leave carriageway,0.0,Overtaking moving vehicle - offside,2,106,Data missing or out of range,Nearside,2004
200405ET00542,46 - 55,3.0,Data missing or out of range,,2664.0,,,Data missing or out of range,Data missing or out of range,LONDON TAXIS INT,TX1 BRONZE,Heavy oil,Male,,No tow/articulation,Did not leave carriageway,0.0,Reversing,2,108,Data missing or out of range,Back,2004
200405ET00544,26 - 35,10.0,Urban area,1.0,998.0,,,Data missing or out of range,Data missing or out of range,NISSAN,MICRA BOSTON,Petrol,Male,,No tow/articulation,Did not leave carriageway,0.0,Going ahead other,2,109,Data missing or out of range,Front,2004
200405ET00559,46 - 55,,Data missing or out of range,,,,,Data missing or out of range,Data missing or out of range,LONDON TAXIS INT,TX1 BRONZE,,Male,,No tow/articulation,Did not leave carriageway,0.0,Going ahead other,1,109,Data missing or out of range,Front,2004
200405ET00661,26 - 35,4.0,Urban area,10.0,1895.0,,,Data missing or out of range,Data missing or out of range,BMW,316I SE COMPACT AUTO,Petrol,Male,,No tow/articulation,Did not leave carriageway,0.0,Slowing or stopping,1,109,Data missing or out of range,Front,2004
200405ET00691,16 - 20,11.0,Data missing or out of range,,954.0,,,Data missing or out of range,Data missing or out of range,CITROEN,AX 10 DEBUT,Petrol,Male,,No tow/articulation,Did not leave carriageway,0.0,Going ahead other,1,109,Data missing or out of range,Front,2004
200405ET00793,Data missing or out of range,4.0,Data missing or out of range,,1388.0,,,Data missing or out of range,Data missing or out of range,FORD,PUMA 1.4 16V,Petrol,Not known,,No tow/articulation,Did not leave carriageway,0.0,Going ahead right-hand bend,2,109,Data missing or out of range,Front,2004
200405ET00871,46 - 55,5.0,Urban area,3.0,6370.0,,,Data missing or out of range,Data missing or out of range,MERCEDES,,Heavy oil,Male,,No tow/articulation,Did not leave carriageway,0.0,Going ahead other,2,Goods 7.5 tonnes mgw and over,Data missing or out of range,Nearside,2004
200405ET01051,26 - 35,1.0,Urban area,7.0,1587.0,,,Data missing or out of range,Data missing or out of range,PEUGEOT,206 ALLURE,Petrol,Female,,No tow/articulation,Did not leave carriageway,0.0,Waiting to go - held up,2,109,Data missing or out of range,Back,2004
200405ET01114,Data missing or out of range,4.0,Data missing or out of range,,1199.0,,,Data missing or out of range,Data missing or out of range,VAUXHALL,CORSA GLS 12V,Petrol,Not known,,No tow/articulation,Did not leave carriageway,0.0,Going ahead other,2,109,Data missing or out of range,Front,2004
200405ET01302,46 - 55,7.0,Urban area,7.0,1389.0,,,Data missing or out of range,Data missing or out of range,OPEL,,Petrol,Male,,No tow/articulation,Did not leave carriageway,0.0,Going ahead other,1,109,Data missing or out of range,Front,2004
200405ET01585,16 - 20,2.0,Data missing or out of range,,1598.0,Kerb,,Data missing or out of range,Data missing or out of range,RENAULT,MEGANE SCENIC EXPRESSION,Petrol,Male,Overturned,No tow/articulation,Did not leave carriageway,0.0,Going ahead other,1,109,Data missing or out of range,Nearside,2004
200405ET01623,36 - 45,5.0,Urban area,1.0,2664.0,,,Data missing or out of range,Data missing or out of range,LONDON TAXIS INT,TX1 SILVER,Heavy oil,Male,,No tow/articulation,Did not leave carriageway,0.0,Going ahead other,2,108,Data missing or out of range,Front,2004
200405ET01974,Data missing or out of range,,Data missing or out of range,,,,,Data missing or out of range,Data missing or out of range,ROVER,420 D TURBO,,Male,,No tow/articulation,Did not leave carriageway,0.0,Turning right,2,108,Data missing or out of range,Front,2004
200405ET02120,36 - 45,13.0,Data missing or out of range,,1597.0,,,Data missing or out of range,Data missing or out of range,NISSAN,SUNNY GS,Petrol,Male,,No tow/articulation,Did not leave carriageway,0.0,Going ahead other,1,109,Data missing or out of range,Offside,2004
200405ET02150,56 - 65,14.0,Urban area,4.0,1998.0,,,Data missing or out of range,Data missing or out of range,FORD,SAPPHIRE 2000E,Petrol,Male,,No tow/articulation,Did not leave carriageway,0.0,Waiting to go - held up,1,109,Data missing or out of range,Back,2004
200405ET02207,36 - 45,13.0,Urban area,7.0,1597.0,,,Data missing or out of range,Data missing or out of range,NISSAN,PRIMERA LSX,Petrol,Male,,No tow/articulation,Did not leave carriageway,0.0,Overtaking static vehicle - offside,1,109,Data missing or out of range,Front,2004
200405ET02264,46 - 55,13.0,Urban area,1.0,1587.0,,,Data missing or out of range,Data missing or out of range,TOYOTA,CARINA XL,Petrol,Male,,No tow/articulation,Did not leave carriageway,0.0,Parked,3,109,Data missing or out of range,Did not impact,2004
200405ET02916,46 - 55,11.0,Urban area,1.0,1389.0,,,Data missing or out of range,Data missing or out of range,VAUXHALL,ASTRA CALIFORNIA,Petrol,Female,,No tow/articulation,Did not leave carriageway,0.0,Turning right,1,109,Data missing or out of range,Offside,2004
200405ET02937,26 - 35,3.0,Urban area,7.0,1998.0,,,Data missing or out of range,Data missing or out of range,TOYOTA,RAV4 GX VVTI,Petrol,Female,,No tow/articulation,Did not leave carriageway,0.0,Waiting to go - held up,1,109,Data missing or out of range,Back,2004
200405ET03071,36 - 45,,Urban area,8.0,1242.0,,,Data missing or out of range,Data missing or out of range,FIAT,PUNTO ACTIVE 8V,Petrol,Female,Skidded,No tow/articulation,Did not leave carriageway,0.0,Going ahead other,2,109,Data missing or out of range,Front,2004
200405FT00169,Data missing or out of range,4.0,Data missing or out of range,,1896.0,,,Data missing or out of range,Data missing or out of range,VOLKSWAGEN,BORA SPORT TDI,Heavy oil,Male,,No tow/articulation,Did not leave carriageway,0.0,Going ahead left-hand bend,2,109,Data missing or out of range,Front,2004
200405FT00209,21 - 25,,Data missing or out of range,,,,,Data missing or out of range,Data missing or out of range,CITROEN,XANTIA 1.9 TD DIMENSION,,Male,Skidded,No tow/articulation,Did not leave carriageway,0.0,Going ahead other,2,108,Data missing or out of range,Front,2004
200405FT00255,56 - 65,3.0,Urban area,1.0,1995.0,,,Data missing or out of range,Data missing or out of range,VAUXHALL,VECTRA LS DTI,Heavy oil,Male,,No tow/articulation,Did not leave carriageway,0.0,Changing lane to right,1,109,Data missing or out of range,Offside,2004
200405FT00298,21 - 25,11.0,Urban area,5.0,1392.0,,,Data missing or out of range,Data missing or out of range,NISSAN,SUNNY CHIC,Petrol,Male,,No tow/articulation,Did not leave carriageway,0.0,Going ahead other,1,109,Data missing or out of range,Nearside,2004
200405FT00339,46 - 55,3.0,Urban area,6.0,2497.0,,,Data missing or out of range,Data missing or out of range,MG,ZT+,Petrol,Male,,No tow/articulation,Did not leave carriageway,0.0,Waiting to go - held up,1,109,Data missing or out of range,Back,2004
200405FT00426,Data missing or out of range,,Data missing or out of range,,,,,Data missing or out of range,Data missing or out of range,IVECO,,,Male,,No tow/articulation,Did not leave carriageway,0.0,Going ahead other,2,Other vehicle,Data missing or out of range,Did not impact,2004
200405FT00434,56 - 65,14.0,Urban area,7.0,1721.0,,,Data missing or out of range,Data missing or out of range,VOLVO,460 GLI,Petrol,Female,,No tow/articulation,Did not leave carriageway,0.0,Waiting to go - held up,1,109,Data missing or out of range,Back,2004
200405FT00490,46 - 55,3.0,Urban area,8.0,1360.0,,,Data missing or out of range,Data missing or out of range,CITROEN,SAXO DESIRE AUTO,Petrol,Female,,No tow/articulation,Did not leave carriageway,0.0,Going ahead other,1,109,Data missing or out of range,Nearside,2004
200405FT00677,56 - 65,2.0,Urban area,2.0,1769.0,,,Data missing or out of range,Data missing or out of range,NISSAN,ALMERA TINO SE,Petrol,Male,,No tow/articulation,Did not leave carriageway,0.0,Going ahead other,2,109,Data missing or out of range,Back,2004
200405FT00762,26 - 35,1.0,Urban area,6.0,2685.0,,,Data missing or out of range,Data missing or out of range,JEEP,GR CHEROKEE CRD OV-LAND A,Heavy oil,Male,,No tow/articulation,Did not leave carriageway,0.0,Going ahead other,2,109,Data missing or out of range,Front,2004
200405FT00859,26 - 35,6.0,Data missing or out of range,,1242.0,,,Data missing or out of range,Data missing or out of range,FIAT,PUNTO 60 TEAM,Petrol,Male,,No tow/articulation,Did not leave carriageway,0.0,Parked,2,109,Data missing or out of range,Front,2004
200405FT01227,46 - 55,6.0,Urban area,8.0,9600.0,,,Data missing or out of range,Data missing or out of range,VOLVO,,Heavy oil,Male,,No tow/articulation,Did not leave carriageway,2.0,Slowing or stopping,1,Bus or coach (17 or more pass seats),Data missing or out of range,Nearside,2004
200405FT01292,46 - 55,14.0,Data missing or out of range,,1396.0,,,Data missing or out of range,Data missing or out of range,HONDA,CIVIC SHUTTLE GL,Petrol,Female,,No tow/articulation,Did not leave carriageway,0.0,Turning right,2,109,Data missing or out of range,Offside,2004
200405FT01339,36 - 45,1.0,Urban area,7.0,1998.0,,,Data missing or out of range,Data missing or out of range,HONDA,ACCORD VTEC EXECUTIVE A,Petrol,Male,,No tow/articulation,Did not leave carriageway,0.0,Waiting to go - held up,3,109,Data missing or out of range,Front,2004
200405FT01433,26 - 35,10.0,Data missing or out of range,,1712.0,,,Data missing or out of range,Data missing or out of range,ALFA ROMEO,33 TURISMO,Petrol,Male,,No tow/articulation,Did not leave carriageway,0.0,Going ahead other,2,109,Data missing or out of range,Offside,2004
200406A016746,26 - 35,10.0,Data missing or out of range,,2500.0,,,Data missing or out of range,Data missing or out of range,LEYLAND DAF,400 SERIES DIESEL,Heavy oil,Male,,No tow/articulation,Did not leave carriageway,0.0,Slowing or stopping,1,Van / Goods 3.5 tonnes mgw or under,Data missing or out of range,Front,2004
200406A016752,36 - 45,,Urban area,1.0,,,,Data missing or out of range,Data missing or out of range,FIAT,PUNTO ACTIVE,,Female,,No tow/articulation,Did not leave carriageway,0.0,Waiting to go - held up,1,Van / Goods 3.5 tonnes mgw or under,Data missing or out of range,Front,2004
200406A017096,26 - 35,,Data missing or out of range,,,,Road sign or traffic signal,Data missing or out of range,Data missing or out of range,BEDFORD,,,Male,Skidded,No tow/articulation,Nearside,0.0,Going ahead other,1,109,Data missing or out of range,Front,2004
200406A017138,46 - 55,9.0,Urban area,2.0,1975.0,,,Data missing or out of range,Data missing or out of range,TOYOTA,CARINA E CHARISMA XTRA,Heavy oil,Male,,No tow/articulation,Did not leave carriageway,0.0,Going ahead other,2,109,Data missing or out of range,Back,2004
200406A017309,36 - 45,7.0,Urban area,5.0,1598.0,,,Data missing or out of range,Data missing or out of range,VAUXHALL,ASTRA LS AUTO,Petrol,Female,,No tow/articulation,Did not leave carriageway,0.0,Going ahead other,2,109,Data missing or out of range,Front,2004
200406A017343,21 - 25,3.0,Urban area,9.0,1149.0,,,Data missing or out of range,Data missing or out of range,RENAULT,CLIO DYNAMIQUE 16V,Petrol,Female,,No tow/articulation,Did not leave carriageway,0.0,Going ahead other,2,109,Data missing or out of range,Offside,2004
200406A901195,36 - 45,6.0,Urban area,4.0,9600.0,,,Data missing or out of range,Data missing or out of range,VOLVO,,Heavy oil,Female,Skidded,No tow/articulation,Did not leave carriageway,0.0,Slowing or stopping,1,Bus or coach (17 or more pass seats),Data missing or out of range,Front,2004
200406A901671,36 - 45,7.0,Data missing or out of range,,,Parked vehicle,,Data missing or out of range,Data missing or out of range,VOLVO,,Heavy oil,Male,,No tow/articulation,Did not leave carriageway,2.0,Overtaking moving vehicle - offside,1,Bus or coach (17 or more pass seats),Data missing or out of range,Front,2004
200406A902266,26 - 35,10.0,Urban area,10.0,1929.0,,,Data missing or out of range,Data missing or out of range,FIAT,TIPO SX TD,Heavy oil,Male,,No tow/articulation,Did not leave carriageway,0.0,Turning right,1,109,Data missing or out of range,Front,2004
200406A902556,46 - 55,,Urban area,10.0,2435.0,,,Data missing or out of range,Data missing or out of range,VOLVO,V70 S (170 BHP),Petrol,Male,,No tow/articulation,Did not leave carriageway,0.0,Going ahead other,1,109,Data missing or out of range,Offside,2004
200406A902618,26 - 35,,Data missing or out of range,,,,,Data missing or out of range,Data missing or out of range,FORD,TRANSIT 260 SWB TD,,Male,,No tow/articulation,Did not leave carriageway,0.0,Waiting to go - held up,3,109,Data missing or out of range,Back,2004
200406A903082,46 - 55,4.0,Urban area,3.0,1998.0,,,Data missing or out of range,Data missing or out of range,TOYOTA,RAV4 SPORT,Petrol,Female,,No tow/articulation,Did not leave carriageway,0.0,Waiting to turn right,2,109,Data missing or out of range,Front,2004
200406A903531,36 - 45,,Urban area,2.0,,,,Data missing or out of range,Data missing or out of range,SAAB,9000 CDI,,Male,,No tow/articulation,Did not leave carriageway,0.0,Going ahead other,3,Van / Goods 3.5 tonnes mgw or under,Data missing or out of range,Back,2004
200406A908858,21 - 25,,Urban area,2.0,,,,Data missing or out of range,Data missing or out of range,HYOSUNG,,,Male,,No tow/articulation,Did not leave carriageway,0.0,Going ahead other,2,Motorcycle 125cc and under,Data missing or out of range,Front,2004
200406A910561,46 - 55,6.0,Data missing or out of range,,4580.0,,,Data missing or out of range,Data missing or out of range,MAN,,Heavy oil,Male,,No tow/articulation,Did not leave carriageway,0.0,Going ahead other,1,Goods 7.5 tonnes mgw and over,Data missing or out of range,Front,2004
200406A914711,Data missing or out of range,,Data missing or out of range,,3724.0,,,Data missing or out of range,Data missing or out of range,MERCEDES,SL 350 AUTO,Petrol,Not known,,No tow/articulation,Did not leave carriageway,0.0,Going ahead other,1,109,Data missing or out of range,Front,2004
200406A916296,26 - 35,3.0,Urban area,2.0,1596.0,,,Data missing or out of range,Data missing or out of range,FIAT,MAREA 100 SX,Petrol,Female,,No tow/articulation,Did not leave carriageway,0.0,Waiting to go - held up,1,109,Data missing or out of range,Front,2004
200406A916895,26 - 35,4.0,Urban area,5.0,1895.0,,Road sign or traffic signal,Data missing or out of range,Data missing or out of range,BMW,316I SE COMPACT,Petrol,Male,,No tow/articulation,Straight ahead at junction,0.0,Going ahead other,1,109,Data missing or out of range,Front,2004
200406C025008,36 - 45,7.0,Urban area,7.0,1590.0,,,Data missing or out of range,Data missing or out of range,SUZUKI,BALENO GS,Petrol,Female,,No tow/articulation,Did not leave carriageway,0.0,Going ahead other,1,109,Data missing or out of range,Offside,2004
200406C025251,Data missing or out of range,4.0,Urban area,3.0,1498.0,,,Data missing or out of range,Data missing or out of range,KIA,SHUMA SX,Petrol,Not known,,No tow/articulation,Did not leave carriageway,0.0,Going ahead other,1,109,Data missing or out of range,Front,2004
200406C025312,56 - 65,3.0,Urban area,6.0,1390.0,,,Data missing or out of range,Data missing or out of range,RENAULT,CLIO ALIZE,Petrol,Female,,No tow/articulation,Did not leave carriageway,0.0,Turning right,1,109,Data missing or out of range,Nearside,2004
200406C025659,36 - 45,10.0,Data missing or out of range,,2496.0,,,Data missing or out of range,Data missing or out of range,FORD,TRANSIT BUS D,Heavy oil,Male,,No tow/articulation,Did not leave carriageway,0.0,Going ahead other,1,Minibus (8 - 16 passenger seats),Data missing or out of range,Did not impact,2004
200406C025729,36 - 45,7.0,Urban area,1.0,1762.0,,,Data missing or out of range,Data missing or out of range,TOYOTA,CARINA E CD AUTO,Petrol,Male,,No tow/articulation,Did not leave carriageway,9.0,Going ahead other,2,109,Data missing or out of range,Nearside,2004
200406C025898,36 - 45,2.0,Urban area,1.0,2477.0,,,Data missing or out of range,Data missing or out of range,MITSUBISHI,SHOGUN SPORT TD ANIMAL,Heavy oil,Female,Skidded,No tow/articulation,Did not leave carriageway,0.0,Waiting to go - held up,2,109,Data missing or out of range,Front,2004
200406C905773,56 - 65,8.0,Urban area,1.0,998.0,,,Data missing or out of range,Data missing or out of range,NISSAN,MICRA SHAPE AUTO,Petrol,Female,,No tow/articulation,Did not leave carriageway,0.0,U-turn,1,109,Data missing or out of range,Nearside,2004
200406C908324,46 - 55,,Small town,10.0,,,,Data missing or out of range,Data missing or out of range,TAISHAN,SPORT,,Male,,No tow/articulation,Did not leave carriageway,0.0,Waiting to turn right,3,Van / Goods 3.5 tonnes mgw or under,Data missing or out of range,Front,2004
200406C909273,21 - 25,1.0,Urban area,8.0,1796.0,,,Data missing or out of range,Data missing or out of range,VAUXHALL,ASTRA COUPE CONVERTIBLE,Petrol,Female,,No tow/articulation,Did not leave carriageway,0.0,Going ahead other,1,109,Data missing or out of range,Front,2004
200406C912409,Over 75,5.0,Urban area,10.0,1341.0,,,Data missing or out of range,Data missing or out of range,HYUNDAI,ACCENT SI AUTO,Petrol,Male,,No tow/articulation,Did not leave carriageway,0.0,Going ahead other,2,109,Data missing or out of range,Nearside,2004
200406C915607,46 - 55,2.0,Urban area,1.0,7300.0,,,Data missing or out of range,Data missing or out of range,VOLVO,,Heavy oil,Male,,No tow/articulation,Did not leave carriageway,0.0,Going ahead other,1,Bus or coach (17 or more pass seats),Data missing or out of range,Nearside,2004
200406C916582,36 - 45,11.0,Urban area,4.0,904.0,,,Data missing or out of range,Data missing or out of range,DUCATI,,Petrol,Male,,No tow/articulation,Did not leave carriageway,0.0,Going ahead other,3,106,Data missing or out of range,Front,2004
200406C916919,21 - 25,,Urban area,1.0,,,,Data missing or out of range,Data missing or out of range,PEUGEOT,ELYSTAR 50,,Male,,No tow/articulation,Did not leave carriageway,0.0,Changing lane to left,2,Motorcycle 50cc and under,Data missing or out of range,Nearside,2004
200406F013867,56 - 65,10.0,Urban area,3.0,1597.0,,,Data missing or out of range,Data missing or out of range,FORD,ESCORT SAPPHIRE,Petrol,Male,,No tow/articulation,Did not leave carriageway,0.0,Going ahead other,1,109,Data missing or out of range,Front,2004
200406F014411,36 - 45,3.0,Data missing or out of range,,1794.0,,,Data missing or out of range,Data missing or out of range,TOYOTA,AVENSIS GS VVT-I,Petrol,Male,,No tow/articulation,Did not leave carriageway,0.0,Waiting to go - held up,3,109,Data missing or out of range,Back,2004
200406F901877,36 - 45,1.0,Urban area,9.0,1461.0,,,Data missing or out of range,Data missing or out of range,RENAULT,CLIO DYNAMIQUE DCI 80,Heavy oil,Female,,No tow/articulation,Did not leave carriageway,0.0,Waiting to go - held up,2,109,Data missing or out of range,Back,2004
200406F901899,56 - 65,10.0,Urban area,2.0,1994.0,,,Data missing or out of range,Data missing or out of range,FORD,TRANSIT 150 CUSTOM LWB,Petrol,Male,,No tow/articulation,Did not leave carriageway,0.0,Waiting to go - held up,2,Minibus (8 - 16 passenger seats),Data missing or out of range,Back,2004
200406F906006,56 - 65,2.0,Urban area,10.0,1995.0,,,Data missing or out of range,Data missing or out of range,VAUXHALL,VECTRA LS DTI,Heavy oil,Male,,No tow/articulation,Did not leave carriageway,0.0,Going ahead other,1,109,Data missing or out of range,Front,2004
200406F906713,21 - 25,1.0,Urban area,1.0,1242.0,,,Data missing or out of range,Data missing or out of range,FIAT,PUNTO ACTIVE 8V,Petrol,Female,,No tow/articulation,Did not leave carriageway,0.0,Turning right,1,109,Data missing or out of range,Front,2004
200406F908961,21 - 25,13.0,Urban area,3.0,1298.0,,,Data missing or out of range,Data missing or out of range,SUZUKI,SWIFT GTI,Petrol,Male,,No tow/articulation,Did not leave carriageway,0.0,Going ahead other,2,109,Data missing or out of range,Front,2004
200406F909405,26 - 35,7.0,Urban area,2.0,1598.0,,,Data missing or out of range,Data missing or out of range,RENAULT,MEGANE RT 1.6E CLASSIC,Petrol,Male,,No tow/articulation,Did not leave carriageway,0.0,Slowing or stopping,2,109,Data missing or out of range,Back,2004
200406F910990,36 - 45,11.0,Urban area,9.0,1119.0,,,Data missing or out of range,Data missing or out of range,FORD,FIESTA I,Petrol,Female,,No tow/articulation,Did not leave carriageway,0.0,Turning right,1,109,Data missing or out of range,Front,2004
200406G011664,21 - 25,1.0,Urban area,3.0,1997.0,,Other permanent object,Data missing or out of range,Data missing or out of range,MITSUBISHI,,Petrol,Male,,No tow/articulation,Offside,9.0,Going ahead other,1,109,Data missing or out of range,Front,2004
200406G011907,36 - 45,5.0,Urban area,2.0,1598.0,,,Data missing or out of range,Data missing or out of range,RENAULT,MEGANE SPORT 1.6E,Petrol,Female,,No tow/articulation,Did not leave carriageway,0.0,Going ahead other,2,109,Data missing or out of range,Front,2004
200406G011908,21 - 25,,Urban area,4.0,,Parked vehicle,,Data missing or out of range,Data missing or out of range,VOLKSWAGEN,,,Male,Overturned,No tow/articulation,Did not leave carriageway,0.0,Going ahead left-hand bend,1,109,Data missing or out of range,Front,2004
200406G011972,Over 75,2.0,Data missing or out of range,,1598.0,,,Data missing or out of range,Data missing or out of range,TOYOTA,COROLLA T3 VVTI AUTO,Petrol,Male,,No tow/articulation,Did not leave carriageway,0.0,Going ahead other,1,109,Data missing or out of range,Offside,2004
200406G012010,26 - 35,,Urban area,2.0,1951.0,,,Data missing or out of range,Data missing or out of range,LAND ROVER,FREELANDER TD4 S S/W A,Heavy oil,Male,,No tow/articulation,Did not leave carriageway,0.0,Going ahead other,2,109,Data missing or out of range,Nearside,2004
200406G012041,16 - 20,6.0,Urban area,1.0,1998.0,,,Data missing or out of range,Data missing or out of range,VAUXHALL,VECTRA 2.0 CD AUTO,Petrol,Male,,No tow/articulation,Nearside,0.0,Changing lane to right,1,109,Data missing or out of range,Offside,2004
200406G012222,26 - 35,10.0,Urban area,4.0,1997.0,,,Data missing or out of range,Data missing or out of range,HONDA,ACCORD LS COUPE,Petrol,Female,,No tow/articulation,Did not leave carriageway,0.0,Overtaking moving vehicle - offside,1,109,Data missing or out of range,Front,2004
200406G904483,36 - 45,7.0,Urban area,,,,,Data missing or out of range,Data missing or out of range,VOLVO,,Heavy oil,Male,,No tow/articulation,Did not leave carriageway,0.0,Going ahead other,2,Bus or coach (17 or more pass seats),Data missing or out of range,Did not impact,2004
200406G908410,16 - 20,3.0,Data missing or out of range,,1595.0,,,Data missing or out of range,Data missing or out of range,AUDI,A3 1.6 SPORT,Petrol,Female,,No tow/articulation,Did not leave carriageway,0.0,Overtaking - nearside,3,109,Data missing or out of range,Offside,2004
200406G914138,36 - 45,4.0,Urban area,10.0,1299.0,,,Data missing or out of range,Data missing or out of range,TOYOTA,YARIS SR,Petrol,Female,,No tow/articulation,Nearside,0.0,Waiting to go - held up,2,109,Data missing or out of range,Offside,2004
200406G917761,21 - 25,5.0,Urban area,,125.0,,,Data missing or out of range,Data missing or out of range,APRILIA,,Petrol,Male,Skidded,No tow/articulation,Offside,0.0,Going ahead left-hand bend,1,Motorcycle 125cc and under,Data missing or out of range,Did not impact,2004
200406J015138,26 - 35,2.0,Data missing or out of range,,1896.0,,,Data missing or out of range,Data missing or out of range,VOLKSWAGEN,,Heavy oil,Male,,No tow/articulation,Did not leave carriageway,0.0,Turning right,1,109,Data missing or out of range,Offside,2004
200406J015371,26 - 35,1.0,Rural,5.0,1242.0,,,Data missing or out of range,Data missing or out of range,FIAT,PUNTO ACTIVE 8V,Petrol,Male,,No tow/articulation,Did not leave carriageway,0.0,Going ahead other,1,109,Data missing or out of range,Front,2004
200406J015412,46 - 55,2.0,Urban area,10.0,1242.0,,,Data missing or out of range,Data missing or out of range,FIAT,PUNTO ELX 8V,Petrol,Female,,No tow/articulation,Did not leave carriageway,0.0,Turning right,1,109,Data missing or out of range,Offside,2004
200406J015532,46 - 55,5.0,Urban area,7.0,1800.0,,,Data missing or out of range,Data missing or out of range,VOLKSWAGEN,PASSAT S 20V,Petrol,Male,,No tow/articulation,Did not leave carriageway,0.0,Going ahead other,1,109,Data missing or out of range,Front,2004
200406J015659,16 - 20,1.0,Urban area,7.0,1149.0,,,Data missing or out of range,Data missing or out of range,RENAULT,CLIO DYNAM BILLABONG 16V,Petrol,Male,,No tow/articulation,Did not leave carriageway,0.0,Going ahead other,2,109,Data missing or out of range,Offside,2004
200406J904495,56 - 65,1.0,Urban area,3.0,1242.0,,,Data missing or out of range,Data missing or out of range,FIAT,PUNTO ACTIVE 8V,Petrol,Male,,No tow/articulation,Did not leave carriageway,0.0,Going ahead other,1,109,Data missing or out of range,Front,2004
200406J906498,36 - 45,7.0,Data missing or out of range,,1389.0,,Near/Offside crash barrier,Data missing or out of range,Data missing or out of range,VAUXHALL,CORSA BREEZE HI-TORQ,Petrol,Female,,No tow/articulation,Nearside,0.0,Going ahead right-hand bend,1,109,Data missing or out of range,Front,2004