Accident_Index,Age_Band_of_Driver,Age_of_Vehicle,Driver_Home_Area_Type,Driver_IMD_Decile,Engine_Capacity_.CC.,Hit_Object_in_Carriageway,Hit_Object_off_Carriageway,Journey_Purpose_of_Driver,Junction_Location,make,model,Propulsion_Code,Sex_of_Driver,Skidding_and_Overturning,Towing_and_Articulation,Vehicle_Leaving_Carriageway,Vehicle_Location.Restricted_Lane,Vehicle_Manoeuvre,Vehicle_Reference,Vehicle_Type,Was_Vehicle_Left_Hand_Drive,X1st_Point_of_Impact,Year
200406J906811,46 - 55,2.0,Urban area,9.0,1997.0,,,Data missing or out of range,Data missing or out of range,CITROEN,XSARA PICASSO SX HDI,Heavy oil,Male,,No tow/articulation,Did not leave carriageway,0.0,Going ahead other,2,109,Data missing or out of range,Front,2004
200406J914579,36 - 45,5.0,Data missing or out of range,,1389.0,,,Data missing or out of range,Data missing or out of range,VAUXHALL,TIGRA CHEQUERS,Petrol,Female,Skidded,No tow/articulation,Did not leave carriageway,0.0,Going ahead other,2,109,Data missing or out of range,Front,2004
200406J914730,46 - 55,4.0,Urban area,7.0,2184.0,,,Data missing or out of range,Data missing or out of range,TOYOTA,PICNIC GLS TD,Heavy oil,Male,,No tow/articulation,Did not leave carriageway,0.0,Going ahead other,2,109,Data missing or out of range,Front,2004
200406J917700,21 - 25,8.0,Urban area,1.0,1799.0,,,Data missing or out of range,Data missing or out of range,VAUXHALL,VECTRA GLS 16V,Petrol,Male,,No tow/articulation,Did not leave carriageway,0.0,Going ahead other,2,109,Data missing or out of range,Front,2004
200406K016711,26 - 35,10.0,Urban area,4.0,1597.0,,,Data missing or out of range,Data missing or out of range,FORD,ESCORT L SPECIAL EDITION,Petrol,Male,,No tow/articulation,Did not leave carriageway,0.0,Turning right,1,109,Data missing or out of range,Front,2004
200406K016867,21 - 25,7.0,Urban area,7.0,1905.0,Parked vehicle,,Data missing or out of range,Data missing or out of range,PEUGEOT,306 LX D,Heavy oil,Male,,No tow/articulation,Did not leave carriageway,0.0,Going ahead other,1,109,Data missing or out of range,Front,2004
200406K016894,66 - 75,9.0,Urban area,7.0,2922.0,,,Data missing or out of range,Data missing or out of range,VOLVO,960 24V AUTO,Petrol,Male,,No tow/articulation,Did not leave carriageway,0.0,Going ahead other,1,109,Data missing or out of range,Nearside,2004
200406K017047,26 - 35,14.0,Urban area,9.0,5480.0,,,Data missing or out of range,Data missing or out of range,VOLVO,,Heavy oil,Male,,No tow/articulation,Did not leave carriageway,0.0,Turning right,1,Goods 7.5 tonnes mgw and over,Data missing or out of range,Front,2004
200406K017242,21 - 25,4.0,Urban area,1.0,1124.0,,,Data missing or out of range,Data missing or out of range,CITROEN,SAXO FORTE,Petrol,Female,Skidded,No tow/articulation,Did not leave carriageway,0.0,Going ahead other,2,109,Data missing or out of range,Nearside,2004
200406K017340,46 - 55,1.0,Urban area,10.0,2099.0,,,Data missing or out of range,Data missing or out of range,JAGUAR,X-TYPE V6 SE,Petrol,Male,,No tow/articulation,Did not leave carriageway,0.0,Going ahead other,2,109,Data missing or out of range,Did not impact,2004
200406K901214,36 - 45,,Data missing or out of range,,1995.0,,,Data missing or out of range,Data missing or out of range,BMW,320 CD SPORT AUTO,Heavy oil,Female,,No tow/articulation,Did not leave carriageway,0.0,Turning right,1,109,Data missing or out of range,Nearside,2004
200406K901428,56 - 65,8.0,Urban area,3.0,2316.0,,,Data missing or out of range,Data missing or out of range,VOLVO,940 CLASSIC AUTO,Petrol,Female,,No tow/articulation,Did not leave carriageway,0.0,Turning right,1,109,Data missing or out of range,Front,2004
200406K903758,46 - 55,4.0,Urban area,3.0,1149.0,,,Data missing or out of range,Data missing or out of range,RENAULT,CLIO MTV,Petrol,Male,,No tow/articulation,Did not leave carriageway,0.0,Waiting to turn right,3,109,Data missing or out of range,Back,2004
200406K905441,16 - 20,,Data missing or out of range,,1199.0,,,Data missing or out of range,Data missing or out of range,VAUXHALL,CORSA LIFE 16V,Petrol,Male,,No tow/articulation,Did not leave carriageway,0.0,Going ahead other,1,109,Data missing or out of range,Did not impact,2004
200406K907172,16 - 20,,Data missing or out of range,,1796.0,,,Data missing or out of range,Data missing or out of range,VAUXHALL,VECTRA ELITE 16V,Petrol,Male,,No tow/articulation,Did not leave carriageway,0.0,Going ahead other,1,109,Data missing or out of range,Front,2004
200406K907347,56 - 65,,Data missing or out of range,,,,,Data missing or out of range,Data missing or out of range,HONDA,TN 550,,Male,,No tow/articulation,Did not leave carriageway,0.0,Going ahead other,2,Bus or coach (17 or more pass seats),Data missing or out of range,Front,2004
200406K908225,36 - 45,9.0,Urban area,1.0,1905.0,,,Data missing or out of range,Data missing or out of range,PEUGEOT,306 SLDT,Heavy oil,Male,,No tow/articulation,Did not leave carriageway,0.0,Going ahead other,3,109,Data missing or out of range,Back,2004
200406K912543,21 - 25,8.0,Data missing or out of range,,1396.0,,,Data missing or out of range,Data missing or out of range,ROVER,414 SI,Petrol,Male,Skidded,No tow/articulation,Did not leave carriageway,0.0,Going ahead other,1,109,Data missing or out of range,Front,2004
200406K913413,36 - 45,7.0,Urban area,2.0,1781.0,,,Data missing or out of range,Data missing or out of range,AUDI,A6 1.8 T AUTO,Petrol,Male,,No tow/articulation,Did not leave carriageway,0.0,Going ahead other,1,109,Data missing or out of range,Did not impact,2004
200406K914828,16 - 20,8.0,Small town,,1590.0,,,Data missing or out of range,Data missing or out of range,SUZUKI,BALENO GS,Petrol,Male,,No tow/articulation,Did not leave carriageway,0.0,Going ahead other,1,109,Data missing or out of range,Nearside,2004
200406K917561,21 - 25,3.0,Urban area,6.0,1242.0,,,Data missing or out of range,Data missing or out of range,FIAT,PUNTO ELX 8V,Petrol,Male,,No tow/articulation,Did not leave carriageway,0.0,Going ahead other,2,109,Data missing or out of range,Front,2004
200406L016642,56 - 65,5.0,Urban area,1.0,1994.0,,,Data missing or out of range,Data missing or out of range,SUBARU,IMPREZA TURBO 2000 AWD RB5,Petrol,Male,,No tow/articulation,Did not leave carriageway,0.0,Going ahead other,1,109,Data missing or out of range,Front,2004
200406L016859,36 - 45,8.0,Urban area,1.0,,,,Data missing or out of range,Data missing or out of range,DENNIS,,Heavy oil,Male,,No tow/articulation,Did not leave carriageway,0.0,Going ahead other,1,Bus or coach (17 or more pass seats),Data missing or out of range,Did not impact,2004
200406L016935,26 - 35,9.0,Data missing or out of range,,1905.0,,,Data missing or out of range,Data missing or out of range,PEUGEOT,405 GTX TURBO DIESEL,Heavy oil,Male,,No tow/articulation,Did not leave carriageway,0.0,Going ahead other,3,109,Data missing or out of range,Front,2004
200406L017362,16 - 20,11.0,Urban area,6.0,1389.0,,,Data missing or out of range,Data missing or out of range,VAUXHALL,ASTRA CALIFORNIA,Petrol,Male,,No tow/articulation,Did not leave carriageway,0.0,Going ahead other,2,109,Data missing or out of range,Front,2004
200406L902752,56 - 65,16.0,Urban area,1.0,,,,Data missing or out of range,Data missing or out of range,LEYLAND,,Heavy oil,Male,Skidded,No tow/articulation,Did not leave carriageway,0.0,Going ahead other,2,Bus or coach (17 or more pass seats),Data missing or out of range,Front,2004
200406L905886,36 - 45,9.0,Urban area,2.0,1998.0,,,Data missing or out of range,Data missing or out of range,MERCEDES,E200 AVANTGARDE A,Petrol,Male,,No tow/articulation,Did not leave carriageway,0.0,Going ahead other,2,109,Data missing or out of range,Front,2004
200406L909157,21 - 25,,Small town,9.0,,,,Data missing or out of range,Data missing or out of range,VAUXHALL,ASTRAVAN ENVOY DUALFUEL,,Female,,No tow/articulation,Did not leave carriageway,0.0,Going ahead other,2,109,Data missing or out of range,Front,2004
200406L911599,66 - 75,2.0,Urban area,10.0,1769.0,,,Data missing or out of range,Data missing or out of range,NISSAN,ALMERA E AUTO,Petrol,Male,,No tow/articulation,Did not leave carriageway,0.0,Going ahead other,2,109,Data missing or out of range,Offside,2004
200406M012742,21 - 25,1.0,Urban area,9.0,1360.0,,,Data missing or out of range,Data missing or out of range,PEUGEOT,206 LOOK,Petrol,Female,,No tow/articulation,Did not leave carriageway,0.0,Going ahead other,2,109,Data missing or out of range,Nearside,2004
200406M012875,26 - 35,14.0,Urban area,3.0,1343.0,,,Data missing or out of range,Data missing or out of range,HONDA,CIVIC DX AUTO,Petrol,Male,,No tow/articulation,Did not leave carriageway,0.0,Going ahead other,1,109,Data missing or out of range,Front,2004
200406M012922,36 - 45,1.0,Urban area,5.0,1999.0,,,Data missing or out of range,Data missing or out of range,MAZDA,6 TS DIESEL,Heavy oil,Male,,No tow/articulation,Did not leave carriageway,0.0,Turning right,2,109,Data missing or out of range,Front,2004
200406M904600,16 - 20,10.0,Data missing or out of range,,1124.0,,,Data missing or out of range,Data missing or out of range,CITROEN,AX ECHO PLUS,Petrol,Male,Skidded,No tow/articulation,Did not leave carriageway,0.0,Overtaking moving vehicle - offside,1,109,Data missing or out of range,Front,2004
200406M906808,21 - 25,6.0,Urban area,6.0,1781.0,,,Data missing or out of range,Data missing or out of range,AUDI,,Petrol,Male,,No tow/articulation,Did not leave carriageway,0.0,Turning right,1,109,Data missing or out of range,Front,2004
200406M907955,26 - 35,,Urban area,2.0,,,,Data missing or out of range,Data missing or out of range,JEEP,CHEROKEE ORVIS AUTO,,Male,Skidded,Articulated vehicle,Did not leave carriageway,0.0,Going ahead other,1,Goods 7.5 tonnes mgw and over,Data missing or out of range,Front,2004
200406M909347,46 - 55,7.0,Urban area,9.0,998.0,,,Data missing or out of range,Data missing or out of range,NISSAN,MICRA VIBE AUTO,Petrol,Female,,No tow/articulation,Did not leave carriageway,0.0,Slowing or stopping,2,109,Data missing or out of range,Back,2004
200406M912368,16 - 20,6.0,Urban area,10.0,1396.0,,,Data missing or out of range,Data missing or out of range,ROVER,214 IS,Petrol,Female,,No tow/articulation,Did not leave carriageway,0.0,Going ahead other,1,109,Data missing or out of range,Front,2004
200406M915900,46 - 55,,Urban area,1.0,,,,Data missing or out of range,Data missing or out of range,MERCEDES,,,Male,,No tow/articulation,Did not leave carriageway,0.0,Going ahead other,2,Goods 7.5 tonnes mgw and over,Data missing or out of range,Front,2004
200406N901965,16 - 20,12.0,Data missing or out of range,,1598.0,,,Data missing or out of range,Data missing or out of range,VAUXHALL,ASTRA SI,Petrol,Male,,No tow/articulation,Did not leave carriageway,0.0,Going ahead other,1,109,Data missing or out of range,Back,2004
200406N902204,26 - 35,1.0,Data missing or out of range,,1794.0,,,Data missing or out of range,Data missing or out of range,TOYOTA,AVENSIS T3-X,Petrol,Male,,No tow/articulation,Did not leave carriageway,0.0,Going ahead other,1,109,Data missing or out of range,Front,2004
200406N902803,21 - 25,8.0,Data missing or out of range,,1988.0,,,Data missing or out of range,Data missing or out of range,FORD,MONDEO GHIA X AUTO,Petrol,Male,,No tow/articulation,Did not leave carriageway,0.0,Going ahead right-hand bend,1,109,Data missing or out of range,Front,2004
200406N908406,46 - 55,12.0,Urban area,9.0,,,,Data missing or out of range,Data missing or out of range,VOLVO,,Heavy oil,Male,,No tow/articulation,Did not leave carriageway,0.0,Going ahead other,2,Bus or coach (17 or more pass seats),Data missing or out of range,Offside,2004
200406N910687,36 - 45,3.0,Urban area,9.0,1951.0,,,Data missing or out of range,Data missing or out of range,BMW,320 D SE TOURING,Heavy oil,Male,,No tow/articulation,Did not leave carriageway,0.0,Going ahead other,3,109,Data missing or out of range,Front,2004
200406N914079,36 - 45,3.0,Urban area,7.0,1796.0,,,Data missing or out of range,Data missing or out of range,OPEL,,Petrol,Female,,No tow/articulation,Did not leave carriageway,0.0,U-turn,1,109,Data missing or out of range,Offside,2004
200406P012933,36 - 45,3.0,Urban area,4.0,1997.0,,,Data missing or out of range,Data missing or out of range,CITROEN,XSARA PICASSO SX HDI,Heavy oil,Female,,No tow/articulation,Did not leave carriageway,0.0,Turning right,1,109,Data missing or out of range,Offside,2004
200406P013014,36 - 45,4.0,Urban area,4.0,1498.0,,,Data missing or out of range,Data missing or out of range,KIA,MENTOR SX,Petrol,Female,,No tow/articulation,Did not leave carriageway,0.0,Slowing or stopping,2,109,Data missing or out of range,Back,2004
200406P013046,26 - 35,1.0,Urban area,6.0,1242.0,,,Data missing or out of range,Data missing or out of range,FIAT,PUNTO ACTIVE,Petrol,Male,,No tow/articulation,Did not leave carriageway,0.0,Going ahead other,2,109,Data missing or out of range,Front,2004
200406P013223,16 - 20,5.0,Urban area,2.0,1124.0,,,Data missing or out of range,Data missing or out of range,CITROEN,SAXO STATESIDE,Petrol,Male,,No tow/articulation,Did not leave carriageway,0.0,Waiting to go - held up,2,109,Data missing or out of range,Nearside,2004
200406P902716,26 - 35,5.0,Urban area,1.0,1332.0,,,Data missing or out of range,Data missing or out of range,TOYOTA,COROLLA S,Petrol,Female,,No tow/articulation,Did not leave carriageway,0.0,Waiting to go - held up,2,109,Data missing or out of range,Back,2004
200406P904886,46 - 55,10.0,Urban area,6.0,1905.0,,,Data missing or out of range,Data missing or out of range,PEUGEOT,405 GLX DIESEL,Heavy oil,Male,,No tow/articulation,Did not leave carriageway,0.0,Going ahead other,2,109,Data missing or out of range,Offside,2004
200406P905006,21 - 25,10.0,Urban area,3.0,1299.0,,,Data missing or out of range,Data missing or out of range,FORD,FIESTA LX MISTRAL,Petrol,Male,,No tow/articulation,Did not leave carriageway,0.0,Going ahead other,1,109,Data missing or out of range,Front,2004
200406P906137,46 - 55,3.0,Urban area,4.0,1834.0,,,Data missing or out of range,Data missing or out of range,MITSUBISHI,CARISMA GDI MIRAGE,Petrol,Male,,No tow/articulation,Did not leave carriageway,0.0,Going ahead other,1,109,Data missing or out of range,Front,2004
200406Q013170,26 - 35,7.0,Urban area,1.0,1597.0,,,Data missing or out of range,Data missing or out of range,MITSUBISHI,CARISMA GLXI,Petrol,Male,,No tow/articulation,Did not leave carriageway,0.0,Going ahead other,2,109,Data missing or out of range,Front,2004
200406Q013209,Data missing or out of range,2.0,Urban area,8.0,998.0,,,Data missing or out of range,Data missing or out of range,NISSAN,MICRA TEMPEST,Petrol,Not known,,No tow/articulation,Did not leave carriageway,0.0,Parked,2,109,Data missing or out of range,Nearside,2004
200406Q013287,26 - 35,3.0,Urban area,2.0,1794.0,,,Data missing or out of range,Data missing or out of range,TOYOTA,AVENSIS CDX VVT-I,Petrol,Male,,No tow/articulation,Did not leave carriageway,0.0,Going ahead other,2,109,Data missing or out of range,Front,2004
200406Q013540,36 - 45,9.0,Rural,4.0,899.0,,,Data missing or out of range,Data missing or out of range,FIAT,CINQUECENTO SX,Petrol,Female,,No tow/articulation,Did not leave carriageway,0.0,Going ahead other,1,109,Data missing or out of range,Front,2004
200406Q902610,26 - 35,,Data missing or out of range,,,,,Data missing or out of range,Data missing or out of range,FORD,TRANSIT 350 LWB TD,,Male,,No tow/articulation,Did not leave carriageway,0.0,Going ahead other,1,Minibus (8 - 16 passenger seats),Data missing or out of range,Offside,2004
200406Q907116,26 - 35,1.0,Urban area,1.0,1995.0,,,Data missing or out of range,Data missing or out of range,TOYOTA,AVENSIS GS D4-D,Heavy oil,Male,,No tow/articulation,Did not leave carriageway,0.0,Parked,2,109,Data missing or out of range,Nearside,2004
200406Q909203,26 - 35,11.0,Urban area,2.0,1597.0,,,Data missing or out of range,Data missing or out of range,FORD,SIERRA AZURA I,Petrol,Male,,No tow/articulation,Did not leave carriageway,0.0,Waiting to turn right,3,109,Data missing or out of range,Front,2004
200406Q910253,46 - 55,11.0,Data missing or out of range,,1905.0,,,Data missing or out of range,Data missing or out of range,PEUGEOT,405 GLD,Heavy oil,Female,,No tow/articulation,Nearside,0.0,Parked,4,109,Data missing or out of range,Offside,2004
200406Q912474,16 - 20,4.0,Urban area,5.0,1242.0,,,Data missing or out of range,Data missing or out of range,FIAT,PUNTO ELX 8V,Petrol,Female,,No tow/articulation,Did not leave carriageway,0.0,Slowing or stopping,2,109,Data missing or out of range,Back,2004
200406Q913292,26 - 35,,Urban area,6.0,1896.0,,,Data missing or out of range,Data missing or out of range,SEAT,ALTEA REFERENCE TDI,Heavy oil,Female,,No tow/articulation,Did not leave carriageway,0.0,Parked,2,109,Data missing or out of range,Back,2004
200406Q914608,26 - 35,4.0,Urban area,2.0,998.0,,,Data missing or out of range,Data missing or out of range,NISSAN,MICRA CELEBRATION 16V,Petrol,Female,,No tow/articulation,Did not leave carriageway,0.0,Turning left,2,109,Data missing or out of range,Back,2004
200406Q914666,Data missing or out of range,,Urban area,4.0,,,,Data missing or out of range,Data missing or out of range,TOYOTA,HIACE 280 GS,,Not known,,No tow/articulation,Did not leave carriageway,0.0,Going ahead other,1,109,Data missing or out of range,Offside,2004
200406Q915686,26 - 35,2.0,Urban area,3.0,1328.0,,,Data missing or out of range,Data missing or out of range,SUZUKI,IGNIS GL,Petrol,Male,,No tow/articulation,Did not leave carriageway,0.0,Going ahead other,2,109,Data missing or out of range,Front,2004
200406X008137,26 - 35,9.0,Urban area,2.0,998.0,,,Data missing or out of range,Data missing or out of range,NISSAN,MICRA HOLLYWOOD,Petrol,Female,Skidded,No tow/articulation,Did not leave carriageway,0.0,Going ahead other,3,109,Data missing or out of range,Front,2004
200406X008295,56 - 65,3.0,Urban area,1.0,1199.0,,,Data missing or out of range,Data missing or out of range,VAUXHALL,CORSA COMFORT 16V,Petrol,Female,Skidded,No tow/articulation,Did not leave carriageway,0.0,Slowing or stopping,2,109,Data missing or out of range,Front,2004
200406X008342,26 - 35,2.0,Urban area,9.0,1997.0,,,Data missing or out of range,Data missing or out of range,PEUGEOT,406 COUPE SE,Petrol,Female,,No tow/articulation,Did not leave carriageway,0.0,Slowing or stopping,1,109,Data missing or out of range,Back,2004
200406X008414,46 - 55,6.0,Rural,,1985.0,,,Data missing or out of range,Data missing or out of range,SAAB,9-3 SE TURBO,Petrol,Male,,No tow/articulation,Did not leave carriageway,0.0,Changing lane to right,1,109,Data missing or out of range,Did not impact,2004
200406X008510,46 - 55,6.0,Urban area,5.0,12130.0,,,Data missing or out of range,Data missing or out of range,VOLVO,,Heavy oil,Male,,Articulated vehicle,Did not leave carriageway,0.0,Changing lane to left,2,Goods 7.5 tonnes mgw and over,Data missing or out of range,Front,2004
200406X008519,46 - 55,1.0,Urban area,2.0,1461.0,,Central crash barrier,Data missing or out of range,Data missing or out of range,RENAULT,KANGOO SL17DCI 70,Heavy oil,Male,,No tow/articulation,Offside on to centrl res + rebounded,0.0,Going ahead other,1,Van / Goods 3.5 tonnes mgw or under,Data missing or out of range,Front,2004
200406X902653,16 - 20,2.0,Urban area,1.0,1597.0,,,Data missing or out of range,Data missing or out of range,MITSUBISHI,CARISMA MIRAGE,Petrol,Male,Skidded,No tow/articulation,Did not leave carriageway,0.0,Going ahead left-hand bend,1,109,Data missing or out of range,Front,2004
200406X907580,36 - 45,12.0,Urban area,,1389.0,,,Data missing or out of range,Data missing or out of range,VAUXHALL,ASTRA SI,Petrol,Female,Skidded,No tow/articulation,Did not leave carriageway,0.0,Going ahead other,1,109,Data missing or out of range,Front,2004
200406X907812,56 - 65,,Urban area,8.0,1199.0,,,Data missing or out of range,Data missing or out of range,VAUXHALL,CORSA LIFE 16V,Petrol,Male,,No tow/articulation,Did not leave carriageway,0.0,Going ahead other,4,109,Data missing or out of range,Back,2004
200406X909217,26 - 35,,Urban area,6.0,599.0,,,Data missing or out of range,Data missing or out of range,HONDA,CBF 600 S-4,Petrol,Female,Skidded,No tow/articulation,Did not leave carriageway,0.0,Going ahead other,2,106,Data missing or out of range,Offside,2004
200406X910969,26 - 35,1.0,Urban area,2.0,1998.0,,,Data missing or out of range,Data missing or out of range,FORD,TRANSIT 280 SWB TD,Heavy oil,Male,,No tow/articulation,Did not leave carriageway,0.0,Going ahead other,2,Van / Goods 3.5 tonnes mgw or under,Data missing or out of range,Front,2004
200406X913759,21 - 25,2.0,Urban area,8.0,1868.0,,,Data missing or out of range,Data missing or out of range,CITROEN,BERLINGO 1.9D 600,Heavy oil,Male,,No tow/articulation,Did not leave carriageway,0.0,Going ahead other,1,Van / Goods 3.5 tonnes mgw or under,Data missing or out of range,Front,2004
200406X916766,21 - 25,4.0,Data missing or out of range,,2800.0,,,Data missing or out of range,Data missing or out of range,IVECO,,Heavy oil,Male,,No tow/articulation,Did not leave carriageway,0.0,Slowing or stopping,1,Van / Goods 3.5 tonnes mgw or under,Data missing or out of range,Front,2004
2004070400096,26 - 35,2.0,Urban area,10.0,1896.0,,,Data missing or out of range,Data missing or out of range,VOLKSWAGEN,GOLF E SDI,Heavy oil,Male,,No tow/articulation,Did not leave carriageway,0.0,Going ahead other,1,109,Data missing or out of range,Front,2004
2004070400205,21 - 25,1.0,Urban area,1.0,2179.0,,,Data missing or out of range,Data missing or out of range,CITROEN,RELAY 1800 TD HDI LWB,Heavy oil,Male,,No tow/articulation,Did not leave carriageway,0.0,Slowing or stopping,1,Van / Goods 3.5 tonnes mgw or under,Data missing or out of range,Front,2004
2004070400248,26 - 35,2.0,Urban area,8.0,1896.0,,,Data missing or out of range,Data missing or out of range,VOLKSWAGEN,BORA TDI ST,Heavy oil,Male,,No tow/articulation,Did not leave carriageway,0.0,Going ahead other,2,109,Data missing or out of range,Front,2004
2004070400273,26 - 35,9.0,Urban area,9.0,998.0,,,Data missing or out of range,Data missing or out of range,NISSAN,MICRA MATINEE,Petrol,Male,,No tow/articulation,Did not leave carriageway,0.0,Waiting to go - held up,2,109,Data missing or out of range,Back,2004
2004070400406,16 - 20,6.0,Rural,6.0,1242.0,,Other permanent object,Data missing or out of range,Data missing or out of range,FIAT,PUNTO SX 60,Petrol,Male,Skidded and overturned,No tow/articulation,Nearside and rebounded,0.0,Going ahead left-hand bend,1,109,Data missing or out of range,Nearside,2004
2004070400438,36 - 45,2.0,Urban area,10.0,1997.0,,,Data missing or out of range,Data missing or out of range,SUZUKI,GRAND VITARA TD,Heavy oil,Male,,No tow/articulation,Did not leave carriageway,0.0,Going ahead other,1,109,Data missing or out of range,Front,2004
2004070400446,36 - 45,3.0,Data missing or out of range,,1910.0,,,Data missing or out of range,Data missing or out of range,FIAT,PUNTO 60 D,Heavy oil,Male,,No tow/articulation,Did not leave carriageway,0.0,Waiting to go - held up,2,Van / Goods 3.5 tonnes mgw or under,Data missing or out of range,Back,2004
2004070400474,26 - 35,8.0,Urban area,8.0,1799.0,Other object,,Data missing or out of range,Data missing or out of range,VAUXHALL,VECTRA LS 16V AUTO,Petrol,Female,,No tow/articulation,Did not leave carriageway,0.0,Going ahead other,1,109,Data missing or out of range,Front,2004
2004070400555,26 - 35,5.0,Urban area,2.0,1390.0,,,Data missing or out of range,Data missing or out of range,RENAULT,MEGANE LIBERTE 1.4E,Petrol,Male,Skidded,No tow/articulation,Did not leave carriageway,0.0,Going ahead other,1,109,Data missing or out of range,Front,2004
2004070400646,26 - 35,4.0,Urban area,,1781.0,,,Data missing or out of range,Data missing or out of range,AUDI,A3 1.8T SPORT,Petrol,Male,,No tow/articulation,Did not leave carriageway,0.0,Overtaking moving vehicle - offside,1,109,Data missing or out of range,Front,2004
2004070400674,21 - 25,5.0,Small town,8.0,1124.0,,,Data missing or out of range,Data missing or out of range,CITROEN,SAXO EAST COAST,Petrol,Female,Skidded,No tow/articulation,Did not leave carriageway,0.0,Going ahead left-hand bend,1,109,Data missing or out of range,Offside,2004
2004070400847,26 - 35,5.0,Urban area,9.0,2494.0,,,Data missing or out of range,Data missing or out of range,BMW,323I SE AUTO,Petrol,Male,,No tow/articulation,Did not leave carriageway,0.0,Waiting to go - held up,3,109,Data missing or out of range,Back,2004
2004070401016,56 - 65,4.0,Urban area,3.0,11000.0,,,Data missing or out of range,Data missing or out of range,ERF,,Heavy oil,Male,,No tow/articulation,Did not leave carriageway,0.0,Going ahead other,2,Goods 7.5 tonnes mgw and over,Data missing or out of range,Nearside,2004
2004070401018,36 - 45,3.0,Urban area,6.0,1997.0,,,Data missing or out of range,Data missing or out of range,PEUGEOT,406 LX HDI (90),Heavy oil,Male,,No tow/articulation,Did not leave carriageway,0.0,Going ahead other,3,109,Data missing or out of range,Front,2004
2004070401090,26 - 35,5.0,Small town,6.0,1597.0,,,Data missing or out of range,Data missing or out of range,NISSAN,PRIMERA SX 16V,Petrol,Male,Skidded,No tow/articulation,Did not leave carriageway,0.0,Going ahead right-hand bend,1,109,Data missing or out of range,Front,2004
2004070401164,21 - 25,2.0,Urban area,8.0,1124.0,,,Data missing or out of range,Data missing or out of range,PEUGEOT,206 LOOK,Petrol,Female,,No tow/articulation,Did not leave carriageway,0.0,Going ahead other,1,109,Data missing or out of range,Front,2004
2004070401173,46 - 55,7.0,Urban area,6.0,11000.0,,,Data missing or out of range,Data missing or out of range,ERF,,Heavy oil,Male,,No tow/articulation,Did not leave carriageway,0.0,Going ahead other,2,Goods 7.5 tonnes mgw and over,Data missing or out of range,Front,2004
2004070401181,16 - 20,9.0,Urban area,2.0,1119.0,,Tree,Data missing or out of range,Data missing or out of range,FORD,FIESTA I,Petrol,Male,,No tow/articulation,Offside,0.0,Overtaking moving vehicle - offside,1,109,Data missing or out of range,Front,2004
2004070401225,26 - 35,8.0,Urban area,1.0,1998.0,,,Data missing or out of range,Data missing or out of range,VAUXHALL,VECTRA GLS 16V,Petrol,Male,,No tow/articulation,Did not leave carriageway,0.0,Turning right,1,109,Data missing or out of range,Offside,2004
2004070401288,16 - 20,3.0,Urban area,8.0,1390.0,,Tree,Data missing or out of range,Data missing or out of range,SEAT,AROSA 16V SPORT,Petrol,Male,,No tow/articulation,Did not leave carriageway,0.0,Going ahead other,2,109,Data missing or out of range,Offside,2004
2004070401331,36 - 45,6.0,Urban area,10.0,5681.0,,,Data missing or out of range,Data missing or out of range,IVECO-FORD,,Heavy oil,Male,,No tow/articulation,Did not leave carriageway,0.0,Going ahead other,1,Goods 7.5 tonnes mgw and over,Data missing or out of range,Front,2004
2004070401354,26 - 35,6.0,Urban area,,998.0,,,Data missing or out of range,Data missing or out of range,NISSAN,MICRA PASSION,Petrol,Female,,No tow/articulation,Did not leave carriageway,0.0,Going ahead other,1,109,Data missing or out of range,Front,2004
2004070401392,26 - 35,,Urban area,3.0,,,,Data missing or out of range,Data missing or out of range,SCANIA,,,Male,,No tow/articulation,Did not leave carriageway,0.0,Turning right,1,Bus or coach (17 or more pass seats),Data missing or out of range,Front,2004
2004070401572,Data missing or out of range,6.0,Data missing or out of range,,1488.0,,,Data missing or out of range,Data missing or out of range,VAUXHALL,CORSA GLS 1.5 TD,Heavy oil,Not known,,No tow/articulation,Did not leave carriageway,0.0,Parked,2,109,Data missing or out of range,Back,2004