Accident_Index,Age_Band_of_Driver,Age_of_Vehicle,Driver_Home_Area_Type,Driver_IMD_Decile,Engine_Capacity_.CC.,Hit_Object_in_Carriageway,Hit_Object_off_Carriageway,Journey_Purpose_of_Driver,Junction_Location,make,model,Propulsion_Code,Sex_of_Driver,Skidding_and_Overturning,Towing_and_Articulation,Vehicle_Leaving_Carriageway,Vehicle_Location.Restricted_Lane,Vehicle_Manoeuvre,Vehicle_Reference,Vehicle_Type,Was_Vehicle_Left_Hand_Drive,X1st_Point_of_Impact,Year
2004070401587,21 - 25,8.0,Urban area,8.0,1149.0,,,Data missing or out of range,Data missing or out of range,RENAULT,CLIO RL PARIS,Petrol,Female,,No tow/articulation,Did not leave carriageway,0.0,Slowing or stopping,2,109,Data missing or out of range,Front,2004
2004070401686,16 - 20,6.0,Urban area,2.0,749.0,,Other permanent object,Data missing or out of range,Data missing or out of range,SUZUKI,,Petrol,Male,,No tow/articulation,Nearside,0.0,Going ahead right-hand bend,1,106,Data missing or out of range,Offside,2004
2004070401746,21 - 25,,Data missing or out of range,,1598.0,,,Data missing or out of range,Data missing or out of range,RENAULT,MEGANE DYNAMIQUE VVT 115,Petrol,Male,,No tow/articulation,Did not leave carriageway,0.0,Going ahead other,1,109,Data missing or out of range,Front,2004
2004070401872,26 - 35,1.0,Small town,2.0,1598.0,,,Data missing or out of range,Data missing or out of range,BMW,,Petrol,Female,,No tow/articulation,Did not leave carriageway,0.0,Waiting to go - held up,2,109,Data missing or out of range,Back,2004
2004070401901,21 - 25,6.0,Urban area,1.0,1597.0,,,Data missing or out of range,Data missing or out of range,FORD,ESCORT FINESSE 16V,Petrol,Male,,No tow/articulation,Did not leave carriageway,0.0,Going ahead other,2,109,Data missing or out of range,Front,2004
2004070401984,46 - 55,,Rural,9.0,,,,Data missing or out of range,Data missing or out of range,MERCEDES,,,Male,Skidded,No tow/articulation,Did not leave carriageway,0.0,Going ahead other,2,Goods 7.5 tonnes mgw and over,Data missing or out of range,Offside,2004
2004070402019,36 - 45,1.0,Urban area,10.0,1997.0,,,Data missing or out of range,Data missing or out of range,PEUGEOT,206 SW HDI XT,Heavy oil,Female,Skidded,No tow/articulation,Nearside,0.0,Going ahead other,1,109,Data missing or out of range,Front,2004
2004070402020,26 - 35,5.0,Rural,8.0,12130.0,,Other permanent object,Data missing or out of range,Data missing or out of range,VOLVO,,Heavy oil,Male,,No tow/articulation,Nearside,0.0,Going ahead right-hand bend,2,Goods 7.5 tonnes mgw and over,Data missing or out of range,Offside,2004
2004070402050,66 - 75,2.0,Urban area,10.0,1124.0,,,Data missing or out of range,Data missing or out of range,PEUGEOT,206 LOOK,Petrol,Male,,No tow/articulation,Did not leave carriageway,0.0,Turning right,1,109,Data missing or out of range,Offside,2004
2004070402237,36 - 45,3.0,Data missing or out of range,,11946.0,,Other permanent object,Data missing or out of range,Data missing or out of range,MERCEDES,,Heavy oil,Male,,No tow/articulation,Nearside,0.0,Going ahead other,2,Goods 7.5 tonnes mgw and over,Data missing or out of range,Front,2004
2004070402465,36 - 45,7.0,Urban area,2.0,2295.0,,,Data missing or out of range,Data missing or out of range,MERCEDES,C230 KOMPRESSOR SPORT,Petrol,Male,,No tow/articulation,Did not leave carriageway,0.0,Going ahead other,1,109,Data missing or out of range,Front,2004
2004070402465,46 - 55,,Urban area,9.0,1951.0,,,Data missing or out of range,Data missing or out of range,ROVER,75 CONN-SEUR SE CDTI TR A,Heavy oil,Female,,No tow/articulation,Did not leave carriageway,0.0,Waiting to go - held up,2,109,Data missing or out of range,Back,2004
2004070402482,66 - 75,7.0,Urban area,5.0,1120.0,,,Data missing or out of range,Data missing or out of range,ROVER,100 ASCOT,Petrol,Male,,No tow/articulation,Did not leave carriageway,0.0,Going ahead other,2,109,Data missing or out of range,Front,2004
2004070402483,21 - 25,,Small town,5.0,,,,Data missing or out of range,Data missing or out of range,SUZUKI,,,Male,,No tow/articulation,Did not leave carriageway,0.0,Changing lane to right,1,Motorcycle 125cc and under,Data missing or out of range,Front,2004
2004070402611,46 - 55,8.0,Urban area,10.0,1340.0,,,Data missing or out of range,Data missing or out of range,HARLEY-DAVIDSON,,Petrol,Male,,No tow/articulation,Did not leave carriageway,0.0,Slowing or stopping,2,106,Data missing or out of range,Back,2004
2004070402629,26 - 35,16.0,Urban area,4.0,650.0,,,Data missing or out of range,Data missing or out of range,HONDA,,Petrol,Male,,No tow/articulation,Did not leave carriageway,0.0,Going ahead other,2,106,Data missing or out of range,Nearside,2004
2004070402724,36 - 45,,Urban area,5.0,,,,Data missing or out of range,Data missing or out of range,SEDDON/ATKINSON,,,Male,,No tow/articulation,Did not leave carriageway,0.0,Going ahead right-hand bend,2,Goods 7.5 tonnes mgw and over,Data missing or out of range,Offside,2004
2004070402780,46 - 55,9.0,Urban area,7.0,85.0,,,Data missing or out of range,Data missing or out of range,HONDA,,Petrol,Male,,No tow/articulation,Did not leave carriageway,0.0,Going ahead other,2,Motorcycle 125cc and under,Data missing or out of range,Front,2004
2004070402790,16 - 20,,Urban area,10.0,1248.0,,,Data missing or out of range,Data missing or out of range,VAUXHALL,CORSA DESIGN CDTI,Heavy oil,Male,,No tow/articulation,Did not leave carriageway,0.0,Waiting to go - held up,2,109,Data missing or out of range,Offside,2004
2004070403078,26 - 35,,Urban area,10.0,,,,Data missing or out of range,Data missing or out of range,FORD,FIESTA 35 TD,,Male,Skidded,No tow/articulation,Did not leave carriageway,0.0,Going ahead left-hand bend,3,109,Data missing or out of range,Front,2004
2004070403086,36 - 45,3.0,Urban area,4.0,,,,Data missing or out of range,Data missing or out of range,DAF TRUCKS,FT CF75.310,Heavy oil,Male,,Articulated vehicle,Did not leave carriageway,0.0,Going ahead other,2,Goods 7.5 tonnes mgw and over,Data missing or out of range,Back,2004
2004070403241,26 - 35,14.0,Urban area,10.0,1985.0,,,Data missing or out of range,Data missing or out of range,SAAB,9000 I,Petrol,Male,,No tow/articulation,Did not leave carriageway,0.0,Going ahead other,2,109,Data missing or out of range,Front,2004
2004070403351,16 - 20,1.0,Urban area,1.0,1747.0,,Other permanent object,Data missing or out of range,Data missing or out of range,FIAT,PUNTO HGT 16V,Petrol,Male,Skidded and overturned,No tow/articulation,Did not leave carriageway,0.0,Going ahead left-hand bend,1,109,Data missing or out of range,Front,2004
2004070403430,21 - 25,1.0,Urban area,8.0,1149.0,,,Data missing or out of range,Data missing or out of range,RENAULT,CLIO DYNAM BILLABONG 16V,Petrol,Female,,No tow/articulation,Did not leave carriageway,0.0,Turning right,1,109,Data missing or out of range,Front,2004
2004070403454,21 - 25,3.0,Small town,,1199.0,,,Data missing or out of range,Data missing or out of range,VAUXHALL,CORSA COMFORT 16V,Petrol,Male,,No tow/articulation,Did not leave carriageway,0.0,Waiting to go - held up,2,109,Data missing or out of range,Back,2004
2004070403469,26 - 35,12.0,Rural,6.0,2970.0,Kerb,Other permanent object,Data missing or out of range,Data missing or out of range,MITSUBISHI,,Petrol,Male,,No tow/articulation,Offside and rebounded,0.0,Going ahead other,2,109,Data missing or out of range,Nearside,2004
2004070403479,56 - 65,3.0,Urban area,4.0,1868.0,,Near/Offside crash barrier,Data missing or out of range,Data missing or out of range,PEUGEOT,206 STYLE D,Heavy oil,Female,,No tow/articulation,Did not leave carriageway,0.0,Going ahead other,2,109,Data missing or out of range,Front,2004
2004070403500,36 - 45,,Urban area,1.0,,,,Data missing or out of range,Data missing or out of range,CITROEN,BERLINGO 1.9D 600,,Male,,No tow/articulation,Did not leave carriageway,0.0,Going ahead other,1,109,Data missing or out of range,Nearside,2004
2004070403502,16 - 20,1.0,Urban area,4.0,1910.0,,,Data missing or out of range,Data missing or out of range,ALFA ROMEO,156 TURISMO 16V M-JET JTD,Heavy oil,Female,,No tow/articulation,Did not leave carriageway,0.0,Going ahead right-hand bend,2,109,Data missing or out of range,Offside,2004
2004070403541,56 - 65,9.0,Rural,5.0,2188.0,,,Data missing or out of range,Data missing or out of range,RENAULT,LAGUNA RN-D,Heavy oil,Male,Skidded,No tow/articulation,Did not leave carriageway,0.0,Going ahead other,1,109,Data missing or out of range,Front,2004
2004070403603,26 - 35,6.0,Urban area,3.0,1998.0,,,Data missing or out of range,Data missing or out of range,VAUXHALL,VECTRA 2.0 TDI CDX,Heavy oil,Male,,No tow/articulation,Did not leave carriageway,0.0,Turning left,1,109,Data missing or out of range,Front,2004
2004070403674,26 - 35,11.0,Urban area,2.0,598.0,,,Data missing or out of range,Data missing or out of range,YAMAHA,,Petrol,Male,,No tow/articulation,Did not leave carriageway,0.0,Going ahead left-hand bend,1,106,Data missing or out of range,Front,2004
2004070403692,36 - 45,8.0,Data missing or out of range,,9603.0,,,Data missing or out of range,Data missing or out of range,VOLVO,,Heavy oil,Male,,No tow/articulation,Did not leave carriageway,0.0,Going ahead other,1,Goods 7.5 tonnes mgw and over,Data missing or out of range,Back,2004
2004070403959,16 - 20,3.0,Urban area,9.0,1149.0,,,Data missing or out of range,Data missing or out of range,RENAULT,CLIO EXPRESSION+ 16V,Petrol,Male,Overturned,No tow/articulation,Did not leave carriageway,0.0,Turning right,1,109,Data missing or out of range,Nearside,2004
2004070403984,46 - 55,,Urban area,2.0,,,,Data missing or out of range,Data missing or out of range,VAUXHALL,VIVARO 2700 DI SWB,,Male,,No tow/articulation,Did not leave carriageway,0.0,Waiting to go - held up,3,109,Data missing or out of range,Back,2004
2004070404177,16 - 20,,Urban area,,1461.0,,,Data missing or out of range,Data missing or out of range,RENAULT,KANGOO SL17DCI 70,Heavy oil,Male,,No tow/articulation,Did not leave carriageway,0.0,Waiting to go - held up,2,Van / Goods 3.5 tonnes mgw or under,Data missing or out of range,Back,2004
2004070404181,36 - 45,1.0,Rural,9.0,1997.0,,,Data missing or out of range,Data missing or out of range,PEUGEOT,307 S HDI 90,Heavy oil,Male,,No tow/articulation,Did not leave carriageway,0.0,Waiting to go - held up,2,109,Data missing or out of range,Back,2004
2004070404199,26 - 35,5.0,Small town,2.0,1997.0,,,Data missing or out of range,Data missing or out of range,PEUGEOT,306 LX HDI,Heavy oil,Female,,No tow/articulation,Did not leave carriageway,0.0,Waiting to go - held up,2,109,Data missing or out of range,Back,2004
2004070404261,16 - 20,3.0,Urban area,4.0,49.0,,,Data missing or out of range,Data missing or out of range,SAVIEM,,Petrol,Male,,No tow/articulation,Did not leave carriageway,0.0,Going ahead other,1,Motorcycle 50cc and under,Data missing or out of range,Nearside,2004
2004070404270,Data missing or out of range,7.0,Data missing or out of range,,1905.0,,,Data missing or out of range,Data missing or out of range,PEUGEOT,306 LX D,Heavy oil,Not known,,No tow/articulation,Did not leave carriageway,0.0,Parked,2,109,Data missing or out of range,Offside,2004
2004070404436,56 - 65,,Small town,8.0,,,,Data missing or out of range,Data missing or out of range,ERF,,,Male,,Articulated vehicle,Did not leave carriageway,0.0,Changing lane to left,1,Goods 7.5 tonnes mgw and over,Data missing or out of range,Did not impact,2004
2004070404460,26 - 35,,Urban area,8.0,600.0,,,Data missing or out of range,Data missing or out of range,SUZUKI,GSF 600 K4,Petrol,Male,,No tow/articulation,Did not leave carriageway,0.0,Going ahead right-hand bend,1,106,Data missing or out of range,Offside,2004
2004070404641,46 - 55,,Rural,,3700.0,,Central crash barrier,Data missing or out of range,Data missing or out of range,JEEP,CHEROKEE LIMITED V6 AUTO,Petrol,Male,Skidded and overturned,No tow/articulation,Did not leave carriageway,0.0,Going ahead other,3,109,Data missing or out of range,Offside,2004
2004070404678,16 - 20,,Urban area,10.0,,,,Data missing or out of range,Data missing or out of range,APRILIA,,,Male,,No tow/articulation,Did not leave carriageway,0.0,Going ahead other,2,Motorcycle 50cc and under,Data missing or out of range,Front,2004
2004070404770,46 - 55,6.0,Urban area,8.0,1997.0,,,Data missing or out of range,Data missing or out of range,HONDA,ACCORD ES,Petrol,Female,,No tow/articulation,Did not leave carriageway,0.0,Turning right,1,109,Data missing or out of range,Front,2004
2004070404780,Over 75,6.0,Rural,5.0,1389.0,,,Data missing or out of range,Data missing or out of range,VAUXHALL,CORSA BREEZE HI-TORQ,Petrol,Male,,No tow/articulation,Did not leave carriageway,0.0,Waiting to go - held up,3,109,Data missing or out of range,Back,2004
2004070404882,26 - 35,,Urban area,1.0,,,,Data missing or out of range,Data missing or out of range,SCANIA,,,Male,,No tow/articulation,Did not leave carriageway,0.0,Waiting to go - held up,1,Goods 7.5 tonnes mgw and over,Data missing or out of range,Did not impact,2004
2004070404936,16 - 20,2.0,Urban area,8.0,124.0,,,Data missing or out of range,Data missing or out of range,HONDA,CITY FLY CLR 125,Petrol,Male,,No tow/articulation,Did not leave carriageway,0.0,Overtaking static vehicle - offside,2,Motorcycle 125cc and under,Data missing or out of range,Nearside,2004
2004070404964,21 - 25,5.0,Urban area,3.0,998.0,,,Data missing or out of range,Data missing or out of range,NISSAN,MICRA EQUATION,Petrol,Male,,No tow/articulation,Did not leave carriageway,0.0,Waiting to turn right,2,109,Data missing or out of range,Back,2004
2004070404973,16 - 20,,Small town,7.0,1396.0,,,Data missing or out of range,Data missing or out of range,MG,ZR+,Petrol,Male,,No tow/articulation,Nearside,0.0,Waiting to go - held up,2,109,Data missing or out of range,Back,2004
2004070405002,26 - 35,9.0,Urban area,9.0,1389.0,,,Data missing or out of range,Data missing or out of range,VAUXHALL,CORSA MERIT AUTO,Petrol,Male,,No tow/articulation,Did not leave carriageway,0.0,Waiting to go - held up,1,109,Data missing or out of range,Front,2004
2004070405006,21 - 25,11.0,Urban area,4.0,999.0,,,Data missing or out of range,Data missing or out of range,FIAT,UNO IE,Petrol,Female,,No tow/articulation,Did not leave carriageway,0.0,Going ahead right-hand bend,1,109,Data missing or out of range,Front,2004
2004070405100,66 - 75,3.0,Small town,,1590.0,,,Data missing or out of range,Data missing or out of range,HONDA,CIVIC SE EXECUTIVE,Petrol,Male,,No tow/articulation,Did not leave carriageway,0.0,Going ahead other,1,109,Data missing or out of range,Nearside,2004
2004070405114,36 - 45,6.0,Urban area,4.0,1597.0,,,Data missing or out of range,Data missing or out of range,FORD,ESCORT FINESSE 16V,Petrol,Male,,No tow/articulation,Did not leave carriageway,0.0,Going ahead other,2,109,Data missing or out of range,Front,2004
2004070405157,Over 75,11.0,Urban area,8.0,1360.0,,,Data missing or out of range,Data missing or out of range,CITROEN,ZX PZAZZ,Petrol,Male,,No tow/articulation,Did not leave carriageway,0.0,Going ahead other,1,109,Data missing or out of range,Offside,2004
2004070405279,46 - 55,,Urban area,7.0,,,,Data missing or out of range,Data missing or out of range,IVECO-FORD,,,Male,,Single trailer,Did not leave carriageway,0.0,Reversing,1,Goods 7.5 tonnes mgw and over,Data missing or out of range,Back,2004
2004070405331,26 - 35,1.0,Urban area,5.0,1199.0,,Tree,Data missing or out of range,Data missing or out of range,VAUXHALL,CORSA LIFE 16V,Petrol,Male,,No tow/articulation,Did not leave carriageway,0.0,Going ahead left-hand bend,1,109,Data missing or out of range,Offside,2004
2004070405337,26 - 35,4.0,Urban area,10.0,973.0,,,Data missing or out of range,Data missing or out of range,VAUXHALL,AGILA,Petrol,Female,Skidded,No tow/articulation,Did not leave carriageway,0.0,Going ahead right-hand bend,3,109,Data missing or out of range,Front,2004
2004070405409,46 - 55,13.0,Urban area,5.0,1598.0,,,Data missing or out of range,Data missing or out of range,VAUXHALL,ASTRA MERIT AUTO,Petrol,Female,,No tow/articulation,Did not leave carriageway,0.0,Turning right,1,109,Data missing or out of range,Offside,2004
2004070405523,36 - 45,,Small town,4.0,,,,Data missing or out of range,Data missing or out of range,ERF,,,Male,,No tow/articulation,Did not leave carriageway,0.0,Parked,2,Goods 7.5 tonnes mgw and over,Data missing or out of range,Front,2004
2004070405540,66 - 75,6.0,Urban area,10.0,1389.0,,,Data missing or out of range,Data missing or out of range,VAUXHALL,CORSA BREEZE HI-TORQ,Petrol,Female,,No tow/articulation,Did not leave carriageway,0.0,Waiting to go - held up,2,109,Data missing or out of range,Back,2004
2004070405553,Data missing or out of range,,Data missing or out of range,,,,,Data missing or out of range,Data missing or out of range,RENAULT,EXTRA,,Not known,,No tow/articulation,Did not leave carriageway,0.0,Reversing,1,109,Data missing or out of range,Back,2004
2004070405689,36 - 45,24.0,Urban area,6.0,249.0,,,Data missing or out of range,Data missing or out of range,HONDA,,Petrol,Male,Skidded,No tow/articulation,Did not leave carriageway,0.0,Going ahead other,2,106,Data missing or out of range,Did not impact,2004
2004070405792,56 - 65,4.0,Urban area,8.0,1796.0,,,Data missing or out of range,Data missing or out of range,ROVER,45 CONNOISSEUR 16V,Petrol,Male,,No tow/articulation,Did not leave carriageway,0.0,Waiting to go - held up,1,109,Data missing or out of range,Back,2004
2004070405802,26 - 35,,Urban area,2.0,1796.0,,,Data missing or out of range,Data missing or out of range,ROVER,75 CLASSIC,Petrol,Male,,No tow/articulation,Did not leave carriageway,0.0,Waiting to turn right,2,109,Data missing or out of range,Back,2004
2004070405867,Over 75,3.0,Rural,5.0,1896.0,,,Data missing or out of range,Data missing or out of range,VOLKSWAGEN,GOLF E SDI,Heavy oil,Male,,No tow/articulation,Did not leave carriageway,0.0,Turning left,1,109,Data missing or out of range,Offside,2004
2004070405912,46 - 55,,Urban area,,2969.0,,,Data missing or out of range,Data missing or out of range,AUDI,A6 SE TDI QUATTRO AUTO,Heavy oil,Male,,No tow/articulation,Did not leave carriageway,0.0,Slowing or stopping,1,109,Data missing or out of range,Front,2004
2004070405918,16 - 20,,Urban area,3.0,49.0,,,Data missing or out of range,Data missing or out of range,SUZUKI,AY 50 K3,Petrol,Male,,No tow/articulation,Did not leave carriageway,0.0,Going ahead other,2,Motorcycle 125cc and under,Data missing or out of range,Front,2004
2004070405949,36 - 45,9.0,Urban area,,1753.0,,,Data missing or out of range,Data missing or out of range,FORD,MONDEO VERONA,Heavy oil,Male,,No tow/articulation,Did not leave carriageway,0.0,Going ahead other,2,109,Data missing or out of range,Front,2004
2004070405955,46 - 55,6.0,Urban area,8.0,1747.0,,,Data missing or out of range,Data missing or out of range,ALFA ROMEO,156 1.8 T SPARK,Petrol,Female,,No tow/articulation,Did not leave carriageway,0.0,Going ahead other,1,109,Data missing or out of range,Front,2004
2004070405976,16 - 20,1.0,Rural,7.0,1599.0,,,Data missing or out of range,Data missing or out of range,FORD,SPORTKA SE,Petrol,Male,Skidded,No tow/articulation,Did not leave carriageway,0.0,Going ahead other,1,109,Data missing or out of range,Front,2004
2004070405980,16 - 20,1.0,Urban area,9.0,1796.0,,,Data missing or out of range,Data missing or out of range,MG,ZR+,Petrol,Male,,No tow/articulation,Did not leave carriageway,0.0,Reversing,2,109,Data missing or out of range,Offside,2004
2004070406051,21 - 25,,Urban area,1.0,1796.0,,,Data missing or out of range,Data missing or out of range,MERCEDES,C180 KOMP. CLASSIC SE A,Petrol,Male,,No tow/articulation,Did not leave carriageway,0.0,Going ahead other,3,109,Data missing or out of range,Back,2004
2004070406165,46 - 55,6.0,Urban area,1.0,1997.0,,,Data missing or out of range,Data missing or out of range,HONDA,ACCORD 2.0I SE,Petrol,Male,,No tow/articulation,Did not leave carriageway,0.0,Turning right,1,109,Data missing or out of range,Offside,2004
2004070406167,Over 75,,Urban area,9.0,1598.0,,,Data missing or out of range,Data missing or out of range,TOYOTA,COROLLA T2 VVT-1,Petrol,Male,,No tow/articulation,Did not leave carriageway,0.0,Going ahead other,2,109,Data missing or out of range,Front,2004
2004070406285,46 - 55,8.0,Urban area,7.0,1783.0,,,Data missing or out of range,Data missing or out of range,RENAULT,LAGUNA RN 1.8,Petrol,Male,,No tow/articulation,Did not leave carriageway,0.0,Waiting to turn right,3,109,Data missing or out of range,Offside,2004
2004070406417,26 - 35,10.0,Urban area,1.0,1360.0,,,Data missing or out of range,Data missing or out of range,CITROEN,ZX NEON,Petrol,Female,,No tow/articulation,Did not leave carriageway,0.0,Going ahead other,1,109,Data missing or out of range,Front,2004
2004070406435,26 - 35,8.0,Small town,6.0,1590.0,,,Data missing or out of range,Data missing or out of range,HONDA,CIVIC COUPE 1.6I LS,Petrol,Male,,No tow/articulation,Did not leave carriageway,0.0,Reversing,2,109,Data missing or out of range,Back,2004
2004070406459,36 - 45,,Rural,8.0,1870.0,,,Data missing or out of range,Data missing or out of range,RENAULT,MEGANE DYNAMIQUE DCI 120,Heavy oil,Male,,No tow/articulation,Did not leave carriageway,0.0,Going ahead other,1,109,Data missing or out of range,Nearside,2004
2004070500005,Data missing or out of range,1.0,Data missing or out of range,,1461.0,Parked vehicle,,Data missing or out of range,Data missing or out of range,RENAULT,MEGANE DYNAMIQUE DCI 80,Heavy oil,Not known,,No tow/articulation,Did not leave carriageway,0.0,Going ahead other,1,109,Data missing or out of range,Front,2004
2004100014604,Data missing or out of range,9.0,Data missing or out of range,,998.0,,,Data missing or out of range,Data missing or out of range,NISSAN,MICRA 1.0 L,Petrol,Female,,No tow/articulation,Did not leave carriageway,0.0,Going ahead other,1,109,Data missing or out of range,Front,2004
2004100021504,Data missing or out of range,16.0,Data missing or out of range,,1108.0,,,Data missing or out of range,Data missing or out of range,RENAULT,5 CAMPUS,Petrol,Female,Skidded,No tow/articulation,Did not leave carriageway,0.0,Going ahead other,1,109,Data missing or out of range,Front,2004
2004100024304,21 - 25,12.0,Urban area,3.0,5480.0,,,Data missing or out of range,Data missing or out of range,VOLVO,,Heavy oil,Male,,No tow/articulation,Did not leave carriageway,0.0,Turning left,1,Van / Goods 3.5 tonnes mgw or under,Data missing or out of range,Offside,2004
2004100026904,26 - 35,7.0,Data missing or out of range,,1798.0,,,Data missing or out of range,Data missing or out of range,VAUXHALL,VECTRA ARCTIC V6,Petrol,Male,,No tow/articulation,Did not leave carriageway,0.0,Turning left,1,109,Data missing or out of range,Front,2004
2004100035704,36 - 45,12.0,Small town,5.0,1796.0,,,Data missing or out of range,Data missing or out of range,FORD,ORION LX I,Petrol,Male,,No tow/articulation,Did not leave carriageway,0.0,Waiting to turn right,2,109,Data missing or out of range,Back,2004
2004100041904,36 - 45,15.0,Urban area,2.0,,,,Data missing or out of range,Data missing or out of range,SCANIA,,Heavy oil,Male,,No tow/articulation,Did not leave carriageway,0.0,Going ahead other,1,Bus or coach (17 or more pass seats),Data missing or out of range,Front,2004
2004100048504,46 - 55,2.0,Small town,7.0,2402.0,,,Data missing or out of range,Data missing or out of range,FORD,TRANSIT 350 LWB TD,Heavy oil,Male,,No tow/articulation,Did not leave carriageway,0.0,Reversing,1,Van / Goods 3.5 tonnes mgw or under,Data missing or out of range,Back,2004
2004100051504,16 - 20,1.0,Data missing or out of range,,1896.0,,,Data missing or out of range,Data missing or out of range,VOLKSWAGEN,POLO SPORT TDI,Heavy oil,Female,,No tow/articulation,Did not leave carriageway,0.0,Turning right,2,109,Data missing or out of range,Nearside,2004
2004100052504,26 - 35,1.0,Urban area,2.0,998.0,,,Data missing or out of range,Data missing or out of range,TOYOTA,YARIS VVTI COLOUR COLLECTIO,Petrol,Female,,No tow/articulation,Did not leave carriageway,0.0,Going ahead other,2,109,Data missing or out of range,Nearside,2004
2004100053504,56 - 65,6.0,Urban area,8.0,4398.0,,,Data missing or out of range,Data missing or out of range,BMW,540I TOURING AUTO,Petrol,Male,,No tow/articulation,Did not leave carriageway,0.0,Going ahead other,2,109,Data missing or out of range,Front,2004
2004100058404,46 - 55,,Urban area,4.0,,Kerb,Other permanent object,Data missing or out of range,Data missing or out of range,LEYLAND DAF,400 SERIES DIESEL,,Male,,No tow/articulation,Offside,0.0,Going ahead other,1,Van / Goods 3.5 tonnes mgw or under,Data missing or out of range,Front,2004
2004100081304,36 - 45,15.0,Data missing or out of range,,,,,Data missing or out of range,Data missing or out of range,SCANIA,,Heavy oil,Female,,No tow/articulation,Did not leave carriageway,0.0,Waiting to go - held up,4,Bus or coach (17 or more pass seats),Data missing or out of range,Did not impact,2004
2004100083504,Over 75,4.0,Rural,8.0,1396.0,,,Data missing or out of range,Data missing or out of range,HONDA,CIVIC TROPICA,Petrol,Male,,No tow/articulation,Did not leave carriageway,0.0,Going ahead other,1,109,Data missing or out of range,Did not impact,2004
2004100097804,46 - 55,12.0,Urban area,1.0,,,,Data missing or out of range,Data missing or out of range,DENNIS,,Heavy oil,Male,,No tow/articulation,Did not leave carriageway,2.0,Moving off,1,Bus or coach (17 or more pass seats),Data missing or out of range,Did not impact,2004
2004100103304,66 - 75,13.0,Data missing or out of range,,1396.0,,,Data missing or out of range,Data missing or out of range,ROVER,214 GSI,Petrol,Male,,No tow/articulation,Did not leave carriageway,0.0,Going ahead other,1,109,Data missing or out of range,Front,2004
2004100111404,21 - 25,11.0,Urban area,6.0,1120.0,,,Data missing or out of range,Data missing or out of range,ROVER,METRO MANHATTAN,Petrol,Male,Skidded,No tow/articulation,Did not leave carriageway,0.0,Going ahead other,1,109,Data missing or out of range,Front,2004
2004100114604,46 - 55,10.0,Urban area,,9600.0,,,Data missing or out of range,Data missing or out of range,VOLVO,,Heavy oil,Male,,No tow/articulation,Did not leave carriageway,0.0,Going ahead other,1,Bus or coach (17 or more pass seats),Data missing or out of range,Did not impact,2004
2004100129604,56 - 65,2.0,Urban area,1.0,1587.0,,,Data missing or out of range,Data missing or out of range,CITROEN,XSARA PICASSO LX 8V,Petrol,Female,,No tow/articulation,Did not leave carriageway,0.0,Going ahead other,2,109,Data missing or out of range,Nearside,2004
2004100144704,21 - 25,1.0,Urban area,1.0,102.0,Kerb,,Data missing or out of range,Data missing or out of range,HONDA,SCV100F-E,Petrol,Male,,No tow/articulation,Nearside,0.0,Going ahead other,1,Motorcycle 125cc and under,Data missing or out of range,Front,2004
2004100145004,46 - 55,5.0,Data missing or out of range,,6871.0,,,Data missing or out of range,Data missing or out of range,MAN,,Heavy oil,Male,,No tow/articulation,Did not leave carriageway,2.0,Waiting to go - held up,1,Bus or coach (17 or more pass seats),Data missing or out of range,Did not impact,2004
2004100148404,36 - 45,3.0,Urban area,7.0,4116.0,,,Data missing or out of range,Data missing or out of range,RENAULT,,Heavy oil,Male,,No tow/articulation,Did not leave carriageway,0.0,Turning left,1,Goods 7.5 tonnes mgw and over,Data missing or out of range,Front,2004
2004100153104,36 - 45,5.0,Urban area,6.0,1275.0,,,Data missing or out of range,Data missing or out of range,NISSAN,MICRA SI,Petrol,Female,,No tow/articulation,Did not leave carriageway,0.0,Going ahead other,1,109,Data missing or out of range,Front,2004