Accident_Index,Age_Band_of_Driver,Age_of_Vehicle,Driver_Home_Area_Type,Driver_IMD_Decile,Engine_Capacity_.CC.,Hit_Object_in_Carriageway,Hit_Object_off_Carriageway,Journey_Purpose_of_Driver,Junction_Location,make,model,Propulsion_Code,Sex_of_Driver,Skidding_and_Overturning,Towing_and_Articulation,Vehicle_Leaving_Carriageway,Vehicle_Location.Restricted_Lane,Vehicle_Manoeuvre,Vehicle_Reference,Vehicle_Type,Was_Vehicle_Left_Hand_Drive,X1st_Point_of_Impact,Year
2004100157204,Data missing or out of range,1.0,Data missing or out of range,,1399.0,Parked vehicle,,Data missing or out of range,Data missing or out of range,FORD,FIESTA ZETEC TDCI,Heavy oil,Male,Skidded,No tow/articulation,Did not leave carriageway,0.0,Going ahead other,1,109,Data missing or out of range,Front,2004
2004100188304,46 - 55,2.0,Urban area,1.0,1461.0,,,Data missing or out of range,Data missing or out of range,RENAULT,CLIO EXPRESSION DCI 65,Heavy oil,Female,,No tow/articulation,Did not leave carriageway,0.0,Going ahead other,1,109,Data missing or out of range,Front,2004
2004100215504,36 - 45,1.0,Small town,8.0,1587.0,,,Data missing or out of range,Data missing or out of range,CITROEN,XSARA PICASSO DESIRE 2,Petrol,Female,,No tow/articulation,Did not leave carriageway,0.0,Going ahead other,2,109,Data missing or out of range,Nearside,2004
2004100221104,26 - 35,1.0,Urban area,3.0,1997.0,,,Data missing or out of range,Data missing or out of range,PEUGEOT,206 ALLURE,Petrol,Female,,No tow/articulation,Nearside,0.0,Slowing or stopping,2,109,Data missing or out of range,Back,2004
2004100227504,16 - 20,6.0,Urban area,3.0,1781.0,,,Data missing or out of range,Data missing or out of range,AUDI,A6 1.8T,Petrol,Male,,No tow/articulation,Did not leave carriageway,0.0,Going ahead other,1,109,Data missing or out of range,Front,2004
2004100235904,56 - 65,,Rural,8.0,1587.0,,,Data missing or out of range,Data missing or out of range,PEUGEOT,206 ALLURE,Petrol,Male,,No tow/articulation,Did not leave carriageway,0.0,Turning left,2,109,Data missing or out of range,Front,2004
2004100238304,46 - 55,4.0,Data missing or out of range,,4116.0,,,Data missing or out of range,Data missing or out of range,RENAULT,,Heavy oil,Male,,No tow/articulation,Did not leave carriageway,0.0,Going ahead other,1,Van / Goods 3.5 tonnes mgw or under,Data missing or out of range,Front,2004
2004100301504,26 - 35,11.0,Data missing or out of range,,1392.0,,,Data missing or out of range,Data missing or out of range,NISSAN,SUNNY LX FLAMENCO,Petrol,Female,,No tow/articulation,Did not leave carriageway,0.0,Waiting to go - held up,2,109,Data missing or out of range,Back,2004
2004100321504,56 - 65,3.0,Urban area,1.0,,,Bus stop or bus shelter,Data missing or out of range,Data missing or out of range,DAF,,Heavy oil,Male,,No tow/articulation,Did not leave carriageway,0.0,Slowing or stopping,1,Bus or coach (17 or more pass seats),Data missing or out of range,Front,2004
2004100339804,36 - 45,1.0,Urban area,2.0,8871.0,,,Data missing or out of range,Data missing or out of range,MAN,,Heavy oil,Male,,No tow/articulation,Did not leave carriageway,0.0,Moving off,1,Bus or coach (17 or more pass seats),Data missing or out of range,Did not impact,2004
2004100343304,56 - 65,10.0,Data missing or out of range,,1389.0,,,Data missing or out of range,Data missing or out of range,VAUXHALL,ASTRA LSI,Petrol,Male,Skidded,No tow/articulation,Did not leave carriageway,0.0,Going ahead other,1,109,Data missing or out of range,Front,2004
2004100348104,21 - 25,,Urban area,1.0,1396.0,,,Data missing or out of range,Data missing or out of range,MG,ZR+,Petrol,Female,Skidded,No tow/articulation,Did not leave carriageway,0.0,Going ahead other,1,109,Data missing or out of range,Front,2004
2004100349004,26 - 35,4.0,Data missing or out of range,,1796.0,,,Data missing or out of range,Data missing or out of range,VAUXHALL,VECTRA CLUB AUTO,Petrol,Male,,No tow/articulation,Did not leave carriageway,0.0,Waiting to go - held up,1,109,Data missing or out of range,Back,2004
2004100356004,46 - 55,1.0,Urban area,3.0,1422.0,,,Data missing or out of range,Data missing or out of range,VOLKSWAGEN,POLO S TDI,Heavy oil,Male,,No tow/articulation,Did not leave carriageway,0.0,Going ahead right-hand bend,2,109,Data missing or out of range,Front,2004
2004100363504,Data missing or out of range,3.0,Small town,1.0,5883.0,,Other permanent object,Data missing or out of range,Data missing or out of range,DENNIS,,Heavy oil,Male,Skidded,No tow/articulation,Did not leave carriageway,0.0,Going ahead other,1,Bus or coach (17 or more pass seats),Data missing or out of range,Front,2004
2004100371804,36 - 45,2.0,Data missing or out of range,,2953.0,,,Data missing or out of range,Data missing or out of range,NISSAN,TERRANO SVE TD,Heavy oil,Male,,No tow/articulation,Did not leave carriageway,0.0,Waiting to go - held up,2,109,Data missing or out of range,Back,2004
2004100377004,Data missing or out of range,1.0,Data missing or out of range,,11705.0,,,Data missing or out of range,Data missing or out of range,SCANIA,,Heavy oil,Male,,No tow/articulation,Did not leave carriageway,0.0,Going ahead other,1,Goods 7.5 tonnes mgw and over,Data missing or out of range,Front,2004
2004100383104,21 - 25,5.0,Data missing or out of range,,1199.0,,,Data missing or out of range,Data missing or out of range,VAUXHALL,CORSA GLS 16V AUTO,Petrol,Male,,No tow/articulation,Did not leave carriageway,0.0,Slowing or stopping,2,109,Data missing or out of range,Nearside,2004
2004100430504,46 - 55,13.0,Small town,5.0,954.0,,,Data missing or out of range,Data missing or out of range,PEUGEOT,205 TRIO,Petrol,Male,Skidded,No tow/articulation,Did not leave carriageway,0.0,Going ahead other,1,109,Data missing or out of range,Front,2004
2004100451604,Over 75,2.0,Urban area,9.0,998.0,,Road sign or traffic signal,Data missing or out of range,Data missing or out of range,NISSAN,MICRA TEMPEST CVT,Petrol,Female,,No tow/articulation,Offside,0.0,Going ahead other,2,109,Data missing or out of range,Nearside,2004
2004100458704,16 - 20,1.0,Urban area,6.0,1149.0,Kerb,Near/Offside crash barrier,Data missing or out of range,Data missing or out of range,RENAULT,CLIO DYNAM BILLABONG 16V,Petrol,Male,Overturned,No tow/articulation,Did not leave carriageway,0.0,Going ahead other,1,109,Data missing or out of range,Front,2004
2004100500804,26 - 35,4.0,Urban area,7.0,1390.0,,,Data missing or out of range,Data missing or out of range,RENAULT,MEGANE SCENIC 16V,Petrol,Female,,No tow/articulation,Did not leave carriageway,0.0,Going ahead other,2,109,Data missing or out of range,Back,2004
2004100504104,26 - 35,8.0,Data missing or out of range,,1341.0,,,Data missing or out of range,Data missing or out of range,HYUNDAI,ACCENT LS,Petrol,Male,,No tow/articulation,Did not leave carriageway,0.0,Waiting to go - held up,2,109,Data missing or out of range,Back,2004
2004100511404,66 - 75,,Rural,6.0,,,,Data missing or out of range,Data missing or out of range,VOLKSWAGEN,TRANSPORTER T28 85 TDI,,Male,,No tow/articulation,Did not leave carriageway,0.0,Going ahead other,3,109,Data missing or out of range,Back,2004
2004100513904,21 - 25,2.0,Urban area,2.0,1149.0,,Telegraph or electricity pole,Data missing or out of range,Data missing or out of range,RENAULT,CLIO DYNAMIQUE 16V,Petrol,Female,,No tow/articulation,Offside,0.0,Going ahead right-hand bend,1,109,Data missing or out of range,Front,2004
2004100532204,26 - 35,1.0,Rural,8.0,1796.0,,,Data missing or out of range,Data missing or out of range,VAUXHALL,ASTRA LINEA ROSSA COUPE,Petrol,Female,,No tow/articulation,Did not leave carriageway,0.0,Turning right,1,109,Data missing or out of range,Offside,2004
2004100541404,46 - 55,,Data missing or out of range,,1998.0,,,Data missing or out of range,Data missing or out of range,MAZDA,6 TS DIESEL,Heavy oil,Male,,No tow/articulation,Did not leave carriageway,0.0,Going ahead other,1,109,Data missing or out of range,Front,2004
2004100565304,16 - 20,6.0,Urban area,3.0,1298.0,,Other permanent object,Data missing or out of range,Data missing or out of range,HYUNDAI,ACCENT LS,Petrol,Female,,No tow/articulation,Nearside and rebounded,0.0,Turning right,2,109,Data missing or out of range,Offside,2004
2004100591304,Data missing or out of range,5.0,Urban area,7.0,1597.0,,,Data missing or out of range,Data missing or out of range,NISSAN,PRIMERA EQUATION,Petrol,Female,,No tow/articulation,Did not leave carriageway,0.0,Turning left,2,109,Data missing or out of range,Front,2004
2004100593704,Data missing or out of range,,Data missing or out of range,,1896.0,,,Data missing or out of range,Data missing or out of range,SEAT,ALTEA STYLANCE TDI,Heavy oil,Male,,No tow/articulation,Did not leave carriageway,0.0,Going ahead other,4,109,Data missing or out of range,Back,2004
2004100602004,36 - 45,2.0,Data missing or out of range,,2319.0,,,Data missing or out of range,Data missing or out of range,VOLVO,,Petrol,Male,,No tow/articulation,Did not leave carriageway,0.0,Going ahead other,5,109,Data missing or out of range,Nearside,2004
2004100602704,Data missing or out of range,5.0,Urban area,8.0,6871.0,,,Data missing or out of range,Data missing or out of range,MAN,,Heavy oil,Male,,No tow/articulation,Did not leave carriageway,0.0,Turning right,1,Bus or coach (17 or more pass seats),Data missing or out of range,Did not impact,2004
2004100606404,26 - 35,6.0,Data missing or out of range,,1275.0,,,Data missing or out of range,Data missing or out of range,NISSAN,MICRA GX,Petrol,Female,,No tow/articulation,Did not leave carriageway,0.0,Turning left,1,109,Data missing or out of range,Did not impact,2004
2004100615604,26 - 35,4.0,Urban area,7.0,1997.0,,,Data missing or out of range,Data missing or out of range,PEUGEOT,406 LX HDI (110),Heavy oil,Male,,No tow/articulation,Did not leave carriageway,0.0,Waiting to go - held up,2,109,Data missing or out of range,Front,2004
2004100623904,36 - 45,6.0,Urban area,10.0,892.0,,,Data missing or out of range,Data missing or out of range,YAMAHA,XJ 900 S,Petrol,Male,,No tow/articulation,Did not leave carriageway,0.0,Going ahead left-hand bend,2,106,Data missing or out of range,Front,2004
2004100624004,11 - 15,23.0,Data missing or out of range,,249.0,Kerb,Central crash barrier,Data missing or out of range,Data missing or out of range,HONDA,,Petrol,Male,,No tow/articulation,Offside on to central reservation,0.0,Going ahead other,1,106,Data missing or out of range,Offside,2004
2004100634804,Data missing or out of range,8.0,Data missing or out of range,,,,,Data missing or out of range,Data missing or out of range,SCANIA,,Heavy oil,Male,,No tow/articulation,Did not leave carriageway,0.0,Going ahead other,1,Bus or coach (17 or more pass seats),Data missing or out of range,Front,2004
2004100639604,26 - 35,6.0,Urban area,2.0,1341.0,,,Data missing or out of range,Data missing or out of range,HYUNDAI,ACCENT COUPE SI,Petrol,Male,,No tow/articulation,Did not leave carriageway,0.0,Going ahead other,1,109,Data missing or out of range,Front,2004
2004100656704,Data missing or out of range,4.0,Data missing or out of range,,598.0,,,Data missing or out of range,Data missing or out of range,HONDA,,Petrol,Female,,No tow/articulation,Did not leave carriageway,0.0,Going ahead other,1,106,Data missing or out of range,Front,2004
2004100668704,26 - 35,,Urban area,2.0,1686.0,,,Data missing or out of range,Data missing or out of range,VAUXHALL,COMBO 1700 DI,Heavy oil,Male,,No tow/articulation,Did not leave carriageway,0.0,Waiting to turn left,1,Van / Goods 3.5 tonnes mgw or under,Data missing or out of range,Nearside,2004
2004100684404,46 - 55,7.0,Data missing or out of range,,1275.0,,,Data missing or out of range,Data missing or out of range,NISSAN,MICRA GX,Petrol,Male,,No tow/articulation,Did not leave carriageway,0.0,Going ahead other,4,109,Data missing or out of range,Back,2004
2004100704104,26 - 35,,Urban area,1.0,124.0,,,Data missing or out of range,Data missing or out of range,HONDA,,Petrol,Male,Skidded,No tow/articulation,Did not leave carriageway,0.0,Going ahead other,2,Motorcycle 125cc and under,Data missing or out of range,Front,2004
2004100736504,46 - 55,8.0,Data missing or out of range,,3972.0,,,Data missing or out of range,Data missing or out of range,MERCEDES,,Heavy oil,Male,,No tow/articulation,Did not leave carriageway,0.0,Going ahead other,1,Bus or coach (17 or more pass seats),Data missing or out of range,Front,2004
2004100740004,36 - 45,2.0,Rural,9.0,2664.0,,,Data missing or out of range,Data missing or out of range,NISSAN,,Heavy oil,Female,,No tow/articulation,Did not leave carriageway,0.0,Waiting to go - held up,2,109,Data missing or out of range,Back,2004
2004100742404,21 - 25,8.0,Data missing or out of range,,1389.0,,,Data missing or out of range,Data missing or out of range,VAUXHALL,ASTRA MERIT,Petrol,Female,Skidded,No tow/articulation,Did not leave carriageway,0.0,Going ahead right-hand bend,2,109,Data missing or out of range,Front,2004
2004100773704,26 - 35,7.0,Urban area,2.0,1597.0,,,Data missing or out of range,Data missing or out of range,FORD,ESCORT SERENADE 16V,Petrol,Female,,No tow/articulation,Did not leave carriageway,0.0,Going ahead other,1,109,Data missing or out of range,Front,2004
2004100781904,26 - 35,1.0,Small town,2.0,781.0,,,Data missing or out of range,Data missing or out of range,HONDA,,Petrol,Male,,No tow/articulation,Did not leave carriageway,0.0,Going ahead other,2,106,Data missing or out of range,Front,2004
2004100785804,21 - 25,10.0,Data missing or out of range,,1196.0,,,Data missing or out of range,Data missing or out of range,VAUXHALL,CORSA SWING,Petrol,Female,,No tow/articulation,Did not leave carriageway,0.0,Going ahead other,1,109,Data missing or out of range,Front,2004
2004100805304,36 - 45,1.0,Urban area,2.0,1686.0,,,Data missing or out of range,Data missing or out of range,HONDA,CIVIC CTDI S,Heavy oil,Female,,No tow/articulation,Did not leave carriageway,0.0,Waiting to go - held up,2,109,Data missing or out of range,Back,2004
2004100818104,56 - 65,4.0,Urban area,10.0,3999.0,,Other permanent object,Data missing or out of range,Data missing or out of range,JAGUAR,XJR V8 AUTO,Petrol,Male,Overturned,No tow/articulation,Nearside,0.0,Going ahead other,1,109,Data missing or out of range,Front,2004
2004100857604,36 - 45,3.0,Urban area,9.0,1994.0,,,Data missing or out of range,Data missing or out of range,SUBARU,IMPREZA GX AWD,Petrol,Male,,No tow/articulation,Did not leave carriageway,0.0,Waiting to go - held up,2,109,Data missing or out of range,Back,2004
2004100866004,36 - 45,,Urban area,10.0,1870.0,,,Data missing or out of range,Data missing or out of range,VAUXHALL,VIVARO 2900 DI LWB,Heavy oil,Male,Skidded,No tow/articulation,Did not leave carriageway,0.0,Going ahead other,1,Van / Goods 3.5 tonnes mgw or under,Data missing or out of range,Front,2004
2004100868104,26 - 35,8.0,Urban area,1.0,,,,Data missing or out of range,Data missing or out of range,DENNIS,,Heavy oil,Male,,No tow/articulation,Did not leave carriageway,0.0,Going ahead other,2,Bus or coach (17 or more pass seats),Data missing or out of range,Front,2004
2004100873604,46 - 55,1.0,Urban area,7.0,1398.0,,,Data missing or out of range,Data missing or out of range,PEUGEOT,307 S HDI,Heavy oil,Female,,No tow/articulation,Did not leave carriageway,0.0,Going ahead other,2,109,Data missing or out of range,Nearside,2004
2004100894904,21 - 25,5.0,Urban area,6.0,1199.0,,,Data missing or out of range,Data missing or out of range,VAUXHALL,CORSA 16V,Petrol,Female,,No tow/articulation,Did not leave carriageway,0.0,Waiting to go - held up,2,109,Data missing or out of range,Back,2004
2004100916404,26 - 35,,Data missing or out of range,,790.0,,,Data missing or out of range,Data missing or out of range,TRIUMPH,BONNEVILLE T100,Petrol,Male,,No tow/articulation,Did not leave carriageway,0.0,Overtaking static vehicle - offside,2,106,Data missing or out of range,Front,2004
2004100930404,21 - 25,,Data missing or out of range,,,,,Data missing or out of range,Data missing or out of range,VAUXHALL,VECTRA ELEGANCE DTI 16V,,Female,Overturned,Articulated vehicle,Did not leave carriageway,0.0,Going ahead other,1,Goods 7.5 tonnes mgw and over,Data missing or out of range,Front,2004
2004100935104,Data missing or out of range,5.0,Urban area,5.0,1769.0,,,Data missing or out of range,Data missing or out of range,NISSAN,PRIMERA S,Petrol,Male,,No tow/articulation,Did not leave carriageway,0.0,Changing lane to left,1,109,Data missing or out of range,Nearside,2004
2004100936004,26 - 35,,Small town,4.0,,,,Data missing or out of range,Data missing or out of range,SCANIA,,,Female,,No tow/articulation,Did not leave carriageway,0.0,Going ahead other,3,109,Data missing or out of range,Back,2004
2004100945404,56 - 65,4.0,Urban area,6.0,1998.0,,,Data missing or out of range,Data missing or out of range,NISSAN,PRIMERA S,Petrol,Female,,No tow/articulation,Did not leave carriageway,0.0,Going ahead other,1,109,Data missing or out of range,Front,2004
2004100956104,16 - 20,11.0,Urban area,10.0,1905.0,,,Data missing or out of range,Data missing or out of range,CITROEN,ZX VOLCANE TD,Heavy oil,Male,,No tow/articulation,Did not leave carriageway,0.0,Going ahead other,1,109,Data missing or out of range,Front,2004
2004100982204,Data missing or out of range,8.0,Data missing or out of range,,2498.0,,,Data missing or out of range,Data missing or out of range,VAUXHALL,VECTRA CDX V6 AUTO,Petrol,Not known,,No tow/articulation,Did not leave carriageway,2.0,Turning left,1,109,Data missing or out of range,Did not impact,2004
2004100990904,26 - 35,3.0,Urban area,9.0,1422.0,,,Data missing or out of range,Data missing or out of range,VOLKSWAGEN,POLO COLOUR CONCEPT TDI,Heavy oil,Male,,No tow/articulation,Did not leave carriageway,0.0,Waiting to go - held up,2,109,Data missing or out of range,Back,2004
2004100995704,66 - 75,3.0,Small town,3.0,1199.0,,,Data missing or out of range,Data missing or out of range,VAUXHALL,CORSA COMFORT 16V,Petrol,Male,,No tow/articulation,Did not leave carriageway,0.0,Reversing,1,109,Data missing or out of range,Back,2004
2004101002004,46 - 55,13.0,Data missing or out of range,,,,,Data missing or out of range,Data missing or out of range,SCANIA,,Heavy oil,Male,,No tow/articulation,Did not leave carriageway,0.0,Parked,2,Bus or coach (17 or more pass seats),Data missing or out of range,Front,2004
2004101020704,26 - 35,3.0,Data missing or out of range,,1390.0,,,Data missing or out of range,Data missing or out of range,RENAULT,KANGOO RN HELIOS,Petrol,Male,,No tow/articulation,Did not leave carriageway,0.0,Going ahead other,1,109,Data missing or out of range,Front,2004
2004101049104,26 - 35,,Data missing or out of range,,,,,Data missing or out of range,Data missing or out of range,VAUXHALL,COMBO CLUB DIESEL,,Male,,No tow/articulation,Did not leave carriageway,0.0,Waiting to go - held up,2,109,Data missing or out of range,Back,2004
2004101050004,Data missing or out of range,,Data missing or out of range,,11705.0,,,Data missing or out of range,Data missing or out of range,SCANIA,,Heavy oil,Male,,No tow/articulation,Did not leave carriageway,0.0,Going ahead other,1,Goods 7.5 tonnes mgw and over,Data missing or out of range,Offside,2004
2004101059104,56 - 65,6.0,Urban area,10.0,2771.0,,,Data missing or out of range,Data missing or out of range,AUDI,A8 2.8 AUTO,Petrol,Female,,No tow/articulation,Did not leave carriageway,0.0,Turning right,1,109,Data missing or out of range,Offside,2004
2004101059904,56 - 65,2.0,Urban area,8.0,1598.0,,,Data missing or out of range,Data missing or out of range,RENAULT,MEGANE EXPRESSION+ AUTO,Petrol,Male,,No tow/articulation,Did not leave carriageway,0.0,Moving off,1,109,Data missing or out of range,Did not impact,2004
2004101062704,36 - 45,1.0,Urban area,6.0,1998.0,,,Data missing or out of range,Data missing or out of range,MAZDA,6 TS2 DIESEL,Heavy oil,Male,,No tow/articulation,Did not leave carriageway,0.0,Going ahead left-hand bend,3,109,Data missing or out of range,Back,2004
200411AA02320,36 - 45,16.0,Small town,1.0,2304.0,,,Data missing or out of range,Data missing or out of range,FORD,SIERRA SAPPHIRE L DIESEL,Heavy oil,Male,,No tow/articulation,Did not leave carriageway,0.0,Turning right,1,109,Data missing or out of range,Nearside,2004
200411AA19320,56 - 65,2.0,Data missing or out of range,,2496.0,,,Data missing or out of range,Data missing or out of range,AUDI,A6 2.5 TDI SE,Heavy oil,Male,,No tow/articulation,Did not leave carriageway,0.0,Going ahead other,1,109,Data missing or out of range,Offside,2004
200411AA24910,21 - 25,9.0,Data missing or out of range,,1468.0,,Other permanent object,Data missing or out of range,Data missing or out of range,HYUNDAI,LANTRA LS,Petrol,Male,Skidded and overturned,No tow/articulation,Offside and rebounded,0.0,Going ahead right-hand bend,1,109,Data missing or out of range,Offside,2004
200411AA31400,26 - 35,4.0,Small town,7.0,1149.0,,,Data missing or out of range,Data missing or out of range,RENAULT,CLIO LIBERTE,Petrol,Male,Skidded,No tow/articulation,Did not leave carriageway,0.0,Overtaking moving vehicle - offside,1,109,Data missing or out of range,Front,2004
200411AK08670,46 - 55,2.0,Urban area,2.0,1328.0,,,Data missing or out of range,Data missing or out of range,SUZUKI,IGNIS GL,Petrol,Female,,No tow/articulation,Did not leave carriageway,0.0,Going ahead other,1,109,Data missing or out of range,Nearside,2004
200411AK10810,26 - 35,1.0,Urban area,3.0,125.0,Bollard or refuge,,Data missing or out of range,Data missing or out of range,HONDA,SES 125-4,Petrol,Male,,No tow/articulation,Did not leave carriageway,0.0,Going ahead other,1,Motorcycle 125cc and under,Data missing or out of range,Front,2004
200411AK16030,56 - 65,5.0,Urban area,10.0,1598.0,,,Data missing or out of range,Data missing or out of range,RENAULT,MEGANE RT SPORT 1.6E,Petrol,Male,,No tow/articulation,Did not leave carriageway,0.0,Turning right,1,109,Data missing or out of range,Back,2004
200411AK19620,36 - 45,,Small town,7.0,49.0,,,Data missing or out of range,Data missing or out of range,TAISHAN,,Petrol,Male,,No tow/articulation,Did not leave carriageway,0.0,Turning right,2,Motorcycle 125cc and under,Data missing or out of range,Back,2004
200411AK29470,66 - 75,4.0,Urban area,8.0,998.0,,,Data missing or out of range,Data missing or out of range,NISSAN,MICRA CELEBRATION 16V,Petrol,Female,Skidded,No tow/articulation,Nearside,0.0,Overtaking moving vehicle - offside,1,109,Data missing or out of range,Front,2004
200411BD03080,36 - 45,6.0,Urban area,10.0,1589.0,,,Data missing or out of range,Data missing or out of range,ROVER,416S,Petrol,Female,,No tow/articulation,Did not leave carriageway,0.0,Going ahead other,1,109,Data missing or out of range,Front,2004
200411BD35140,26 - 35,,Urban area,4.0,,,,Data missing or out of range,Data missing or out of range,DENNIS,,,Male,,No tow/articulation,Did not leave carriageway,0.0,Parked,2,Van / Goods 3.5 tonnes mgw or under,Data missing or out of range,Back,2004
200411BE05090,21 - 25,6.0,Urban area,5.0,1149.0,,,Data missing or out of range,Data missing or out of range,RENAULT,CLIO BIARRITZ,Petrol,Female,,No tow/articulation,Did not leave carriageway,0.0,Turning right,2,109,Data missing or out of range,Back,2004
200411BE11040,16 - 20,9.0,Urban area,5.0,998.0,,,Data missing or out of range,Data missing or out of range,NISSAN,MICRA HOLLYWOOD,Petrol,Female,,No tow/articulation,Did not leave carriageway,0.0,Going ahead other,1,109,Data missing or out of range,Front,2004
200411BE14220,46 - 55,8.0,Urban area,4.0,1527.0,,,Data missing or out of range,Data missing or out of range,PEUGEOT,106 XRAD,Heavy oil,Male,,No tow/articulation,Did not leave carriageway,0.0,Slowing or stopping,1,Van / Goods 3.5 tonnes mgw or under,Data missing or out of range,Front,2004
200411BE18020,21 - 25,8.0,Urban area,1.0,1341.0,,,Data missing or out of range,Data missing or out of range,HYUNDAI,ACCENT LS,Petrol,Female,,No tow/articulation,Did not leave carriageway,0.0,Going ahead other,2,109,Data missing or out of range,Front,2004
200411BE18490,16 - 20,9.0,Rural,2.0,1119.0,,,Data missing or out of range,Data missing or out of range,FORD,FIESTA I,Petrol,Male,Skidded,No tow/articulation,Did not leave carriageway,0.0,Going ahead other,1,109,Data missing or out of range,Front,2004
200411BE22250,26 - 35,,Urban area,1.0,,Kerb,Near/Offside crash barrier,Data missing or out of range,Data missing or out of range,FORD,TRANSIT 260 SWB TD,,Male,,No tow/articulation,Offside and rebounded,0.0,Going ahead other,1,109,Data missing or out of range,Offside,2004
200411BE28070,16 - 20,7.0,Urban area,3.0,1341.0,,Other permanent object,Data missing or out of range,Data missing or out of range,HYUNDAI,ACCENT COUPE SI,Petrol,Male,Skidded,No tow/articulation,Offside,0.0,Going ahead right-hand bend,1,109,Data missing or out of range,Front,2004
200411CG05180,21 - 25,5.0,Urban area,2.0,1242.0,,,Data missing or out of range,Data missing or out of range,FIAT,PUNTO 60 TEAM,Petrol,Female,,No tow/articulation,Did not leave carriageway,0.0,Waiting to turn right,2,109,Data missing or out of range,Back,2004
200411CG05730,56 - 65,1.0,Urban area,2.0,1587.0,,,Data missing or out of range,Data missing or out of range,CITROEN,XSARA PICASSO LX 8V,Petrol,Male,,No tow/articulation,Did not leave carriageway,0.0,Going ahead other,1,109,Data missing or out of range,Offside,2004
200411CG07920,21 - 25,13.0,Rural,6.0,1297.0,,,Data missing or out of range,Data missing or out of range,FORD,ESCORT QUARTZ,Petrol,Male,,No tow/articulation,Did not leave carriageway,0.0,Changing lane to right,1,109,Data missing or out of range,Nearside,2004
200411CI04080,66 - 75,9.0,Data missing or out of range,,1905.0,,Other permanent object,Data missing or out of range,Data missing or out of range,CITROEN,ZX VOLCANE TD,Heavy oil,Male,,No tow/articulation,Nearside,0.0,Going ahead other,2,109,Data missing or out of range,Offside,2004
200411CI05500,56 - 65,11.0,Small town,3.0,9603.0,,,Data missing or out of range,Data missing or out of range,VOLVO,,Heavy oil,Male,,No tow/articulation,Did not leave carriageway,0.0,Reversing,1,Goods 7.5 tonnes mgw and over,Data missing or out of range,Did not impact,2004
200411CI26300,26 - 35,7.0,Data missing or out of range,,1753.0,,,Data missing or out of range,Data missing or out of range,FORD,FIESTA ENCORE DIESEL,Heavy oil,Male,,No tow/articulation,Did not leave carriageway,0.0,Going ahead other,1,109,Data missing or out of range,Front,2004
200411CI32420,26 - 35,3.0,Data missing or out of range,,1840.0,,,Data missing or out of range,Data missing or out of range,MAZDA,PREMACY GSI,Petrol,Male,,No tow/articulation,Did not leave carriageway,0.0,Parked,4,109,Data missing or out of range,Offside,2004
200411DC13380,46 - 55,10.0,Urban area,9.0,5480.0,,,Data missing or out of range,Data missing or out of range,VOLVO,,Heavy oil,Male,,No tow/articulation,Did not leave carriageway,0.0,Moving off,1,Bus or coach (17 or more pass seats),Data missing or out of range,Did not impact,2004
200411DC24550,36 - 45,,Rural,7.0,2499.0,,,Data missing or out of range,Data missing or out of range,JEEP,CHEROKEE CRD SPORT,Heavy oil,Male,,No tow/articulation,Did not leave carriageway,0.0,Going ahead right-hand bend,2,109,Data missing or out of range,Front,2004
200411DJ01660,46 - 55,6.0,Urban area,2.0,,,,Data missing or out of range,Data missing or out of range,DENNIS,,Heavy oil,Male,,No tow/articulation,Did not leave carriageway,0.0,Going ahead other,1,Bus or coach (17 or more pass seats),Data missing or out of range,Did not impact,2004
200411DJ08600,26 - 35,5.0,Urban area,2.0,1590.0,,,Data missing or out of range,Data missing or out of range,SUZUKI,BALENO GS,Petrol,Female,,No tow/articulation,Did not leave carriageway,0.0,Turning left,1,109,Data missing or out of range,Offside,2004