Accident_Index,Age_Band_of_Driver,Age_of_Vehicle,Driver_Home_Area_Type,Driver_IMD_Decile,Engine_Capacity_.CC.,Hit_Object_in_Carriageway,Hit_Object_off_Carriageway,Journey_Purpose_of_Driver,Junction_Location,make,model,Propulsion_Code,Sex_of_Driver,Skidding_and_Overturning,Towing_and_Articulation,Vehicle_Leaving_Carriageway,Vehicle_Location.Restricted_Lane,Vehicle_Manoeuvre,Vehicle_Reference,Vehicle_Type,Was_Vehicle_Left_Hand_Drive,X1st_Point_of_Impact,Year
200411DJ25830,56 - 65,7.0,Urban area,8.0,1798.0,,,Data missing or out of range,Data missing or out of range,VAUXHALL,VECTRA ARCTIC 16V,Petrol,Male,,No tow/articulation,Did not leave carriageway,0.0,Turning right,3,109,Data missing or out of range,Back,2004
2004120120897,46 - 55,10.0,Urban area,5.0,1120.0,,,Data missing or out of range,Data missing or out of range,ROVER,METRO TAHITI SPECIAL,Petrol,Male,,No tow/articulation,Did not leave carriageway,0.0,Going ahead other,2,109,Data missing or out of range,Front,2004
2004120121059,26 - 35,2.0,Data missing or out of range,,1686.0,,Entered ditch,Data missing or out of range,Data missing or out of range,VAUXHALL,COMBO 1700 DI,Heavy oil,Male,Skidded,No tow/articulation,Nearside,0.0,Going ahead left-hand bend,1,Van / Goods 3.5 tonnes mgw or under,Data missing or out of range,Front,2004
2004120130716,16 - 20,3.0,Data missing or out of range,,1299.0,,,Data missing or out of range,Data missing or out of range,FORD,KA NOW,Petrol,Female,,No tow/articulation,Did not leave carriageway,0.0,Turning left,1,109,Data missing or out of range,Back,2004
2004120230734,36 - 45,5.0,Data missing or out of range,,1998.0,,,Data missing or out of range,Data missing or out of range,KIA,SPORTAGE GLX SE,Petrol,Male,,No tow/articulation,Did not leave carriageway,0.0,Slowing or stopping,2,109,Data missing or out of range,Front,2004
2004120270393,36 - 45,3.0,Data missing or out of range,,5480.0,,,Data missing or out of range,Data missing or out of range,VOLVO,,Heavy oil,Male,,No tow/articulation,Did not leave carriageway,0.0,Turning right,2,Bus or coach (17 or more pass seats),Data missing or out of range,Offside,2004
2004120540222,66 - 75,6.0,Data missing or out of range,,1994.0,,,Data missing or out of range,Data missing or out of range,ROVER,220 DI TURBO,Heavy oil,Male,,No tow/articulation,Nearside and rebounded,0.0,Going ahead other,2,109,Data missing or out of range,Nearside,2004
2004120651007,36 - 45,,Urban area,6.0,1753.0,,,Data missing or out of range,Data missing or out of range,FORD,FOCUS EDGE DIESEL,Heavy oil,Female,,No tow/articulation,Did not leave carriageway,0.0,Going ahead other,1,109,Data missing or out of range,Nearside,2004
2004120660620,36 - 45,11.0,Rural,5.0,1119.0,,,Data missing or out of range,Data missing or out of range,FORD,FIESTA FASHION,Petrol,Male,,No tow/articulation,Did not leave carriageway,0.0,Going ahead other,1,109,Data missing or out of range,Front,2004
2004120670044,46 - 55,3.0,Data missing or out of range,,7300.0,,,Data missing or out of range,Data missing or out of range,VOLVO,,Heavy oil,Male,,No tow/articulation,Did not leave carriageway,0.0,Going ahead other,2,Bus or coach (17 or more pass seats),Data missing or out of range,Did not impact,2004
2004120750049,36 - 45,8.0,Urban area,5.0,1905.0,,,Data missing or out of range,Data missing or out of range,PEUGEOT,405 LXTD,Heavy oil,Male,,No tow/articulation,Did not leave carriageway,0.0,Going ahead right-hand bend,2,109,Data missing or out of range,Front,2004
2004120780360,Over 75,3.0,Data missing or out of range,,998.0,,,Data missing or out of range,Data missing or out of range,NISSAN,MICRA S AUTO,Petrol,Female,,No tow/articulation,Did not leave carriageway,0.0,Slowing or stopping,1,109,Data missing or out of range,Front,2004
2004120780871,16 - 20,9.0,Data missing or out of range,,1343.0,,Tree,Data missing or out of range,Data missing or out of range,HONDA,CIVIC GLACIER,Petrol,Male,,No tow/articulation,Nearside,0.0,Going ahead right-hand bend,1,109,Data missing or out of range,Front,2004
2004120840087,46 - 55,6.0,Urban area,9.0,487.0,,,Data missing or out of range,Data missing or out of range,SUZUKI,GS 500 EW,Petrol,Male,,No tow/articulation,Did not leave carriageway,0.0,Going ahead other,2,106,Data missing or out of range,Front,2004
2004120850077,56 - 65,4.0,Small town,9.0,9600.0,,,Data missing or out of range,Data missing or out of range,VOLVO,,Heavy oil,Male,Skidded,No tow/articulation,Did not leave carriageway,0.0,Going ahead right-hand bend,2,Bus or coach (17 or more pass seats),Data missing or out of range,Front,2004
2004120880461,21 - 25,13.0,Urban area,3.0,599.0,,,Data missing or out of range,Data missing or out of range,HONDA,,Petrol,Male,Skidded,No tow/articulation,Nearside,0.0,Going ahead left-hand bend,1,106,Data missing or out of range,Front,2004
2004120890615,26 - 35,4.0,Data missing or out of range,,1199.0,,Entered ditch,Data missing or out of range,Data missing or out of range,VAUXHALL,AGILA,Petrol,Male,Overturned,No tow/articulation,Nearside,0.0,Going ahead right-hand bend,1,109,Data missing or out of range,Front,2004
2004120910066,36 - 45,,Data missing or out of range,,,,,Data missing or out of range,Data missing or out of range,SCANIA,,,Male,,Articulated vehicle,Did not leave carriageway,0.0,Going ahead other,1,Goods 7.5 tonnes mgw and over,Data missing or out of range,Offside,2004
2004120980092,56 - 65,7.0,Data missing or out of range,,11967.0,,,Data missing or out of range,Data missing or out of range,MAN,,Heavy oil,Male,,Articulated vehicle,Did not leave carriageway,0.0,Going ahead other,1,Goods 7.5 tonnes mgw and over,Data missing or out of range,Front,2004
2004121000569,56 - 65,3.0,Data missing or out of range,,1997.0,,,Data missing or out of range,Data missing or out of range,PEUGEOT,406 LX HDI (90),Heavy oil,Female,,No tow/articulation,Did not leave carriageway,0.0,Waiting to go - held up,3,109,Data missing or out of range,Back,2004
2004121020726,26 - 35,2.0,Data missing or out of range,,1998.0,,,Data missing or out of range,Data missing or out of range,HONDA,CIVIC TYPE-R,Petrol,Male,,No tow/articulation,Did not leave carriageway,0.0,Turning right,2,109,Data missing or out of range,Offside,2004
2004121040156,36 - 45,9.0,Data missing or out of range,,2295.0,,,Data missing or out of range,Data missing or out of range,MERCEDES,E230 AVANTGARDE A,Petrol,Female,,No tow/articulation,Did not leave carriageway,0.0,Going ahead other,2,109,Data missing or out of range,Front,2004
2004121100409,36 - 45,,Data missing or out of range,,,,,Data missing or out of range,Data missing or out of range,SCANIA,,,Male,,No tow/articulation,Did not leave carriageway,6.0,Parked,2,Goods 7.5 tonnes mgw and over,Data missing or out of range,Did not impact,2004
2004121120005,16 - 20,8.0,Data missing or out of range,,1753.0,Kerb,Other permanent object,Data missing or out of range,Data missing or out of range,FORD,MONDEO VERONA,Heavy oil,Male,Skidded,No tow/articulation,Offside,0.0,Going ahead left-hand bend,1,109,Data missing or out of range,Back,2004
2004121240735,26 - 35,,Data missing or out of range,,749.0,,,Data missing or out of range,Data missing or out of range,SUZUKI,GSXR 750 K4,Petrol,Male,Skidded,No tow/articulation,Did not leave carriageway,0.0,Going ahead other,1,106,Data missing or out of range,Front,2004
2004121270081,21 - 25,,Urban area,3.0,1796.0,,,Data missing or out of range,Data missing or out of range,VAUXHALL,VECTRA SXI 16V,Petrol,Male,,No tow/articulation,Did not leave carriageway,0.0,Waiting to turn right,3,109,Data missing or out of range,Front,2004
2004121490589,36 - 45,25.0,Urban area,6.0,9600.0,,,Data missing or out of range,Data missing or out of range,VOLVO,,Heavy oil,Male,,No tow/articulation,Did not leave carriageway,0.0,Turning right,2,Bus or coach (17 or more pass seats),Data missing or out of range,Offside,2004
2004121580388,46 - 55,1.0,Urban area,9.0,954.0,,,Data missing or out of range,Data missing or out of range,HONDA,CBR 900 RR-3,Petrol,Male,,No tow/articulation,Did not leave carriageway,0.0,Overtaking moving vehicle - offside,1,106,Data missing or out of range,Front,2004
2004121630605,21 - 25,3.0,Urban area,3.0,1124.0,,,Data missing or out of range,Data missing or out of range,PEUGEOT,206 LOOK,Petrol,Male,Skidded,No tow/articulation,Did not leave carriageway,0.0,Slowing or stopping,3,109,Data missing or out of range,Front,2004
2004121710399,26 - 35,,Urban area,1.0,998.0,,,Data missing or out of range,Data missing or out of range,APRILIA,RSV MILLE R,Petrol,Male,Overturned,No tow/articulation,Nearside,0.0,Going ahead right-hand bend,1,106,Data missing or out of range,Offside,2004
2004121840770,46 - 55,2.0,Data missing or out of range,,1997.0,,,Data missing or out of range,Data missing or out of range,HONDA,ACCORD VTEC SE EXEC,Petrol,Male,,No tow/articulation,Did not leave carriageway,0.0,Going ahead other,1,109,Data missing or out of range,Back,2004
2004121850706,46 - 55,1.0,Data missing or out of range,,2402.0,,Other permanent object,Data missing or out of range,Data missing or out of range,LONDON TAXIS INT,TXII BRONZE,Heavy oil,Male,,No tow/articulation,Offside,0.0,Turning right,1,108,Data missing or out of range,Offside,2004
2004121981187,36 - 45,2.0,Data missing or out of range,,1997.0,,,Data missing or out of range,Data missing or out of range,CITROEN,XSARA PICASSO SX HDI,Heavy oil,Male,,No tow/articulation,Did not leave carriageway,0.0,Going ahead other,1,109,Data missing or out of range,Did not impact,2004
2004122060251,46 - 55,4.0,Data missing or out of range,,,,,Data missing or out of range,Data missing or out of range,DENNIS,,Heavy oil,Male,,No tow/articulation,Did not leave carriageway,0.0,Parked,1,Bus or coach (17 or more pass seats),Data missing or out of range,Did not impact,2004
2004122170392,26 - 35,12.0,Data missing or out of range,,954.0,,,Data missing or out of range,Data missing or out of range,CITROEN,AX 10 DEBUT,Petrol,Male,Skidded and overturned,No tow/articulation,Did not leave carriageway,0.0,Going ahead left-hand bend,1,109,Data missing or out of range,Offside,2004
2004122210267,21 - 25,,Urban area,5.0,,,Other permanent object,Data missing or out of range,Data missing or out of range,HONDA,,,Female,,No tow/articulation,Nearside,0.0,Going ahead right-hand bend,1,106,Data missing or out of range,Nearside,2004
2004122210691,16 - 20,2.0,Data missing or out of range,,99.0,,,Data missing or out of range,Data missing or out of range,DAELIM,,Petrol,Male,,No tow/articulation,Did not leave carriageway,0.0,Overtaking - nearside,1,Motorcycle 125cc and under,Data missing or out of range,Front,2004
2004122220613,36 - 45,14.0,Small town,7.0,2316.0,,,Data missing or out of range,Data missing or out of range,VOLVO,760 TURBO AUTO,Petrol,Male,Skidded,No tow/articulation,Did not leave carriageway,0.0,Slowing or stopping,2,109,Data missing or out of range,Front,2004
2004122240716,46 - 55,3.0,Rural,10.0,1199.0,,,Data missing or out of range,Data missing or out of range,VAUXHALL,CORSA COMFORT 16V,Petrol,Male,,No tow/articulation,Did not leave carriageway,0.0,Waiting to go - held up,3,109,Data missing or out of range,Back,2004
2004122240716,46 - 55,1.0,Urban area,8.0,998.0,,,Data missing or out of range,Data missing or out of range,VAUXHALL,CORSA ACTIVE TWINPORT,Petrol,Female,,No tow/articulation,Did not leave carriageway,0.0,Waiting to go - held up,4,109,Data missing or out of range,Back,2004
2004122280359,36 - 45,7.0,Urban area,8.0,1200.0,,,Data missing or out of range,Data missing or out of range,SUZUKI,,Petrol,Male,,No tow/articulation,Did not leave carriageway,0.0,Going ahead other,2,106,Data missing or out of range,Front,2004
2004122290558,46 - 55,,Rural,9.0,,,,Data missing or out of range,Data missing or out of range,VAUXHALL,COMBO 1700 DI,,Male,,No tow/articulation,Did not leave carriageway,0.0,Turning right,1,109,Data missing or out of range,Front,2004
2004122300678,46 - 55,,Rural,4.0,10824.0,,,Data missing or out of range,Data missing or out of range,ERF,,Heavy oil,Male,,No tow/articulation,Did not leave carriageway,0.0,Going ahead other,2,Goods 7.5 tonnes mgw and over,Data missing or out of range,Front,2004
2004122380504,56 - 65,13.0,Small town,9.0,3980.0,,Entered ditch,Data missing or out of range,Data missing or out of range,JAGUAR,SOVEREIGN 4.0 AUTO,Petrol,Male,,No tow/articulation,Offside,0.0,Going ahead other,2,109,Data missing or out of range,Offside,2004
2004122400115,36 - 45,,Data missing or out of range,,,,,Data missing or out of range,Data missing or out of range,MAN,,,Male,,No tow/articulation,Did not leave carriageway,0.0,Going ahead other,2,Goods 7.5 tonnes mgw and over,Data missing or out of range,Offside,2004
2004122450120,21 - 25,1.0,Data missing or out of range,,1199.0,,,Data missing or out of range,Data missing or out of range,VAUXHALL,CORSA ELEGANCE 16V,Petrol,Female,,No tow/articulation,Did not leave carriageway,0.0,Going ahead other,1,109,Data missing or out of range,Nearside,2004
2004122490629,36 - 45,4.0,Urban area,9.0,1997.0,,,Data missing or out of range,Data missing or out of range,CITROEN,XSARA LX HDI,Heavy oil,Male,,No tow/articulation,Did not leave carriageway,0.0,Turning right,1,109,Data missing or out of range,Front,2004
2004122570077,26 - 35,,Urban area,8.0,,,,Data missing or out of range,Data missing or out of range,NISSAN,D22 2.5D 4X2,,Male,,No tow/articulation,Did not leave carriageway,0.0,Going ahead left-hand bend,3,109,Data missing or out of range,Front,2004
2004122590942,36 - 45,,Data missing or out of range,,,,,Data missing or out of range,Data missing or out of range,CITROEN,BERLINGO 600 LX HDI,,Male,,No tow/articulation,Did not leave carriageway,0.0,Going ahead other,2,109,Data missing or out of range,Front,2004
2004122730728,26 - 35,,Data missing or out of range,,,,,Data missing or out of range,Data missing or out of range,CITROEN,BERLINGO 1.9D 600,,Female,,No tow/articulation,Nearside,0.0,Going ahead other,1,109,Data missing or out of range,Back,2004
2004122740078,36 - 45,2.0,Urban area,10.0,1995.0,,,Data missing or out of range,Data missing or out of range,TOYOTA,RAV4 D-4D GX,Heavy oil,Male,Skidded,No tow/articulation,Did not leave carriageway,0.0,Going ahead right-hand bend,2,109,Data missing or out of range,Front,2004
2004122740639,36 - 45,1.0,Urban area,3.0,1794.0,,,Data missing or out of range,Data missing or out of range,TOYOTA,AVENSIS T3-S,Petrol,Male,Skidded,No tow/articulation,Did not leave carriageway,0.0,Slowing or stopping,3,109,Data missing or out of range,Back,2004
2004122760761,Over 75,9.0,Small town,7.0,1396.0,,,Data missing or out of range,Data missing or out of range,ROVER,114 SLI AUTO,Petrol,Female,,No tow/articulation,Did not leave carriageway,0.0,Going ahead other,1,109,Data missing or out of range,Front,2004
2004122790873,21 - 25,,Data missing or out of range,,,,,Data missing or out of range,Data missing or out of range,BETA,,,Female,,No tow/articulation,Did not leave carriageway,0.0,Going ahead other,1,109,Data missing or out of range,Nearside,2004
2004122840766,26 - 35,1.0,Rural,7.0,1328.0,,Other permanent object,Data missing or out of range,Data missing or out of range,SUZUKI,JIMNY JLX,Petrol,Male,,No tow/articulation,Nearside,0.0,Going ahead right-hand bend,2,109,Data missing or out of range,Front,2004
2004122890935,36 - 45,5.0,Urban area,5.0,998.0,,Central crash barrier,Data missing or out of range,Data missing or out of range,NISSAN,MICRA PROFILE 16V,Petrol,Female,Overturned,No tow/articulation,Did not leave carriageway,0.0,Going ahead left-hand bend,1,109,Data missing or out of range,Front,2004
2004123010164,16 - 20,6.0,Rural,7.0,1391.0,,Entered ditch,Data missing or out of range,Data missing or out of range,SEAT,IBIZA 1.4 SE,Petrol,Female,Skidded and overturned,No tow/articulation,Nearside,0.0,Going ahead right-hand bend,1,109,Data missing or out of range,Nearside,2004
2004123080613,36 - 45,1.0,Data missing or out of range,,1399.0,,,Data missing or out of range,Data missing or out of range,FORD,FIESTA ZETEC TDCI,Heavy oil,Female,Skidded,No tow/articulation,Nearside,0.0,Going ahead other,1,109,Data missing or out of range,Front,2004
2004123150657,26 - 35,2.0,Urban area,6.0,1397.0,,,Data missing or out of range,Data missing or out of range,SKODA,FABIA CLASSIC 8V,Petrol,Female,,No tow/articulation,Did not leave carriageway,0.0,Waiting to go - held up,2,109,Data missing or out of range,Back,2004
2004123170110,21 - 25,9.0,Data missing or out of range,,1597.0,,Tree,Data missing or out of range,Data missing or out of range,FORD,ESCORT SAPPHIRE,Petrol,Male,Skidded,No tow/articulation,Offside,0.0,Going ahead left-hand bend,1,109,Data missing or out of range,Front,2004
2004123180221,56 - 65,11.0,Data missing or out of range,,1721.0,,,Data missing or out of range,Data missing or out of range,VOLVO,480 TURBO,Petrol,Male,,No tow/articulation,Nearside,0.0,Going ahead other,3,109,Data missing or out of range,Did not impact,2004
2004123180520,36 - 45,5.0,Data missing or out of range,,1124.0,,,Data missing or out of range,Data missing or out of range,PEUGEOT,106 XN ZEST 2,Petrol,Female,,No tow/articulation,Did not leave carriageway,0.0,Waiting to go - held up,2,109,Data missing or out of range,Back,2004
2004123180607,26 - 35,,Data missing or out of range,,,,,Data missing or out of range,Data missing or out of range,PEUGEOT,406 GLX HDI(110),,Male,,No tow/articulation,Did not leave carriageway,0.0,Turning left,1,108,Data missing or out of range,Front,2004
2004123220770,26 - 35,1.0,Data missing or out of range,,1994.0,,,Data missing or out of range,Data missing or out of range,VAUXHALL,VECTRA SXI DTI 16V,Heavy oil,Male,,No tow/articulation,Did not leave carriageway,0.0,Going ahead other,1,109,Data missing or out of range,Back,2004
2004123300435,56 - 65,2.0,Data missing or out of range,,1998.0,,,Data missing or out of range,Data missing or out of range,TOYOTA,RAV4 GX VVTI,Petrol,Male,,No tow/articulation,Did not leave carriageway,0.0,Going ahead other,2,109,Data missing or out of range,Front,2004
2004123370875,21 - 25,,Data missing or out of range,,,,,Data missing or out of range,Data missing or out of range,FORD,TRANSIT 350 LWB TD,,Male,Skidded,No tow/articulation,Did not leave carriageway,0.0,Going ahead other,2,Other vehicle,Data missing or out of range,Front,2004
2004123440371,46 - 55,4.0,Data missing or out of range,,11000.0,,,Data missing or out of range,Data missing or out of range,ERF,,Heavy oil,Male,,Caravan,Did not leave carriageway,0.0,Going ahead other,3,Goods 7.5 tonnes mgw and over,Data missing or out of range,Offside,2004
2004123500501,56 - 65,2.0,Data missing or out of range,,1298.0,,,Data missing or out of range,Data missing or out of range,TOYOTA,,Petrol,Male,,No tow/articulation,Did not leave carriageway,0.0,Turning right,2,109,Data missing or out of range,Front,2004
2004123530299,36 - 45,1.0,Small town,5.0,1995.0,,,Data missing or out of range,Data missing or out of range,BMW,318I SPORT,Petrol,Male,,No tow/articulation,Did not leave carriageway,0.0,Going ahead other,3,109,Data missing or out of range,Back,2004
2004123600121,26 - 35,1.0,Urban area,9.0,1794.0,,Central crash barrier,Data missing or out of range,Data missing or out of range,TOYOTA,AVENSIS T3-S SEMI-AUTO,Petrol,Male,,No tow/articulation,Did not leave carriageway,0.0,Going ahead other,1,109,Data missing or out of range,Front,2004
2004130029304,Data missing or out of range,13.0,Data missing or out of range,,1590.0,,,Data missing or out of range,Data missing or out of range,HONDA,CONCERTO EXI-16,Petrol,Male,,No tow/articulation,Did not leave carriageway,0.0,Going ahead other,2,109,Data missing or out of range,Front,2004
2004130037504,36 - 45,4.0,Urban area,5.0,2800.0,,,Data missing or out of range,Data missing or out of range,IVECO,,Heavy oil,Male,,No tow/articulation,Did not leave carriageway,0.0,Waiting to go - held up,2,Van / Goods 3.5 tonnes mgw or under,Data missing or out of range,Front,2004
2004130043604,Data missing or out of range,9.0,Data missing or out of range,,1796.0,,,Data missing or out of range,Data missing or out of range,BMW,518 I SE,Petrol,Male,,No tow/articulation,Did not leave carriageway,0.0,Parked,2,109,Data missing or out of range,Front,2004
2004130047404,26 - 35,12.0,Urban area,2.0,1118.0,,,Data missing or out of range,Data missing or out of range,ROVER,METRO C,Petrol,Male,,No tow/articulation,Did not leave carriageway,0.0,Going ahead left-hand bend,1,109,Data missing or out of range,Front,2004
2004130077604,46 - 55,3.0,Rural,6.0,1242.0,,,Data missing or out of range,Data missing or out of range,FIAT,BRAVO 80 SX,Petrol,Male,,No tow/articulation,Did not leave carriageway,0.0,Going ahead other,2,109,Data missing or out of range,Front,2004
2004130077704,26 - 35,11.0,Urban area,3.0,1769.0,,,Data missing or out of range,Data missing or out of range,FORD,SIERRA SAPPHIRE LX I,Petrol,Male,,No tow/articulation,Did not leave carriageway,0.0,Going ahead other,1,109,Data missing or out of range,Front,2004
2004130102204,46 - 55,8.0,Urban area,3.0,1686.0,,,Data missing or out of range,Data missing or out of range,VAUXHALL,VECTRA GLS TD,Heavy oil,Male,,No tow/articulation,Did not leave carriageway,0.0,Going ahead other,2,109,Data missing or out of range,Front,2004
2004130107804,26 - 35,5.0,Urban area,1.0,1905.0,,,Data missing or out of range,Data missing or out of range,FIAT,SCUDO EL TD SWB,Heavy oil,Male,Skidded,No tow/articulation,Did not leave carriageway,0.0,Going ahead other,1,Van / Goods 3.5 tonnes mgw or under,Data missing or out of range,Front,2004
2004130111704,21 - 25,1.0,Urban area,4.0,1242.0,,,Data missing or out of range,Data missing or out of range,FIAT,PUNTO ACTIVE 8V,Petrol,Male,,No tow/articulation,Did not leave carriageway,0.0,Going ahead other,2,109,Data missing or out of range,Front,2004
2004130114104,46 - 55,1.0,Urban area,7.0,1769.0,,,Data missing or out of range,Data missing or out of range,NISSAN,ALMERA TINO SE2,Petrol,Male,,No tow/articulation,Did not leave carriageway,0.0,Going ahead other,2,109,Data missing or out of range,Nearside,2004
2004130125504,26 - 35,7.0,Rural,6.0,1994.0,,,Data missing or out of range,Data missing or out of range,VAUXHALL,VECTRA 2.0 DI GLS,Heavy oil,Male,,No tow/articulation,Did not leave carriageway,0.0,Going ahead other,2,109,Data missing or out of range,Front,2004
2004130130004,16 - 20,3.0,Urban area,1.0,124.0,,,Data missing or out of range,Data missing or out of range,PIAGGIO,VESPA ET4,Petrol,Male,Overturned,No tow/articulation,Did not leave carriageway,0.0,Going ahead other,2,Motorcycle 125cc and under,Data missing or out of range,Nearside,2004
2004130164804,46 - 55,1.0,Urban area,7.0,1995.0,,,Data missing or out of range,Data missing or out of range,VAUXHALL,VECTRA CLUB DTI 16V,Heavy oil,Male,,No tow/articulation,Did not leave carriageway,0.0,Going ahead other,2,109,Data missing or out of range,Front,2004
2004130165104,36 - 45,12.0,Data missing or out of range,,1118.0,,,Data missing or out of range,Data missing or out of range,ROVER,METRO CARIBBEAN,Petrol,Male,,No tow/articulation,Did not leave carriageway,0.0,Waiting to go - held up,3,109,Data missing or out of range,Nearside,2004
2004130165604,26 - 35,,Urban area,6.0,,,,Data missing or out of range,Data missing or out of range,VAUXHALL,COMBO MERIT 775 1.7D,,Male,,No tow/articulation,Did not leave carriageway,0.0,Waiting to turn right,2,109,Data missing or out of range,Back,2004
2004130168704,56 - 65,7.0,Urban area,8.0,1389.0,,,Data missing or out of range,Data missing or out of range,VAUXHALL,CORSA BREEZE HI-TORQ,Petrol,Female,,No tow/articulation,Did not leave carriageway,0.0,Going ahead other,1,109,Data missing or out of range,Front,2004
2004130171004,21 - 25,2.0,Small town,5.0,1299.0,,,Data missing or out of range,Data missing or out of range,FORD,KA STYLE,Petrol,Male,,No tow/articulation,Did not leave carriageway,0.0,Going ahead other,2,109,Data missing or out of range,Front,2004
2004130172404,36 - 45,3.0,Urban area,4.0,1124.0,,,Data missing or out of range,Data missing or out of range,PEUGEOT,206 LOOK,Petrol,Male,,No tow/articulation,Did not leave carriageway,0.0,U-turn,1,109,Data missing or out of range,Front,2004
2004130188104,46 - 55,12.0,Data missing or out of range,,749.0,,,Data missing or out of range,Data missing or out of range,DUCATI,,Petrol,Male,,No tow/articulation,Did not leave carriageway,0.0,Changing lane to left,1,106,Data missing or out of range,Front,2004
2004130191904,46 - 55,,Urban area,1.0,,,,Data missing or out of range,Data missing or out of range,MERCEDES,,,Male,,No tow/articulation,Did not leave carriageway,0.0,Going ahead other,1,Minibus (8 - 16 passenger seats),Data missing or out of range,Did not impact,2004
2004130200204,21 - 25,2.0,Urban area,,1360.0,,,Data missing or out of range,Data missing or out of range,PEUGEOT,206 LOOK,Petrol,Female,,No tow/articulation,Did not leave carriageway,0.0,Overtaking moving vehicle - offside,3,109,Data missing or out of range,Front,2004
2004130211904,36 - 45,2.0,Urban area,1.0,1157.0,,,Data missing or out of range,Data missing or out of range,SUZUKI,GSF1200SK2,Petrol,Male,,No tow/articulation,Did not leave carriageway,0.0,Overtaking moving vehicle - offside,1,106,Data missing or out of range,Front,2004
2004130221904,Data missing or out of range,10.0,Data missing or out of range,,2830.0,,,Data missing or out of range,Data missing or out of range,MITSUBISHI,,Heavy oil,Not known,,No tow/articulation,Did not leave carriageway,0.0,Going ahead other,2,109,Data missing or out of range,Front,2004
2004130226004,26 - 35,10.0,Urban area,1.0,1997.0,,,Data missing or out of range,Data missing or out of range,ROVER,620 I,Petrol,Male,Skidded,No tow/articulation,Did not leave carriageway,0.0,Going ahead other,1,109,Data missing or out of range,Front,2004
2004130236304,21 - 25,12.0,Urban area,5.0,1195.0,,,Data missing or out of range,Data missing or out of range,VAUXHALL,NOVA FUN,Petrol,Male,,No tow/articulation,Did not leave carriageway,0.0,Going ahead other,1,109,Data missing or out of range,Front,2004
2004130239604,56 - 65,11.0,Urban area,1.0,794.0,,,Data missing or out of range,Data missing or out of range,YAMAHA,,Petrol,Male,Skidded and overturned,No tow/articulation,Did not leave carriageway,0.0,Turning left,1,106,Data missing or out of range,Back,2004
2004130248104,26 - 35,15.0,Data missing or out of range,,400.0,,,Data missing or out of range,Data missing or out of range,HONDA,,Petrol,Male,,No tow/articulation,Did not leave carriageway,0.0,Going ahead other,2,106,Data missing or out of range,Offside,2004
2004130248404,26 - 35,5.0,Urban area,1.0,998.0,,,Data missing or out of range,Data missing or out of range,NISSAN,MICRA EQUATION,Petrol,Female,,No tow/articulation,Did not leave carriageway,0.0,Waiting to go - held up,1,109,Data missing or out of range,Back,2004
2004130253104,46 - 55,4.0,Urban area,7.0,973.0,,,Data missing or out of range,Data missing or out of range,VAUXHALL,CORSA GLS 12V,Petrol,Female,,No tow/articulation,Did not leave carriageway,0.0,Going ahead other,1,109,Data missing or out of range,Front,2004
2004130260804,46 - 55,4.0,Urban area,,11705.0,,,Data missing or out of range,Data missing or out of range,SCANIA,,Heavy oil,Male,,No tow/articulation,Did not leave carriageway,0.0,Going ahead other,4,Goods 7.5 tonnes mgw and over,Data missing or out of range,Front,2004
2004130263404,36 - 45,8.0,Urban area,2.0,,,,Data missing or out of range,Data missing or out of range,DENNIS,,Heavy oil,Male,,No tow/articulation,Did not leave carriageway,0.0,Moving off,1,Bus or coach (17 or more pass seats),Data missing or out of range,Back,2004
2004130263604,36 - 45,3.0,Small town,2.0,1796.0,,,Data missing or out of range,Data missing or out of range,MG,MGF 1.8I VVC,Petrol,Female,,No tow/articulation,Did not leave carriageway,0.0,Going ahead other,2,109,Data missing or out of range,Front,2004