Accident_Index,Age_Band_of_Driver,Age_of_Vehicle,Driver_Home_Area_Type,Driver_IMD_Decile,Engine_Capacity_.CC.,Hit_Object_in_Carriageway,Hit_Object_off_Carriageway,Journey_Purpose_of_Driver,Junction_Location,make,model,Propulsion_Code,Sex_of_Driver,Skidding_and_Overturning,Towing_and_Articulation,Vehicle_Leaving_Carriageway,Vehicle_Location.Restricted_Lane,Vehicle_Manoeuvre,Vehicle_Reference,Vehicle_Type,Was_Vehicle_Left_Hand_Drive,X1st_Point_of_Impact,Year
2004130266404,Data missing or out of range,14.0,Urban area,1.0,1587.0,,,Data missing or out of range,Data missing or out of range,TOYOTA,CARINA XL,Petrol,Male,,No tow/articulation,Did not leave carriageway,0.0,Going ahead other,4,109,Data missing or out of range,Front,2004
2004130267004,56 - 65,5.0,Urban area,2.0,8650.0,,,Data missing or out of range,Data missing or out of range,DAF,,Heavy oil,Male,,No tow/articulation,Did not leave carriageway,0.0,Parked,1,Bus or coach (17 or more pass seats),Data missing or out of range,Front,2004
2004130268404,Data missing or out of range,4.0,Data missing or out of range,,1870.0,,,Data missing or out of range,Data missing or out of range,RENAULT,LAGUNA RT DTI,Heavy oil,Male,,No tow/articulation,Did not leave carriageway,0.0,Turning left,2,109,Data missing or out of range,Front,2004
2004130269304,26 - 35,1.0,Data missing or out of range,,1388.0,,,Data missing or out of range,Data missing or out of range,FORD,FIESTA BLACK,Petrol,Female,,No tow/articulation,Did not leave carriageway,0.0,Going ahead other,1,109,Data missing or out of range,Front,2004
2004130274704,26 - 35,2.0,Data missing or out of range,,1781.0,,,Data missing or out of range,Data missing or out of range,VOLKSWAGEN,PASSAT SPORT 20V TURBO TIPT,Petrol,Female,,No tow/articulation,Did not leave carriageway,0.0,Waiting to turn right,2,109,Data missing or out of range,Back,2004
2004130278904,46 - 55,13.0,Small town,9.0,2968.0,,,Data missing or out of range,Data missing or out of range,VAUXHALL,CARLTON GSI 24V,Petrol,Female,,No tow/articulation,Did not leave carriageway,0.0,Going ahead other,2,109,Data missing or out of range,Back,2004
2004130285604,Data missing or out of range,10.0,Data missing or out of range,,2000.0,,,Data missing or out of range,Data missing or out of range,SUBARU,,Petrol,Not known,,No tow/articulation,Did not leave carriageway,0.0,Turning left,1,109,Data missing or out of range,Front,2004
2004130301104,66 - 75,6.0,Urban area,8.0,1896.0,,,Data missing or out of range,Data missing or out of range,VOLKSWAGEN,SHARAN SE TDI AUTO,Heavy oil,Male,,No tow/articulation,Did not leave carriageway,0.0,Waiting to go - held up,3,109,Data missing or out of range,Back,2004
2004130316104,46 - 55,11.0,Urban area,3.0,,,,Data missing or out of range,Data missing or out of range,DENNIS,,Heavy oil,Male,,No tow/articulation,Did not leave carriageway,0.0,Going ahead other,1,Bus or coach (17 or more pass seats),Data missing or out of range,Front,2004
2004130316704,66 - 75,1.0,Urban area,9.0,1997.0,,,Data missing or out of range,Data missing or out of range,PEUGEOT,206 SW HDI XT,Heavy oil,Male,,No tow/articulation,Did not leave carriageway,0.0,Waiting to go - held up,2,109,Data missing or out of range,Back,2004
2004130320604,21 - 25,1.0,Urban area,9.0,102.0,,,Data missing or out of range,Data missing or out of range,HONDA,SCV100F-E,Petrol,Female,,No tow/articulation,Did not leave carriageway,0.0,Changing lane to right,1,Motorcycle 125cc and under,Data missing or out of range,Front,2004
2004130339204,36 - 45,7.0,Data missing or out of range,,11705.0,,,Data missing or out of range,Data missing or out of range,SCANIA,,Heavy oil,Male,,Articulated vehicle,Did not leave carriageway,0.0,Going ahead other,1,Goods 7.5 tonnes mgw and over,Data missing or out of range,Front,2004
2004130340004,26 - 35,5.0,Urban area,5.0,1199.0,,,Data missing or out of range,Data missing or out of range,VAUXHALL,CORSA CLUB 16V AUTO,Petrol,Male,,No tow/articulation,Did not leave carriageway,0.0,Going ahead other,1,109,Data missing or out of range,Nearside,2004
2004130359304,36 - 45,6.0,Urban area,1.0,1360.0,,,Data missing or out of range,Data missing or out of range,CITROEN,XSARA SENSATION,Petrol,Female,,No tow/articulation,Did not leave carriageway,0.0,Going ahead other,1,109,Data missing or out of range,Offside,2004
2004130366404,26 - 35,7.0,Data missing or out of range,,5861.0,,,Data missing or out of range,Data missing or out of range,IVECO-FORD,,Heavy oil,Male,,No tow/articulation,Did not leave carriageway,6.0,Going ahead other,1,Goods 7.5 tonnes mgw and over,Data missing or out of range,Nearside,2004
2004130368104,36 - 45,5.0,Small town,8.0,2496.0,,,Data missing or out of range,Data missing or out of range,FORD,TRANSIT 120 TD SWB AUTO,Heavy oil,Male,,No tow/articulation,Did not leave carriageway,0.0,Turning left,1,Van / Goods 3.5 tonnes mgw or under,Data missing or out of range,Nearside,2004
2004130389104,26 - 35,4.0,Urban area,1.0,1995.0,,,Data missing or out of range,Data missing or out of range,VAUXHALL,VECTRA GLS DI,Heavy oil,Male,,No tow/articulation,Did not leave carriageway,0.0,Waiting to go - held up,3,109,Data missing or out of range,Back,2004
2004130401104,21 - 25,2.0,Urban area,5.0,1396.0,,,Data missing or out of range,Data missing or out of range,ROVER,25 IE 16V,Petrol,Male,,No tow/articulation,Did not leave carriageway,0.0,Turning right,1,109,Data missing or out of range,Front,2004
2004130415704,36 - 45,6.0,Urban area,9.0,5480.0,Kerb,,Data missing or out of range,Data missing or out of range,VOLVO,,Heavy oil,Male,Skidded,No tow/articulation,Did not leave carriageway,0.0,Going ahead other,1,Goods 7.5 tonnes mgw and over,Data missing or out of range,Front,2004
2004130427404,36 - 45,3.0,Small town,9.0,1242.0,,,Data missing or out of range,Data missing or out of range,FIAT,PUNTO ELX 16V,Petrol,Male,,No tow/articulation,Did not leave carriageway,0.0,Waiting to go - held up,3,109,Data missing or out of range,Front,2004
2004130430404,Over 75,2.0,Urban area,3.0,1360.0,,,Data missing or out of range,Data missing or out of range,CITROEN,BERLINGO MULTISPACE FORTE,Petrol,Male,,No tow/articulation,Did not leave carriageway,0.0,Going ahead other,1,109,Data missing or out of range,Front,2004
2004130433904,36 - 45,1.0,Urban area,8.0,1948.0,,,Data missing or out of range,Data missing or out of range,VOLVO,V40 T SPORT LUX,Petrol,Male,,No tow/articulation,Did not leave carriageway,0.0,Going ahead other,1,109,Data missing or out of range,Front,2004
2004130436604,26 - 35,,Urban area,3.0,,,Near/Offside crash barrier,Data missing or out of range,Data missing or out of range,IVECO-FORD,,,Male,Skidded,No tow/articulation,Nearside,0.0,Going ahead other,1,Goods 7.5 tonnes mgw and over,Data missing or out of range,Front,2004
2004130438304,36 - 45,9.0,Urban area,2.0,5900.0,,,Data missing or out of range,Data missing or out of range,DENNIS,,Heavy oil,Male,,No tow/articulation,Did not leave carriageway,0.0,Slowing or stopping,1,Bus or coach (17 or more pass seats),Data missing or out of range,Did not impact,2004
2004130444804,36 - 45,,Urban area,9.0,,,,Data missing or out of range,Data missing or out of range,VOLVO,,,Male,,No tow/articulation,Did not leave carriageway,0.0,Going ahead other,1,Goods 7.5 tonnes mgw and over,Data missing or out of range,Front,2004
2004130453904,46 - 55,5.0,Urban area,4.0,1124.0,,,Data missing or out of range,Data missing or out of range,CITROEN,SAXO EAST COAST,Petrol,Male,,No tow/articulation,Did not leave carriageway,0.0,Turning right,2,109,Data missing or out of range,Front,2004
2004130502204,Data missing or out of range,1.0,Data missing or out of range,,1686.0,,,Data missing or out of range,Data missing or out of range,VAUXHALL,ASTRA LS DTI,Heavy oil,Male,,No tow/articulation,Did not leave carriageway,0.0,Parked,2,109,Data missing or out of range,Offside,2004
2004130507704,16 - 20,1.0,Data missing or out of range,,998.0,,,Data missing or out of range,Data missing or out of range,VAUXHALL,CORSA DESIGN TWINPORT,Petrol,Male,Overturned,No tow/articulation,Did not leave carriageway,0.0,Turning right,2,109,Data missing or out of range,Nearside,2004
2004130512604,Over 75,18.0,Urban area,3.0,988.0,,,Data missing or out of range,Data missing or out of range,NISSAN,MICRA 1.0 L,Petrol,Male,,No tow/articulation,Did not leave carriageway,0.0,Turning right,2,109,Data missing or out of range,Front,2004
2004130518204,26 - 35,,Urban area,,,,Road sign or traffic signal,Data missing or out of range,Data missing or out of range,FORD,TOURNEO CONNECT TDCI LWB,,Male,,No tow/articulation,Nearside,0.0,Going ahead other,2,109,Data missing or out of range,Front,2004
2004130524904,21 - 25,1.0,Data missing or out of range,,2461.0,,,Data missing or out of range,Data missing or out of range,VOLKSWAGEN,LT35 95 TDI MWB,Heavy oil,Female,,No tow/articulation,Did not leave carriageway,0.0,Going ahead other,1,Van / Goods 3.5 tonnes mgw or under,Data missing or out of range,Front,2004
2004130530804,36 - 45,1.0,Rural,4.0,2184.0,,,Data missing or out of range,Data missing or out of range,NISSAN,X-TRAIL SPORT TD,Heavy oil,Male,,Caravan,Did not leave carriageway,0.0,Waiting to go - held up,1,109,Data missing or out of range,Back,2004
2004130536204,36 - 45,,Urban area,1.0,1149.0,,,Data missing or out of range,Data missing or out of range,RENAULT,CLIO DYNAMIQUE 16V,Petrol,Male,,No tow/articulation,Nearside and rebounded,0.0,Going ahead other,1,109,Data missing or out of range,Offside,2004
2004130537704,36 - 45,14.0,Urban area,8.0,1392.0,,,Data missing or out of range,Data missing or out of range,NISSAN,SUNNY PREMIUM,Petrol,Female,,No tow/articulation,Did not leave carriageway,0.0,Going ahead other,2,109,Data missing or out of range,Front,2004
2004130545604,Data missing or out of range,,Urban area,1.0,,,,Data missing or out of range,Data missing or out of range,VAUXHALL,ASTRA LS DTI,,Male,,No tow/articulation,Did not leave carriageway,0.0,Going ahead other,2,109,Data missing or out of range,Front,2004
2004130554404,36 - 45,12.0,Urban area,1.0,1699.0,,,Data missing or out of range,Data missing or out of range,VAUXHALL,CAVALIER GL DIESEL,Heavy oil,Male,Skidded,No tow/articulation,Did not leave carriageway,0.0,Going ahead other,1,109,Data missing or out of range,Offside,2004
2004130607204,26 - 35,2.0,Urban area,4.0,1588.0,,,Data missing or out of range,Data missing or out of range,ROVER,45 IXS 16V,Petrol,Male,,No tow/articulation,Did not leave carriageway,0.0,Going ahead other,3,109,Data missing or out of range,Back,2004
2004130628004,46 - 55,3.0,Data missing or out of range,,1896.0,,,Data missing or out of range,Data missing or out of range,SKODA,FABIA ELEGANCE 16V,Heavy oil,Male,,No tow/articulation,Did not leave carriageway,0.0,Going ahead other,2,109,Data missing or out of range,Back,2004
2004130639704,Over 75,2.0,Urban area,2.0,1298.0,,,Data missing or out of range,Data missing or out of range,SUZUKI,WAGON R+ SPECIAL,Petrol,Male,,No tow/articulation,Did not leave carriageway,0.0,Going ahead other,2,109,Data missing or out of range,Offside,2004
2004130641904,16 - 20,7.0,Small town,3.0,85.0,,,Data missing or out of range,Data missing or out of range,HONDA,,Petrol,Male,Skidded and overturned,No tow/articulation,Nearside,0.0,Going ahead other,2,Motorcycle 125cc and under,Data missing or out of range,Nearside,2004
2004130646004,46 - 55,15.0,Urban area,1.0,10000.0,,,Data missing or out of range,Data missing or out of range,LEYLAND,,Heavy oil,Male,,No tow/articulation,Did not leave carriageway,0.0,Going ahead other,1,Bus or coach (17 or more pass seats),Data missing or out of range,Did not impact,2004
2004130665004,21 - 25,1.0,Data missing or out of range,,1124.0,,,Data missing or out of range,Data missing or out of range,PEUGEOT,206 LOOK,Petrol,Female,,No tow/articulation,Did not leave carriageway,0.0,Waiting to turn left,2,109,Data missing or out of range,Back,2004
2004130669204,21 - 25,7.0,Urban area,,1598.0,,,Data missing or out of range,Data missing or out of range,VAUXHALL,ASTRA MERIT AUTO,Petrol,Male,,No tow/articulation,Did not leave carriageway,0.0,U-turn,1,109,Data missing or out of range,Front,2004
2004130669804,26 - 35,13.0,Urban area,1.0,,,,Data missing or out of range,Data missing or out of range,LEYLAND,,Heavy oil,Male,,No tow/articulation,Did not leave carriageway,0.0,Going ahead other,1,Bus or coach (17 or more pass seats),Data missing or out of range,Did not impact,2004
2004130680504,46 - 55,,Urban area,3.0,1299.0,,,Data missing or out of range,Data missing or out of range,TOYOTA,YARIS T SPIRIT,Petrol,Female,,No tow/articulation,Did not leave carriageway,0.0,Waiting to go - held up,2,109,Data missing or out of range,Front,2004
2004130680904,36 - 45,1.0,Urban area,10.0,2926.0,,,Data missing or out of range,Data missing or out of range,BMW,530 D SPORT AUTO,Heavy oil,Male,,No tow/articulation,Did not leave carriageway,0.0,Going ahead other,2,109,Data missing or out of range,Offside,2004
2004130689904,21 - 25,3.0,Urban area,9.0,1149.0,,,Data missing or out of range,Data missing or out of range,RENAULT,CLIO DYNAMIQUE 16V,Petrol,Female,,No tow/articulation,Did not leave carriageway,0.0,Going ahead other,1,109,Data missing or out of range,Front,2004
2004130690004,Data missing or out of range,13.0,Data missing or out of range,,1721.0,,,Data missing or out of range,Data missing or out of range,VOLVO,460 GLEI,Petrol,Not known,,No tow/articulation,Did not leave carriageway,0.0,Going ahead other,2,109,Data missing or out of range,Front,2004
2004130695704,16 - 20,14.0,Urban area,8.0,49.0,,,Data missing or out of range,Data missing or out of range,VESPA (DOUGLAS),,Petrol,Male,,No tow/articulation,Did not leave carriageway,0.0,Going ahead other,1,Motorcycle 50cc and under,Data missing or out of range,Front,2004
2004130697004,36 - 45,6.0,Urban area,5.0,1870.0,,,Data missing or out of range,Data missing or out of range,RENAULT,LAGUNA RT SPORT DTI,Heavy oil,Female,,No tow/articulation,Did not leave carriageway,0.0,Waiting to go - held up,2,109,Data missing or out of range,Front,2004
2004130698104,56 - 65,3.0,Urban area,8.0,1199.0,,,Data missing or out of range,Data missing or out of range,VAUXHALL,CORSA COMFORT 16V,Petrol,Female,,No tow/articulation,Did not leave carriageway,0.0,Waiting to go - held up,1,109,Data missing or out of range,Front,2004
2004130721004,56 - 65,,Urban area,1.0,1896.0,,,Data missing or out of range,Data missing or out of range,SKODA,OCTAVIA CLASIC TDI,Heavy oil,Male,,No tow/articulation,Did not leave carriageway,0.0,Going ahead other,1,109,Data missing or out of range,Front,2004
2004130735804,26 - 35,3.0,Small town,8.0,1794.0,,,Data missing or out of range,Data missing or out of range,TOYOTA,CELICA VVTI,Petrol,Female,,No tow/articulation,Did not leave carriageway,0.0,Going ahead other,1,109,Data missing or out of range,Front,2004
2004130744104,46 - 55,,Urban area,1.0,,,,Data missing or out of range,Data missing or out of range,NISSAN,,,Male,Skidded,No tow/articulation,Nearside,0.0,Going ahead other,2,109,Data missing or out of range,Offside,2004
2004130756704,46 - 55,7.0,Urban area,6.0,2494.0,,,Data missing or out of range,Data missing or out of range,BMW,323I SE AUTO,Petrol,Male,,No tow/articulation,Did not leave carriageway,0.0,Reversing,1,109,Data missing or out of range,Back,2004
2004130785204,26 - 35,,Rural,6.0,,,Other permanent object,Data missing or out of range,Data missing or out of range,NISSAN,,,Male,Skidded and overturned,No tow/articulation,Nearside,0.0,Going ahead other,1,109,Data missing or out of range,Front,2004
2004130799404,21 - 25,3.0,Urban area,2.0,12130.0,,,Data missing or out of range,Data missing or out of range,VOLVO,,Heavy oil,Male,Skidded,No tow/articulation,Did not leave carriageway,0.0,Going ahead other,1,Goods 7.5 tonnes mgw and over,Data missing or out of range,Back,2004
2004130802404,36 - 45,9.0,Urban area,5.0,1587.0,Bollard or refuge,Lamp post,Data missing or out of range,Data missing or out of range,TOYOTA,COROLLA SI,Petrol,Male,Skidded,No tow/articulation,Nearside and rebounded,0.0,Going ahead other,1,109,Data missing or out of range,Front,2004
2004130810404,26 - 35,,Urban area,4.0,2616.0,,,Data missing or out of range,Data missing or out of range,MAZDA,RX-8 231 PS,Petrol,Female,Skidded,No tow/articulation,Did not leave carriageway,0.0,Going ahead other,1,109,Data missing or out of range,Front,2004
2004130815504,21 - 25,13.0,Data missing or out of range,,1598.0,,,Data missing or out of range,Data missing or out of range,MAZDA,323 GLXI ABS,Petrol,Female,,No tow/articulation,Did not leave carriageway,0.0,Waiting to go - held up,2,109,Data missing or out of range,Back,2004
2004130822704,26 - 35,1.0,Urban area,5.0,3500.0,,,Data missing or out of range,Data missing or out of range,MITSUBISHI,SHOGUN WARRIOR GDI AUTO,Petrol,Female,,No tow/articulation,Did not leave carriageway,0.0,Reversing,4,109,Data missing or out of range,Did not impact,2004
2004130835904,56 - 65,,Urban area,4.0,,,,Data missing or out of range,Data missing or out of range,IVECO-FORD,,,Male,,Articulated vehicle,Did not leave carriageway,0.0,Going ahead other,1,Goods 7.5 tonnes mgw and over,Data missing or out of range,Front,2004
2004130836104,36 - 45,6.0,Urban area,5.0,13798.0,,,Data missing or out of range,Data missing or out of range,IVECO-FORD,,Heavy oil,Male,,Articulated vehicle,Did not leave carriageway,0.0,Turning right,5,Goods 7.5 tonnes mgw and over,Data missing or out of range,Nearside,2004
2004130837404,26 - 35,8.0,Urban area,1.0,2295.0,,Central crash barrier,Data missing or out of range,Data missing or out of range,MERCEDES,E230 CLASSIC,Petrol,Male,Skidded,No tow/articulation,Nearside,0.0,Going ahead other,1,109,Data missing or out of range,Front,2004
2004130838204,66 - 75,,Urban area,7.0,,,,Data missing or out of range,Data missing or out of range,CITROEN,BERLINGO 600 LX HDI,,Male,,No tow/articulation,Did not leave carriageway,0.0,Waiting to go - held up,1,109,Data missing or out of range,Back,2004
2004130841604,21 - 25,,Urban area,3.0,,,,Data missing or out of range,Data missing or out of range,TOYOTA,DYNA 350 SWB,,Male,,No tow/articulation,Did not leave carriageway,0.0,Turning right,2,Van / Goods 3.5 tonnes mgw or under,Data missing or out of range,Front,2004
2004130844604,36 - 45,1.0,Data missing or out of range,,1997.0,,,Data missing or out of range,Data missing or out of range,PEUGEOT,307 S HDI 90,Heavy oil,Male,,No tow/articulation,Did not leave carriageway,0.0,Turning right,1,109,Data missing or out of range,Front,2004
2004130853004,26 - 35,,Urban area,9.0,1998.0,,,Data missing or out of range,Data missing or out of range,HONDA,CIVIC TYPE-R,Petrol,Male,,No tow/articulation,Did not leave carriageway,0.0,Going ahead other,2,109,Data missing or out of range,Front,2004
2004130864204,36 - 45,7.0,Small town,5.0,5861.0,,,Data missing or out of range,Data missing or out of range,IVECO-FORD,,Heavy oil,Male,,No tow/articulation,Did not leave carriageway,0.0,Going ahead other,1,Goods 7.5 tonnes mgw and over,Data missing or out of range,Front,2004
2004130870904,36 - 45,4.0,Urban area,4.0,9600.0,Other object,,Data missing or out of range,Data missing or out of range,VOLVO,,Heavy oil,Male,,No tow/articulation,Did not leave carriageway,0.0,Going ahead other,1,Bus or coach (17 or more pass seats),Data missing or out of range,Front,2004
2004130871704,56 - 65,8.0,Urban area,1.0,1796.0,,Central crash barrier,Data missing or out of range,Data missing or out of range,FORD,MONDEO VERONA,Petrol,Male,,No tow/articulation,Offside on to central reservation,0.0,Going ahead other,1,109,Data missing or out of range,Front,2004
2004130877404,36 - 45,6.0,Urban area,,2188.0,,Lamp post,Data missing or out of range,Data missing or out of range,RENAULT,LAGUNA RT-D,Heavy oil,Male,,No tow/articulation,Nearside,0.0,Going ahead other,2,109,Data missing or out of range,Offside,2004
2004130880204,21 - 25,4.0,Data missing or out of range,,1200.0,,,Data missing or out of range,Data missing or out of range,SUZUKI,,Petrol,Male,,No tow/articulation,Did not leave carriageway,0.0,Going ahead other,1,106,Data missing or out of range,Front,2004
2004130903004,36 - 45,4.0,Urban area,2.0,5861.0,,,Data missing or out of range,Data missing or out of range,IVECO-FORD,,Heavy oil,Male,,No tow/articulation,Did not leave carriageway,0.0,Going ahead other,1,Goods 7.5 tonnes mgw and over,Data missing or out of range,Did not impact,2004
2004130903004,26 - 35,3.0,Urban area,5.0,1497.0,,,Data missing or out of range,Data missing or out of range,NISSAN,ALMERA ACTIV,Petrol,Male,,No tow/articulation,Did not leave carriageway,0.0,Going ahead other,6,109,Data missing or out of range,Front,2004
2004130907804,36 - 45,2.0,Urban area,3.0,11705.0,,,Data missing or out of range,Data missing or out of range,SCANIA,,Heavy oil,Male,,Articulated vehicle,Did not leave carriageway,0.0,Moving off,2,Goods 7.5 tonnes mgw and over,Data missing or out of range,Front,2004
2004130908604,21 - 25,4.0,Urban area,1.0,1242.0,,,Data missing or out of range,Data missing or out of range,FIAT,BRAVO 80 SX,Petrol,Male,,No tow/articulation,Did not leave carriageway,0.0,Going ahead other,1,109,Data missing or out of range,Front,2004
2004130915604,36 - 45,2.0,Urban area,9.0,2402.0,,,Data missing or out of range,Data missing or out of range,FORD,TRANSIT 350 LWB TD,Heavy oil,Male,,No tow/articulation,Did not leave carriageway,0.0,Waiting to go - held up,2,Van / Goods 3.5 tonnes mgw or under,Data missing or out of range,Back,2004
2004130916504,16 - 20,1.0,Data missing or out of range,,1396.0,,Near/Offside crash barrier,Data missing or out of range,Data missing or out of range,ROVER,25 SPIRIT,Petrol,Male,Skidded,No tow/articulation,Offside,0.0,Going ahead other,2,109,Data missing or out of range,Front,2004
2004130921404,21 - 25,,Urban area,1.0,1781.0,,,Data missing or out of range,Data missing or out of range,AUDI,A4 T SPORT AUTO,Petrol,Female,,No tow/articulation,Did not leave carriageway,0.0,Going ahead other,1,109,Data missing or out of range,Front,2004
2004130932104,36 - 45,5.0,Urban area,1.0,1242.0,,,Data missing or out of range,Data missing or out of range,FIAT,BRAVO 80 SX,Petrol,Female,Skidded,No tow/articulation,Did not leave carriageway,0.0,Going ahead other,1,109,Data missing or out of range,Did not impact,2004
2004130972004,66 - 75,12.0,Urban area,,1998.0,,,Data missing or out of range,Data missing or out of range,FORD,SIERRA GHIA I AUTO,Petrol,Male,,No tow/articulation,Did not leave carriageway,0.0,Turning right,2,109,Data missing or out of range,Front,2004
2004130973504,16 - 20,1.0,Urban area,6.0,49.0,,,Data missing or out of range,Data missing or out of range,APRILIA,,Petrol,Male,,No tow/articulation,Did not leave carriageway,0.0,Going ahead other,1,Motorcycle 50cc and under,Data missing or out of range,Nearside,2004
2004130974104,36 - 45,6.0,Urban area,1.0,1589.0,,,Data missing or out of range,Data missing or out of range,ROVER,416S,Petrol,Female,,No tow/articulation,Did not leave carriageway,0.0,Going ahead other,2,109,Data missing or out of range,Front,2004
2004130974704,66 - 75,,Urban area,3.0,,,,Data missing or out of range,Data missing or out of range,FORD,TRANSIT 330 LWB TD,,Male,,No tow/articulation,Nearside,0.0,Turning right,1,109,Data missing or out of range,Offside,2004
2004130983204,56 - 65,12.0,Urban area,7.0,,,,Data missing or out of range,Data missing or out of range,LEYLAND,,Heavy oil,Male,,No tow/articulation,Did not leave carriageway,0.0,Going ahead other,1,Bus or coach (17 or more pass seats),Data missing or out of range,Did not impact,2004
2004131030404,46 - 55,,Urban area,7.0,2148.0,,,Data missing or out of range,Data missing or out of range,MERCEDES,E220 CDI CLASSIC,Heavy oil,Male,,No tow/articulation,Nearside,0.0,Going ahead other,2,109,Data missing or out of range,Front,2004
2004131038404,16 - 20,,Data missing or out of range,,,,,Data missing or out of range,Data missing or out of range,VOLKSWAGEN,TRANSPORTER 45 D SWB,,Male,,No tow/articulation,Did not leave carriageway,0.0,Reversing,1,109,Data missing or out of range,Front,2004
2004131052204,Data missing or out of range,,Urban area,1.0,2148.0,,,Data missing or out of range,Data missing or out of range,MERCEDES,C220 CDI AVANTGDE SE A,Heavy oil,Male,,No tow/articulation,Did not leave carriageway,0.0,Waiting to turn right,3,109,Data missing or out of range,Back,2004
2004131053504,26 - 35,3.0,Urban area,8.0,1598.0,,,Data missing or out of range,Data missing or out of range,MERCEDES,A160 CLASSIC,Petrol,Female,,No tow/articulation,Did not leave carriageway,0.0,Going ahead other,2,109,Data missing or out of range,Back,2004
2004131054504,26 - 35,3.0,Urban area,5.0,1998.0,,,Data missing or out of range,Data missing or out of range,RENAULT,GRAND ESPACE PRIVILEGE AUTO,Petrol,Male,,No tow/articulation,Did not leave carriageway,0.0,Going ahead other,1,109,Data missing or out of range,Back,2004
2004131070704,21 - 25,15.0,Urban area,6.0,998.0,,,Data missing or out of range,Data missing or out of range,AUSTIN,MINI THIRTY,Petrol,Male,,No tow/articulation,Did not leave carriageway,0.0,Waiting to go - held up,1,109,Data missing or out of range,Front,2004
2004131072304,26 - 35,2.0,Urban area,1.0,2800.0,,,Data missing or out of range,Data missing or out of range,IVECO,,Heavy oil,Male,Skidded,No tow/articulation,Did not leave carriageway,0.0,Going ahead other,2,Van / Goods 3.5 tonnes mgw or under,Data missing or out of range,Front,2004
2004131073204,46 - 55,3.0,Urban area,2.0,2685.0,,,Data missing or out of range,Data missing or out of range,MERCEDES,C270 CDI ELEGANCE AUTO,Heavy oil,Male,,No tow/articulation,Did not leave carriageway,0.0,Going ahead other,2,109,Data missing or out of range,Nearside,2004
2004131077504,21 - 25,10.0,Urban area,2.0,1392.0,,,Data missing or out of range,Data missing or out of range,NISSAN,SUNNY BOSTON,Petrol,Female,,No tow/articulation,Did not leave carriageway,0.0,Going ahead other,2,109,Data missing or out of range,Back,2004
2004131078504,36 - 45,4.0,Small town,5.0,2800.0,,,Data missing or out of range,Data missing or out of range,VOLKSWAGEN,,Petrol,Male,,No tow/articulation,Nearside,0.0,Going ahead other,2,109,Data missing or out of range,Front,2004
2004131085804,16 - 20,12.0,Urban area,6.0,1392.0,,Tree,Data missing or out of range,Data missing or out of range,FORD,ORION QUARTZ,Petrol,Female,Skidded,No tow/articulation,Offside,0.0,Turning left,1,109,Data missing or out of range,Front,2004
2004131088004,36 - 45,,Urban area,8.0,1299.0,,,Data missing or out of range,Data missing or out of range,TOYOTA,YARIS BLUE,Petrol,Female,,No tow/articulation,Did not leave carriageway,0.0,Turning right,1,109,Data missing or out of range,Offside,2004
2004131107104,56 - 65,1.0,Urban area,1.0,4250.0,,,Data missing or out of range,Data missing or out of range,MERCEDES,,Heavy oil,Male,,No tow/articulation,Did not leave carriageway,0.0,Overtaking static vehicle - offside,2,Goods over 3.5t. and under 7.5t,Data missing or out of range,Nearside,2004
2004131109104,56 - 65,,Urban area,5.0,1997.0,,,Data missing or out of range,Data missing or out of range,CITROEN,XSARA PICASSO DESIRE 2HDI,Heavy oil,Male,,No tow/articulation,Did not leave carriageway,0.0,Going ahead other,1,109,Data missing or out of range,Back,2004
2004131109204,21 - 25,3.0,Urban area,2.0,1769.0,Kerb,Road sign or traffic signal,Data missing or out of range,Data missing or out of range,NISSAN,ALMERA SPORT PLUS,Petrol,Male,,No tow/articulation,Straight ahead at junction,0.0,Going ahead other,1,109,Data missing or out of range,Front,2004
2004131113404,46 - 55,5.0,Urban area,5.0,1834.0,,,Data missing or out of range,Data missing or out of range,MITSUBISHI,CARISMA SE GDI AUTO,Petrol,Male,,No tow/articulation,Did not leave carriageway,0.0,Going ahead other,1,109,Data missing or out of range,Front,2004