Accident_Index,Age_Band_of_Driver,Age_of_Vehicle,Driver_Home_Area_Type,Driver_IMD_Decile,Engine_Capacity_.CC.,Hit_Object_in_Carriageway,Hit_Object_off_Carriageway,Journey_Purpose_of_Driver,Junction_Location,make,model,Propulsion_Code,Sex_of_Driver,Skidding_and_Overturning,Towing_and_Articulation,Vehicle_Leaving_Carriageway,Vehicle_Location.Restricted_Lane,Vehicle_Manoeuvre,Vehicle_Reference,Vehicle_Type,Was_Vehicle_Left_Hand_Drive,X1st_Point_of_Impact,Year
2004131120104,46 - 55,12.0,Data missing or out of range,,1119.0,,,Data missing or out of range,Data missing or out of range,FORD,FIESTA I,Petrol,Male,,No tow/articulation,Did not leave carriageway,0.0,Going ahead other,2,109,Data missing or out of range,Back,2004
2004131144404,21 - 25,2.0,Small town,9.0,1299.0,,,Data missing or out of range,Data missing or out of range,TOYOTA,YARIS SR,Petrol,Female,,No tow/articulation,Did not leave carriageway,0.0,Going ahead other,2,109,Data missing or out of range,Offside,2004
2004131144804,46 - 55,,Data missing or out of range,,1998.0,,,Data missing or out of range,Data missing or out of range,FORD,MONDEO GHIA X TDCI,Heavy oil,Male,,No tow/articulation,Did not leave carriageway,0.0,Waiting to go - held up,3,109,Data missing or out of range,Front,2004
2004131150004,16 - 20,11.0,Urban area,7.0,1753.0,,,Data missing or out of range,Data missing or out of range,FORD,ESCORT SUMMER SVP D,Heavy oil,Female,,No tow/articulation,Did not leave carriageway,0.0,Going ahead other,1,109,Data missing or out of range,Front,2004
2004131154604,26 - 35,1.0,Urban area,3.0,1461.0,,,Data missing or out of range,Data missing or out of range,RENAULT,KANGOO SL19DCI 80,Heavy oil,Male,,No tow/articulation,Did not leave carriageway,0.0,Going ahead other,5,Van / Goods 3.5 tonnes mgw or under,Data missing or out of range,Front,2004
2004131168704,36 - 45,9.0,Urban area,5.0,,,,Data missing or out of range,Data missing or out of range,SEDDON/ATKINSON,,Heavy oil,Male,Skidded and overturned,No tow/articulation,Did not leave carriageway,0.0,Going ahead other,1,Goods 7.5 tonnes mgw and over,Data missing or out of range,Front,2004
2004131183404,26 - 35,3.0,Urban area,,2800.0,,,Data missing or out of range,Data missing or out of range,IVECO,,Heavy oil,Male,,No tow/articulation,Did not leave carriageway,9.0,Turning right,1,Van / Goods 3.5 tonnes mgw or under,Data missing or out of range,Front,2004
2004131185004,36 - 45,2.0,Urban area,5.0,998.0,,,Data missing or out of range,Data missing or out of range,TOYOTA,YARIS VVTI COLOUR COLLECTIO,Petrol,Female,,No tow/articulation,Did not leave carriageway,0.0,Going ahead right-hand bend,1,109,Data missing or out of range,Front,2004
2004131190504,16 - 20,,Small town,4.0,698.0,Central island of roundabout,,Data missing or out of range,Data missing or out of range,SMART,ROADSTER LIGHT AUTO,Petrol,Male,,No tow/articulation,Offside - crossed central reservation,0.0,Going ahead other,1,109,Data missing or out of range,Front,2004
2004131220004,26 - 35,2.0,Rural,6.0,3586.0,,Road sign or traffic signal,Data missing or out of range,Data missing or out of range,FERRARI,360 MODENA,Petrol,Male,Skidded,No tow/articulation,Nearside and rebounded,0.0,Going ahead left-hand bend,1,109,Data missing or out of range,Front,2004
2004131255104,16 - 20,12.0,Data missing or out of range,,1794.0,,,Data missing or out of range,Data missing or out of range,VOLVO,440 SI,Petrol,Male,,No tow/articulation,Did not leave carriageway,0.0,Going ahead other,1,109,Data missing or out of range,Offside,2004
2004131255904,26 - 35,5.0,Urban area,8.0,1598.0,,,Data missing or out of range,Data missing or out of range,RENAULT,LAGUNA ALIZE,Petrol,Male,,No tow/articulation,Did not leave carriageway,0.0,Going ahead right-hand bend,1,109,Data missing or out of range,Offside,2004
2004131271004,16 - 20,6.0,Rural,7.0,1108.0,,,Data missing or out of range,Data missing or out of range,FIAT,SEICENTO SPORTING,Petrol,Male,,No tow/articulation,Did not leave carriageway,0.0,Going ahead other,1,109,Data missing or out of range,Offside,2004
2004131276404,36 - 45,11.0,Urban area,8.0,1985.0,,,Data missing or out of range,Data missing or out of range,SAAB,9000 CDE,Petrol,Male,,No tow/articulation,Did not leave carriageway,0.0,Going ahead other,1,109,Data missing or out of range,Nearside,2004
2004131277204,16 - 20,,Urban area,2.0,,,,Data missing or out of range,Data missing or out of range,FORD,TRANSIT 350 LWB TD,,Male,,No tow/articulation,Did not leave carriageway,0.0,Going ahead other,1,109,Data missing or out of range,Front,2004
2004131279504,36 - 45,15.0,Urban area,2.0,3972.0,,,Data missing or out of range,Data missing or out of range,MERCEDES,,Heavy oil,Male,,No tow/articulation,Did not leave carriageway,2.0,Going ahead other,1,Bus or coach (17 or more pass seats),Data missing or out of range,Nearside,2004
2004131288004,56 - 65,10.0,Urban area,7.0,,,,Data missing or out of range,Data missing or out of range,DAF,,Heavy oil,Male,,No tow/articulation,Did not leave carriageway,0.0,Going ahead other,2,Bus or coach (17 or more pass seats),Data missing or out of range,Front,2004
2004131298404,21 - 25,,Urban area,3.0,1199.0,,,Data missing or out of range,Data missing or out of range,VAUXHALL,CORSA LIFE 16V,Petrol,Male,,No tow/articulation,Did not leave carriageway,0.0,Turning right,1,109,Data missing or out of range,Front,2004
2004131309004,36 - 45,12.0,Small town,4.0,1389.0,,,Data missing or out of range,Data missing or out of range,VAUXHALL,ASTRA LI,Petrol,Female,,No tow/articulation,Did not leave carriageway,0.0,Going ahead other,1,109,Data missing or out of range,Front,2004
2004131320804,46 - 55,8.0,Data missing or out of range,,1974.0,,,Data missing or out of range,Data missing or out of range,NISSAN,PRIMERA LX DIESEL,Heavy oil,Male,,No tow/articulation,Did not leave carriageway,0.0,Going ahead other,1,109,Data missing or out of range,Offside,2004
2004131332504,46 - 55,6.0,Urban area,6.0,1994.0,,,Data missing or out of range,Data missing or out of range,ROVER,220 SDI,Heavy oil,Female,Skidded,No tow/articulation,Did not leave carriageway,0.0,Going ahead other,2,109,Data missing or out of range,Front,2004
200414AA00033,46 - 55,13.0,Urban area,,9834.0,,,Data missing or out of range,Data missing or out of range,RENAULT,,Heavy oil,Male,,Other tow,Did not leave carriageway,0.0,Overtaking moving vehicle - offside,2,Goods 7.5 tonnes mgw and over,Data missing or out of range,Front,2004
200414AA00138,36 - 45,8.0,Urban area,2.0,1905.0,,,Data missing or out of range,Data missing or out of range,CITROEN,ZX 1.9D DIMENSION,Heavy oil,Female,,No tow/articulation,Did not leave carriageway,0.0,Slowing or stopping,2,109,Data missing or out of range,Front,2004
200414AA00209,56 - 65,5.0,Urban area,7.0,11021.0,,,Data missing or out of range,Data missing or out of range,SCANIA,,Heavy oil,Male,Skidded,Articulated vehicle,Did not leave carriageway,0.0,Going ahead other,3,Goods 7.5 tonnes mgw and over,Data missing or out of range,Front,2004
200414AA00276,26 - 35,12.0,Urban area,1.0,2496.0,,,Data missing or out of range,Data missing or out of range,FORD,TRANSIT BUS D,Heavy oil,Female,,No tow/articulation,Did not leave carriageway,0.0,Moving off,1,Minibus (8 - 16 passenger seats),Data missing or out of range,Front,2004
200414AA00637,36 - 45,21.0,Urban area,2.0,,,,Data missing or out of range,Data missing or out of range,BRISTOL (BLMC),,Heavy oil,Female,,No tow/articulation,Did not leave carriageway,0.0,Slowing or stopping,1,Bus or coach (17 or more pass seats),Data missing or out of range,Did not impact,2004
200414AA00873,21 - 25,7.0,Urban area,4.0,1468.0,,,Data missing or out of range,Data missing or out of range,PROTON,PERSONA COMPACT GLSI,Petrol,Male,,No tow/articulation,Did not leave carriageway,0.0,Waiting to turn right,2,109,Data missing or out of range,Back,2004
200414AA00961,21 - 25,10.0,Data missing or out of range,,,,,Data missing or out of range,Data missing or out of range,SCANIA,,Heavy oil,Male,,No tow/articulation,Did not leave carriageway,0.0,Moving off,1,Bus or coach (17 or more pass seats),Data missing or out of range,Did not impact,2004
200414AA00969,36 - 45,6.0,Urban area,1.0,,,,Data missing or out of range,Data missing or out of range,DENNIS,,Heavy oil,Male,,No tow/articulation,Did not leave carriageway,0.0,Parked,1,Bus or coach (17 or more pass seats),Data missing or out of range,Did not impact,2004
200414AA01389,26 - 35,9.0,Data missing or out of range,,2460.0,,,Data missing or out of range,Data missing or out of range,AUDI,A6 2.5 TDI,Heavy oil,Male,,No tow/articulation,Did not leave carriageway,0.0,Going ahead other,1,109,Data missing or out of range,Front,2004
200414AA01630,26 - 35,11.0,Urban area,6.0,1391.0,,,Data missing or out of range,Data missing or out of range,FORD,ORION LX I,Petrol,Female,,No tow/articulation,Did not leave carriageway,0.0,Going ahead other,1,109,Data missing or out of range,Offside,2004
200414AA01788,26 - 35,3.0,Urban area,3.0,599.0,,,Data missing or out of range,Data missing or out of range,KAWASAKI,ZX600-J1,Petrol,Male,,No tow/articulation,Did not leave carriageway,0.0,Going ahead other,2,106,Data missing or out of range,Front,2004
200414AA01845,21 - 25,2.0,Urban area,7.0,1242.0,,,Data missing or out of range,Data missing or out of range,FIAT,PUNTO ACTIVE,Petrol,Female,,No tow/articulation,Did not leave carriageway,0.0,Turning left,1,109,Data missing or out of range,Nearside,2004
200414AA01866,36 - 45,1.0,Urban area,3.0,7300.0,,,Data missing or out of range,Data missing or out of range,VOLVO,,Heavy oil,Male,,No tow/articulation,Did not leave carriageway,0.0,Turning left,1,Bus or coach (17 or more pass seats),Data missing or out of range,Offside,2004
200414AA01866,46 - 55,4.0,Urban area,2.0,4250.0,,,Data missing or out of range,Data missing or out of range,MERCEDES,,Heavy oil,Male,,No tow/articulation,Did not leave carriageway,0.0,Going ahead other,2,Goods over 3.5t. and under 7.5t,Data missing or out of range,Front,2004
200414AA01997,26 - 35,14.0,Urban area,2.0,2000.0,,,Data missing or out of range,Data missing or out of range,TOYOTA,,Heavy oil,Male,,No tow/articulation,Did not leave carriageway,0.0,Going ahead other,1,109,Data missing or out of range,Did not impact,2004
200414AA02212,Over 75,9.0,Small town,1.0,1468.0,,,Data missing or out of range,Data missing or out of range,PROTON,GL AUTO,Petrol,Male,,No tow/articulation,Did not leave carriageway,0.0,Going ahead other,1,109,Data missing or out of range,Front,2004
200414AA02385,46 - 55,2.0,Urban area,5.0,2461.0,,Road sign or traffic signal,Data missing or out of range,Data missing or out of range,VOLKSWAGEN,LT35 95 TDI MWB,Heavy oil,Male,,No tow/articulation,Nearside and rebounded,0.0,Going ahead other,2,Van / Goods 3.5 tonnes mgw or under,Data missing or out of range,Front,2004
200414AA02460,Data missing or out of range,1.0,Small town,7.0,1149.0,,,Data missing or out of range,Data missing or out of range,RENAULT,CLIO DYNAMIQUE 16V,Petrol,Not known,,No tow/articulation,Did not leave carriageway,0.0,Overtaking - nearside,2,109,Data missing or out of range,Front,2004
200414AA02524,Data missing or out of range,1.0,Urban area,1.0,1997.0,,,Data missing or out of range,Data missing or out of range,CITROEN,C5 HDI LX,Heavy oil,Male,,No tow/articulation,Did not leave carriageway,0.0,Going ahead other,1,109,Data missing or out of range,Offside,2004
200414AA02553,36 - 45,7.0,Small town,1.0,1200.0,,,Data missing or out of range,Data missing or out of range,SUZUKI,,Petrol,Male,,No tow/articulation,Did not leave carriageway,0.0,Going ahead other,2,106,Data missing or out of range,Front,2004
200414AA02812,36 - 45,4.0,Urban area,6.0,1587.0,,,Data missing or out of range,Data missing or out of range,CITROEN,XSARA PICASSO SX,Petrol,Female,,No tow/articulation,Did not leave carriageway,0.0,Waiting to go - held up,3,109,Data missing or out of range,Front,2004
200414AA02928,Over 75,3.0,Urban area,7.0,1598.0,,,Data missing or out of range,Data missing or out of range,TOYOTA,COROLLA VVTI GS AUTO,Petrol,Male,,No tow/articulation,Did not leave carriageway,0.0,Going ahead other,2,109,Data missing or out of range,Front,2004
200414AA02990,36 - 45,9.0,Urban area,2.0,2188.0,,,Data missing or out of range,Data missing or out of range,RENAULT,LAGUNA RT-D,Heavy oil,Male,,No tow/articulation,Did not leave carriageway,0.0,Waiting to go - held up,2,109,Data missing or out of range,Front,2004
200414BB00141,36 - 45,,Urban area,1.0,,,,Data missing or out of range,Data missing or out of range,VAUXHALL,COMBO 1700 DTI,,Male,,No tow/articulation,Did not leave carriageway,0.0,Going ahead other,3,109,Data missing or out of range,Back,2004
200414BB00512,56 - 65,7.0,Small town,1.0,1905.0,,,Data missing or out of range,Data missing or out of range,PEUGEOT,306 SLDT,Heavy oil,Female,,No tow/articulation,Did not leave carriageway,0.0,Waiting to turn right,1,109,Data missing or out of range,Back,2004
200414BB00608,16 - 20,6.0,Urban area,6.0,1332.0,,,Data missing or out of range,Data missing or out of range,TOYOTA,STARLET CD,Petrol,Male,Skidded,No tow/articulation,Did not leave carriageway,0.0,Going ahead other,1,109,Data missing or out of range,Front,2004
200414BB00615,36 - 45,5.0,Urban area,6.0,1495.0,,,Data missing or out of range,Data missing or out of range,HYUNDAI,ACCENT LUXE,Petrol,Female,,No tow/articulation,Did not leave carriageway,0.0,Going ahead other,1,109,Data missing or out of range,Front,2004
200414BB01011,26 - 35,4.0,Urban area,4.0,1590.0,,,Data missing or out of range,Data missing or out of range,SUZUKI,BALENO GS,Petrol,Female,,No tow/articulation,Did not leave carriageway,0.0,Going ahead other,1,109,Data missing or out of range,Nearside,2004
200414BB01097,Data missing or out of range,8.0,Urban area,1.0,1994.0,,,Data missing or out of range,Data missing or out of range,ROVER,220 SDI,Heavy oil,Female,,No tow/articulation,Did not leave carriageway,0.0,Slowing or stopping,2,109,Data missing or out of range,Front,2004
200414BB01099,36 - 45,4.0,Rural,7.0,1242.0,,,Data missing or out of range,Data missing or out of range,FORD,CAPRI 3000 GT L AUTO,Petrol,Female,,No tow/articulation,Did not leave carriageway,0.0,Overtaking moving vehicle - offside,1,109,Data missing or out of range,Front,2004
200414BB01156,46 - 55,1.0,Urban area,2.0,2000.0,,,Data missing or out of range,Data missing or out of range,KIA,MAGENTIS LX,Petrol,Male,,No tow/articulation,Did not leave carriageway,0.0,Going ahead other,1,109,Data missing or out of range,Back,2004
200414BB01177,36 - 45,5.0,Urban area,1.0,1870.0,,,Data missing or out of range,Data missing or out of range,RENAULT,LAGUNA RT DTI,Heavy oil,Female,,No tow/articulation,Did not leave carriageway,0.0,Going ahead other,1,109,Data missing or out of range,Nearside,2004
200414BB01286,26 - 35,,Urban area,,1560.0,,,Data missing or out of range,Data missing or out of range,PEUGEOT,307 SW SE HDI,Heavy oil,Male,,No tow/articulation,Did not leave carriageway,0.0,Overtaking moving vehicle - offside,2,109,Data missing or out of range,Front,2004
200414BB01341,21 - 25,7.0,Urban area,6.0,1700.0,,,Data missing or out of range,Data missing or out of range,VAUXHALL,ASTRA LS 1.7D TURBO,Heavy oil,Male,,No tow/articulation,Did not leave carriageway,0.0,Turning right,2,109,Data missing or out of range,Nearside,2004
200414BB01363,36 - 45,4.0,Urban area,4.0,12130.0,,,Data missing or out of range,Data missing or out of range,VOLVO,,Heavy oil,Male,,Articulated vehicle,Did not leave carriageway,0.0,Going ahead right-hand bend,2,Goods 7.5 tonnes mgw and over,Data missing or out of range,Offside,2004
200414BB01506,36 - 45,8.0,Rural,9.0,2319.0,,,Data missing or out of range,Data missing or out of range,VOLVO,850 T5 CD,Petrol,Male,,No tow/articulation,Did not leave carriageway,0.0,Parked,3,109,Data missing or out of range,Offside,2004
200414BB01796,26 - 35,5.0,Urban area,10.0,1753.0,,,Data missing or out of range,Data missing or out of range,FORD,MONDEO VERONA TD,Heavy oil,Female,,No tow/articulation,Did not leave carriageway,0.0,Going ahead other,1,109,Data missing or out of range,Front,2004
200414BB01829,46 - 55,5.0,Urban area,6.0,1997.0,,,Data missing or out of range,Data missing or out of range,PEUGEOT,406 LX HDI(110),Heavy oil,Female,,No tow/articulation,Did not leave carriageway,0.0,Waiting to go - held up,1,109,Data missing or out of range,Back,2004
200414BB01837,46 - 55,2.0,Urban area,,1396.0,,,Data missing or out of range,Data missing or out of range,ROVER,25 IMPRESSION S,Petrol,Female,,No tow/articulation,Did not leave carriageway,0.0,Waiting to go - held up,1,109,Data missing or out of range,Back,2004
200414BB01842,46 - 55,,Small town,9.0,124.0,Kerb,,Data missing or out of range,Data missing or out of range,KINLON,JL 125-H,Petrol,Male,,No tow/articulation,Nearside,0.0,Going ahead right-hand bend,1,Motorcycle 125cc and under,Data missing or out of range,Front,2004
200414CC00555,36 - 45,3.0,Urban area,4.0,2148.0,,Entered ditch,Data missing or out of range,Data missing or out of range,MERCEDES,C220 CDI CLASSIC,Heavy oil,Female,Skidded,No tow/articulation,Nearside,0.0,Going ahead other,1,109,Data missing or out of range,Back,2004
200414CC00740,16 - 20,5.0,Urban area,2.0,124.0,,,Data missing or out of range,Data missing or out of range,KAWASAKI,KMX 125-B10,Petrol,Male,,No tow/articulation,Did not leave carriageway,0.0,Going ahead other,2,Motorcycle 125cc and under,Data missing or out of range,Offside,2004
200414CC00958,26 - 35,1.0,Small town,4.0,1896.0,,,Data missing or out of range,Data missing or out of range,VOLKSWAGEN,GOLF MATCH TDI PD,Heavy oil,Male,,No tow/articulation,Did not leave carriageway,0.0,Going ahead other,1,109,Data missing or out of range,Front,2004
200414CC00965,46 - 55,5.0,Urban area,8.0,1597.0,,Other permanent object,Data missing or out of range,Data missing or out of range,NISSAN,PRIMERA SX 16V,Petrol,Female,Skidded,No tow/articulation,Nearside,0.0,Going ahead left-hand bend,1,109,Data missing or out of range,Front,2004
200414CC00972,46 - 55,3.0,Urban area,3.0,2597.0,,,Data missing or out of range,Data missing or out of range,VAUXHALL,OMEGA CD V6 AUTO,Petrol,Male,Skidded,No tow/articulation,Did not leave carriageway,0.0,Overtaking static vehicle - offside,3,109,Data missing or out of range,Front,2004
200414CC01007,16 - 20,4.0,Urban area,2.0,1590.0,,,Data missing or out of range,Data missing or out of range,SUZUKI,VITARA JX 4 U SOFT-TOP,Petrol,Female,,No tow/articulation,Did not leave carriageway,0.0,Parked,1,109,Data missing or out of range,Back,2004
200414CC01236,66 - 75,10.0,Urban area,4.0,1597.0,,,Data missing or out of range,Data missing or out of range,NISSAN,PRIMERA CIRCUIT,Petrol,Male,,No tow/articulation,Did not leave carriageway,0.0,Waiting to go - held up,4,109,Data missing or out of range,Front,2004
200414CC01474,16 - 20,5.0,Urban area,7.0,1124.0,,,Data missing or out of range,Data missing or out of range,CITROEN,SAXO EAST COAST,Petrol,Female,,No tow/articulation,Did not leave carriageway,0.0,Going ahead other,1,109,Data missing or out of range,Front,2004
200414CC01716,56 - 65,13.0,Urban area,2.0,1590.0,,,Data missing or out of range,Data missing or out of range,HONDA,CONCERTO EX AUTO,Petrol,Male,,No tow/articulation,Did not leave carriageway,0.0,Waiting to go - held up,1,109,Data missing or out of range,Back,2004
200414CC01934,36 - 45,2.0,Urban area,8.0,1997.0,,,Data missing or out of range,Data missing or out of range,PEUGEOT,307 GLX HDI,Heavy oil,Female,,No tow/articulation,Did not leave carriageway,0.0,Going ahead other,1,109,Data missing or out of range,Front,2004
200414CC02043,36 - 45,9.0,Urban area,2.0,2446.0,,,Data missing or out of range,Data missing or out of range,TOYOTA,HIACE DIESEL COMPACT,Heavy oil,Male,,No tow/articulation,Did not leave carriageway,0.0,U-turn,2,Minibus (8 - 16 passenger seats),Data missing or out of range,Offside,2004
200414CC02168,46 - 55,5.0,Urban area,9.0,1795.0,,,Data missing or out of range,Data missing or out of range,HYUNDAI,,Petrol,Male,,No tow/articulation,Did not leave carriageway,0.0,Going ahead other,1,109,Data missing or out of range,Nearside,2004
200414CC02169,16 - 20,5.0,Urban area,3.0,1124.0,,,Data missing or out of range,Data missing or out of range,PEUGEOT,106 XN ZEST 2,Petrol,Male,,No tow/articulation,Did not leave carriageway,0.0,Turning right,1,109,Data missing or out of range,Front,2004
200414CC02192,26 - 35,12.0,Small town,1.0,1324.0,,,Data missing or out of range,Data missing or out of range,KIA,PRIDE LX,Petrol,Female,,No tow/articulation,Did not leave carriageway,0.0,Going ahead right-hand bend,1,109,Data missing or out of range,Offside,2004
200414CC02199,46 - 55,,Urban area,3.0,,,,Data missing or out of range,Data missing or out of range,LEYLAND DAF,400 SERIES DIESEL,,Male,,No tow/articulation,Did not leave carriageway,0.0,Going ahead other,1,Van / Goods 3.5 tonnes mgw or under,Data missing or out of range,Front,2004
200414DD00189,36 - 45,2.0,Small town,7.0,2497.0,,,Data missing or out of range,Data missing or out of range,ROVER,75 CONNOISSEUR SE AUTO,Petrol,Male,,No tow/articulation,Did not leave carriageway,0.0,Waiting to go - held up,1,109,Data missing or out of range,Back,2004
200414DD00287,26 - 35,,Urban area,6.0,,,,Data missing or out of range,Data missing or out of range,VOLVO,,,Male,,No tow/articulation,Did not leave carriageway,8.0,Slowing or stopping,1,Van / Goods 3.5 tonnes mgw or under,Data missing or out of range,Did not impact,2004
200414DD00532,36 - 45,,Urban area,10.0,,Kerb,Road sign or traffic signal,Data missing or out of range,Data missing or out of range,IVECO-FORD,,,Male,,No tow/articulation,Offside,0.0,Changing lane to right,1,Goods over 3.5t. and under 7.5t,Data missing or out of range,Offside,2004
200414DD00539,36 - 45,3.0,Urban area,9.0,5861.0,,,Data missing or out of range,Data missing or out of range,IVECO-FORD,,Heavy oil,Male,,No tow/articulation,Did not leave carriageway,0.0,Going ahead other,2,Van / Goods 3.5 tonnes mgw or under,Data missing or out of range,Front,2004
200414DD00549,46 - 55,2.0,Urban area,5.0,7300.0,,,Data missing or out of range,Data missing or out of range,VOLVO,,Heavy oil,Male,,No tow/articulation,Did not leave carriageway,0.0,Moving off,1,Bus or coach (17 or more pass seats),Data missing or out of range,Did not impact,2004
200414DD00817,21 - 25,14.0,Urban area,2.0,1596.0,,,Data missing or out of range,Data missing or out of range,FORD,FIESTA XR2I,Petrol,Male,,No tow/articulation,Did not leave carriageway,0.0,Going ahead other,2,109,Data missing or out of range,Front,2004
200414DD00998,26 - 35,13.0,Urban area,3.0,,,,Data missing or out of range,Data missing or out of range,VOLVO,,Heavy oil,Male,,No tow/articulation,Did not leave carriageway,0.0,Waiting to go - held up,1,Bus or coach (17 or more pass seats),Data missing or out of range,Back,2004
200414DD01048,36 - 45,5.0,Urban area,8.0,1332.0,,,Data missing or out of range,Data missing or out of range,TOYOTA,COROLLA SE 16V,Petrol,Female,,No tow/articulation,Did not leave carriageway,0.0,Going ahead other,1,109,Data missing or out of range,Offside,2004
200414DD01323,36 - 45,8.0,Data missing or out of range,,2498.0,,,Data missing or out of range,Data missing or out of range,VAUXHALL,OMEGA 2.5 V6 CD,Petrol,Not known,,No tow/articulation,Did not leave carriageway,0.0,Going ahead other,2,109,Data missing or out of range,Front,2004
200414DD01366,36 - 45,10.0,Urban area,3.0,1686.0,,,Data missing or out of range,Data missing or out of range,VAUXHALL,ASTRA LS TURBO DIESEL,Heavy oil,Male,,No tow/articulation,Did not leave carriageway,0.0,Going ahead other,1,109,Data missing or out of range,Front,2004
200414DD01441,36 - 45,1.0,Rural,6.0,1997.0,,,Data missing or out of range,Data missing or out of range,CITROEN,C5 HDI LX,Heavy oil,Male,,No tow/articulation,Did not leave carriageway,0.0,Waiting to go - held up,1,109,Data missing or out of range,Back,2004
200414DD01527,46 - 55,3.0,Urban area,1.0,1795.0,,Other permanent object,Data missing or out of range,Data missing or out of range,KIA,SHUMA GSX,Petrol,Female,,No tow/articulation,Nearside,0.0,Turning right,1,109,Data missing or out of range,Front,2004
200414DD01641,26 - 35,10.0,Urban area,8.0,5861.0,,,Data missing or out of range,Data missing or out of range,IVECO-FORD,,Heavy oil,Male,,No tow/articulation,Did not leave carriageway,0.0,Going ahead other,1,Goods 7.5 tonnes mgw and over,Data missing or out of range,Did not impact,2004
200414DD01819,21 - 25,1.0,Small town,3.0,1598.0,,,Data missing or out of range,Data missing or out of range,VAUXHALL,ASTRA ENVOY 8V AUTO,Petrol,Male,,No tow/articulation,Did not leave carriageway,0.0,Going ahead other,1,109,Data missing or out of range,Front,2004
200414DD01866,26 - 35,11.0,Urban area,4.0,1468.0,,,Data missing or out of range,Data missing or out of range,PROTON,SE,Petrol,Female,,No tow/articulation,Did not leave carriageway,0.0,Going ahead other,2,109,Data missing or out of range,Front,2004
200414DD01913,36 - 45,2.0,Urban area,6.0,1870.0,,,Data missing or out of range,Data missing or out of range,RENAULT,MEGANE EXPRESSION+ DCI,Heavy oil,Male,,No tow/articulation,Did not leave carriageway,0.0,Going ahead other,2,109,Data missing or out of range,Front,2004
200414EE00552,26 - 35,16.0,Urban area,1.0,1270.0,,,Data missing or out of range,Data missing or out of range,NISSAN,SUNNY GS,Petrol,Male,Skidded,No tow/articulation,Did not leave carriageway,0.0,Going ahead other,1,109,Data missing or out of range,Front,2004
200414EE00569,26 - 35,9.0,Urban area,6.0,1389.0,,,Data missing or out of range,Data missing or out of range,VAUXHALL,ASTRA LS (HI-TORQ),Petrol,Male,,No tow/articulation,Did not leave carriageway,0.0,Going ahead other,1,109,Data missing or out of range,Front,2004
200414EE00570,26 - 35,4.0,Urban area,1.0,,,,Data missing or out of range,Data missing or out of range,DAF TRUCKS,FAS 85CF.340,Heavy oil,Male,,No tow/articulation,Did not leave carriageway,0.0,Going ahead other,2,Goods 7.5 tonnes mgw and over,Data missing or out of range,Front,2004
200414EE00601,56 - 65,2.0,Small town,5.0,1299.0,,,Data missing or out of range,Data missing or out of range,FORD,KA LUXURY,Petrol,Male,,No tow/articulation,Did not leave carriageway,0.0,Going ahead other,1,109,Data missing or out of range,Front,2004
200414EE00620,26 - 35,1.0,Urban area,3.0,1997.0,,,Data missing or out of range,Data missing or out of range,PEUGEOT,307 GLX HDI,Heavy oil,Male,,No tow/articulation,Did not leave carriageway,0.0,Going ahead other,1,109,Data missing or out of range,Nearside,2004
200414EE00675,46 - 55,5.0,Urban area,4.0,9600.0,,,Data missing or out of range,Data missing or out of range,VOLVO,,Heavy oil,Male,,No tow/articulation,Did not leave carriageway,0.0,Parked,1,Bus or coach (17 or more pass seats),Data missing or out of range,Did not impact,2004
200414EE00695,26 - 35,10.0,Urban area,5.0,1392.0,,,Data missing or out of range,Data missing or out of range,NISSAN,SUNNY BOSTON,Petrol,Male,Skidded,No tow/articulation,Did not leave carriageway,0.0,Going ahead other,1,109,Data missing or out of range,Front,2004
200414EE00895,56 - 65,,Urban area,4.0,2500.0,,,Data missing or out of range,Data missing or out of range,KIA,SORENTO CRDI XS AUTO,Heavy oil,Male,,No tow/articulation,Did not leave carriageway,0.0,Waiting to go - held up,1,109,Data missing or out of range,Front,2004
200414EE01008,36 - 45,,Urban area,8.0,,,,Data missing or out of range,Data missing or out of range,FORD,TRANSIT 280 SWB TD,,Male,,No tow/articulation,Did not leave carriageway,0.0,Going ahead other,1,109,Data missing or out of range,Offside,2004