Accident_Index,Age_Band_of_Driver,Age_of_Vehicle,Driver_Home_Area_Type,Driver_IMD_Decile,Engine_Capacity_.CC.,Hit_Object_in_Carriageway,Hit_Object_off_Carriageway,Journey_Purpose_of_Driver,Junction_Location,make,model,Propulsion_Code,Sex_of_Driver,Skidding_and_Overturning,Towing_and_Articulation,Vehicle_Leaving_Carriageway,Vehicle_Location.Restricted_Lane,Vehicle_Manoeuvre,Vehicle_Reference,Vehicle_Type,Was_Vehicle_Left_Hand_Drive,X1st_Point_of_Impact,Year
200414EE01143,26 - 35,,Urban area,2.0,1970.0,,,Data missing or out of range,Data missing or out of range,ALFA ROMEO,156 VELOCE JTS,Petrol,Male,,No tow/articulation,Did not leave carriageway,0.0,Going ahead other,1,109,Data missing or out of range,Front,2004
200414EE01169,26 - 35,3.0,Small town,5.0,1149.0,,,Data missing or out of range,Data missing or out of range,RENAULT,CLIO DYNAMIQUE 16V,Petrol,Female,,No tow/articulation,Did not leave carriageway,0.0,Waiting to go - held up,1,109,Data missing or out of range,Back,2004
200414EE01280,36 - 45,2.0,Urban area,8.0,2495.0,,,Data missing or out of range,Data missing or out of range,LAND ROVER,DISCOVERY SERENGETI TD5,Heavy oil,Male,,No tow/articulation,Did not leave carriageway,0.0,Waiting to go - held up,1,109,Data missing or out of range,Back,2004
200414FF00185,26 - 35,6.0,Urban area,1.0,1597.0,,,Data missing or out of range,Data missing or out of range,FORD,ESCORT FINESSE 16V,Petrol,Female,,No tow/articulation,Did not leave carriageway,0.0,Going ahead other,2,109,Data missing or out of range,Front,2004
200414FF00207,16 - 20,14.0,Urban area,1.0,1598.0,Kerb,Bus stop or bus shelter,Data missing or out of range,Data missing or out of range,MAZDA,323 SE,Petrol,Male,Skidded,No tow/articulation,Offside,0.0,Going ahead left-hand bend,1,109,Data missing or out of range,Front,2004
200414FF00274,26 - 35,11.0,Data missing or out of range,,1372.0,,,Data missing or out of range,Data missing or out of range,FIAT,TIPO FORMULA,Petrol,Not known,Skidded,No tow/articulation,Did not leave carriageway,0.0,Going ahead other,2,109,Data missing or out of range,Front,2004
200414FF00358,36 - 45,3.0,Urban area,2.0,1794.0,,,Data missing or out of range,Data missing or out of range,TOYOTA,AVENSIS GLS VVT-I,Petrol,Male,,No tow/articulation,Did not leave carriageway,0.0,U-turn,1,109,Data missing or out of range,Offside,2004
200414FF00621,26 - 35,9.0,Urban area,10.0,2000.0,Kerb,,Data missing or out of range,Data missing or out of range,MITSUBISHI,,Petrol,Male,,No tow/articulation,Did not leave carriageway,0.0,Overtaking static vehicle - offside,1,109,Data missing or out of range,Front,2004
200414FF00870,36 - 45,14.0,Small town,7.0,1721.0,,,Data missing or out of range,Data missing or out of range,VOLVO,440 GLE I,Petrol,Male,Skidded,No tow/articulation,Did not leave carriageway,0.0,Going ahead left-hand bend,2,109,Data missing or out of range,Front,2004
200414FF00971,26 - 35,5.0,Urban area,10.0,3301.0,,,Data missing or out of range,Data missing or out of range,CHRYSLER,,Petrol,Female,Skidded,No tow/articulation,Did not leave carriageway,0.0,Going ahead other,1,109,Data missing or out of range,Front,2004
200414FF01139,46 - 55,10.0,Urban area,,1360.0,,,Data missing or out of range,Data missing or out of range,ROVER,METRO LD,Heavy oil,Male,,No tow/articulation,Did not leave carriageway,0.0,Going ahead other,1,109,Data missing or out of range,Back,2004
200414FF01176,Data missing or out of range,,Urban area,3.0,,,,Data missing or out of range,Data missing or out of range,VAUXHALL,ASTRAVAN ENVOY CDTI,,Male,,No tow/articulation,Did not leave carriageway,0.0,Going ahead left-hand bend,1,109,Data missing or out of range,Offside,2004
200414FF01321,36 - 45,4.0,Urban area,3.0,993.0,,,Data missing or out of range,Data missing or out of range,SUZUKI,SWIFT CIRRUS,Petrol,Female,,No tow/articulation,Did not leave carriageway,0.0,Going ahead other,1,109,Data missing or out of range,Offside,2004
200414FF01381,26 - 35,17.0,Urban area,9.0,50.0,,,Data missing or out of range,Data missing or out of range,VESPA (DOUGLAS),,Petrol,Male,Overturned,No tow/articulation,Did not leave carriageway,0.0,Going ahead other,2,Motorcycle 125cc and under,Data missing or out of range,Front,2004
2004160A00240,66 - 75,7.0,Urban area,3.0,1120.0,,,Data missing or out of range,Data missing or out of range,ROVER,100 ASCOT SE,Petrol,Female,Skidded,No tow/articulation,Did not leave carriageway,0.0,Turning right,1,109,Data missing or out of range,Front,2004
2004160A00480,21 - 25,10.0,Rural,7.0,1686.0,,,Data missing or out of range,Data missing or out of range,VAUXHALL,ASTRA LS TD,Heavy oil,Male,,No tow/articulation,Did not leave carriageway,0.0,Going ahead other,1,109,Data missing or out of range,Front,2004
2004160A00580,66 - 75,1.0,Urban area,7.0,1390.0,,,Data missing or out of range,Data missing or out of range,VOLKSWAGEN,GOLF MATCH,Petrol,Male,,No tow/articulation,Did not leave carriageway,0.0,Parked,2,109,Data missing or out of range,Offside,2004
2004160A02610,16 - 20,2.0,Urban area,8.0,49.0,,,Data missing or out of range,Data missing or out of range,APRILIA,,Petrol,Male,,No tow/articulation,Did not leave carriageway,0.0,Overtaking static vehicle - offside,2,Motorcycle 50cc and under,Data missing or out of range,Offside,2004
2004160A03050,16 - 20,3.0,Rural,6.0,125.0,,,Data missing or out of range,Data missing or out of range,CAGIVA,,Petrol,Male,,No tow/articulation,Did not leave carriageway,0.0,Going ahead other,2,Motorcycle 125cc and under,Data missing or out of range,Front,2004
2004160A04020,Data missing or out of range,8.0,Data missing or out of range,,1905.0,,,Data missing or out of range,Data missing or out of range,CITROEN,XANTIA SX D,Heavy oil,Not known,,No tow/articulation,Did not leave carriageway,0.0,Parked,2,109,Data missing or out of range,Nearside,2004
2004160A04160,16 - 20,8.0,Rural,6.0,1700.0,,,Data missing or out of range,Data missing or out of range,VAUXHALL,ASTRA LS 1.7D TURBO,Heavy oil,Male,,No tow/articulation,Did not leave carriageway,0.0,Slowing or stopping,1,109,Data missing or out of range,Front,2004
2004160A04480,Data missing or out of range,9.0,Data missing or out of range,,1796.0,,,Data missing or out of range,Data missing or out of range,FORD,MONDEO ULTIMA,Petrol,Male,,No tow/articulation,Did not leave carriageway,0.0,Parked,2,109,Data missing or out of range,Offside,2004
2004160A04510,36 - 45,,Urban area,6.0,1339.0,,,Data missing or out of range,Data missing or out of range,HONDA,JAZZ SE,Petrol,Female,,No tow/articulation,Did not leave carriageway,0.0,Turning right,2,109,Data missing or out of range,Offside,2004
2004160A04960,26 - 35,7.0,Data missing or out of range,,1275.0,,,Data missing or out of range,Data missing or out of range,NISSAN,MICRA GX,Petrol,Female,,No tow/articulation,Did not leave carriageway,0.0,Going ahead other,2,109,Data missing or out of range,Front,2004
2004160A05690,36 - 45,4.0,Urban area,1.0,1396.0,,,Data missing or out of range,Data missing or out of range,ROVER,25 I 16V,Petrol,Male,,No tow/articulation,Did not leave carriageway,0.0,Going ahead other,2,109,Data missing or out of range,Back,2004
2004160B00190,56 - 65,1.0,Urban area,1.0,3900.0,,,Data missing or out of range,Data missing or out of range,DAF,,Heavy oil,Male,,No tow/articulation,Did not leave carriageway,0.0,Moving off,1,Bus or coach (17 or more pass seats),Data missing or out of range,Front,2004
2004160B00320,16 - 20,2.0,Small town,3.0,1124.0,,,Data missing or out of range,Data missing or out of range,CITROEN,SAXO FORTE,Petrol,Male,,No tow/articulation,Did not leave carriageway,0.0,Turning right,1,109,Data missing or out of range,Offside,2004
2004160B00930,36 - 45,1.0,Urban area,8.0,11705.0,,,Data missing or out of range,Data missing or out of range,SCANIA,,Heavy oil,Male,,No tow/articulation,Did not leave carriageway,0.0,Going ahead other,3,Goods 7.5 tonnes mgw and over,Data missing or out of range,Front,2004
2004160B00990,46 - 55,3.0,Urban area,,11967.0,,,Data missing or out of range,Data missing or out of range,MAN,,Heavy oil,Male,,Single trailer,Did not leave carriageway,0.0,Waiting to go - held up,1,Goods 7.5 tonnes mgw and over,Data missing or out of range,Back,2004
2004160B01830,Data missing or out of range,8.0,Data missing or out of range,,1288.0,,,Data missing or out of range,Data missing or out of range,LADA,SAMARA 1.3 S,Petrol,Not known,Skidded,No tow/articulation,Did not leave carriageway,0.0,Going ahead other,1,109,Data missing or out of range,Front,2004
2004160B02050,46 - 55,8.0,Urban area,2.0,1905.0,,,Data missing or out of range,Data missing or out of range,CITROEN,XANTIA 1.9 TD DIMENSION,Heavy oil,Male,,No tow/articulation,Did not leave carriageway,0.0,Turning right,1,109,Data missing or out of range,Front,2004
2004160B02490,36 - 45,13.0,Data missing or out of range,,1580.0,,,Data missing or out of range,Data missing or out of range,PEUGEOT,405 GR AUTO,Petrol,Male,,No tow/articulation,Did not leave carriageway,0.0,Going ahead other,1,109,Data missing or out of range,Offside,2004
2004160B03300,26 - 35,5.0,Urban area,5.0,918.0,,,Data missing or out of range,Data missing or out of range,HONDA,CBR900RR,Petrol,Male,,No tow/articulation,Did not leave carriageway,0.0,Slowing or stopping,1,106,Data missing or out of range,Front,2004
2004160B03760,56 - 65,10.0,Urban area,5.0,,,,Data missing or out of range,Data missing or out of range,FORD NEW HOLLAND,,Heavy oil,Male,,No tow/articulation,Did not leave carriageway,0.0,Turning left,2,Agricultural vehicle,Data missing or out of range,Offside,2004
2004160B04200,26 - 35,4.0,Small town,2.0,1995.0,,,Data missing or out of range,Data missing or out of range,VAUXHALL,ASTRA LS DTI,Heavy oil,Female,,No tow/articulation,Did not leave carriageway,0.0,Turning left,1,109,Data missing or out of range,Front,2004
2004160B05360,26 - 35,9.0,Urban area,6.0,10000.0,,,Data missing or out of range,Data missing or out of range,ERF,,Heavy oil,Male,,Articulated vehicle,Did not leave carriageway,0.0,Going ahead other,2,Goods 7.5 tonnes mgw and over,Data missing or out of range,Front,2004
2004160B05680,21 - 25,5.0,Urban area,6.0,1124.0,,Other permanent object,Data missing or out of range,Data missing or out of range,CITROEN,SAXO EAST COAST,Petrol,Male,Skidded and overturned,No tow/articulation,Nearside,0.0,Going ahead left-hand bend,1,109,Data missing or out of range,Nearside,2004
2004160B05790,46 - 55,13.0,Rural,6.0,1905.0,,,Data missing or out of range,Data missing or out of range,PEUGEOT,309 STYLE DIESEL,Heavy oil,Female,,No tow/articulation,Did not leave carriageway,0.0,Turning left,1,109,Data missing or out of range,Back,2004
2004160B06050,46 - 55,7.0,Urban area,,1389.0,,,Data missing or out of range,Data missing or out of range,VAUXHALL,CORSA BREEZE HI-TORQ,Petrol,Female,,No tow/articulation,Did not leave carriageway,0.0,Going ahead other,2,109,Data missing or out of range,Front,2004
2004160B06140,36 - 45,3.0,Rural,4.0,2172.0,,,Data missing or out of range,Data missing or out of range,VAUXHALL,VECTRA SRI 130 DTI,Heavy oil,Male,,No tow/articulation,Did not leave carriageway,0.0,Going ahead other,2,109,Data missing or out of range,Front,2004
2004160B06430,46 - 55,4.0,Urban area,6.0,1948.0,,,Data missing or out of range,Data missing or out of range,VOLVO,V40 I,Petrol,Female,,No tow/articulation,Did not leave carriageway,0.0,Going ahead other,1,109,Data missing or out of range,Front,2004
2004160C00140,26 - 35,4.0,Urban area,8.0,998.0,,,Data missing or out of range,Data missing or out of range,NISSAN,MICRA CELEBRATION 16V,Petrol,Female,,No tow/articulation,Did not leave carriageway,0.0,Turning right,2,109,Data missing or out of range,Front,2004
2004160C00480,Data missing or out of range,8.0,Rural,8.0,11000.0,,,Data missing or out of range,Data missing or out of range,SCANIA,,Heavy oil,Not known,,Single trailer,Did not leave carriageway,0.0,Moving off,2,Goods 7.5 tonnes mgw and over,Data missing or out of range,Back,2004
2004160C00830,56 - 65,,Rural,9.0,,,,Data missing or out of range,Data missing or out of range,MERCEDES,,,Male,,No tow/articulation,Did not leave carriageway,0.0,Going ahead other,1,109,Data missing or out of range,Front,2004
2004160C01820,16 - 20,7.0,Rural,7.0,1597.0,,,Data missing or out of range,Data missing or out of range,FORD,ESCORT MASQUERADE 16V,Petrol,Male,Skidded,No tow/articulation,Did not leave carriageway,0.0,Going ahead other,1,109,Data missing or out of range,Front,2004
2004160C02240,36 - 45,13.0,Data missing or out of range,,1598.0,Kerb,,Data missing or out of range,Data missing or out of range,MAZDA,323 SE,Petrol,Female,Skidded,No tow/articulation,Did not leave carriageway,0.0,Going ahead left-hand bend,1,109,Data missing or out of range,Front,2004
2004160C02870,21 - 25,,Rural,5.0,,,,Data missing or out of range,Data missing or out of range,TOYOTA,HILUX EX 4WD,,Male,,No tow/articulation,Did not leave carriageway,0.0,Going ahead other,1,Van / Goods 3.5 tonnes mgw or under,Data missing or out of range,Front,2004
2004160C05440,66 - 75,,Small town,8.0,2720.0,,,Data missing or out of range,Data missing or out of range,JAGUAR,S-TYPE SE DIESEL AUTO,Heavy oil,Male,,No tow/articulation,Did not leave carriageway,0.0,Going ahead other,1,109,Data missing or out of range,Nearside,2004
2004160C05460,46 - 55,9.0,Data missing or out of range,,2874.0,,,Data missing or out of range,Data missing or out of range,MERCEDES,310 VAN,Heavy oil,Male,,No tow/articulation,Did not leave carriageway,0.0,Parked,1,Van / Goods 3.5 tonnes mgw or under,Data missing or out of range,Back,2004
2004160C05760,36 - 45,6.0,Urban area,10.0,1598.0,,,Data missing or out of range,Data missing or out of range,VAUXHALL,ASTRA ARCTIC 8V,Petrol,Female,,No tow/articulation,Did not leave carriageway,0.0,Going ahead other,1,109,Data missing or out of range,Front,2004
2004160C05780,16 - 20,2.0,Rural,4.0,49.0,,,Data missing or out of range,Data missing or out of range,APRILIA,,Petrol,Male,,No tow/articulation,Did not leave carriageway,0.0,Overtaking moving vehicle - offside,2,Motorcycle 50cc and under,Data missing or out of range,Front,2004
2004160C06140,46 - 55,5.0,Urban area,3.0,1085.0,Kerb,Other permanent object,Data missing or out of range,Data missing or out of range,HONDA,,Petrol,Male,,No tow/articulation,Offside,0.0,Overtaking moving vehicle - offside,2,106,Data missing or out of range,Front,2004
2004160C06740,Data missing or out of range,10.0,Urban area,1.0,1580.0,,,Data missing or out of range,Data missing or out of range,PEUGEOT,205 MARDI GRAS AUTO,Petrol,Male,Skidded,No tow/articulation,Nearside,0.0,Going ahead right-hand bend,1,109,Data missing or out of range,Front,2004
2004160C06820,16 - 20,8.0,Urban area,6.0,954.0,,,Data missing or out of range,Data missing or out of range,CITROEN,AX ELATION,Petrol,Female,,No tow/articulation,Did not leave carriageway,0.0,Going ahead other,1,109,Data missing or out of range,Front,2004
2004160C07110,46 - 55,23.0,Urban area,9.0,747.0,,,Data missing or out of range,Data missing or out of range,SUZUKI,,Petrol,Male,,No tow/articulation,Did not leave carriageway,0.0,Going ahead other,2,106,Data missing or out of range,Front,2004
2004160C07490,26 - 35,4.0,Urban area,4.0,1870.0,,,Data missing or out of range,Data missing or out of range,RENAULT,LAGUNA ALIZE DTI,Heavy oil,Male,,No tow/articulation,Did not leave carriageway,0.0,Going ahead other,1,109,Data missing or out of range,Front,2004
2004160C08200,26 - 35,1.0,Small town,10.0,1240.0,,,Data missing or out of range,Data missing or out of range,NISSAN,MICRA S AUTO,Petrol,Female,,No tow/articulation,Did not leave carriageway,0.0,Turning right,1,109,Data missing or out of range,Front,2004
2004160C08730,46 - 55,,Urban area,3.0,1796.0,,,Data missing or out of range,Data missing or out of range,MG,MG TF SPARK 135,Petrol,Female,,No tow/articulation,Did not leave carriageway,0.0,Going ahead other,2,109,Data missing or out of range,Front,2004
2004160C10260,36 - 45,,Urban area,10.0,,,Entered ditch,Data missing or out of range,Data missing or out of range,SUZUKI,GSXR 750 K4,,Female,,No tow/articulation,Offside,0.0,Going ahead other,1,109,Data missing or out of range,Front,2004
2004160D00820,16 - 20,5.0,Data missing or out of range,,49.0,,,Data missing or out of range,Data missing or out of range,APRILIA,,Petrol,Male,,No tow/articulation,Did not leave carriageway,0.0,Going ahead other,2,Motorcycle 50cc and under,Data missing or out of range,Front,2004
2004160D00860,Data missing or out of range,6.0,Urban area,1.0,9600.0,,,Data missing or out of range,Data missing or out of range,VOLVO,,Heavy oil,Not known,,No tow/articulation,Did not leave carriageway,0.0,Going ahead other,1,Bus or coach (17 or more pass seats),Data missing or out of range,Did not impact,2004
2004160D00900,66 - 75,9.0,Urban area,1.0,1120.0,,,Data missing or out of range,Data missing or out of range,ROVER,111 SI,Petrol,Female,,No tow/articulation,Did not leave carriageway,0.0,Going ahead other,1,109,Data missing or out of range,Front,2004
2004160D03700,46 - 55,3.0,Urban area,1.0,1598.0,,,Data missing or out of range,Data missing or out of range,VAUXHALL,ASTRA ENVOY 8V,Petrol,Male,,No tow/articulation,Did not leave carriageway,0.0,Going ahead other,1,109,Data missing or out of range,Offside,2004
2004160D03800,26 - 35,4.0,Urban area,2.0,750.0,,,Data missing or out of range,Data missing or out of range,SUZUKI,GSX 750 FX,Petrol,Male,,No tow/articulation,Did not leave carriageway,0.0,Going ahead other,2,106,Data missing or out of range,Front,2004
2004160D04110,21 - 25,7.0,Urban area,1.0,1686.0,,,Data missing or out of range,Data missing or out of range,VAUXHALL,ASTRA LS 1.7D TURBO,Heavy oil,Male,,No tow/articulation,Did not leave carriageway,0.0,Waiting to turn right,2,109,Data missing or out of range,Back,2004
2004160D04320,16 - 20,10.0,Urban area,3.0,1120.0,,,Data missing or out of range,Data missing or out of range,ROVER,METRO RIO GRANDE,Petrol,Female,,No tow/articulation,Did not leave carriageway,0.0,Going ahead other,1,109,Data missing or out of range,Front,2004
2004160D05560,16 - 20,2.0,Urban area,1.0,1242.0,,,Data missing or out of range,Data missing or out of range,FIAT,PUNTO ACTIVE SPORT,Petrol,Male,,No tow/articulation,Did not leave carriageway,0.0,Going ahead other,2,109,Data missing or out of range,Front,2004
2004160D07070,56 - 65,6.0,Urban area,6.0,,,,Data missing or out of range,Data missing or out of range,VOLVO,,Heavy oil,Male,,No tow/articulation,Did not leave carriageway,0.0,Going ahead other,1,Bus or coach (17 or more pass seats),Data missing or out of range,Front,2004
2004160D07850,16 - 20,,Urban area,10.0,,,,Data missing or out of range,Data missing or out of range,HONDA,SCV100F-E,,Male,,No tow/articulation,Did not leave carriageway,0.0,Going ahead other,2,Motorcycle 125cc and under,Data missing or out of range,Nearside,2004
2004160D08460,26 - 35,13.0,Urban area,1.0,1974.0,,,Data missing or out of range,Data missing or out of range,TOYOTA,CARINA XL DIESEL,Heavy oil,Male,,No tow/articulation,Did not leave carriageway,0.0,Going ahead other,1,109,Data missing or out of range,Nearside,2004
2004160D08610,21 - 25,8.0,Urban area,1.0,1998.0,,Other permanent object,Data missing or out of range,Data missing or out of range,FORD,ESCORT RS2000,Petrol,Male,,No tow/articulation,Nearside,0.0,Going ahead other,1,109,Data missing or out of range,Front,2004
2004170H10764,36 - 45,6.0,Urban area,8.0,998.0,,,Data missing or out of range,Data missing or out of range,NISSAN,MICRA EQUATION,Petrol,Female,,No tow/articulation,Did not leave carriageway,0.0,Going ahead other,1,109,Data missing or out of range,Front,2004
2004170H10974,46 - 55,11.0,Data missing or out of range,,1595.0,,,Data missing or out of range,Data missing or out of range,SEAT,TOLEDO CL,Petrol,Male,,No tow/articulation,Did not leave carriageway,0.0,Going ahead other,2,109,Data missing or out of range,Front,2004
2004170H12504,36 - 45,16.0,Urban area,1.0,1973.0,,,Data missing or out of range,Data missing or out of range,NISSAN,BLUEBIRD GSX AUTO,Petrol,Male,,No tow/articulation,Did not leave carriageway,0.0,Going ahead left-hand bend,2,109,Data missing or out of range,Offside,2004
2004170L12334,56 - 65,1.0,Data missing or out of range,,1796.0,,,Data missing or out of range,Data missing or out of range,CATERHAM,,Petrol,Male,,No tow/articulation,Did not leave carriageway,0.0,Going ahead other,2,109,Data missing or out of range,Front,2004
2004170L32824,26 - 35,,Small town,8.0,,,,Data missing or out of range,Data missing or out of range,SCHMIDT,,,Male,,No tow/articulation,Did not leave carriageway,0.0,Going ahead other,2,Van / Goods 3.5 tonnes mgw or under,Data missing or out of range,Front,2004
2004170L40694,26 - 35,9.0,Small town,5.0,885.0,,,Data missing or out of range,Data missing or out of range,TRIUMPH,,Petrol,Male,,No tow/articulation,Did not leave carriageway,0.0,Turning right,1,106,Data missing or out of range,Nearside,2004
2004170M11544,26 - 35,5.0,Urban area,1.0,1392.0,,,Data missing or out of range,Data missing or out of range,NISSAN,ALMERA 1.4I 16V,Petrol,Male,,No tow/articulation,Did not leave carriageway,0.0,Going ahead other,2,109,Data missing or out of range,Front,2004
2004170M12254,46 - 55,12.0,Urban area,1.0,1396.0,,,Data missing or out of range,Data missing or out of range,ROVER,METRO L AUTO,Petrol,Male,,No tow/articulation,Did not leave carriageway,0.0,Going ahead other,1,109,Data missing or out of range,Front,2004
2004170M12454,36 - 45,6.0,Data missing or out of range,,,,,Data missing or out of range,Data missing or out of range,DAF,,Heavy oil,Female,,No tow/articulation,Did not leave carriageway,0.0,Turning right,1,Bus or coach (17 or more pass seats),Data missing or out of range,Offside,2004
2004170M14164,26 - 35,15.0,Data missing or out of range,,1598.0,,,Data missing or out of range,Data missing or out of range,VAUXHALL,BELMONT GL,Petrol,Male,,No tow/articulation,Did not leave carriageway,0.0,Going ahead other,2,109,Data missing or out of range,Front,2004
2004170M23484,26 - 35,11.0,Urban area,2.0,1753.0,,,Data missing or out of range,Data missing or out of range,FORD,FIESTA DL,Heavy oil,Female,,No tow/articulation,Did not leave carriageway,0.0,Going ahead other,2,109,Data missing or out of range,Back,2004
2004170M32804,26 - 35,5.0,Urban area,2.0,1242.0,,,Data missing or out of range,Data missing or out of range,FIAT,PUNTO SX 60,Petrol,Female,,No tow/articulation,Did not leave carriageway,0.0,Going ahead other,2,109,Data missing or out of range,Front,2004
2004170M32984,26 - 35,2.0,Urban area,,1328.0,,,Data missing or out of range,Data missing or out of range,SUZUKI,JIMNY JLX,Petrol,Female,,No tow/articulation,Did not leave carriageway,0.0,Waiting to go - held up,1,109,Data missing or out of range,Back,2004
2004170S11514,21 - 25,5.0,Urban area,,1997.0,Kerb,,Data missing or out of range,Data missing or out of range,PEUGEOT,406 LX HDI(90),Heavy oil,Male,,No tow/articulation,Nearside,0.0,U-turn,1,109,Data missing or out of range,Front,2004
2004170S11794,36 - 45,,Small town,4.0,,,,Data missing or out of range,Data missing or out of range,LAMBRETTA,,,Female,,No tow/articulation,Did not leave carriageway,0.0,Going ahead other,1,106,Data missing or out of range,Back,2004
2004170S11934,16 - 20,11.0,Urban area,2.0,1119.0,,,Data missing or out of range,Data missing or out of range,FORD,FIESTA FASHION,Petrol,Female,,No tow/articulation,Did not leave carriageway,0.0,Going ahead other,1,109,Data missing or out of range,Front,2004
2004170S21864,21 - 25,5.0,Data missing or out of range,,49.0,,,Data missing or out of range,Data missing or out of range,APRILIA,,Petrol,Female,,No tow/articulation,Did not leave carriageway,0.0,Going ahead other,2,Motorcycle 50cc and under,Data missing or out of range,Front,2004
2004170S24364,36 - 45,3.0,Data missing or out of range,,11705.0,,,Data missing or out of range,Data missing or out of range,SCANIA,,Heavy oil,Male,,Articulated vehicle,Did not leave carriageway,0.0,Going ahead other,2,Goods 7.5 tonnes mgw and over,Data missing or out of range,Front,2004
2004170S30044,36 - 45,,Urban area,2.0,,,,Data missing or out of range,Data missing or out of range,PEUGEOT,406 LX HDI FAMILY (90),,Male,,No tow/articulation,Did not leave carriageway,0.0,Going ahead other,2,108,Data missing or out of range,Front,2004
2004170S33244,46 - 55,,Data missing or out of range,,1461.0,,,Data missing or out of range,Data missing or out of range,RENAULT,CLIO AUTHENTIQUE DCI 65,Heavy oil,Female,,No tow/articulation,Did not leave carriageway,0.0,Slowing or stopping,1,109,Data missing or out of range,Back,2004
200420D016502,56 - 65,4.0,Urban area,10.0,998.0,,,Data missing or out of range,Data missing or out of range,NISSAN,MICRA CELEBRATION 16V,Petrol,Female,,No tow/articulation,Did not leave carriageway,0.0,Going ahead other,1,109,Data missing or out of range,Front,2004
200420D037602,36 - 45,10.0,Urban area,2.0,1905.0,,,Data missing or out of range,Data missing or out of range,PEUGEOT,405 GTX TURBO DIESEL,Heavy oil,Male,,No tow/articulation,Offside,0.0,Going ahead other,2,109,Data missing or out of range,Nearside,2004
200420D074102,Over 75,2.0,Urban area,8.0,1590.0,,,Data missing or out of range,Data missing or out of range,HONDA,CIVIC SE EXECUTIVE,Petrol,Male,,No tow/articulation,Did not leave carriageway,0.0,Turning right,1,109,Data missing or out of range,Offside,2004
200420D122501,Data missing or out of range,13.0,Urban area,1.0,1589.0,,,Data missing or out of range,Data missing or out of range,TOYOTA,CARINA GL AUTO,Petrol,Male,,No tow/articulation,Did not leave carriageway,0.0,Waiting to go - held up,2,109,Data missing or out of range,Back,2004
200420D152701,Data missing or out of range,9.0,Urban area,1.0,1396.0,,Bus stop or bus shelter,Data missing or out of range,Data missing or out of range,ROVER,214 I 8V,Petrol,Male,Skidded,No tow/articulation,Nearside,0.0,Going ahead other,2,109,Data missing or out of range,Front,2004
200420D157601,Data missing or out of range,7.0,Data missing or out of range,,1994.0,Parked vehicle,,Data missing or out of range,Data missing or out of range,ROVER,420 I,Petrol,Not known,,No tow/articulation,Did not leave carriageway,0.0,Parked,4,109,Data missing or out of range,Back,2004
200420D172101,26 - 35,1.0,Urban area,5.0,1587.0,,,Data missing or out of range,Data missing or out of range,CITROEN,C2 VTR AUTO,Petrol,Male,,No tow/articulation,Did not leave carriageway,0.0,Going ahead other,1,109,Data missing or out of range,Front,2004
200420D177101,16 - 20,7.0,Urban area,4.0,1998.0,,,Data missing or out of range,Data missing or out of range,FIAT,MAREA HLX WEEKEND,Petrol,Female,Skidded,No tow/articulation,Did not leave carriageway,0.0,Going ahead other,2,109,Data missing or out of range,Front,2004
200420D183102,Data missing or out of range,8.0,Data missing or out of range,,2495.0,,,Data missing or out of range,Data missing or out of range,LAND ROVER,DISCOVERY XS TDI AUTO,Heavy oil,Not known,,No tow/articulation,Did not leave carriageway,0.0,Going ahead other,1,109,Data missing or out of range,Front,2004
200420D189101,Data missing or out of range,8.0,Urban area,1.0,1839.0,,,Data missing or out of range,Data missing or out of range,MAZDA,626 MYSTIQUE,Petrol,Male,,No tow/articulation,Did not leave carriageway,0.0,Going ahead other,1,109,Data missing or out of range,Front,2004
200420D195202,21 - 25,,Urban area,7.0,1360.0,,,Data missing or out of range,Data missing or out of range,PEUGEOT,206 S,Petrol,Female,,No tow/articulation,Did not leave carriageway,0.0,Going ahead other,2,109,Data missing or out of range,Front,2004
200420D214702,56 - 65,,Urban area,2.0,,,,Data missing or out of range,Data missing or out of range,KATO,,,Male,,No tow/articulation,Did not leave carriageway,0.0,Going ahead other,1,Goods 7.5 tonnes mgw and over,Data missing or out of range,Front,2004