Accident_Index,Age_Band_of_Driver,Age_of_Vehicle,Driver_Home_Area_Type,Driver_IMD_Decile,Engine_Capacity_.CC.,Hit_Object_in_Carriageway,Hit_Object_off_Carriageway,Journey_Purpose_of_Driver,Junction_Location,make,model,Propulsion_Code,Sex_of_Driver,Skidding_and_Overturning,Towing_and_Articulation,Vehicle_Leaving_Carriageway,Vehicle_Location.Restricted_Lane,Vehicle_Manoeuvre,Vehicle_Reference,Vehicle_Type,Was_Vehicle_Left_Hand_Drive,X1st_Point_of_Impact,Year
200420D255303,16 - 20,11.0,Urban area,1.0,1396.0,,,Data missing or out of range,Data missing or out of range,ROVER,414 SI,Petrol,Male,,No tow/articulation,Did not leave carriageway,0.0,Going ahead other,1,109,Data missing or out of range,Front,2004
200420D265301,46 - 55,2.0,Urban area,6.0,1588.0,,,Data missing or out of range,Data missing or out of range,ROVER,45 IMPRESSION S2,Petrol,Male,,No tow/articulation,Did not leave carriageway,0.0,Turning left,1,109,Data missing or out of range,Offside,2004
200420D273901,36 - 45,3.0,Urban area,5.0,1794.0,,,Data missing or out of range,Data missing or out of range,TOYOTA,AVENSIS GLS VVT-I,Petrol,Male,,No tow/articulation,Did not leave carriageway,0.0,Turning right,2,109,Data missing or out of range,Front,2004
200420D276701,36 - 45,3.0,Urban area,5.0,249.0,,,Data missing or out of range,Data missing or out of range,BENELLI,VELVET 250,Petrol,Male,,No tow/articulation,Offside,0.0,Going ahead other,1,106,Data missing or out of range,Nearside,2004
200420D298603,16 - 20,,Urban area,4.0,,,,Data missing or out of range,Data missing or out of range,PEUGEOT,VIVACITY 50,,Male,,No tow/articulation,Did not leave carriageway,0.0,Overtaking moving vehicle - offside,2,Motorcycle 50cc and under,Data missing or out of range,Front,2004
200420D344403,36 - 45,12.0,Urban area,2.0,1289.0,,,Data missing or out of range,Data missing or out of range,SKODA,FAVORIT FORUM,Petrol,Female,,No tow/articulation,Did not leave carriageway,0.0,Going ahead other,2,109,Data missing or out of range,Front,2004
200420D354501,Data missing or out of range,8.0,Urban area,2.0,998.0,Parked vehicle,,Data missing or out of range,Data missing or out of range,NISSAN,MICRA GX,Petrol,Male,Skidded,No tow/articulation,Did not leave carriageway,0.0,Going ahead other,1,109,Data missing or out of range,Front,2004
200420D374001,26 - 35,13.0,Urban area,1.0,1595.0,,,Data missing or out of range,Data missing or out of range,HONDA,CIVIC CRX VTEC,Petrol,Male,,No tow/articulation,Did not leave carriageway,0.0,Going ahead other,2,109,Data missing or out of range,Front,2004
200420D385602,26 - 35,11.0,Urban area,,1870.0,,,Data missing or out of range,Data missing or out of range,RENAULT,19 RL OASIS D,Heavy oil,Male,,No tow/articulation,Did not leave carriageway,0.0,Waiting to go - held up,2,109,Data missing or out of range,Back,2004
200420D395802,26 - 35,3.0,Urban area,3.0,1390.0,,,Data missing or out of range,Data missing or out of range,RENAULT,MEGANE SCENIC 16V,Petrol,Female,,No tow/articulation,Did not leave carriageway,0.0,Going ahead other,2,109,Data missing or out of range,Nearside,2004
200420D415402,Data missing or out of range,1.0,Data missing or out of range,,1796.0,,,Data missing or out of range,Data missing or out of range,BMW,316TI ES COMPACT,Petrol,Not known,,No tow/articulation,Did not leave carriageway,0.0,Going ahead other,1,109,Data missing or out of range,Front,2004
200420D417802,Data missing or out of range,2.0,Urban area,1.0,1422.0,,,Data missing or out of range,Data missing or out of range,VOLKSWAGEN,POLO SPORT TDI,Heavy oil,Male,,No tow/articulation,Did not leave carriageway,0.0,Turning right,1,109,Data missing or out of range,Front,2004
200420D500301,66 - 75,,Urban area,1.0,9200.0,,,Data missing or out of range,Data missing or out of range,DAF,,Heavy oil,Male,,No tow/articulation,Did not leave carriageway,0.0,Going ahead other,1,Bus or coach (17 or more pass seats),Data missing or out of range,Front,2004
200420D500401,21 - 25,7.0,Urban area,7.0,3201.0,,Other permanent object,Data missing or out of range,Data missing or out of range,BMW,M3 COUPE,Petrol,Male,Overturned,No tow/articulation,Nearside and rebounded,0.0,Slowing or stopping,1,109,Data missing or out of range,Front,2004
200420D513101,26 - 35,4.0,Urban area,2.0,1900.0,,,Data missing or out of range,Data missing or out of range,VOLKSWAGEN,GOLF E SDI,Heavy oil,Male,,No tow/articulation,Did not leave carriageway,0.0,Parked,2,109,Data missing or out of range,Back,2004
200420E018902,26 - 35,14.0,Urban area,2.0,1905.0,,,Data missing or out of range,Data missing or out of range,PEUGEOT,309 STYLE DIESEL,Heavy oil,Male,,No tow/articulation,Did not leave carriageway,0.0,Waiting to turn right,2,109,Data missing or out of range,Back,2004
200420E063203,16 - 20,3.0,Urban area,5.0,7300.0,,,Data missing or out of range,Data missing or out of range,VOLVO,,Heavy oil,Male,,No tow/articulation,Did not leave carriageway,0.0,Turning right,2,Bus or coach (17 or more pass seats),Data missing or out of range,Front,2004
200420E069903,Data missing or out of range,6.0,Urban area,,989.0,,,Data missing or out of range,Data missing or out of range,DAIHATSU,SIRION +,Petrol,Male,,No tow/articulation,Did not leave carriageway,0.0,Moving off,1,109,Data missing or out of range,Front,2004
200420E077803,36 - 45,10.0,Urban area,10.0,2997.0,,,Data missing or out of range,Data missing or out of range,BMW,730I AUTO,Petrol,Male,,No tow/articulation,Did not leave carriageway,0.0,Waiting to go - held up,3,109,Data missing or out of range,Back,2004
200420E087402,36 - 45,,Urban area,2.0,,,,Data missing or out of range,Data missing or out of range,RENAULT,MASTER CCML35 DCI 100 MWB,,Male,,No tow/articulation,Offside,0.0,Going ahead other,2,Bus or coach (17 or more pass seats),Data missing or out of range,Front,2004
200420E103502,16 - 20,3.0,Urban area,4.0,1299.0,,,Data missing or out of range,Data missing or out of range,FORD,FIESTA FUN,Petrol,Female,,No tow/articulation,Did not leave carriageway,0.0,Going ahead other,1,109,Data missing or out of range,Front,2004
200420E109401,46 - 55,5.0,Urban area,8.0,2498.0,,,Data missing or out of range,Data missing or out of range,VAUXHALL,OMEGA ELITE V6 AUTO,Petrol,Male,,No tow/articulation,Did not leave carriageway,0.0,Going ahead other,2,109,Data missing or out of range,Back,2004
200420E110402,21 - 25,11.0,Urban area,6.0,1324.0,,,Data missing or out of range,Data missing or out of range,KIA,PRIDE LX,Petrol,Male,,No tow/articulation,Did not leave carriageway,0.0,Going ahead other,2,109,Data missing or out of range,Front,2004
200420E119002,36 - 45,1.0,Urban area,1.0,1984.0,,,Data missing or out of range,Data missing or out of range,VOLKSWAGEN,PASSAT LX,Petrol,Male,,No tow/articulation,Did not leave carriageway,0.0,Overtaking static vehicle - offside,1,109,Data missing or out of range,Nearside,2004
200420E131902,Data missing or out of range,,Data missing or out of range,,1360.0,,,Data missing or out of range,Data missing or out of range,PEUGEOT,206 S,Petrol,Male,,No tow/articulation,Did not leave carriageway,0.0,Turning right,1,109,Data missing or out of range,Back,2004
200420E131902,26 - 35,6.0,Urban area,3.0,1120.0,,,Data missing or out of range,Data missing or out of range,ROVER,100 ASCOT SE,Petrol,Female,Skidded,No tow/articulation,Did not leave carriageway,0.0,Going ahead other,2,109,Data missing or out of range,Front,2004
200420E144303,26 - 35,8.0,Urban area,,1370.0,,,Data missing or out of range,Data missing or out of range,FIAT,BRAVA 1.4 S,Petrol,Male,,No tow/articulation,Nearside,0.0,Going ahead other,2,109,Data missing or out of range,Offside,2004
200420E162602,36 - 45,10.0,Urban area,6.0,1391.0,,,Data missing or out of range,Data missing or out of range,FORD,ESCORT AZURA,Petrol,Male,,No tow/articulation,Did not leave carriageway,0.0,Going ahead other,1,109,Data missing or out of range,Front,2004
200420E173701,21 - 25,4.0,Urban area,4.0,1796.0,,,Data missing or out of range,Data missing or out of range,MG,MGF 1.8I VVC,Petrol,Female,,No tow/articulation,Nearside,0.0,Going ahead other,1,109,Data missing or out of range,Front,2004
200420E185002,66 - 75,8.0,Urban area,7.0,1119.0,,,Data missing or out of range,Data missing or out of range,FORD,FIESTA CLASSIC QUARTZ,Petrol,Female,,No tow/articulation,Did not leave carriageway,0.0,Going ahead other,2,109,Data missing or out of range,Offside,2004
200420E208702,56 - 65,4.0,Urban area,1.0,1997.0,,,Data missing or out of range,Data missing or out of range,HONDA,ACCORD VTEC SE EXEC,Petrol,Male,,No tow/articulation,Did not leave carriageway,0.0,U-turn,1,109,Data missing or out of range,Front,2004
200420E224802,36 - 45,2.0,Urban area,3.0,1994.0,,,Data missing or out of range,Data missing or out of range,ROVER,45 IMPRESSION S TD,Heavy oil,Female,,No tow/articulation,Did not leave carriageway,0.0,Going ahead other,1,109,Data missing or out of range,Front,2004
200420E532902,26 - 35,9.0,Urban area,2.0,1799.0,,,Data missing or out of range,Data missing or out of range,MERCEDES,C180 ELEGANCE AUTO,Petrol,Male,,No tow/articulation,Did not leave carriageway,0.0,Turning right,1,109,Data missing or out of range,Front,2004
200420F015502,Data missing or out of range,1.0,Urban area,6.0,1796.0,Parked vehicle,Lamp post,Data missing or out of range,Data missing or out of range,LOTUS,ELISE 111S,Petrol,Male,Skidded,No tow/articulation,Nearside and rebounded,0.0,Overtaking moving vehicle - offside,1,109,Data missing or out of range,Front,2004
200420F054302,Data missing or out of range,3.0,Data missing or out of range,,1124.0,,,Data missing or out of range,Data missing or out of range,CITROEN,SAXO FIRST,Petrol,Male,,No tow/articulation,Did not leave carriageway,0.0,U-turn,1,109,Data missing or out of range,Back,2004
200420F060701,46 - 55,5.0,Urban area,4.0,1973.0,,,Data missing or out of range,Data missing or out of range,HONDA,CR-V ES AUTO,Petrol,Male,,No tow/articulation,Did not leave carriageway,0.0,Waiting to go - held up,2,109,Data missing or out of range,Back,2004
200420F079402,16 - 20,11.0,Urban area,1.0,1360.0,,,Data missing or out of range,Data missing or out of range,CITROEN,AX ECHO PLUS D,Heavy oil,Male,Skidded,No tow/articulation,Offside,0.0,Going ahead other,2,109,Data missing or out of range,Nearside,2004
200420F113501,Data missing or out of range,11.0,Data missing or out of range,,1598.0,,,Data missing or out of range,Data missing or out of range,VAUXHALL,CAVALIER ENVOY,Petrol,Male,,No tow/articulation,Did not leave carriageway,0.0,Going ahead other,1,109,Data missing or out of range,Front,2004
200420F170701,36 - 45,11.0,Urban area,,1468.0,,,Data missing or out of range,Data missing or out of range,PROTON,SE,Petrol,Male,,No tow/articulation,Did not leave carriageway,0.0,Going ahead other,2,109,Data missing or out of range,Back,2004
200420F174501,36 - 45,8.0,Urban area,,1905.0,,,Data missing or out of range,Data missing or out of range,PEUGEOT,405 LXTD,Heavy oil,Male,,No tow/articulation,Did not leave carriageway,0.0,Turning right,1,109,Data missing or out of range,Offside,2004
200420F181202,26 - 35,5.0,Urban area,,1997.0,,,Data missing or out of range,Data missing or out of range,PEUGEOT,406 LX HDI(90),Heavy oil,Male,,No tow/articulation,Did not leave carriageway,0.0,Going ahead other,1,109,Data missing or out of range,Front,2004
200420F226003,46 - 55,1.0,Urban area,1.0,1997.0,,,Data missing or out of range,Data missing or out of range,CITROEN,BERLINGO 800 LX HDI,Heavy oil,Male,,No tow/articulation,Did not leave carriageway,0.0,Waiting to turn left,2,Van / Goods 3.5 tonnes mgw or under,Data missing or out of range,Back,2004
200420F243203,36 - 45,5.0,Urban area,6.0,1870.0,,,Data missing or out of range,Data missing or out of range,RENAULT,MEGANE RT SPORT DTI,Heavy oil,Female,,No tow/articulation,Did not leave carriageway,0.0,Turning right,2,109,Data missing or out of range,Nearside,2004
200420F256502,Data missing or out of range,7.0,Urban area,2.0,1781.0,,,Data missing or out of range,Data missing or out of range,AUDI,A3 1.8,Petrol,Male,,No tow/articulation,Did not leave carriageway,0.0,Parked,3,109,Data missing or out of range,Front,2004
200420F259901,46 - 55,,Urban area,2.0,2402.0,,,Data missing or out of range,Data missing or out of range,LONDON TAXIS INT,TXII SILVER AUTO,Heavy oil,Male,,No tow/articulation,Did not leave carriageway,0.0,Waiting to go - held up,2,108,Data missing or out of range,Back,2004
200420F313602,Data missing or out of range,,Urban area,5.0,,,,Data missing or out of range,Data missing or out of range,FORD,P100 POPULAR TURBO D,,Male,,No tow/articulation,Did not leave carriageway,0.0,Going ahead other,1,109,Data missing or out of range,Offside,2004
200420G006501,26 - 35,21.0,Urban area,1.0,1045.0,,,Data missing or out of range,Data missing or out of range,MCW,,Heavy oil,Male,Skidded,No tow/articulation,Did not leave carriageway,0.0,Going ahead other,1,Bus or coach (17 or more pass seats),Data missing or out of range,Front,2004
200420G013201,36 - 45,9.0,Small town,7.0,2495.0,,,Data missing or out of range,Data missing or out of range,LAND ROVER,DISCOVERY TDI AUTO,Heavy oil,Male,,No tow/articulation,Did not leave carriageway,0.0,Waiting to go - held up,2,109,Data missing or out of range,Back,2004
200420G021002,26 - 35,11.0,Urban area,3.0,1396.0,,,Data missing or out of range,Data missing or out of range,ROVER,METRO LD,Heavy oil,Female,,No tow/articulation,Did not leave carriageway,0.0,Waiting to turn right,2,109,Data missing or out of range,Back,2004
200420G022101,21 - 25,6.0,Urban area,9.0,1905.0,,,Data missing or out of range,Data missing or out of range,PEUGEOT,306 D TURBO S,Heavy oil,Male,,No tow/articulation,Did not leave carriageway,0.0,Going ahead other,1,109,Data missing or out of range,Front,2004
200420G033902,26 - 35,13.0,Urban area,2.0,123.0,,,Data missing or out of range,Data missing or out of range,VESPA (DOUGLAS),,Petrol,Male,,No tow/articulation,Nearside,0.0,Going ahead right-hand bend,1,Motorcycle 125cc and under,Data missing or out of range,Front,2004
200420G036202,36 - 45,7.0,Urban area,1.0,1998.0,,,Data missing or out of range,Data missing or out of range,VAUXHALL,FRONTERA SPORT NIAGARA,Petrol,Female,,No tow/articulation,Did not leave carriageway,8.0,U-turn,1,109,Data missing or out of range,Front,2004
200420G046702,16 - 20,12.0,Data missing or out of range,,1390.0,,,Data missing or out of range,Data missing or out of range,RENAULT,CLIO FIDJI,Petrol,Female,,No tow/articulation,Did not leave carriageway,0.0,Going ahead right-hand bend,2,109,Data missing or out of range,Front,2004
200420G046901,Data missing or out of range,2.0,Urban area,2.0,1397.0,,,Data missing or out of range,Data missing or out of range,MERCEDES,A140 CLASSIC AUTO,Petrol,Male,,No tow/articulation,Did not leave carriageway,0.0,Going ahead other,1,109,Data missing or out of range,Nearside,2004
200420G059102,26 - 35,2.0,Urban area,3.0,2497.0,,,Data missing or out of range,Data missing or out of range,BMW,525 D SPORT EDITION,Heavy oil,Male,,No tow/articulation,Did not leave carriageway,0.0,Going ahead other,1,109,Data missing or out of range,Front,2004
200420G060201,36 - 45,2.0,Small town,7.0,2401.0,,,Data missing or out of range,Data missing or out of range,VOLVO,S60 D5 SE AUTO,Heavy oil,Female,,No tow/articulation,Did not leave carriageway,0.0,Going ahead other,1,109,Data missing or out of range,Front,2004
200420G069501,16 - 20,7.0,Urban area,2.0,1590.0,,,Data missing or out of range,Data missing or out of range,HONDA,CIVIC COUPE 1.6I LS AUTO,Petrol,Male,,No tow/articulation,Did not leave carriageway,0.0,Going ahead other,2,109,Data missing or out of range,Back,2004
200420G076502,Data missing or out of range,6.0,Data missing or out of range,,1998.0,Parked vehicle,,Data missing or out of range,Data missing or out of range,RENAULT,MEGANE COUPE 2.0,Petrol,Not known,,No tow/articulation,Did not leave carriageway,0.0,Going ahead other,1,109,Data missing or out of range,Nearside,2004
200420G082001,46 - 55,9.0,Urban area,5.0,1119.0,,,Data missing or out of range,Data missing or out of range,FORD,FIESTA I,Petrol,Female,,No tow/articulation,Did not leave carriageway,0.0,Turning right,2,109,Data missing or out of range,Offside,2004
200420G083801,Data missing or out of range,5.0,Urban area,2.0,1242.0,,,Data missing or out of range,Data missing or out of range,FIAT,PUNTO ELX 8V,Petrol,Female,,No tow/articulation,Did not leave carriageway,0.0,Turning left,2,109,Data missing or out of range,Front,2004
200420G084302,21 - 25,,Data missing or out of range,,1598.0,Parked vehicle,,Data missing or out of range,Data missing or out of range,VAUXHALL,ASTRA SPORT TWINPORT,Petrol,Male,,No tow/articulation,Did not leave carriageway,0.0,Going ahead other,1,109,Data missing or out of range,Front,2004
200420G088602,21 - 25,10.0,Urban area,2.0,124.0,,,Data missing or out of range,Data missing or out of range,SUZUKI,,Petrol,Male,,No tow/articulation,Did not leave carriageway,0.0,Going ahead other,2,Motorcycle 125cc and under,Data missing or out of range,Front,2004
200420G089002,26 - 35,7.0,Urban area,5.0,1991.0,,,Data missing or out of range,Data missing or out of range,MAZDA,626 GXI AUTO,Petrol,Female,,No tow/articulation,Did not leave carriageway,0.0,Waiting to turn left,2,109,Data missing or out of range,Back,2004
200420G098001,21 - 25,10.0,Urban area,10.0,1120.0,,,Data missing or out of range,Data missing or out of range,ROVER,METRO TAHITI,Petrol,Female,,No tow/articulation,Did not leave carriageway,0.0,Going ahead other,2,109,Data missing or out of range,Front,2004
200420G503301,26 - 35,,Urban area,5.0,,,,Data missing or out of range,Data missing or out of range,VOLKSWAGEN,LT46 TDI LWB,,Male,,No tow/articulation,Did not leave carriageway,0.0,Going ahead other,1,Minibus (8 - 16 passenger seats),Data missing or out of range,Nearside,2004
200420H008101,46 - 55,,Urban area,1.0,,,Tree,Data missing or out of range,Data missing or out of range,CITROEN,RELAY 1500 TD HDI SWB,,Male,Skidded,No tow/articulation,Nearside,0.0,Going ahead other,2,109,Data missing or out of range,Front,2004
200420H031702,56 - 65,3.0,Urban area,4.0,1598.0,,,Data missing or out of range,Data missing or out of range,VAUXHALL,ASTRA ENVOY 8V AUTO,Petrol,Male,,No tow/articulation,Did not leave carriageway,0.0,Waiting to go - held up,4,109,Data missing or out of range,Front,2004
200420H063301,46 - 55,4.0,Urban area,1.0,1396.0,,,Data missing or out of range,Data missing or out of range,ROVER,25 OLYMPIC,Petrol,Male,,No tow/articulation,Did not leave carriageway,0.0,Going ahead other,2,109,Data missing or out of range,Front,2004
200420H068001,66 - 75,9.0,Urban area,10.0,2473.0,,,Data missing or out of range,Data missing or out of range,VOLVO,960 24V AUTO,Petrol,Male,,No tow/articulation,Did not leave carriageway,0.0,Going ahead other,2,109,Data missing or out of range,Front,2004
200420H068401,46 - 55,9.0,Urban area,6.0,1389.0,,,Data missing or out of range,Data missing or out of range,VAUXHALL,ASTRA MERIT,Petrol,Female,,No tow/articulation,Did not leave carriageway,0.0,Reversing,2,109,Data missing or out of range,Front,2004
200420H078202,46 - 55,10.0,Urban area,2.0,1119.0,,,Data missing or out of range,Data missing or out of range,FORD,FIESTA FRESCO I,Petrol,Male,,No tow/articulation,Did not leave carriageway,0.0,Turning left,1,109,Data missing or out of range,Nearside,2004
200420J009802,36 - 45,1.0,Rural,6.0,2979.0,,,Data missing or out of range,Data missing or out of range,BMW,Z3 SPORT ROADSTER AUTO,Petrol,Female,,No tow/articulation,Did not leave carriageway,0.0,Going ahead other,1,109,Data missing or out of range,Front,2004
200420J014002,16 - 20,2.0,Urban area,8.0,1199.0,,,Data missing or out of range,Data missing or out of range,VAUXHALL,CORSA SXI 16V SEMI-AUTO,Petrol,Female,Skidded,No tow/articulation,Did not leave carriageway,0.0,Slowing or stopping,1,109,Data missing or out of range,Front,2004
200420J026702,Data missing or out of range,10.0,Urban area,9.0,1796.0,,,Data missing or out of range,Data missing or out of range,PEUGEOT,205 SCEPTRE,Heavy oil,Female,,No tow/articulation,Did not leave carriageway,0.0,Going ahead other,1,109,Data missing or out of range,Front,2004
200420J028901,56 - 65,11.0,Urban area,4.0,1870.0,,,Data missing or out of range,Data missing or out of range,RENAULT,19 RN TURBO D,Heavy oil,Male,,No tow/articulation,Did not leave carriageway,0.0,Going ahead other,2,109,Data missing or out of range,Nearside,2004
200420J030101,26 - 35,,Urban area,4.0,,,,Data missing or out of range,Data missing or out of range,IVECO-FORD,,,Male,,No tow/articulation,Did not leave carriageway,0.0,Turning right,2,109,Data missing or out of range,Back,2004
200420J036001,26 - 35,10.0,Urban area,2.0,1870.0,,,Data missing or out of range,Data missing or out of range,RENAULT,CLIO RL PRIMA D,Heavy oil,Female,,No tow/articulation,Did not leave carriageway,0.0,Overtaking static vehicle - offside,1,109,Data missing or out of range,Nearside,2004
200420J045802,16 - 20,7.0,Urban area,8.0,998.0,,,Data missing or out of range,Data missing or out of range,NISSAN,MICRA PASSION,Petrol,Male,Skidded,No tow/articulation,Did not leave carriageway,0.0,Going ahead left-hand bend,2,109,Data missing or out of range,Front,2004
200420J048902,Data missing or out of range,,Data missing or out of range,,,,,Data missing or out of range,Data missing or out of range,MERCEDES,,,Male,,Other tow,Did not leave carriageway,0.0,Parked,1,Van / Goods 3.5 tonnes mgw or under,Data missing or out of range,Did not impact,2004
200420J077301,26 - 35,5.0,Urban area,4.0,1781.0,,,Data missing or out of range,Data missing or out of range,AUDI,A3 T QUATTRO SPORT,Petrol,Female,,No tow/articulation,Did not leave carriageway,0.0,Slowing or stopping,3,109,Data missing or out of range,Front,2004
200420J092901,36 - 45,4.0,Urban area,2.0,12130.0,,,Data missing or out of range,Data missing or out of range,VOLVO,,Heavy oil,Male,,Articulated vehicle,Did not leave carriageway,0.0,Overtaking static vehicle - offside,2,Goods 7.5 tonnes mgw and over,Data missing or out of range,Nearside,2004
200420J102501,46 - 55,11.0,Rural,5.0,10000.0,,,Data missing or out of range,Data missing or out of range,ERF,,Heavy oil,Male,,No tow/articulation,Did not leave carriageway,0.0,Waiting to go - held up,4,Goods 7.5 tonnes mgw and over,Data missing or out of range,Back,2004
200420J501201,16 - 20,,Urban area,3.0,1150.0,,,Data missing or out of range,Data missing or out of range,DAEWOO,KALOS XTRA COOL,Petrol,Female,,No tow/articulation,Did not leave carriageway,0.0,Going ahead other,1,109,Data missing or out of range,Front,2004
200420J504701,21 - 25,1.0,Urban area,1.0,1998.0,,,Data missing or out of range,Data missing or out of range,FORD,MONDEO ZETEC TDCI,Heavy oil,Male,,No tow/articulation,Did not leave carriageway,0.0,Slowing or stopping,2,109,Data missing or out of range,Back,2004
200420K010202,26 - 35,10.0,Urban area,1.0,1396.0,,,Data missing or out of range,Data missing or out of range,ROVER,METRO L AUTO,Petrol,Female,,No tow/articulation,Did not leave carriageway,0.0,Going ahead other,1,109,Data missing or out of range,Front,2004
200420K017201,36 - 45,5.0,Urban area,2.0,1052.0,,,Data missing or out of range,Data missing or out of range,KAWASAKI,ZX 1100-D6,Petrol,Male,,No tow/articulation,Did not leave carriageway,0.0,Going ahead other,2,106,Data missing or out of range,Front,2004
200420K040701,26 - 35,7.0,Urban area,5.0,1994.0,,,Data missing or out of range,Data missing or out of range,VAUXHALL,VECTRA 2.0 DI GLS,Heavy oil,Male,,No tow/articulation,Did not leave carriageway,0.0,Going ahead other,1,109,Data missing or out of range,Front,2004
200420K045101,36 - 45,3.0,Urban area,6.0,1997.0,,,Data missing or out of range,Data missing or out of range,HYUNDAI,TRAJET GSI,Petrol,Female,,No tow/articulation,Did not leave carriageway,0.0,Going ahead other,2,109,Data missing or out of range,Nearside,2004
200420K049002,21 - 25,13.0,Urban area,2.0,954.0,,,Data missing or out of range,Data missing or out of range,PEUGEOT,205 TRIO,Petrol,Female,,No tow/articulation,Did not leave carriageway,0.0,Waiting to go - held up,2,109,Data missing or out of range,Back,2004
200420K100402,56 - 65,5.0,Urban area,3.0,11967.0,,,Data missing or out of range,Data missing or out of range,MERCEDES,,Heavy oil,Male,,No tow/articulation,Did not leave carriageway,0.0,Going ahead other,2,Bus or coach (17 or more pass seats),Data missing or out of range,Front,2004
200420K121302,36 - 45,12.0,Urban area,1.0,5900.0,,,Data missing or out of range,Data missing or out of range,DENNIS,,Heavy oil,Male,,No tow/articulation,Did not leave carriageway,0.0,Turning left,1,Bus or coach (17 or more pass seats),Data missing or out of range,Front,2004
200420K128001,36 - 45,,Urban area,3.0,1124.0,,,Data missing or out of range,Data missing or out of range,PEUGEOT,206 FEVER,Petrol,Female,,No tow/articulation,Did not leave carriageway,0.0,Going ahead other,1,109,Data missing or out of range,Nearside,2004
200420K129501,56 - 65,1.0,Urban area,5.0,1242.0,,,Data missing or out of range,Data missing or out of range,FIAT,PUNTO ACTIVE,Petrol,Male,,No tow/articulation,Did not leave carriageway,0.0,Going ahead other,1,109,Data missing or out of range,Front,2004
200420K130202,56 - 65,13.0,Urban area,1.0,1396.0,,,Data missing or out of range,Data missing or out of range,ROVER,214 GSI,Petrol,Male,,No tow/articulation,Did not leave carriageway,0.0,Turning right,2,109,Data missing or out of range,Offside,2004
200420K137502,36 - 45,10.0,Urban area,4.0,1119.0,,,Data missing or out of range,Data missing or out of range,FORD,FIESTA I,Petrol,Female,,No tow/articulation,Did not leave carriageway,0.0,Turning right,2,109,Data missing or out of range,Back,2004
200420K138402,56 - 65,5.0,Urban area,2.0,1341.0,,,Data missing or out of range,Data missing or out of range,HYUNDAI,ACCENT COUPE I,Petrol,Female,,No tow/articulation,Offside,0.0,Going ahead other,2,109,Data missing or out of range,Front,2004
200420K636801,26 - 35,14.0,Urban area,3.0,1781.0,,,Data missing or out of range,Data missing or out of range,VOLKSWAGEN,JETTA GL 4+E 1.8,Petrol,Female,,No tow/articulation,Did not leave carriageway,0.0,Turning right,2,109,Data missing or out of range,Back,2004
200420L006801,21 - 25,2.0,Urban area,4.0,645.0,,,Data missing or out of range,Data missing or out of range,SUZUKI,SV 650S K2,Petrol,Male,Skidded,No tow/articulation,Did not leave carriageway,0.0,Going ahead other,2,106,Data missing or out of range,Front,2004
200420L041401,26 - 35,14.0,Urban area,3.0,1721.0,,,Data missing or out of range,Data missing or out of range,VOLVO,440 GLE,Petrol,Female,Skidded,No tow/articulation,Did not leave carriageway,0.0,Going ahead other,1,109,Data missing or out of range,Front,2004
200420L107301,26 - 35,12.0,Urban area,3.0,1769.0,,,Data missing or out of range,Data missing or out of range,ROVER,418 GSD TURBO,Heavy oil,Male,,No tow/articulation,Did not leave carriageway,0.0,Going ahead other,2,109,Data missing or out of range,Front,2004
200420L212601,46 - 55,,Urban area,6.0,2495.0,,,Data missing or out of range,Data missing or out of range,LAND ROVER,DISCOVERY LANDMARK TD5,Heavy oil,Male,Overturned,No tow/articulation,Did not leave carriageway,0.0,Turning right,1,109,Data missing or out of range,Nearside,2004
200420L217901,26 - 35,,Urban area,2.0,953.0,,,Data missing or out of range,Data missing or out of range,KAWASAKI,ZR 1000 A1H,Petrol,Male,,No tow/articulation,Did not leave carriageway,0.0,Going ahead other,2,106,Data missing or out of range,Front,2004
200420M017801,46 - 55,6.0,Urban area,1.0,11967.0,,,Data missing or out of range,Data missing or out of range,MERCEDES,,Heavy oil,Female,,No tow/articulation,Did not leave carriageway,0.0,Parked,1,Bus or coach (17 or more pass seats),Data missing or out of range,Did not impact,2004