Accident_Index,Age_Band_of_Driver,Age_of_Vehicle,Driver_Home_Area_Type,Driver_IMD_Decile,Engine_Capacity_.CC.,Hit_Object_in_Carriageway,Hit_Object_off_Carriageway,Journey_Purpose_of_Driver,Junction_Location,make,model,Propulsion_Code,Sex_of_Driver,Skidding_and_Overturning,Towing_and_Articulation,Vehicle_Leaving_Carriageway,Vehicle_Location.Restricted_Lane,Vehicle_Manoeuvre,Vehicle_Reference,Vehicle_Type,Was_Vehicle_Left_Hand_Drive,X1st_Point_of_Impact,Year
200420M022201,21 - 25,2.0,Urban area,7.0,1994.0,,,Data missing or out of range,Data missing or out of range,VAUXHALL,VECTRA CLUB DTI 16V,Heavy oil,Male,,No tow/articulation,Did not leave carriageway,0.0,Going ahead right-hand bend,2,109,Data missing or out of range,Offside,2004
200420M023603,36 - 45,5.0,Urban area,6.0,1275.0,,,Data missing or out of range,Data missing or out of range,NISSAN,MICRA INSPIRATION 16V,Petrol,Female,,No tow/articulation,Did not leave carriageway,0.0,Going ahead other,1,109,Data missing or out of range,Front,2004
200420M035103,26 - 35,,Urban area,1.0,1199.0,,,Data missing or out of range,Data missing or out of range,VAUXHALL,CORSA ACTIVE 16V,Petrol,Male,,No tow/articulation,Did not leave carriageway,0.0,Going ahead other,1,109,Data missing or out of range,Nearside,2004
200420M041602,46 - 55,3.0,Urban area,,2461.0,,,Data missing or out of range,Data missing or out of range,VOLKSWAGEN,LT 35 TDI LWB,Heavy oil,Male,,No tow/articulation,Did not leave carriageway,0.0,Turning right,2,Minibus (8 - 16 passenger seats),Data missing or out of range,Did not impact,2004
200420M063101,56 - 65,,Urban area,6.0,,,,Data missing or out of range,Data missing or out of range,ROVER,MAESTRO CLUBMAN D,,Male,,No tow/articulation,Did not leave carriageway,0.0,Waiting to go - held up,2,108,Data missing or out of range,Back,2004
200420M078002,16 - 20,10.0,Urban area,5.0,1171.0,,,Data missing or out of range,Data missing or out of range,RENAULT,CLIO RN LIBERTE,Petrol,Female,,No tow/articulation,Did not leave carriageway,0.0,Going ahead other,1,109,Data missing or out of range,Front,2004
200420M087303,26 - 35,7.0,Urban area,1.0,1370.0,,,Data missing or out of range,Data missing or out of range,FIAT,BRAVA 1.4 S,Petrol,Female,,No tow/articulation,Did not leave carriageway,0.0,Going ahead other,1,109,Data missing or out of range,Nearside,2004
200420M096402,21 - 25,1.0,Urban area,7.0,1396.0,,,Data missing or out of range,Data missing or out of range,ROVER,25 SPIRIT,Petrol,Female,,No tow/articulation,Did not leave carriageway,0.0,Going ahead other,2,109,Data missing or out of range,Front,2004
200420M505702,26 - 35,,Urban area,6.0,1596.0,,,Data missing or out of range,Data missing or out of range,FIAT,STILO ACTIVE SPORT 16V,Petrol,Female,,No tow/articulation,Did not leave carriageway,0.0,Going ahead other,2,109,Data missing or out of range,Nearside,2004
200420Z010801,36 - 45,1.0,Rural,6.0,2494.0,,,Data missing or out of range,Data missing or out of range,BMW,Z4 2.5I,Petrol,Male,,No tow/articulation,Did not leave carriageway,0.0,Waiting to go - held up,4,109,Data missing or out of range,Back,2004
200420Z017301,46 - 55,3.0,Urban area,9.0,1868.0,,,Data missing or out of range,Data missing or out of range,PEUGEOT,306 MERIDIAN D,Heavy oil,Male,Skidded,No tow/articulation,Did not leave carriageway,0.0,Going ahead other,2,109,Data missing or out of range,Offside,2004
200420Z034701,46 - 55,1.0,Rural,6.0,1997.0,,,Data missing or out of range,Data missing or out of range,PEUGEOT,406 S HDI(110),Heavy oil,Male,,No tow/articulation,Did not leave carriageway,0.0,Waiting to go - held up,2,109,Data missing or out of range,Back,2004
200420Z042701,56 - 65,3.0,Rural,7.0,2179.0,,,Data missing or out of range,Data missing or out of range,CITROEN,C5 HDI SX,Heavy oil,Male,,No tow/articulation,Did not leave carriageway,0.0,Going ahead other,2,109,Data missing or out of range,Offside,2004
200420Z045401,46 - 55,,Urban area,6.0,,,,Data missing or out of range,Data missing or out of range,VAUXHALL,MOVANO D 3500 LWB,,Male,Skidded,No tow/articulation,Did not leave carriageway,0.0,Going ahead other,1,Van / Goods 3.5 tonnes mgw or under,Data missing or out of range,Front,2004
200420Z046501,26 - 35,,Rural,6.0,1995.0,,Other permanent object,Data missing or out of range,Data missing or out of range,BMW,320 CD,Heavy oil,Female,,No tow/articulation,Nearside,0.0,Overtaking moving vehicle - offside,2,109,Data missing or out of range,Nearside,2004
200420Z047901,46 - 55,2.0,Rural,7.0,11929.0,,,Data missing or out of range,Data missing or out of range,RENAULT,,Heavy oil,Male,,Articulated vehicle,Did not leave carriageway,0.0,Changing lane to left,1,Goods 7.5 tonnes mgw and over,Data missing or out of range,Nearside,2004
200420Z048601,36 - 45,2.0,Urban area,6.0,1997.0,,,Data missing or out of range,Data missing or out of range,CITROEN,XSARA PICASSO SX HDI,Heavy oil,Male,,No tow/articulation,Did not leave carriageway,0.0,Changing lane to right,1,109,Data missing or out of range,Offside,2004
2004214106252,21 - 25,20.0,Urban area,4.0,,,,Data missing or out of range,Data missing or out of range,LEYLAND,,Heavy oil,Male,Skidded,No tow/articulation,Did not leave carriageway,0.0,Going ahead other,2,Bus or coach (17 or more pass seats),Data missing or out of range,Front,2004
2004214111715,16 - 20,12.0,Data missing or out of range,,1119.0,,Tree,Data missing or out of range,Data missing or out of range,FORD,FIESTA I,Petrol,Male,Skidded,No tow/articulation,Offside,0.0,Going ahead other,1,109,Data missing or out of range,Front,2004
2004214112155,36 - 45,3.0,Urban area,9.0,2688.0,,,Data missing or out of range,Data missing or out of range,MERCEDES,ML 270 CDI,Heavy oil,Female,,No tow/articulation,Did not leave carriageway,0.0,Waiting to go - held up,2,109,Data missing or out of range,Back,2004
2004214116085,56 - 65,4.0,Urban area,4.0,1994.0,,,Data missing or out of range,Data missing or out of range,SUBARU,LEGACY GL AWD,Petrol,Male,,No tow/articulation,Did not leave carriageway,0.0,Turning right,2,109,Data missing or out of range,Offside,2004
2004214116135,26 - 35,1.0,Urban area,5.0,1242.0,,,Data missing or out of range,Data missing or out of range,FIAT,PUNTO ACTIVE,Petrol,Male,,No tow/articulation,Did not leave carriageway,0.0,Going ahead other,2,109,Data missing or out of range,Front,2004
2004214118422,Data missing or out of range,15.0,Data missing or out of range,,1998.0,,,Data missing or out of range,Data missing or out of range,VAUXHALL,CARLTON GL I,Petrol,Not known,,No tow/articulation,Did not leave carriageway,0.0,Going ahead other,2,109,Data missing or out of range,Front,2004
2004214119376,26 - 35,9.0,Urban area,3.0,2165.0,,,Data missing or out of range,Data missing or out of range,RENAULT,SAFRANE RT VI EXECUTIVE,Petrol,Female,,No tow/articulation,Did not leave carriageway,0.0,Waiting to go - held up,2,109,Data missing or out of range,Back,2004
2004214119691,26 - 35,4.0,Urban area,6.0,3996.0,,,Data missing or out of range,Data missing or out of range,JAGUAR,XK8 CONVERTIBLE AUTO,Petrol,Female,,No tow/articulation,Did not leave carriageway,0.0,Going ahead other,2,109,Data missing or out of range,Front,2004
2004214127224,46 - 55,9.0,Data missing or out of range,,,,,Data missing or out of range,Data missing or out of range,DENNIS,,Heavy oil,Male,,No tow/articulation,Did not leave carriageway,0.0,Going ahead other,1,Bus or coach (17 or more pass seats),Data missing or out of range,Front,2004
2004214129509,16 - 20,4.0,Small town,9.0,1242.0,,,Data missing or out of range,Data missing or out of range,FIAT,,Petrol,Male,,No tow/articulation,Did not leave carriageway,0.0,Going ahead other,2,109,Data missing or out of range,Back,2004
2004214129677,56 - 65,,Urban area,2.0,,,Road sign or traffic signal,Data missing or out of range,Data missing or out of range,MAN,,,Male,Skidded and overturned,Articulated vehicle,Nearside and rebounded,0.0,Going ahead other,2,Goods 7.5 tonnes mgw and over,Data missing or out of range,Front,2004
2004214134399,26 - 35,2.0,Urban area,10.0,1995.0,,,Data missing or out of range,Data missing or out of range,BMW,320D TOURING,Heavy oil,Male,,No tow/articulation,Did not leave carriageway,0.0,Waiting to go - held up,3,109,Data missing or out of range,Back,2004
2004214136080,Data missing or out of range,1.0,Urban area,9.0,1597.0,,,Data missing or out of range,Data missing or out of range,MITSUBISHI,CARISMA MIRAGE,Petrol,Male,,No tow/articulation,Did not leave carriageway,0.0,Going ahead other,2,109,Data missing or out of range,Front,2004
2004214137483,21 - 25,1.0,Urban area,1.0,1390.0,,,Data missing or out of range,Data missing or out of range,SEAT,LEON S 16V,Petrol,Female,,No tow/articulation,Did not leave carriageway,0.0,Going ahead other,1,109,Data missing or out of range,Front,2004
2004214138387,26 - 35,,Urban area,2.0,1995.0,,,Data missing or out of range,Data missing or out of range,TOYOTA,COROLLA T2 D4D,Heavy oil,Male,,No tow/articulation,Did not leave carriageway,0.0,Turning left,1,109,Data missing or out of range,Nearside,2004
2004214138410,Data missing or out of range,2.0,Rural,6.0,1461.0,,,Data missing or out of range,Data missing or out of range,RENAULT,KANGOO SL17DCI 70,Heavy oil,Male,,No tow/articulation,Did not leave carriageway,0.0,Going ahead left-hand bend,3,Van / Goods 3.5 tonnes mgw or under,Data missing or out of range,Front,2004
2004214201924,66 - 75,,Urban area,8.0,,,,Data missing or out of range,Data missing or out of range,PEUGEOT,106 XRAD,,Male,,No tow/articulation,Did not leave carriageway,0.0,Turning right,1,109,Data missing or out of range,Nearside,2004
2004214204205,56 - 65,,Urban area,1.0,,,,Data missing or out of range,Data missing or out of range,MERCEDES,,,Male,,No tow/articulation,Did not leave carriageway,0.0,Going ahead other,1,Goods over 3.5t. and under 7.5t,Data missing or out of range,Did not impact,2004
2004214204565,21 - 25,11.0,Rural,6.0,1596.0,,,Data missing or out of range,Data missing or out of range,VOLVO,440 LI,Petrol,Male,Skidded,No tow/articulation,Did not leave carriageway,0.0,Going ahead other,1,109,Data missing or out of range,Front,2004
2004214209996,26 - 35,4.0,Urban area,7.0,1124.0,,,Data missing or out of range,Data missing or out of range,CITROEN,SAXO FORTE,Petrol,Male,,No tow/articulation,Did not leave carriageway,0.0,Slowing or stopping,2,109,Data missing or out of range,Front,2004
2004214214122,16 - 20,4.0,Rural,6.0,49.0,,,Data missing or out of range,Data missing or out of range,YAMAHA,YN 50 NEO'S,Petrol,Male,,No tow/articulation,Did not leave carriageway,0.0,Turning right,1,Motorcycle 50cc and under,Data missing or out of range,Front,2004
2004214214462,46 - 55,1.0,Urban area,4.0,1769.0,Kerb,Lamp post,Data missing or out of range,Data missing or out of range,NISSAN,PRIMERA S,Petrol,Male,Skidded,No tow/articulation,Nearside,0.0,Overtaking moving vehicle - offside,2,109,Data missing or out of range,Offside,2004
2004214218285,16 - 20,,Rural,8.0,49.0,,,Data missing or out of range,Data missing or out of range,YAMAHA,JOG R,Petrol,Male,,No tow/articulation,Did not leave carriageway,0.0,Going ahead right-hand bend,1,Motorcycle 50cc and under,Data missing or out of range,Front,2004
2004214229173,26 - 35,2.0,Urban area,4.0,1124.0,Other object,,Data missing or out of range,Data missing or out of range,PEUGEOT,106 XN ZEST 2,Petrol,Female,,No tow/articulation,Did not leave carriageway,0.0,Going ahead other,2,109,Data missing or out of range,Front,2004
2004214235249,21 - 25,12.0,Small town,6.0,1870.0,,,Data missing or out of range,Data missing or out of range,RENAULT,CLIO RN DIESEL,Heavy oil,Male,,No tow/articulation,Did not leave carriageway,0.0,Turning left,1,109,Data missing or out of range,Front,2004
2004214307055,26 - 35,10.0,Urban area,3.0,1396.0,,,Data missing or out of range,Data missing or out of range,ROVER,214I SPRINT,Petrol,Female,Skidded,No tow/articulation,Did not leave carriageway,0.0,Going ahead other,1,109,Data missing or out of range,Front,2004
2004214307328,56 - 65,6.0,Urban area,9.0,1597.0,,,Data missing or out of range,Data missing or out of range,FORD,ESCORT FINESSE 16V,Petrol,Female,Skidded,No tow/articulation,Did not leave carriageway,0.0,Going ahead other,2,109,Data missing or out of range,Front,2004
2004214308545,26 - 35,6.0,Urban area,5.0,2497.0,,,Data missing or out of range,Data missing or out of range,LAND ROVER,RANGEROVER 2.5 DT,Heavy oil,Male,,No tow/articulation,Did not leave carriageway,0.0,Going ahead other,2,109,Data missing or out of range,Offside,2004
2004214313383,26 - 35,15.0,Urban area,7.0,998.0,,,Data missing or out of range,Data missing or out of range,AUSTIN,METRO CITY,Petrol,Male,,No tow/articulation,Did not leave carriageway,0.0,Going ahead other,1,109,Data missing or out of range,Front,2004
2004214315144,56 - 65,5.0,Data missing or out of range,,781.0,,,Data missing or out of range,Data missing or out of range,HONDA,VFR800F,Petrol,Male,,No tow/articulation,Did not leave carriageway,0.0,Going ahead other,2,106,Data missing or out of range,Front,2004
2004214315145,16 - 20,10.0,Rural,6.0,954.0,,Tree,Data missing or out of range,Data missing or out of range,CITROEN,AX 10 DEBUT,Petrol,Male,,No tow/articulation,Offside,0.0,Overtaking moving vehicle - offside,1,109,Data missing or out of range,Front,2004
2004214319713,46 - 55,14.0,Urban area,7.0,592.0,,,Data missing or out of range,Data missing or out of range,KAWASAKI,,Petrol,Male,,No tow/articulation,Did not leave carriageway,0.0,Going ahead other,1,106,Data missing or out of range,Front,2004
2004214321768,36 - 45,1.0,Rural,7.0,2993.0,Other object,Tree,Data missing or out of range,Data missing or out of range,BMW,530D SE AUTO,Heavy oil,Male,,No tow/articulation,Offside,0.0,Overtaking moving vehicle - offside,1,109,Data missing or out of range,Front,2004
2004214322166,46 - 55,11.0,Urban area,1.0,1769.0,Kerb,,Data missing or out of range,Data missing or out of range,PEUGEOT,205 STDT,Heavy oil,Male,,No tow/articulation,Did not leave carriageway,0.0,Going ahead other,1,109,Data missing or out of range,Front,2004
2004214322931,21 - 25,1.0,Urban area,9.0,1396.0,,,Data missing or out of range,Data missing or out of range,MG,ZR+,Petrol,Male,,No tow/articulation,Did not leave carriageway,0.0,Going ahead other,1,109,Data missing or out of range,Nearside,2004
2004214322973,36 - 45,10.0,Urban area,8.0,1796.0,Kerb,Bus stop or bus shelter,Data missing or out of range,Data missing or out of range,BMW,518 I SE,Petrol,Female,Skidded,No tow/articulation,Nearside,0.0,Going ahead left-hand bend,1,109,Data missing or out of range,Back,2004
2004214323049,56 - 65,8.0,Urban area,5.0,1753.0,,,Data missing or out of range,Data missing or out of range,FORD,FIESTA COURIER DIESEL,Heavy oil,Male,,No tow/articulation,Nearside,0.0,Overtaking moving vehicle - offside,1,Van / Goods 3.5 tonnes mgw or under,Data missing or out of range,Front,2004
2004214323697,21 - 25,,Urban area,7.0,,Kerb,Other permanent object,Data missing or out of range,Data missing or out of range,VAUXHALL,CORSA 1.4I MERIT,,Male,Skidded and overturned,No tow/articulation,Offside,0.0,Going ahead right-hand bend,1,109,Data missing or out of range,Front,2004
2004214324643,56 - 65,,Urban area,8.0,1997.0,,,Data missing or out of range,Data missing or out of range,PEUGEOT,407 SW SE LUXURY PACK HDI,Heavy oil,Female,,No tow/articulation,Did not leave carriageway,0.0,Going ahead other,2,109,Data missing or out of range,Offside,2004
2004214326695,21 - 25,4.0,Rural,9.0,1275.0,Kerb,,Data missing or out of range,Data missing or out of range,ROVER,MINI COOPER SPORT,Petrol,Male,Skidded,No tow/articulation,Did not leave carriageway,0.0,Going ahead right-hand bend,1,109,Data missing or out of range,Front,2004
2004214327570,26 - 35,2.0,Rural,6.0,2686.0,,,Data missing or out of range,Data missing or out of range,MERCEDES,SPRINTER 316 CDI MWB,Heavy oil,Male,,No tow/articulation,Did not leave carriageway,0.0,Going ahead left-hand bend,1,Van / Goods 3.5 tonnes mgw or under,Data missing or out of range,Front,2004
2004214328862,16 - 20,,Rural,5.0,,,,Data missing or out of range,Data missing or out of range,BUELL,M2 CYCLONE,,Male,,No tow/articulation,Did not leave carriageway,0.0,Going ahead other,1,Other vehicle,Data missing or out of range,Front,2004
2004214329141,36 - 45,1.0,Urban area,9.0,1399.0,,Other permanent object,Data missing or out of range,Data missing or out of range,FORD,FIESTA LX TDCI,Heavy oil,Female,Skidded and overturned,No tow/articulation,Nearside,0.0,Going ahead other,2,109,Data missing or out of range,Front,2004
2004214329308,Over 75,5.0,Urban area,8.0,989.0,,,Data missing or out of range,Data missing or out of range,DAIHATSU,SIRION + AUTO,Petrol,Female,,No tow/articulation,Did not leave carriageway,0.0,Turning right,1,109,Data missing or out of range,Front,2004
2004214336820,26 - 35,1.0,Urban area,6.0,989.0,,,Data missing or out of range,Data missing or out of range,DAIHATSU,CHARADE SL,Petrol,Female,,No tow/articulation,Did not leave carriageway,0.0,Going ahead other,1,109,Data missing or out of range,Nearside,2004
2004214337307,21 - 25,10.0,Data missing or out of range,,1597.0,,Tree,Data missing or out of range,Data missing or out of range,FORD,ESCORT L SPECIAL EDITION,Petrol,Male,Skidded,No tow/articulation,Nearside,0.0,Going ahead right-hand bend,1,109,Data missing or out of range,Front,2004
2004214337482,26 - 35,2.0,Data missing or out of range,,1461.0,,,Data missing or out of range,Data missing or out of range,RENAULT,CLIO DYNAMIQUE DCI 80,Heavy oil,Male,Skidded,No tow/articulation,Did not leave carriageway,0.0,Overtaking moving vehicle - offside,1,109,Data missing or out of range,Front,2004
2004214338255,26 - 35,3.0,Urban area,5.0,11705.0,,,Data missing or out of range,Data missing or out of range,SCANIA,,Heavy oil,Male,,Single trailer,Did not leave carriageway,0.0,Going ahead other,2,Goods 7.5 tonnes mgw and over,Data missing or out of range,Offside,2004
2004214400571,36 - 45,9.0,Urban area,5.0,12170.0,,,Data missing or out of range,Data missing or out of range,FODEN,,Heavy oil,Male,,No tow/articulation,Did not leave carriageway,0.0,Going ahead other,2,Goods 7.5 tonnes mgw and over,Data missing or out of range,Front,2004
2004214405637,46 - 55,,Data missing or out of range,,,,,Data missing or out of range,Data missing or out of range,FORD,ESCORT LX DIESEL,,Male,,No tow/articulation,Did not leave carriageway,0.0,Waiting to turn right,1,Other vehicle,Data missing or out of range,Back,2004
2004214406826,46 - 55,8.0,Urban area,10.0,1596.0,,,Data missing or out of range,Data missing or out of range,BMW,316I AUTO,Petrol,Male,,No tow/articulation,Did not leave carriageway,0.0,Going ahead other,2,109,Data missing or out of range,Front,2004
2004214407363,16 - 20,,Rural,8.0,49.0,,,Data missing or out of range,Data missing or out of range,DERBI,,Petrol,Male,Skidded,No tow/articulation,Did not leave carriageway,0.0,Going ahead left-hand bend,1,Motorcycle 50cc and under,Data missing or out of range,Nearside,2004
2004214407828,36 - 45,,Urban area,9.0,,,,Data missing or out of range,Data missing or out of range,MERCEDES,ML270 CDI,,Male,,No tow/articulation,Did not leave carriageway,0.0,Going ahead other,2,106,Data missing or out of range,Front,2004
2004214412363,46 - 55,25.0,Urban area,6.0,498.0,,,Data missing or out of range,Data missing or out of range,HONDA,,Petrol,Male,,No tow/articulation,Did not leave carriageway,0.0,Going ahead other,2,106,Data missing or out of range,Front,2004
2004214417411,46 - 55,10.0,Data missing or out of range,,1905.0,,,Data missing or out of range,Data missing or out of range,CITROEN,XANTIA VSX TD,Heavy oil,Male,,No tow/articulation,Did not leave carriageway,0.0,Waiting to turn right,1,109,Data missing or out of range,Front,2004
2004214419199,46 - 55,,Data missing or out of range,,3996.0,,,Data missing or out of range,Data missing or out of range,TVR,TUSCAN,Petrol,Male,,No tow/articulation,Did not leave carriageway,0.0,Going ahead other,2,109,Data missing or out of range,Back,2004
2004214421609,16 - 20,1.0,Urban area,5.0,1870.0,,Lamp post,Data missing or out of range,Data missing or out of range,RENAULT,LAGUNA EXP-ION DCI 120BHP,Heavy oil,Male,Skidded,No tow/articulation,Straight ahead at junction,0.0,Going ahead other,1,109,Data missing or out of range,Front,2004
2004214423311,46 - 55,7.0,Urban area,9.0,14190.0,,,Data missing or out of range,Data missing or out of range,SCANIA,,Heavy oil,Male,,Articulated vehicle,Did not leave carriageway,0.0,Waiting to go - held up,2,Goods 7.5 tonnes mgw and over,Data missing or out of range,Back,2004
2004214424280,36 - 45,11.0,Urban area,2.0,553.0,,,Data missing or out of range,Data missing or out of range,KAWASAKI,Z550-G8,Petrol,Male,Skidded,No tow/articulation,Offside,0.0,Going ahead left-hand bend,1,106,Data missing or out of range,Front,2004
2004214427059,56 - 65,1.0,Urban area,8.0,10824.0,,,Data missing or out of range,Data missing or out of range,ERF,,Heavy oil,Male,,Articulated vehicle,Did not leave carriageway,0.0,Overtaking moving vehicle - offside,1,Goods 7.5 tonnes mgw and over,Data missing or out of range,Front,2004
2004214429125,26 - 35,11.0,Urban area,6.0,1391.0,,,Data missing or out of range,Data missing or out of range,FORD,ORION LX I,Petrol,Male,,No tow/articulation,Did not leave carriageway,0.0,Going ahead other,1,109,Data missing or out of range,Front,2004
2004214431155,36 - 45,3.0,Urban area,9.0,2926.0,,,Data missing or out of range,Data missing or out of range,BMW,330 D SE TOURING AUTO,Heavy oil,Male,,No tow/articulation,Did not leave carriageway,0.0,Going ahead other,1,109,Data missing or out of range,Front,2004
2004214431962,46 - 55,1.0,Data missing or out of range,,1984.0,,,Data missing or out of range,Data missing or out of range,AUDI,A4 FSI SPORT,Petrol,Male,,No tow/articulation,Did not leave carriageway,0.0,Going ahead other,1,109,Data missing or out of range,Front,2004
2004214432623,26 - 35,,Urban area,6.0,,,,Data missing or out of range,Data missing or out of range,VAUXHALL,MOVANO D 3500 LWB,,Male,,No tow/articulation,Did not leave carriageway,0.0,Going ahead other,2,Other vehicle,Data missing or out of range,Front,2004
2004214432758,16 - 20,2.0,Urban area,10.0,125.0,,,Data missing or out of range,Data missing or out of range,APRILIA,,Petrol,Male,,No tow/articulation,Did not leave carriageway,0.0,Going ahead other,2,Motorcycle 125cc and under,Data missing or out of range,Nearside,2004
2004214437294,46 - 55,,Rural,6.0,1396.0,,,Data missing or out of range,Data missing or out of range,ROVER,25 IMPRESSION 3,Petrol,Male,,No tow/articulation,Did not leave carriageway,0.0,Going ahead other,2,109,Data missing or out of range,Nearside,2004
2004214438872,21 - 25,1.0,Urban area,7.0,1299.0,,,Data missing or out of range,Data missing or out of range,FORD,KA STYLE,Petrol,Male,Skidded,No tow/articulation,Did not leave carriageway,0.0,Going ahead other,5,109,Data missing or out of range,Front,2004
20042144X0001,66 - 75,9.0,Rural,7.0,1697.0,,,Data missing or out of range,Data missing or out of range,FIAT,UNO 60D START,Heavy oil,Male,,No tow/articulation,Did not leave carriageway,0.0,Turning right,1,109,Data missing or out of range,Offside,2004
2004214M09411,36 - 45,2.0,Small town,9.0,3301.0,,,Data missing or out of range,Data missing or out of range,CHRYSLER,GRAND VOYAGER LIMITED AUTO,Petrol,Male,,No tow/articulation,Did not leave carriageway,0.0,Overtaking moving vehicle - offside,4,109,Data missing or out of range,Back,2004
2004214M18433,36 - 45,5.0,Urban area,4.0,1998.0,,,Data missing or out of range,Data missing or out of range,TOYOTA,AVENSIS CDX AUTO,Petrol,Male,Skidded,No tow/articulation,Did not leave carriageway,0.0,Going ahead other,1,109,Data missing or out of range,Front,2004
2004214M20155,36 - 45,,Urban area,,3199.0,,,Data missing or out of range,Data missing or out of range,CHRYSLER,CROSSFIRE AUTO,Petrol,Male,,No tow/articulation,Did not leave carriageway,0.0,Overtaking moving vehicle - offside,3,109,Data missing or out of range,Nearside,2004
2004214M36711,26 - 35,3.0,Data missing or out of range,,1984.0,,,Data missing or out of range,Data missing or out of range,AUDI,A4 SPORT AUTO,Petrol,Male,,No tow/articulation,Did not leave carriageway,0.0,Going ahead other,1,109,Data missing or out of range,Front,2004
2004214M36818,21 - 25,1.0,Urban area,8.0,,,,Data missing or out of range,Data missing or out of range,DAF TRUCKS,FTG XF95.430,Heavy oil,Male,,No tow/articulation,Did not leave carriageway,0.0,Going ahead other,1,Goods 7.5 tonnes mgw and over,Data missing or out of range,Back,2004
2004214M38616,21 - 25,,Urban area,9.0,1998.0,,,Data missing or out of range,Data missing or out of range,FORD,TRANSIT 280 SWB TD,Heavy oil,Male,,No tow/articulation,Did not leave carriageway,0.0,Waiting to go - held up,3,Van / Goods 3.5 tonnes mgw or under,Data missing or out of range,Back,2004
2004214M38957,26 - 35,,Urban area,8.0,,,,Data missing or out of range,Data missing or out of range,ALFA ROMEO,156 TURISMO JTD,,Male,,No tow/articulation,Did not leave carriageway,0.0,Slowing or stopping,18,Van / Goods 3.5 tonnes mgw or under,Data missing or out of range,Back,2004
200422CA44279,56 - 65,15.0,Small town,7.0,2933.0,,,Data missing or out of range,Data missing or out of range,FORD,GRANADA GHIA X I 4X4,Petrol,Male,,No tow/articulation,Did not leave carriageway,0.0,Going ahead other,1,109,Data missing or out of range,Front,2004
200422CC39003,16 - 20,10.0,Rural,6.0,1905.0,,,Data missing or out of range,Data missing or out of range,CITROEN,ZX VOLCANE TD,Heavy oil,Male,,No tow/articulation,Did not leave carriageway,0.0,Going ahead other,2,109,Data missing or out of range,Front,2004
200422CC41353,21 - 25,6.0,Urban area,7.0,954.0,,,Data missing or out of range,Data missing or out of range,CITROEN,SAXO SCANDAL,Petrol,Male,,No tow/articulation,Did not leave carriageway,0.0,Slowing or stopping,3,109,Data missing or out of range,Back,2004
200422CC43292,46 - 55,11.0,Urban area,1.0,,,,Data missing or out of range,Data missing or out of range,LEYLAND,,Heavy oil,Male,,No tow/articulation,Did not leave carriageway,0.0,Going ahead other,1,Bus or coach (17 or more pass seats),Data missing or out of range,Front,2004
200422CD41511,36 - 45,5.0,Rural,9.0,955.0,,,Data missing or out of range,Data missing or out of range,TRIUMPH,DAYTONA 955I,Petrol,Male,,No tow/articulation,Did not leave carriageway,0.0,Going ahead other,2,106,Data missing or out of range,Front,2004
200422CD44242,21 - 25,9.0,Rural,10.0,1600.0,,,Data missing or out of range,Data missing or out of range,TOYOTA,,Petrol,Female,,No tow/articulation,Did not leave carriageway,0.0,Going ahead other,2,109,Data missing or out of range,Front,2004
200422CE40876,56 - 65,6.0,Urban area,3.0,12130.0,,,Data missing or out of range,Data missing or out of range,VOLVO,,Heavy oil,Male,Skidded,No tow/articulation,Did not leave carriageway,0.0,Slowing or stopping,4,Goods 7.5 tonnes mgw and over,Data missing or out of range,Front,2004
200422CF40830,46 - 55,,Data missing or out of range,,,,,Data missing or out of range,Data missing or out of range,MAN,,,Male,,Articulated vehicle,Did not leave carriageway,0.0,Going ahead other,2,Goods 7.5 tonnes mgw and over,Data missing or out of range,Front,2004
200422CF44221,26 - 35,,Data missing or out of range,,,,Other permanent object,Data missing or out of range,Data missing or out of range,PEUGEOT,PARTNER 600 L DIESEL,,Male,Skidded,No tow/articulation,Nearside,0.0,Going ahead left-hand bend,1,Goods over 3.5t. and under 7.5t,Data missing or out of range,Front,2004
200422DD35497,56 - 65,11.0,Urban area,7.0,3980.0,,,Data missing or out of range,Data missing or out of range,JAGUAR,SOVEREIGN 4.0 AUTO,Petrol,Male,,No tow/articulation,Did not leave carriageway,0.0,Going ahead other,1,109,Data missing or out of range,Nearside,2004