Accident_Index,Age_Band_of_Driver,Age_of_Vehicle,Driver_Home_Area_Type,Driver_IMD_Decile,Engine_Capacity_.CC.,Hit_Object_in_Carriageway,Hit_Object_off_Carriageway,Journey_Purpose_of_Driver,Junction_Location,make,model,Propulsion_Code,Sex_of_Driver,Skidding_and_Overturning,Towing_and_Articulation,Vehicle_Leaving_Carriageway,Vehicle_Location.Restricted_Lane,Vehicle_Manoeuvre,Vehicle_Reference,Vehicle_Type,Was_Vehicle_Left_Hand_Drive,X1st_Point_of_Impact,Year
200422DD37271,21 - 25,12.0,Urban area,2.0,1596.0,,,Data missing or out of range,Data missing or out of range,FORD,FIESTA XR2I,Petrol,Male,Skidded,No tow/articulation,Did not leave carriageway,0.0,Going ahead other,1,109,Data missing or out of range,Front,2004
200422DD39330,16 - 20,1.0,Urban area,8.0,1149.0,,,Data missing or out of range,Data missing or out of range,RENAULT,CLIO EXPRESSION+ 16V,Petrol,Male,,No tow/articulation,Did not leave carriageway,0.0,Turning right,2,109,Data missing or out of range,Offside,2004
200422DE37514,Data missing or out of range,12.0,Data missing or out of range,,1389.0,,,Data missing or out of range,Data missing or out of range,VAUXHALL,ASTRA LSI,Petrol,Not known,Skidded and overturned,No tow/articulation,Did not leave carriageway,0.0,Going ahead left-hand bend,2,109,Data missing or out of range,Offside,2004
200422DE40674,26 - 35,,Urban area,10.0,2497.0,,,Data missing or out of range,Data missing or out of range,KIA,SORENTO CRDI XE,Heavy oil,Female,,No tow/articulation,Did not leave carriageway,0.0,Turning left,1,109,Data missing or out of range,Front,2004
200422DF39326,36 - 45,7.0,Data missing or out of range,,11967.0,Kerb,Lamp post,Data missing or out of range,Data missing or out of range,MAN,,Heavy oil,Male,Skidded and overturned,Articulated vehicle,Nearside,0.0,Going ahead right-hand bend,1,Goods 7.5 tonnes mgw and over,Data missing or out of range,Front,2004
200422DF42116,36 - 45,1.0,Urban area,3.0,125.0,,,Data missing or out of range,Data missing or out of range,HONDA,XL 125 V-3,Petrol,Male,Skidded,No tow/articulation,Did not leave carriageway,0.0,Going ahead other,1,Motorcycle 125cc and under,Data missing or out of range,Front,2004
200422DL35865,36 - 45,3.0,Urban area,2.0,2198.0,Parked vehicle,,Data missing or out of range,Data missing or out of range,VAUXHALL,OMEGA CD AUTO,Petrol,Male,,No tow/articulation,Did not leave carriageway,0.0,Going ahead other,1,109,Data missing or out of range,Offside,2004
200422DL36374,36 - 45,,Urban area,1.0,,,,Data missing or out of range,Data missing or out of range,VOLVO,,,Male,,No tow/articulation,Did not leave carriageway,0.0,Going ahead other,1,Goods 7.5 tonnes mgw and over,Data missing or out of range,Front,2004
200422DQ37399,21 - 25,6.0,Small town,5.0,1590.0,,,Data missing or out of range,Data missing or out of range,ROVER,216 COUPE SE,Petrol,Male,,No tow/articulation,Did not leave carriageway,0.0,Turning right,1,109,Data missing or out of range,Nearside,2004
200422DX36781,26 - 35,6.0,Data missing or out of range,,1761.0,,Entered ditch,Data missing or out of range,Data missing or out of range,CITROEN,XSARA SX AUTO,Petrol,Male,Skidded and overturned,No tow/articulation,Offside,0.0,Going ahead right-hand bend,1,109,Data missing or out of range,Offside,2004
200422EA27146,36 - 45,8.0,Urban area,6.0,1753.0,,,Data missing or out of range,Data missing or out of range,FORD,MONDEO VERONA,Heavy oil,Female,,No tow/articulation,Did not leave carriageway,0.0,Waiting to turn right,1,109,Data missing or out of range,Back,2004
200422EA30734,26 - 35,12.0,Urban area,4.0,891.0,,,Data missing or out of range,Data missing or out of range,YAMAHA,,Petrol,Male,Skidded,No tow/articulation,Did not leave carriageway,0.0,Overtaking moving vehicle - offside,2,106,Data missing or out of range,Nearside,2004
200422EB28063,26 - 35,4.0,Rural,,1994.0,,,Data missing or out of range,Data missing or out of range,SUBARU,IMPREZA SPORT SPECIAL AWD,Petrol,Female,,No tow/articulation,Did not leave carriageway,0.0,Going ahead other,2,109,Data missing or out of range,Offside,2004
200422EB28333,21 - 25,7.0,Urban area,2.0,1124.0,,,Data missing or out of range,Data missing or out of range,PEUGEOT,106 XL INDEPENDENCE,Petrol,Female,,No tow/articulation,Did not leave carriageway,0.0,Going ahead other,1,109,Data missing or out of range,Front,2004
200422EB28632,56 - 65,,Urban area,3.0,,,,Data missing or out of range,Data missing or out of range,ERF,,,Male,,No tow/articulation,Did not leave carriageway,0.0,Overtaking moving vehicle - offside,2,Goods 7.5 tonnes mgw and over,Data missing or out of range,Nearside,2004
200422EB29711,36 - 45,,Data missing or out of range,,1686.0,,,Data missing or out of range,Data missing or out of range,VAUXHALL,ASTRA DESIGN CDTI 100,Heavy oil,Male,Skidded,No tow/articulation,Offside,0.0,Overtaking moving vehicle - offside,1,109,Data missing or out of range,Offside,2004
200422EC27672,36 - 45,,Urban area,,,,,Data missing or out of range,Data missing or out of range,IVECO-FORD,,,Male,Skidded,No tow/articulation,Did not leave carriageway,0.0,Going ahead right-hand bend,2,Goods 7.5 tonnes mgw and over,Data missing or out of range,Front,2004
200422EC28260,26 - 35,11.0,Urban area,2.0,1389.0,,,Data missing or out of range,Data missing or out of range,VAUXHALL,ASTRA LSI,Petrol,Female,,No tow/articulation,Did not leave carriageway,0.0,Parked,2,109,Data missing or out of range,Back,2004
200422EC30194,56 - 65,,Rural,5.0,1086.0,,,Data missing or out of range,Data missing or out of range,KIA,PICANTO SE,Petrol,Male,,No tow/articulation,Did not leave carriageway,0.0,Going ahead other,3,109,Data missing or out of range,Back,2004
200422EG30259,26 - 35,8.0,Rural,6.0,1488.0,Kerb,,Data missing or out of range,Data missing or out of range,VAUXHALL,CORSA GLS TD,Heavy oil,Female,,No tow/articulation,Did not leave carriageway,0.0,Turning right,1,109,Data missing or out of range,Front,2004
200422FA36632,26 - 35,2.0,Urban area,4.0,1686.0,,,Data missing or out of range,Data missing or out of range,VAUXHALL,ASTRA LS DTI,Heavy oil,Male,,No tow/articulation,Did not leave carriageway,0.0,Slowing or stopping,1,Van / Goods 3.5 tonnes mgw or under,Data missing or out of range,Front,2004
200422FA37848,56 - 65,4.0,Rural,7.0,1997.0,Kerb,,Data missing or out of range,Data missing or out of range,HYUNDAI,TRAJET GSI AUTO,Petrol,Male,,No tow/articulation,Nearside,0.0,Going ahead other,2,109,Data missing or out of range,Nearside,2004
200422FA41338,56 - 65,3.0,Rural,,1686.0,,,Data missing or out of range,Data missing or out of range,VAUXHALL,ASTRA CLUB DTI,Heavy oil,Male,,No tow/articulation,Did not leave carriageway,0.0,Turning right,1,109,Data missing or out of range,Front,2004
200422FA42248,36 - 45,3.0,Urban area,6.0,4250.0,,,Data missing or out of range,Data missing or out of range,MERCEDES,,Heavy oil,Male,,No tow/articulation,Did not leave carriageway,0.0,Going ahead other,3,Goods over 3.5t. and under 7.5t,Data missing or out of range,Did not impact,2004
200422FB37862,36 - 45,19.0,Rural,7.0,1297.0,,,Data missing or out of range,Data missing or out of range,VAUXHALL,ASTRA 1.3,Petrol,Female,,No tow/articulation,Did not leave carriageway,0.0,Going ahead other,2,109,Data missing or out of range,Front,2004
200422FB40736,36 - 45,8.0,Small town,8.0,5480.0,,Road sign or traffic signal,Data missing or out of range,Data missing or out of range,VOLVO,,Heavy oil,Male,Skidded,No tow/articulation,Offside,0.0,Going ahead other,2,Goods 7.5 tonnes mgw and over,Data missing or out of range,Front,2004
200422FD40365,36 - 45,5.0,Rural,5.0,1868.0,,,Data missing or out of range,Data missing or out of range,PEUGEOT,306 LX D,Heavy oil,Female,,No tow/articulation,Did not leave carriageway,0.0,Waiting to go - held up,2,109,Data missing or out of range,Back,2004
200422FD41895,16 - 20,17.0,Small town,7.0,1196.0,,,Data missing or out of range,Data missing or out of range,VAUXHALL,NOVA ANTIBES,Petrol,Male,Skidded,No tow/articulation,Did not leave carriageway,0.0,Going ahead other,1,109,Data missing or out of range,Front,2004
200422FD42412,36 - 45,1.0,Data missing or out of range,,1951.0,Bridge (roof),Near/Offside crash barrier,Data missing or out of range,Data missing or out of range,LAND ROVER,FREELANDER SERENGETI TD4,Heavy oil,Female,,No tow/articulation,Did not leave carriageway,0.0,Going ahead other,1,109,Data missing or out of range,Nearside,2004
200422FE38831,26 - 35,1.0,Rural,5.0,1997.0,,,Data missing or out of range,Data missing or out of range,CITROEN,XSARA PICASSO DESIRE 2HDI,Heavy oil,Female,,No tow/articulation,Did not leave carriageway,0.0,Waiting to turn right,2,109,Data missing or out of range,Back,2004
200422FE39102,36 - 45,10.0,Rural,,1390.0,,,Data missing or out of range,Data missing or out of range,RENAULT,19 RL BE BOP,Petrol,Male,,No tow/articulation,Did not leave carriageway,0.0,Slowing or stopping,1,109,Data missing or out of range,Back,2004
200422FE40604,56 - 65,17.0,Rural,5.0,2384.0,,Other permanent object,Data missing or out of range,Data missing or out of range,VOLVO,740 TURBO DIESEL,Heavy oil,Male,Skidded,No tow/articulation,Nearside,0.0,Going ahead other,1,109,Data missing or out of range,Nearside,2004
200422FJ42264,56 - 65,2.0,Urban area,,1390.0,,,Data missing or out of range,Data missing or out of range,AUDI,A2 SE,Petrol,Male,,No tow/articulation,Did not leave carriageway,0.0,Waiting to go - held up,2,109,Data missing or out of range,Back,2004
200422GA35304,36 - 45,8.0,Urban area,7.0,1360.0,,,Data missing or out of range,Data missing or out of range,PEUGEOT,306 1.4 SLALOM,Petrol,Male,,No tow/articulation,Did not leave carriageway,0.0,Waiting to turn left,2,109,Data missing or out of range,Back,2004
200422GA36465,36 - 45,8.0,Urban area,6.0,1686.0,,,Data missing or out of range,Data missing or out of range,VAUXHALL,VECTRA GLS TD,Heavy oil,Male,,No tow/articulation,Did not leave carriageway,0.0,Slowing or stopping,2,109,Data missing or out of range,Back,2004
200422GA37490,46 - 55,4.0,Urban area,8.0,4398.0,,,Data missing or out of range,Data missing or out of range,BMW,540I AUTO,Petrol,Female,,No tow/articulation,Did not leave carriageway,0.0,Waiting to go - held up,1,109,Data missing or out of range,Back,2004
200422GB33998,26 - 35,7.0,Data missing or out of range,,1120.0,,,Data missing or out of range,Data missing or out of range,ROVER,100 ASCOT,Petrol,Female,,No tow/articulation,Did not leave carriageway,0.0,Waiting to turn right,2,109,Data missing or out of range,Back,2004
200422GB34175,36 - 45,9.0,Rural,6.0,2499.0,,,Data missing or out of range,Data missing or out of range,JEEP,CHEROKEE TD SPORT LE,Heavy oil,Male,,No tow/articulation,Did not leave carriageway,0.0,Going ahead other,1,109,Data missing or out of range,Front,2004
200422GB34452,36 - 45,9.0,Data missing or out of range,,954.0,,,Data missing or out of range,Data missing or out of range,CITROEN,AX 1.0I DEBUT,Petrol,Female,,No tow/articulation,Did not leave carriageway,0.0,Waiting to go - held up,2,109,Data missing or out of range,Back,2004
200422GB34671,26 - 35,8.0,Urban area,6.0,1998.0,,,Data missing or out of range,Data missing or out of range,VAUXHALL,VECTRA GLS 16V,Petrol,Male,Skidded,No tow/articulation,Did not leave carriageway,0.0,Going ahead right-hand bend,2,109,Data missing or out of range,Offside,2004
200422GB35023,16 - 20,,Urban area,10.0,,,,Data missing or out of range,Data missing or out of range,VAUXHALL,ASTRA LS DTI 16V ECO,,Male,,No tow/articulation,Did not leave carriageway,0.0,Going ahead other,2,Motorcycle 50cc and under,Data missing or out of range,Front,2004
200422GB36117,26 - 35,14.0,Urban area,7.0,487.0,,,Data missing or out of range,Data missing or out of range,SUZUKI,,Petrol,Male,,No tow/articulation,Did not leave carriageway,0.0,Going ahead other,1,106,Data missing or out of range,Front,2004
200422GB36734,21 - 25,4.0,Urban area,10.0,1597.0,,,Data missing or out of range,Data missing or out of range,FORD,MONDEO VERONA,Petrol,Male,,No tow/articulation,Did not leave carriageway,0.0,Going ahead other,2,109,Data missing or out of range,Front,2004
200422MC36359,26 - 35,1.0,Small town,8.0,2477.0,,,Data missing or out of range,Data missing or out of range,MITSUBISHI,L200 WARRIOR LWB,Heavy oil,Male,,No tow/articulation,Did not leave carriageway,0.0,Going ahead other,2,Van / Goods 3.5 tonnes mgw or under,Data missing or out of range,Front,2004
200422MC38701,46 - 55,2.0,Urban area,3.0,1796.0,,Tree,Data missing or out of range,Data missing or out of range,ROVER,75 CLUB SE T,Petrol,Male,Overturned,No tow/articulation,Nearside,0.0,Going ahead right-hand bend,1,109,Data missing or out of range,Front,2004
200422MC40295,46 - 55,17.0,Rural,7.0,6200.0,,,Data missing or out of range,Data missing or out of range,DAF,,Heavy oil,Male,,No tow/articulation,Did not leave carriageway,0.0,Going ahead other,2,Goods 7.5 tonnes mgw and over,Data missing or out of range,Back,2004
200422MG33778,36 - 45,6.0,Urban area,4.0,2370.0,,,Data missing or out of range,Data missing or out of range,VOLKSWAGEN,1200 D SWB,Heavy oil,Male,,No tow/articulation,Did not leave carriageway,0.0,Waiting to go - held up,3,Van / Goods 3.5 tonnes mgw or under,Data missing or out of range,Back,2004
2004230490333,46 - 55,4.0,Data missing or out of range,,2496.0,,,Data missing or out of range,Data missing or out of range,AUDI,A4 2.5 TDI SE,Heavy oil,Male,,No tow/articulation,Did not leave carriageway,0.0,Waiting to turn right,2,109,Data missing or out of range,Back,2004
2004230491046,46 - 55,5.0,Data missing or out of range,,1905.0,,,Data missing or out of range,Data missing or out of range,CITROEN,XANTIA SENSATION TURBO D,Heavy oil,Female,Skidded,No tow/articulation,Did not leave carriageway,0.0,Going ahead other,1,109,Data missing or out of range,Front,2004
2004230491197,46 - 55,5.0,Data missing or out of range,,2435.0,,,Data missing or out of range,Data missing or out of range,VOLVO,C70 20V,Petrol,Male,,No tow/articulation,Did not leave carriageway,0.0,Turning left,1,109,Data missing or out of range,Front,2004
2004230491265,26 - 35,3.0,Data missing or out of range,,1250.0,,,Data missing or out of range,Data missing or out of range,YAMAHA,XJR 1300SP,Petrol,Male,,No tow/articulation,Did not leave carriageway,0.0,Going ahead other,2,106,Data missing or out of range,Front,2004
2004230491267,56 - 65,,Data missing or out of range,,,,,Data missing or out of range,Data missing or out of range,MITSUBISHI,L200 ANIMAL LWB 4WD,,Male,,No tow/articulation,Did not leave carriageway,0.0,Going ahead other,2,109,Data missing or out of range,Front,2004
2004230491682,Data missing or out of range,4.0,Data missing or out of range,,1970.0,,,Data missing or out of range,Data missing or out of range,ALFA ROMEO,156 2.0 T SPARK,Petrol,Male,,No tow/articulation,Did not leave carriageway,0.0,Going ahead other,1,109,Data missing or out of range,Nearside,2004
2004230491845,46 - 55,,Data missing or out of range,,1600.0,,,Data missing or out of range,Data missing or out of range,VOLKSWAGEN,SCIROCCO GLI AUTO,Petrol,Male,,No tow/articulation,Did not leave carriageway,0.0,Going ahead other,2,109,Data missing or out of range,Offside,2004
2004230495144,Data missing or out of range,2.0,Data missing or out of range,,2184.0,Bollard or refuge,,Data missing or out of range,Data missing or out of range,NISSAN,PRIMERA SE TD,Heavy oil,Male,Skidded and overturned,No tow/articulation,Nearside and rebounded,0.0,Going ahead other,1,109,Data missing or out of range,Front,2004
2004230495205,36 - 45,6.0,Data missing or out of range,,1905.0,,,Data missing or out of range,Data missing or out of range,CITROEN,XSARA LX TD,Heavy oil,Male,Skidded and overturned,No tow/articulation,Did not leave carriageway,0.0,Going ahead left-hand bend,1,109,Data missing or out of range,Nearside,2004
2004230495319,36 - 45,,Data missing or out of range,,,,,Data missing or out of range,Data missing or out of range,PEUGEOT,205 XAD GL,,Male,Skidded,No tow/articulation,Did not leave carriageway,0.0,Going ahead other,2,109,Data missing or out of range,Front,2004
2004230495852,26 - 35,1.0,Data missing or out of range,,1951.0,,,Data missing or out of range,Data missing or out of range,MG,ZT-T+ CDTI,Heavy oil,Female,,No tow/articulation,Did not leave carriageway,0.0,Parked,2,109,Data missing or out of range,Back,2004
2004230495860,21 - 25,1.0,Data missing or out of range,,1360.0,,,Data missing or out of range,Data missing or out of range,CITROEN,SAXO FURIO,Petrol,Male,,No tow/articulation,Did not leave carriageway,0.0,Going ahead other,2,109,Data missing or out of range,Front,2004
2004230496373,26 - 35,5.0,Data missing or out of range,,8970.0,,,Data missing or out of range,Data missing or out of range,SCANIA,,Heavy oil,Male,,No tow/articulation,Did not leave carriageway,0.0,Going ahead other,2,Goods 7.5 tonnes mgw and over,Data missing or out of range,Back,2004
2004230496651,56 - 65,3.0,Data missing or out of range,,1587.0,,,Data missing or out of range,Data missing or out of range,PEUGEOT,306 MERIDIAN AUTO,Petrol,Female,,No tow/articulation,Did not leave carriageway,0.0,Turning right,1,109,Data missing or out of range,Front,2004
2004230496776,56 - 65,,Data missing or out of range,,1997.0,,,Data missing or out of range,Data missing or out of range,PEUGEOT,307 SW S HDI,Heavy oil,Male,,No tow/articulation,Did not leave carriageway,0.0,Waiting to go - held up,3,109,Data missing or out of range,Back,2004
2004230496818,56 - 65,7.0,Data missing or out of range,,1598.0,,,Data missing or out of range,Data missing or out of range,VAUXHALL,ASTRA ARCTIC 8V,Petrol,Female,,No tow/articulation,Did not leave carriageway,0.0,Going ahead other,3,109,Data missing or out of range,Front,2004
2004230497409,66 - 75,5.0,Data missing or out of range,,2487.0,,,Data missing or out of range,Data missing or out of range,LAND ROVER,DISCOVERY TD5 GS AUTO,Heavy oil,Male,Skidded and overturned,No tow/articulation,Nearside,0.0,Changing lane to right,1,109,Data missing or out of range,Offside,2004
2004230497427,26 - 35,1.0,Data missing or out of range,,12600.0,,,Data missing or out of range,Data missing or out of range,DAF TRUCKS,FT CF85.340,Heavy oil,Male,,Articulated vehicle,Did not leave carriageway,0.0,Changing lane to left,1,Goods 7.5 tonnes mgw and over,Data missing or out of range,Nearside,2004
2004230497760,16 - 20,9.0,Urban area,1.0,1493.0,,Central crash barrier,Data missing or out of range,Data missing or out of range,HONDA,,Petrol,Male,Skidded,No tow/articulation,Offside on to centrl res + rebounded,0.0,Going ahead other,1,109,Data missing or out of range,Front,2004
200430A000019,36 - 45,6.0,Data missing or out of range,,2800.0,,,Data missing or out of range,Data missing or out of range,IVECO-FORD,,Heavy oil,Male,,No tow/articulation,Did not leave carriageway,0.0,Turning right,1,Goods over 3.5t. and under 7.5t,Data missing or out of range,Front,2004
200430A000115,46 - 55,4.0,Data missing or out of range,,1390.0,,,Data missing or out of range,Data missing or out of range,RENAULT,CLIO ALIZE,Petrol,Female,,No tow/articulation,Did not leave carriageway,0.0,Going ahead other,2,109,Data missing or out of range,Offside,2004
200430A000157,21 - 25,,Urban area,8.0,,,,Data missing or out of range,Data missing or out of range,MITSUBISHI,L200 ANIMAL LWB 4WD,,Male,,No tow/articulation,Did not leave carriageway,0.0,Parked,2,109,Data missing or out of range,Back,2004
200430A000345,21 - 25,4.0,Rural,7.0,599.0,Parked vehicle,,Data missing or out of range,Data missing or out of range,HONDA,CB600 HORNET,Petrol,Male,Skidded,No tow/articulation,Did not leave carriageway,0.0,Overtaking static vehicle - offside,3,106,Data missing or out of range,Front,2004
200430A000419,36 - 45,,Urban area,1.0,,,,Data missing or out of range,Data missing or out of range,FORD,TRANSIT 350 LWB TD,,Male,,No tow/articulation,Did not leave carriageway,0.0,Waiting to turn left,1,Van / Goods 3.5 tonnes mgw or under,Data missing or out of range,Back,2004
200430A000428,26 - 35,,Urban area,2.0,,,,Data missing or out of range,Data missing or out of range,MAN,,,Female,,No tow/articulation,Did not leave carriageway,0.0,Slowing or stopping,2,109,Data missing or out of range,Front,2004
200430A000473,26 - 35,14.0,Urban area,1.0,1043.0,,,Data missing or out of range,Data missing or out of range,VOLKSWAGEN,POLO COUPE PARADE,Petrol,Female,,No tow/articulation,Did not leave carriageway,0.0,Going ahead other,2,109,Data missing or out of range,Front,2004
200430A000480,21 - 25,3.0,Data missing or out of range,,1834.0,,,Data missing or out of range,Data missing or out of range,PROTON,SATRIA GTI,Petrol,Male,Skidded,No tow/articulation,Nearside,0.0,Going ahead other,2,109,Data missing or out of range,Nearside,2004
200430A000561,26 - 35,1.0,Data missing or out of range,,1199.0,,,Data missing or out of range,Data missing or out of range,VAUXHALL,CORSA LIFE 16V,Petrol,Female,,No tow/articulation,Did not leave carriageway,0.0,Going ahead other,1,109,Data missing or out of range,Front,2004
200430A000570,56 - 65,4.0,Urban area,9.0,1589.0,,,Data missing or out of range,Data missing or out of range,ROVER,416I E,Petrol,Male,,No tow/articulation,Did not leave carriageway,0.0,Going ahead other,1,109,Data missing or out of range,Offside,2004
200430A000635,46 - 55,6.0,Urban area,6.0,1468.0,,,Data missing or out of range,Data missing or out of range,PROTON,PERSONA COMPACT GLSI,Petrol,Female,,No tow/articulation,Did not leave carriageway,0.0,Waiting to go - held up,2,109,Data missing or out of range,Back,2004
200430A000638,46 - 55,10.0,Urban area,3.0,1986.0,,,Data missing or out of range,Data missing or out of range,VOLVO,940 SE WENTWORTH,Petrol,Male,,No tow/articulation,Did not leave carriageway,0.0,Going ahead other,1,109,Data missing or out of range,Nearside,2004
200430A000702,66 - 75,3.0,Urban area,1.0,2198.0,,,Data missing or out of range,Data missing or out of range,VAUXHALL,OMEGA CD AUTO,Petrol,Male,Skidded,No tow/articulation,Did not leave carriageway,0.0,Going ahead other,6,109,Data missing or out of range,Front,2004
200430B000054,46 - 55,6.0,Rural,6.0,11973.0,,,Data missing or out of range,Data missing or out of range,MAN,,Heavy oil,Male,,Articulated vehicle,Did not leave carriageway,0.0,Going ahead right-hand bend,1,Goods 7.5 tonnes mgw and over,Data missing or out of range,Offside,2004
200430B000199,Data missing or out of range,10.0,Rural,5.0,4169.0,,,Data missing or out of range,Data missing or out of range,NISSAN,PATROL GR SLX D,Heavy oil,Female,Skidded,No tow/articulation,Did not leave carriageway,0.0,Going ahead other,2,109,Data missing or out of range,Front,2004
200430B000255,36 - 45,2.0,Urban area,6.0,2499.0,,Other permanent object,Data missing or out of range,Data missing or out of range,FORD,RANGER XLT 4X4 TD,Heavy oil,Male,Skidded and overturned,No tow/articulation,Nearside,0.0,Going ahead other,1,Van / Goods 3.5 tonnes mgw or under,Data missing or out of range,Nearside,2004
200430B000328,46 - 55,13.0,Data missing or out of range,,2290.0,,,Data missing or out of range,Data missing or out of range,SAAB,9000 CDI S,Petrol,Male,,No tow/articulation,Did not leave carriageway,0.0,Going ahead other,3,109,Data missing or out of range,Front,2004
200430B000348,36 - 45,5.0,Data missing or out of range,,749.0,,,Data missing or out of range,Data missing or out of range,SUZUKI,,Petrol,Male,Skidded and overturned,No tow/articulation,Did not leave carriageway,0.0,Going ahead left-hand bend,1,106,Data missing or out of range,Front,2004
200430B000369,26 - 35,3.0,Urban area,9.0,11000.0,,,Data missing or out of range,Data missing or out of range,ERF,,Heavy oil,Male,,Articulated vehicle,Did not leave carriageway,0.0,Going ahead right-hand bend,2,Goods 7.5 tonnes mgw and over,Data missing or out of range,Back,2004
200430B000387,56 - 65,,Data missing or out of range,,,,,Data missing or out of range,Data missing or out of range,DAF TRUCKS,FADCF85.340,,Male,,No tow/articulation,Did not leave carriageway,0.0,Going ahead other,1,Other vehicle,Data missing or out of range,Offside,2004
200430B000396,26 - 35,5.0,Urban area,8.0,1389.0,,Entered ditch,Data missing or out of range,Data missing or out of range,VAUXHALL,CORSA CDX 16V,Petrol,Male,Overturned,No tow/articulation,Nearside,0.0,Going ahead left-hand bend,1,109,Data missing or out of range,Front,2004
200430B000399,46 - 55,4.0,Urban area,3.0,2490.0,,Other permanent object,Data missing or out of range,Data missing or out of range,MITSUBISHI,,Heavy oil,Male,Overturned,No tow/articulation,Offside and rebounded,0.0,Going ahead right-hand bend,1,Van / Goods 3.5 tonnes mgw or under,Data missing or out of range,Front,2004
200430B000409,36 - 45,1.0,Urban area,3.0,1686.0,,,Data missing or out of range,Data missing or out of range,VAUXHALL,ASTRA LS CDTI,Heavy oil,Male,,No tow/articulation,Did not leave carriageway,0.0,Going ahead left-hand bend,1,109,Data missing or out of range,Front,2004
200430B000544,56 - 65,3.0,Urban area,9.0,1975.0,,Entered ditch,Data missing or out of range,Data missing or out of range,HYUNDAI,LANTRA CDX,Petrol,Male,Skidded,No tow/articulation,Did not leave carriageway,0.0,Turning right,1,109,Data missing or out of range,Offside,2004
200430B000614,46 - 55,11.0,Small town,8.0,2500.0,,Other permanent object,Data missing or out of range,Data missing or out of range,TOYOTA,,Heavy oil,Male,Skidded and overturned,No tow/articulation,Nearside,0.0,Going ahead other,1,109,Data missing or out of range,Front,2004
200430B000646,16 - 20,,Urban area,5.0,124.0,,,Data missing or out of range,Data missing or out of range,PIAGGIO,ZIP 125,Petrol,Male,,No tow/articulation,Did not leave carriageway,0.0,Overtaking moving vehicle - offside,2,Motorcycle 125cc and under,Data missing or out of range,Nearside,2004
200430C000014,36 - 45,6.0,Urban area,1.0,6724.0,,,Data missing or out of range,Data missing or out of range,VOLVO,,Heavy oil,Male,,No tow/articulation,Did not leave carriageway,0.0,Changing lane to left,2,Goods 7.5 tonnes mgw and over,Data missing or out of range,Front,2004
200430C000043,36 - 45,11.0,Rural,7.0,1488.0,,,Data missing or out of range,Data missing or out of range,VAUXHALL,CORSA GLS TD,Heavy oil,Female,,No tow/articulation,Did not leave carriageway,0.0,Waiting to turn left,1,109,Data missing or out of range,Back,2004
200430C000451,36 - 45,2.0,Data missing or out of range,,1598.0,,,Data missing or out of range,Data missing or out of range,TOYOTA,COROLLA TSPIRIT VVTI,Petrol,Male,,No tow/articulation,Did not leave carriageway,0.0,Going ahead left-hand bend,1,109,Data missing or out of range,Offside,2004
200430C000456,21 - 25,,Urban area,3.0,,,,Data missing or out of range,Data missing or out of range,FORD,TRANSIT CONNECT L220 D,,Male,,No tow/articulation,Did not leave carriageway,0.0,Going ahead left-hand bend,3,Van / Goods 3.5 tonnes mgw or under,Data missing or out of range,Did not impact,2004
200430C000493,26 - 35,2.0,Urban area,4.0,1242.0,,,Data missing or out of range,Data missing or out of range,FIAT,PUNTO ACTIVE SPORT,Petrol,Female,Skidded,No tow/articulation,Did not leave carriageway,0.0,Going ahead other,2,109,Data missing or out of range,Front,2004
200430C000553,26 - 35,2.0,Data missing or out of range,,1242.0,,,Data missing or out of range,Data missing or out of range,FIAT,PUNTO ACTIVE SPORT,Petrol,Male,,No tow/articulation,Did not leave carriageway,0.0,Overtaking static vehicle - offside,1,109,Data missing or out of range,Front,2004
200430C000566,46 - 55,3.0,Urban area,4.0,11705.0,,Lamp post,Data missing or out of range,Data missing or out of range,SCANIA,,Heavy oil,Male,,Articulated vehicle,Nearside,0.0,Going ahead right-hand bend,1,Goods 7.5 tonnes mgw and over,Data missing or out of range,Front,2004