Accident_Index,Age_Band_of_Driver,Age_of_Vehicle,Driver_Home_Area_Type,Driver_IMD_Decile,Engine_Capacity_.CC.,Hit_Object_in_Carriageway,Hit_Object_off_Carriageway,Journey_Purpose_of_Driver,Junction_Location,make,model,Propulsion_Code,Sex_of_Driver,Skidding_and_Overturning,Towing_and_Articulation,Vehicle_Leaving_Carriageway,Vehicle_Location.Restricted_Lane,Vehicle_Manoeuvre,Vehicle_Reference,Vehicle_Type,Was_Vehicle_Left_Hand_Drive,X1st_Point_of_Impact,Year
200430C000677,46 - 55,3.0,Urban area,7.0,6370.0,,,Data missing or out of range,Data missing or out of range,OPTARE,EXCEL LL1180,Heavy oil,Male,,No tow/articulation,Did not leave carriageway,0.0,Moving off,1,Bus or coach (17 or more pass seats),Data missing or out of range,Did not impact,2004
200430C000708,36 - 45,16.0,Data missing or out of range,,,,,Data missing or out of range,Data missing or out of range,LEYLAND,,Heavy oil,Male,,No tow/articulation,Did not leave carriageway,0.0,Parked,2,Bus or coach (17 or more pass seats),Data missing or out of range,Did not impact,2004
200430D000128,36 - 45,7.0,Small town,10.0,3248.0,,,Data missing or out of range,Data missing or out of range,JAGUAR,XJ SPORT V8 AUTO,Petrol,Male,,No tow/articulation,Did not leave carriageway,0.0,Waiting to go - held up,1,109,Data missing or out of range,Back,2004
200430D000209,36 - 45,2.0,Urban area,1.0,998.0,,,Data missing or out of range,Data missing or out of range,TOYOTA,YARIS VVTI COLOUR COLLECTIO,Petrol,Male,,No tow/articulation,Did not leave carriageway,0.0,Turning right,1,109,Data missing or out of range,Back,2004
200430D000295,26 - 35,36.0,Data missing or out of range,,2286.0,,,Data missing or out of range,Data missing or out of range,LAND ROVER,,Petrol,Male,,No tow/articulation,Did not leave carriageway,0.0,Parked,2,109,Data missing or out of range,Back,2004
200430D000449,46 - 55,16.0,Data missing or out of range,,1595.0,,,Data missing or out of range,Data missing or out of range,VOLKSWAGEN,JETTA TX,Petrol,Male,,No tow/articulation,Did not leave carriageway,0.0,Going ahead other,2,109,Data missing or out of range,Front,2004
200430D000545,21 - 25,2.0,Urban area,6.0,125.0,,,Data missing or out of range,Data missing or out of range,ITALJET,FORMULA 125,Petrol,Male,Skidded,No tow/articulation,Did not leave carriageway,0.0,Going ahead other,1,Motorcycle 125cc and under,Data missing or out of range,Front,2004
200430D000617,26 - 35,2.0,Urban area,8.0,1796.0,,,Data missing or out of range,Data missing or out of range,MG,TF 160 SPRINT,Petrol,Female,Skidded,No tow/articulation,Did not leave carriageway,0.0,Going ahead other,1,109,Data missing or out of range,Nearside,2004
200430D000742,56 - 65,,Urban area,8.0,,,,Data missing or out of range,Data missing or out of range,VOLVO,,,Male,,No tow/articulation,Did not leave carriageway,0.0,Slowing or stopping,1,Goods 7.5 tonnes mgw and over,Data missing or out of range,Back,2004
200430D000785,36 - 45,23.0,Urban area,6.0,,,Tree,Data missing or out of range,Data missing or out of range,LEYLAND,,Heavy oil,Male,,No tow/articulation,Did not leave carriageway,0.0,Going ahead other,1,Bus or coach (17 or more pass seats),Data missing or out of range,Front,2004
200430D000970,46 - 55,8.0,Small town,9.0,1905.0,,,Data missing or out of range,Data missing or out of range,CITROEN,ZX 1.9 TURBO D ELATION,Heavy oil,Male,,No tow/articulation,Did not leave carriageway,0.0,Turning right,1,109,Data missing or out of range,Offside,2004
200430D000981,Data missing or out of range,,Data missing or out of range,,,,,Data missing or out of range,Data missing or out of range,FORD,TRANSIT 260 SWB TD,,Male,,No tow/articulation,Did not leave carriageway,0.0,Changing lane to left,2,Van / Goods 3.5 tonnes mgw or under,Data missing or out of range,Did not impact,2004
200430D001016,21 - 25,7.0,Urban area,4.0,1242.0,,,Data missing or out of range,Data missing or out of range,FIAT,PUNTO SX 60,Petrol,Female,,No tow/articulation,Did not leave carriageway,0.0,Waiting to go - held up,1,109,Data missing or out of range,Front,2004
200430D001036,26 - 35,5.0,Urban area,1.0,599.0,Kerb,Entered ditch,Data missing or out of range,Data missing or out of range,HONDA,,Petrol,Male,,No tow/articulation,Nearside,0.0,Going ahead left-hand bend,1,106,Data missing or out of range,Did not impact,2004
200430D001042,26 - 35,1.0,Urban area,6.0,1242.0,,,Data missing or out of range,Data missing or out of range,FIAT,PUNTO ACTIVE,Petrol,Female,,No tow/articulation,Did not leave carriageway,0.0,Going ahead other,2,109,Data missing or out of range,Front,2004
200430D001064,26 - 35,,Urban area,3.0,,,,Data missing or out of range,Data missing or out of range,SCANIA,,,Male,,Articulated vehicle,Did not leave carriageway,0.0,Going ahead other,2,Goods 7.5 tonnes mgw and over,Data missing or out of range,Front,2004
200430D001104,36 - 45,7.0,Urban area,3.0,1994.0,,,Data missing or out of range,Data missing or out of range,ROVER,420 D TURBO,Heavy oil,Female,Skidded,No tow/articulation,Did not leave carriageway,0.0,Overtaking static vehicle - offside,1,109,Data missing or out of range,Front,2004
200430D001137,26 - 35,9.0,Urban area,5.0,1389.0,,,Data missing or out of range,Data missing or out of range,VAUXHALL,ASTRA MERIT,Petrol,Male,Skidded,No tow/articulation,Did not leave carriageway,0.0,Slowing or stopping,3,109,Data missing or out of range,Front,2004
200430D001147,56 - 65,5.0,Urban area,4.0,1390.0,,,Data missing or out of range,Data missing or out of range,VOLKSWAGEN,POLO 1.4 CL AUTO,Petrol,Male,,No tow/articulation,Did not leave carriageway,0.0,Parked,2,109,Data missing or out of range,Back,2004
200430M010020,36 - 45,3.0,Urban area,10.0,1598.0,,,Data missing or out of range,Data missing or out of range,RENAULT,MEGANE SCENIC PRIV MON A,Petrol,Male,,No tow/articulation,Did not leave carriageway,0.0,Slowing or stopping,4,109,Data missing or out of range,Back,2004
200430M010073,56 - 65,1.0,Rural,9.0,1783.0,,,Data missing or out of range,Data missing or out of range,RENAULT,LAGUNA EXPRESSION 16V A,Petrol,Male,,No tow/articulation,Did not leave carriageway,0.0,Waiting to go - held up,1,109,Data missing or out of range,Back,2004
200430M010168,36 - 45,6.0,Urban area,8.0,2290.0,,,Data missing or out of range,Data missing or out of range,SAAB,9-3 SE AUTO,Petrol,Male,Skidded,No tow/articulation,Did not leave carriageway,0.0,Slowing or stopping,4,109,Data missing or out of range,Front,2004
200430M010198,26 - 35,1.0,Data missing or out of range,,1396.0,,,Data missing or out of range,Data missing or out of range,ROVER,25 IMPRESSION S3,Petrol,Female,Skidded,No tow/articulation,Did not leave carriageway,0.0,Going ahead other,1,109,Data missing or out of range,Front,2004
20043102A1878,36 - 45,14.0,Urban area,1.0,1324.0,,,Data missing or out of range,Data missing or out of range,MAZDA,323 SE,Petrol,Female,,No tow/articulation,Did not leave carriageway,0.0,Moving off,1,109,Data missing or out of range,Front,2004
20043102A2131,26 - 35,3.0,Urban area,7.0,1870.0,,,Data missing or out of range,Data missing or out of range,RENAULT,KANGOO 665 1.9D,Heavy oil,Male,,No tow/articulation,Did not leave carriageway,0.0,Going ahead other,1,Van / Goods 3.5 tonnes mgw or under,Data missing or out of range,Front,2004
20043102A2931,26 - 35,1.0,Data missing or out of range,,1995.0,,,Data missing or out of range,Data missing or out of range,TOYOTA,AVENSIS T3-S D-4D,Heavy oil,Female,,No tow/articulation,Did not leave carriageway,0.0,Waiting to go - held up,2,109,Data missing or out of range,Back,2004
20043102A3114,21 - 25,7.0,Urban area,4.0,1686.0,,,Data missing or out of range,Data missing or out of range,VAUXHALL,ASTRA MERIT 1.7D TURBO,Heavy oil,Male,,No tow/articulation,Did not leave carriageway,0.0,Going ahead other,1,109,Data missing or out of range,Offside,2004
20043102A3351,21 - 25,6.0,Urban area,1.0,599.0,,,Data missing or out of range,Data missing or out of range,KAWASAKI,,Petrol,Male,,No tow/articulation,Did not leave carriageway,0.0,Going ahead other,2,106,Data missing or out of range,Front,2004
20043102A3420,21 - 25,7.0,Urban area,2.0,899.0,,,Data missing or out of range,Data missing or out of range,KAWASAKI,,Petrol,Male,,No tow/articulation,Did not leave carriageway,0.0,Going ahead other,2,106,Data missing or out of range,Front,2004
20043102A3502,21 - 25,11.0,Rural,7.0,1994.0,,,Data missing or out of range,Data missing or out of range,ROVER,220 GTI,Petrol,Male,,No tow/articulation,Did not leave carriageway,0.0,Turning right,1,109,Data missing or out of range,Nearside,2004
20043102A3677,36 - 45,4.0,Data missing or out of range,,1995.0,,,Data missing or out of range,Data missing or out of range,CHRYSLER,VOYAGER LE,Petrol,Male,Skidded,No tow/articulation,Did not leave carriageway,0.0,Going ahead other,2,109,Data missing or out of range,Front,2004
20043102A3884,Data missing or out of range,2.0,Urban area,1.0,2800.0,,,Data missing or out of range,Data missing or out of range,IVECO,,Heavy oil,Male,,No tow/articulation,Did not leave carriageway,0.0,Slowing or stopping,1,Van / Goods 3.5 tonnes mgw or under,Data missing or out of range,Front,2004
20043102A4157,Data missing or out of range,1.0,Data missing or out of range,,1399.0,,,Data missing or out of range,Data missing or out of range,DAEWOO,KALOS SX 16V,Petrol,Female,,No tow/articulation,Did not leave carriageway,0.0,Parked,3,109,Data missing or out of range,Offside,2004
20043102A4376,Over 75,5.0,Data missing or out of range,,998.0,,,Data missing or out of range,Data missing or out of range,NISSAN,MICRA INSPIRATION 16V,Petrol,Male,,No tow/articulation,Did not leave carriageway,0.0,Overtaking static vehicle - offside,2,109,Data missing or out of range,Front,2004
20043102B0080,16 - 20,14.0,Urban area,7.0,1998.0,,,Data missing or out of range,Data missing or out of range,FORD,SAPPHIRE 2000E,Petrol,Male,,No tow/articulation,Did not leave carriageway,0.0,Turning right,1,109,Data missing or out of range,Front,2004
20043102B0182,46 - 55,8.0,Data missing or out of range,,1796.0,,,Data missing or out of range,Data missing or out of range,FORD,MONDEO VERONA,Petrol,Male,Skidded,No tow/articulation,Did not leave carriageway,0.0,Going ahead other,2,109,Data missing or out of range,Front,2004
20043102B0987,26 - 35,9.0,Small town,3.0,1527.0,Parked vehicle,,Data missing or out of range,Data missing or out of range,PEUGEOT,106 XRAD,Heavy oil,Male,Skidded,No tow/articulation,Did not leave carriageway,0.0,Overtaking moving vehicle - offside,1,Van / Goods 3.5 tonnes mgw or under,Data missing or out of range,Front,2004
20043102B1028,21 - 25,7.0,Urban area,6.0,2800.0,,Other permanent object,Data missing or out of range,Data missing or out of range,IVECO,,Heavy oil,Male,Skidded,No tow/articulation,Nearside,0.0,Going ahead left-hand bend,1,Van / Goods 3.5 tonnes mgw or under,Data missing or out of range,Front,2004
20043102B1265,21 - 25,1.0,Data missing or out of range,,1242.0,,Road sign or traffic signal,Data missing or out of range,Data missing or out of range,FIAT,PUNTO ACTIVE SPORT 8V,Petrol,Female,,No tow/articulation,Nearside and rebounded,0.0,Going ahead right-hand bend,1,109,Data missing or out of range,Front,2004
20043102B1279,Data missing or out of range,1.0,Urban area,6.0,1995.0,,,Data missing or out of range,Data missing or out of range,TOYOTA,COROLLA T2 D4D,Heavy oil,Female,,No tow/articulation,Did not leave carriageway,0.0,Going ahead other,1,109,Data missing or out of range,Did not impact,2004
20043102B1449,56 - 65,5.0,Data missing or out of range,,1998.0,,,Data missing or out of range,Data missing or out of range,NISSAN,PRIMERA SE PLUS,Petrol,Male,Skidded,No tow/articulation,Did not leave carriageway,0.0,Going ahead other,2,109,Data missing or out of range,Front,2004
20043102B1490,26 - 35,8.0,Small town,3.0,1994.0,,,Data missing or out of range,Data missing or out of range,ROVER,620 TI,Petrol,Male,,No tow/articulation,Did not leave carriageway,0.0,Reversing,1,109,Data missing or out of range,Back,2004
20043102B1671,26 - 35,4.0,Small town,10.0,1686.0,,,Data missing or out of range,Data missing or out of range,VAUXHALL,CORSA ENVOY D,Heavy oil,Male,Skidded,No tow/articulation,Nearside,0.0,Overtaking moving vehicle - offside,2,109,Data missing or out of range,Front,2004
20043102B1779,46 - 55,7.0,Rural,10.0,892.0,,,Data missing or out of range,Data missing or out of range,YAMAHA,,Petrol,Male,,No tow/articulation,Did not leave carriageway,0.0,Going ahead other,2,106,Data missing or out of range,Front,2004
20043102B1874,36 - 45,3.0,Urban area,6.0,1100.0,,,Data missing or out of range,Data missing or out of range,ERF,,Heavy oil,Male,,No tow/articulation,Nearside,0.0,Going ahead other,3,Goods 7.5 tonnes mgw and over,Data missing or out of range,Offside,2004
20043102B2187,16 - 20,13.0,Rural,9.0,1108.0,,,Data missing or out of range,Data missing or out of range,RENAULT,5 CAMPUS,Petrol,Male,,No tow/articulation,Did not leave carriageway,0.0,Turning right,1,109,Data missing or out of range,Offside,2004
20043102B2401,36 - 45,2.0,Urban area,3.0,1157.0,,,Data missing or out of range,Data missing or out of range,SUZUKI,,Petrol,Male,,No tow/articulation,Did not leave carriageway,0.0,Going ahead other,1,106,Data missing or out of range,Offside,2004
20043102B2426,46 - 55,2.0,Urban area,6.0,1461.0,,,Data missing or out of range,Data missing or out of range,RENAULT,CLIO EXPRESSION+ DCI 65,Heavy oil,Male,,No tow/articulation,Offside,0.0,Going ahead right-hand bend,2,109,Data missing or out of range,Front,2004
20043102B3134,26 - 35,,Small town,5.0,1360.0,,,Data missing or out of range,Data missing or out of range,PEUGEOT,206 FEVER,Petrol,Male,,No tow/articulation,Did not leave carriageway,0.0,Waiting to go - held up,2,109,Data missing or out of range,Back,2004
20043102B3216,Data missing or out of range,11.0,Data missing or out of range,,1289.0,,,Data missing or out of range,Data missing or out of range,SKODA,FAVORIT LXI PLUS,Petrol,Not known,,No tow/articulation,Did not leave carriageway,0.0,Parked,2,109,Data missing or out of range,Back,2004
20043102B3232,16 - 20,6.0,Small town,3.0,1527.0,,,Data missing or out of range,Data missing or out of range,CITROEN,SAXO EXCLUSIVE DIESEL,Heavy oil,Male,,No tow/articulation,Did not leave carriageway,0.0,Turning right,1,109,Data missing or out of range,Front,2004
20043102B3532,56 - 65,14.0,Rural,7.0,1998.0,,,Data missing or out of range,Data missing or out of range,TOYOTA,SPACE CRUISER AUTO,Petrol,Male,,No tow/articulation,Did not leave carriageway,0.0,Going ahead right-hand bend,2,109,Data missing or out of range,Front,2004
20043102B3631,56 - 65,5.0,Urban area,1.0,1299.0,,,Data missing or out of range,Data missing or out of range,MITSUBISHI,COLT SPACE STAR,Petrol,Female,,No tow/articulation,Did not leave carriageway,0.0,Overtaking static vehicle - offside,1,109,Data missing or out of range,Front,2004
20043102B3790,26 - 35,,Urban area,9.0,2401.0,,,Data missing or out of range,Data missing or out of range,VOLVO,V70 D5 SE AUTO,Heavy oil,Male,,No tow/articulation,Did not leave carriageway,0.0,Going ahead other,1,109,Data missing or out of range,Nearside,2004
20043102B4186,46 - 55,3.0,Urban area,7.0,5861.0,,,Data missing or out of range,Data missing or out of range,IVECO-FORD,,Heavy oil,Male,Skidded,No tow/articulation,Did not leave carriageway,0.0,Going ahead left-hand bend,2,Other vehicle,Data missing or out of range,Front,2004
20043102B4279,26 - 35,,Data missing or out of range,,1399.0,,,Data missing or out of range,Data missing or out of range,FORD,FIESTA FINESSE TDCI,Heavy oil,Male,,No tow/articulation,Did not leave carriageway,0.0,Going ahead other,2,109,Data missing or out of range,Back,2004
20043102C0530,Data missing or out of range,18.0,Data missing or out of range,,1781.0,,,Data missing or out of range,Data missing or out of range,VOLKSWAGEN,GOLF GL 4+E 1.8,Petrol,Not known,,No tow/articulation,Did not leave carriageway,0.0,Going ahead left-hand bend,2,109,Data missing or out of range,Front,2004
20043102C0879,Data missing or out of range,8.0,Data missing or out of range,,1994.0,,,Data missing or out of range,Data missing or out of range,SUBARU,IMPREZA TURBO 4WD,Petrol,Not known,,No tow/articulation,Did not leave carriageway,0.0,Parked,3,109,Data missing or out of range,Offside,2004
20043102C3930,46 - 55,7.0,Urban area,1.0,5900.0,,,Data missing or out of range,Data missing or out of range,DENNIS,,Heavy oil,Male,,No tow/articulation,Did not leave carriageway,0.0,Going ahead other,1,Bus or coach (17 or more pass seats),Data missing or out of range,Front,2004
20043102D0360,21 - 25,1.0,Urban area,2.0,1124.0,,,Data missing or out of range,Data missing or out of range,PEUGEOT,206 LOOK,Petrol,Male,Skidded,No tow/articulation,Did not leave carriageway,0.0,Going ahead left-hand bend,1,109,Data missing or out of range,Front,2004
20043102D0857,36 - 45,5.0,Urban area,6.0,1747.0,,,Data missing or out of range,Data missing or out of range,ALFA ROMEO,156 1.8 T SPARK,Petrol,Male,,No tow/articulation,Did not leave carriageway,0.0,Going ahead other,2,109,Data missing or out of range,Front,2004
20043102D1056,Data missing or out of range,8.0,Data missing or out of range,,1581.0,,,Data missing or out of range,Data missing or out of range,FIAT,BRAVA 1.6 SX,Petrol,Not known,,No tow/articulation,Did not leave carriageway,0.0,Parked,2,109,Data missing or out of range,Back,2004
20043102D1362,16 - 20,2.0,Urban area,6.0,1360.0,,,Data missing or out of range,Data missing or out of range,CITROEN,SAXO FURIO,Petrol,Female,,No tow/articulation,Did not leave carriageway,0.0,Turning right,1,109,Data missing or out of range,Front,2004
20043102D2916,26 - 35,11.0,Rural,8.0,2497.0,,,Data missing or out of range,Data missing or out of range,MAZDA,MX-6 V6 ABS A,Petrol,Male,,No tow/articulation,Did not leave carriageway,0.0,Waiting to go - held up,2,109,Data missing or out of range,Back,2004
20043108A4039,Data missing or out of range,4.0,Urban area,2.0,1002.0,,,Data missing or out of range,Data missing or out of range,YAMAHA,,Petrol,Female,,No tow/articulation,Did not leave carriageway,0.0,Overtaking - nearside,2,106,Data missing or out of range,Front,2004
20043108C0664,36 - 45,,Urban area,3.0,,,,Data missing or out of range,Data missing or out of range,FORD,ESCORT CL TD,,Male,,No tow/articulation,Did not leave carriageway,0.0,Waiting to go - held up,2,Van / Goods 3.5 tonnes mgw or under,Data missing or out of range,Back,2004
20043108C2862,36 - 45,6.0,Urban area,2.0,1590.0,,,Data missing or out of range,Data missing or out of range,SUZUKI,VITARA JX 4 U SOFT-TOP,Petrol,Male,,No tow/articulation,Did not leave carriageway,0.0,Going ahead left-hand bend,2,109,Data missing or out of range,Nearside,2004
20043108C2947,56 - 65,10.0,Urban area,5.0,1391.0,Parked vehicle,,Data missing or out of range,Data missing or out of range,FORD,ESCORT AZURA,Petrol,Male,,No tow/articulation,Did not leave carriageway,0.0,Going ahead right-hand bend,1,109,Data missing or out of range,Front,2004
20043108C3686,46 - 55,5.0,Urban area,10.0,1998.0,,,Data missing or out of range,Data missing or out of range,MERCEDES,C200 ELEGANCE AUTO,Petrol,Male,,No tow/articulation,Did not leave carriageway,0.0,Turning right,1,109,Data missing or out of range,Front,2004
20043108C4658,21 - 25,10.0,Urban area,,1994.0,,,Data missing or out of range,Data missing or out of range,SUBARU,IMPREZA TURBO 4WD,Petrol,Male,,No tow/articulation,Did not leave carriageway,0.0,Turning left,1,109,Data missing or out of range,Nearside,2004
20043108C4846,16 - 20,,Urban area,5.0,,,,Data missing or out of range,Data missing or out of range,PEUGEOT,VIVACITY 50,,Female,,No tow/articulation,Did not leave carriageway,0.0,Waiting to turn right,1,Motorcycle 50cc and under,Data missing or out of range,Front,2004
20043108C4879,26 - 35,2.0,Data missing or out of range,,1598.0,,,Data missing or out of range,Data missing or out of range,ALFA ROMEO,156 T.SPARK VELOCE SWAGON,Petrol,Male,,No tow/articulation,Did not leave carriageway,0.0,Going ahead other,2,109,Data missing or out of range,Back,2004
20043108C4993,Data missing or out of range,2.0,Urban area,1.0,2319.0,,,Data missing or out of range,Data missing or out of range,VOLVO,,Petrol,Male,,No tow/articulation,Did not leave carriageway,0.0,Going ahead right-hand bend,1,109,Data missing or out of range,Front,2004
20043108C5297,46 - 55,8.0,Urban area,1.0,1698.0,,,Data missing or out of range,Data missing or out of range,FIAT,PUNTO TD SX,Heavy oil,Male,,No tow/articulation,Did not leave carriageway,0.0,Turning right,1,109,Data missing or out of range,Front,2004
20043108C5575,26 - 35,,Data missing or out of range,,1753.0,,,Data missing or out of range,Data missing or out of range,FORD,TRAN CONNECT 200 D SWB,Heavy oil,Male,,No tow/articulation,Did not leave carriageway,0.0,Going ahead other,2,Van / Goods 3.5 tonnes mgw or under,Data missing or out of range,Front,2004
20043108C5583,21 - 25,4.0,Data missing or out of range,,1796.0,Kerb,,Data missing or out of range,Data missing or out of range,ROVER,,Petrol,Male,,No tow/articulation,Did not leave carriageway,0.0,Turning left,2,109,Data missing or out of range,Front,2004
20043108C5607,56 - 65,2.0,Urban area,9.0,2435.0,,,Data missing or out of range,Data missing or out of range,VOLVO,S80 2.4 SE AUTO,Petrol,Male,,No tow/articulation,Did not leave carriageway,0.0,Going ahead other,1,109,Data missing or out of range,Nearside,2004
20043108C5707,16 - 20,14.0,Data missing or out of range,,1998.0,,Bus stop or bus shelter,Data missing or out of range,Data missing or out of range,VAUXHALL,CARLTON GL I,Petrol,Male,,No tow/articulation,Offside,0.0,Going ahead other,1,109,Data missing or out of range,Front,2004
20043108C6661,21 - 25,5.0,Data missing or out of range,,1124.0,,,Data missing or out of range,Data missing or out of range,CITROEN,SAXO EAST COAST,Petrol,Female,,No tow/articulation,Did not leave carriageway,0.0,Going ahead other,1,109,Data missing or out of range,Front,2004
20043108D0705,36 - 45,4.0,Rural,7.0,1589.0,,,Data missing or out of range,Data missing or out of range,ROVER,45 IXS 16V,Petrol,Female,,No tow/articulation,Did not leave carriageway,0.0,Going ahead other,1,109,Data missing or out of range,Front,2004
20043108D1059,56 - 65,6.0,Urban area,1.0,11946.0,Parked vehicle,,Data missing or out of range,Data missing or out of range,MERCEDES,,Heavy oil,Male,,No tow/articulation,Did not leave carriageway,0.0,Overtaking static vehicle - offside,1,Goods 7.5 tonnes mgw and over,Data missing or out of range,Nearside,2004
20043108D1375,36 - 45,5.0,Urban area,2.0,918.0,,,Data missing or out of range,Data missing or out of range,HONDA,CBR900RR,Petrol,Male,Skidded,No tow/articulation,Did not leave carriageway,0.0,Overtaking moving vehicle - offside,2,106,Data missing or out of range,Front,2004
20043108D3062,56 - 65,1.0,Rural,8.0,,,Entered ditch,Data missing or out of range,Data missing or out of range,MASSEY FERGUSON,,Heavy oil,Male,,Single trailer,Nearside,0.0,Moving off,1,Agricultural vehicle,Data missing or out of range,Nearside,2004
20043108D3222,Data missing or out of range,4.0,Data missing or out of range,,49.0,,,Data missing or out of range,Data missing or out of range,DERBI,PADDOCK LC,Petrol,Not known,,No tow/articulation,Did not leave carriageway,0.0,Overtaking moving vehicle - offside,1,Motorcycle 50cc and under,Data missing or out of range,Front,2004
20043108D3815,36 - 45,,Urban area,10.0,1461.0,,,Data missing or out of range,Data missing or out of range,RENAULT,MEGANE DYNAMIQUE DCI 80,Heavy oil,Male,Skidded,No tow/articulation,Did not leave carriageway,0.0,Slowing or stopping,1,109,Data missing or out of range,Front,2004
20043108D4097,46 - 55,6.0,Urban area,3.0,1590.0,,,Data missing or out of range,Data missing or out of range,HONDA,CIVIC 1.6I LS AUTO,Petrol,Male,,No tow/articulation,Did not leave carriageway,0.0,Slowing or stopping,3,109,Data missing or out of range,Front,2004
20043108D4961,26 - 35,2.0,Data missing or out of range,,1998.0,,,Data missing or out of range,Data missing or out of range,FORD,TRANSIT 280 MWB TD,Heavy oil,Male,Skidded,No tow/articulation,Did not leave carriageway,0.0,Going ahead other,1,Van / Goods 3.5 tonnes mgw or under,Data missing or out of range,Front,2004
20043108D5026,36 - 45,,Urban area,9.0,,,,Data missing or out of range,Data missing or out of range,ERF,,,Male,,No tow/articulation,Did not leave carriageway,0.0,Overtaking moving vehicle - offside,1,Goods 7.5 tonnes mgw and over,Data missing or out of range,Nearside,2004
20043108D5472,21 - 25,3.0,Urban area,4.0,1360.0,,,Data missing or out of range,Data missing or out of range,CITROEN,SAXO FURIO,Petrol,Female,Skidded,No tow/articulation,Did not leave carriageway,0.0,Going ahead other,1,109,Data missing or out of range,Front,2004
20043108D5484,Over 75,19.0,Urban area,1.0,7800.0,,,Data missing or out of range,Data missing or out of range,SCANIA,,Heavy oil,Male,,Single trailer,Did not leave carriageway,0.0,Going ahead other,1,Goods 7.5 tonnes mgw and over,Data missing or out of range,Back,2004
20043108D5869,36 - 45,5.0,Urban area,,998.0,,,Data missing or out of range,Data missing or out of range,NISSAN,MICRA INSPIRATION 16V,Petrol,Female,,No tow/articulation,Did not leave carriageway,0.0,Going ahead other,1,109,Data missing or out of range,Front,2004
20043108D5969,46 - 55,11.0,Urban area,4.0,1396.0,,,Data missing or out of range,Data missing or out of range,ROVER,METRO LD,Heavy oil,Male,,No tow/articulation,Did not leave carriageway,0.0,Waiting to go - held up,3,109,Data missing or out of range,Back,2004
20043108D6386,16 - 20,11.0,Urban area,4.0,1120.0,,,Data missing or out of range,Data missing or out of range,ROVER,METRO RIO,Petrol,Male,Skidded,No tow/articulation,Did not leave carriageway,0.0,Going ahead other,2,109,Data missing or out of range,Front,2004
200432B025404,Data missing or out of range,,Urban area,3.0,,,,Data missing or out of range,Data missing or out of range,NISSAN,BLUEBIRD GS,,Male,,No tow/articulation,Did not leave carriageway,4.0,Parked,3,108,Data missing or out of range,Back,2004
200432B051104,66 - 75,2.0,Urban area,2.0,1396.0,,,Data missing or out of range,Data missing or out of range,ROVER,25 IMPRESSION S2,Petrol,Male,,No tow/articulation,Did not leave carriageway,0.0,Going ahead other,3,109,Data missing or out of range,Back,2004
200432B095604,56 - 65,1.0,Urban area,9.0,1951.0,,,Data missing or out of range,Data missing or out of range,ROVER,75 CONNOISSEUR SE CDTI A,Heavy oil,Male,,No tow/articulation,Did not leave carriageway,0.0,Turning right,1,109,Data missing or out of range,Back,2004
200432B142804,56 - 65,1.0,Small town,9.0,973.0,,,Data missing or out of range,Data missing or out of range,VAUXHALL,CORSA ELEGANCE 12V,Petrol,Female,,No tow/articulation,Did not leave carriageway,0.0,Waiting to go - held up,4,109,Data missing or out of range,Front,2004
200432B146404,21 - 25,6.0,Urban area,6.0,748.0,,,Data missing or out of range,Data missing or out of range,SUZUKI,,Petrol,Male,,No tow/articulation,Did not leave carriageway,0.0,Going ahead other,2,106,Data missing or out of range,Nearside,2004
200432B146804,36 - 45,,Data missing or out of range,,2953.0,,,Data missing or out of range,Data missing or out of range,NISSAN,TERRANO SVE TD,Heavy oil,Male,,No tow/articulation,Did not leave carriageway,0.0,Turning right,3,109,Data missing or out of range,Did not impact,2004
200432B159504,36 - 45,1.0,Urban area,5.0,1896.0,,,Data missing or out of range,Data missing or out of range,VOLKSWAGEN,GOLF E SDI,Heavy oil,Male,,No tow/articulation,Did not leave carriageway,0.0,Overtaking moving vehicle - offside,2,109,Data missing or out of range,Front,2004
200432B174004,16 - 20,15.0,Small town,3.0,1297.0,,Other permanent object,Data missing or out of range,Data missing or out of range,FORD,ORION CLASSIC,Petrol,Male,,No tow/articulation,Offside and rebounded,0.0,Going ahead other,1,109,Data missing or out of range,Front,2004