Accident_Index,Age_Band_of_Driver,Age_of_Vehicle,Driver_Home_Area_Type,Driver_IMD_Decile,Engine_Capacity_.CC.,Hit_Object_in_Carriageway,Hit_Object_off_Carriageway,Journey_Purpose_of_Driver,Junction_Location,make,model,Propulsion_Code,Sex_of_Driver,Skidding_and_Overturning,Towing_and_Articulation,Vehicle_Leaving_Carriageway,Vehicle_Location.Restricted_Lane,Vehicle_Manoeuvre,Vehicle_Reference,Vehicle_Type,Was_Vehicle_Left_Hand_Drive,X1st_Point_of_Impact,Year
200432B196804,Data missing or out of range,10.0,Data missing or out of range,,1389.0,,,Data missing or out of range,Data missing or out of range,VAUXHALL,,Petrol,Male,,No tow/articulation,Did not leave carriageway,0.0,Waiting to turn left,1,109,Data missing or out of range,Back,2004
200432B199904,56 - 65,,Rural,8.0,,,,Data missing or out of range,Data missing or out of range,FORD,MONDEO ZETEC TDCI,,Male,Skidded,No tow/articulation,Did not leave carriageway,0.0,Going ahead other,1,Goods 7.5 tonnes mgw and over,Data missing or out of range,Front,2004
200432B211504,21 - 25,3.0,Urban area,3.0,1299.0,,,Data missing or out of range,Data missing or out of range,FORD,KA LUXURY,Petrol,Female,Skidded and overturned,No tow/articulation,Offside,0.0,Overtaking moving vehicle - offside,1,109,Data missing or out of range,Front,2004
200432B213504,36 - 45,8.0,Data missing or out of range,,1242.0,,,Data missing or out of range,Data missing or out of range,FIAT,PUNTO 75 SX,Petrol,Male,,No tow/articulation,Did not leave carriageway,0.0,Going ahead other,2,109,Data missing or out of range,Front,2004
200432C009704,21 - 25,14.0,Rural,6.0,1809.0,,,Data missing or out of range,Data missing or out of range,NISSAN,SUNNY GTI 16V,Petrol,Male,Skidded,No tow/articulation,Offside,0.0,Overtaking moving vehicle - offside,1,109,Data missing or out of range,Offside,2004
200432C012504,16 - 20,6.0,Urban area,3.0,2962.0,,,Data missing or out of range,Data missing or out of range,VAUXHALL,OMEGA MV6 AUTO,Petrol,Male,,No tow/articulation,Did not leave carriageway,0.0,Going ahead other,1,109,Data missing or out of range,Nearside,2004
200432C018504,16 - 20,10.0,Rural,4.0,1597.0,,,Data missing or out of range,Data missing or out of range,FORD,ESCORT SAPPHIRE,Petrol,Female,,No tow/articulation,Did not leave carriageway,0.0,Going ahead other,1,109,Data missing or out of range,Offside,2004
200432C019704,46 - 55,1.0,Data missing or out of range,,1796.0,,,Data missing or out of range,Data missing or out of range,TOYOTA,COROLLA TSPORT VVTLI,Petrol,Male,,No tow/articulation,Did not leave carriageway,0.0,Going ahead other,3,109,Data missing or out of range,Front,2004
200432C041604,56 - 65,11.0,Data missing or out of range,,1905.0,,,Data missing or out of range,Data missing or out of range,CITROEN,ZX VOLCANE TD,Heavy oil,Male,,No tow/articulation,Did not leave carriageway,0.0,Going ahead other,3,109,Data missing or out of range,Back,2004
200432C044004,36 - 45,8.0,Urban area,10.0,1984.0,,,Data missing or out of range,Data missing or out of range,VOLVO,,Petrol,Male,,No tow/articulation,Did not leave carriageway,0.0,Slowing or stopping,2,109,Data missing or out of range,Did not impact,2004
200432C060504,21 - 25,15.0,Urban area,1.0,1596.0,,,Data missing or out of range,Data missing or out of range,FORD,FIESTA XR2I,Petrol,Male,Skidded,No tow/articulation,Did not leave carriageway,0.0,Going ahead other,1,109,Data missing or out of range,Front,2004
200432C075004,26 - 35,4.0,Urban area,3.0,2499.0,,,Data missing or out of range,Data missing or out of range,VAUXHALL,MOVANO D 2800 SWB,Heavy oil,Male,,No tow/articulation,Did not leave carriageway,0.0,Going ahead right-hand bend,2,Van / Goods 3.5 tonnes mgw or under,Data missing or out of range,Offside,2004
200432C080604,56 - 65,14.0,Rural,,535.0,,,Data missing or out of range,Data missing or out of range,YAMAHA,,Petrol,Male,Skidded and overturned,No tow/articulation,Offside,0.0,Going ahead other,2,106,Data missing or out of range,Front,2004
200432C080804,16 - 20,4.0,Urban area,6.0,1341.0,,,Data missing or out of range,Data missing or out of range,HYUNDAI,ACCENT 1,Petrol,Male,,No tow/articulation,Did not leave carriageway,0.0,Going ahead left-hand bend,1,109,Data missing or out of range,Offside,2004
200432C099504,66 - 75,1.0,Small town,5.0,1753.0,,,Data missing or out of range,Data missing or out of range,FORD,TRANSIT CONNECT T220 TDDI S,Heavy oil,Male,Overturned,No tow/articulation,Did not leave carriageway,0.0,Going ahead other,1,Van / Goods 3.5 tonnes mgw or under,Data missing or out of range,Did not impact,2004
200432C109404,36 - 45,4.0,Small town,7.0,998.0,,,Data missing or out of range,Data missing or out of range,NISSAN,MICRA CELEBRATION 16V,Petrol,Female,Skidded,No tow/articulation,Did not leave carriageway,0.0,Going ahead other,2,109,Data missing or out of range,Front,2004
200432C112004,46 - 55,1.0,Urban area,7.0,1399.0,,,Data missing or out of range,Data missing or out of range,FORD,FIESTA LX TDCI,Heavy oil,Female,,No tow/articulation,Did not leave carriageway,0.0,Waiting to go - held up,2,109,Data missing or out of range,Back,2004
200432C121504,46 - 55,4.0,Data missing or out of range,,2499.0,,,Data missing or out of range,Data missing or out of range,VAUXHALL,BRAVA DI 4X4,Heavy oil,Male,,No tow/articulation,Did not leave carriageway,0.0,Going ahead other,2,109,Data missing or out of range,Back,2004
200432C134804,36 - 45,4.0,Rural,3.0,1997.0,,,Data missing or out of range,Data missing or out of range,PEUGEOT,306 MERIDIAN HDI (90),Heavy oil,Male,,No tow/articulation,Did not leave carriageway,0.0,Waiting to turn left,2,109,Data missing or out of range,Back,2004
200432C135004,46 - 55,,Rural,6.0,,,,Data missing or out of range,Data missing or out of range,RENAULT,KANGOO SL17 DCI 60,,Male,,No tow/articulation,Did not leave carriageway,0.0,Waiting to turn right,2,Bus or coach (17 or more pass seats),Data missing or out of range,Back,2004
200432C149804,46 - 55,3.0,Urban area,9.0,1997.0,,,Data missing or out of range,Data missing or out of range,CITROEN,C5 HDI SX,Heavy oil,Male,,No tow/articulation,Did not leave carriageway,0.0,Waiting to go - held up,3,109,Data missing or out of range,Back,2004
200432D002904,46 - 55,3.0,Urban area,9.0,1995.0,,Other permanent object,Data missing or out of range,Data missing or out of range,TOYOTA,AVENSIS GS D4-D,Heavy oil,Male,,No tow/articulation,Nearside,0.0,Going ahead left-hand bend,1,109,Data missing or out of range,Front,2004
200432D011004,21 - 25,11.0,Data missing or out of range,,1390.0,,,Data missing or out of range,Data missing or out of range,RENAULT,19 RT I,Petrol,Female,Skidded,No tow/articulation,Did not leave carriageway,0.0,Going ahead right-hand bend,4,109,Data missing or out of range,Nearside,2004
200432D039204,46 - 55,,Data missing or out of range,,,,,Data missing or out of range,Data missing or out of range,CITROEN,XANTIA LX HDI,,Male,,No tow/articulation,Did not leave carriageway,0.0,Slowing or stopping,4,108,Data missing or out of range,Back,2004
200432D046504,36 - 45,8.0,Data missing or out of range,,1597.0,,,Data missing or out of range,Data missing or out of range,FORD,ESCORT CABARET,Petrol,Male,,No tow/articulation,Did not leave carriageway,0.0,Turning right,1,109,Data missing or out of range,Front,2004
200432D100604,46 - 55,11.0,Urban area,8.0,1686.0,,,Data missing or out of range,Data missing or out of range,VAUXHALL,ASTRA LS TURBO DIESEL,Heavy oil,Male,,No tow/articulation,Did not leave carriageway,0.0,Slowing or stopping,1,109,Data missing or out of range,Front,2004
200432D113204,46 - 55,2.0,Small town,9.0,998.0,,Tree,Data missing or out of range,Data missing or out of range,APRILIA,,Petrol,Male,,No tow/articulation,Offside,0.0,Going ahead left-hand bend,1,106,Data missing or out of range,Front,2004
200432D132604,26 - 35,6.0,Small town,7.0,1396.0,,,Data missing or out of range,Data missing or out of range,HONDA,CIVIC ILLUSION,Petrol,Female,,No tow/articulation,Did not leave carriageway,0.0,Going ahead other,1,109,Data missing or out of range,Front,2004
200432D139004,21 - 25,13.0,Data missing or out of range,,1595.0,,,Data missing or out of range,Data missing or out of range,HONDA,CIVIC CRX VTEC,Petrol,Male,Skidded,No tow/articulation,Did not leave carriageway,0.0,Overtaking moving vehicle - offside,1,109,Data missing or out of range,Front,2004
200432D174704,36 - 45,1.0,Urban area,3.0,1998.0,,Other permanent object,Data missing or out of range,Data missing or out of range,FORD,MONDEO GRAPHITE TDCI,Heavy oil,Male,Skidded and overturned,No tow/articulation,Offside,0.0,Overtaking moving vehicle - offside,1,109,Data missing or out of range,Front,2004
200432D188804,56 - 65,5.0,Small town,8.0,1598.0,,,Data missing or out of range,Data missing or out of range,RENAULT,MEGANE SCENIC ALIZE AUTO,Petrol,Male,,No tow/articulation,Did not leave carriageway,0.0,Going ahead other,1,109,Data missing or out of range,Offside,2004
2004330400162,46 - 55,5.0,Urban area,5.0,2664.0,,,Data missing or out of range,Data missing or out of range,LONDON TAXIS INT,TX1 BRONZE,Heavy oil,Male,,No tow/articulation,Did not leave carriageway,0.0,Turning right,2,108,Data missing or out of range,Front,2004
2004330400283,26 - 35,5.0,Data missing or out of range,,2494.0,Road works,,Data missing or out of range,Data missing or out of range,NISSAN,D22 2.5D 4X2,Heavy oil,Male,,No tow/articulation,Did not leave carriageway,0.0,Going ahead left-hand bend,2,Van / Goods 3.5 tonnes mgw or under,Data missing or out of range,Offside,2004
2004330400391,26 - 35,4.0,Urban area,7.0,8970.0,,,Data missing or out of range,Data missing or out of range,SCANIA,,Heavy oil,Male,,No tow/articulation,Did not leave carriageway,0.0,Going ahead other,2,Goods 7.5 tonnes mgw and over,Data missing or out of range,Front,2004
2004330400413,26 - 35,18.0,Rural,6.0,,,,Data missing or out of range,Data missing or out of range,FORD,,Heavy oil,Male,,Single trailer,Did not leave carriageway,0.0,Going ahead other,2,Agricultural vehicle,Data missing or out of range,Offside,2004
2004330400589,Over 75,7.0,Data missing or out of range,,1242.0,,,Data missing or out of range,Data missing or out of range,FORD,FIESTA FUSION,Petrol,Male,,No tow/articulation,Did not leave carriageway,0.0,Waiting to go - held up,2,109,Data missing or out of range,Front,2004
2004330400590,36 - 45,16.0,Data missing or out of range,,1397.0,,,Data missing or out of range,Data missing or out of range,RENAULT,11 BOSTON GTL,Petrol,Female,,No tow/articulation,Did not leave carriageway,0.0,Going ahead other,1,109,Data missing or out of range,Nearside,2004
2004330400705,26 - 35,,Small town,8.0,,,,Data missing or out of range,Data missing or out of range,VAUXHALL,COMBO 1700 DTI,,Male,Skidded,No tow/articulation,Did not leave carriageway,0.0,Going ahead other,1,109,Data missing or out of range,Front,2004
2004330400708,36 - 45,8.0,Data missing or out of range,,1799.0,,,Data missing or out of range,Data missing or out of range,VAUXHALL,VECTRA GLS 16V,Petrol,Male,Skidded,No tow/articulation,Did not leave carriageway,0.0,Slowing or stopping,1,109,Data missing or out of range,Offside,2004
2004330400982,56 - 65,4.0,Urban area,3.0,1392.0,,,Data missing or out of range,Data missing or out of range,FORD,,Petrol,Female,,No tow/articulation,Did not leave carriageway,0.0,Parked,5,109,Data missing or out of range,Front,2004
2004330401084,21 - 25,,Small town,7.0,,,,Data missing or out of range,Data missing or out of range,FORD,TRANSIT CONNECT T200 TDDI S,,Male,,No tow/articulation,Did not leave carriageway,0.0,Going ahead other,1,109,Data missing or out of range,Back,2004
2004330401172,16 - 20,9.0,Urban area,8.0,954.0,,,Data missing or out of range,Data missing or out of range,CITROEN,AX DIMENSION,Petrol,Male,Skidded,No tow/articulation,Did not leave carriageway,0.0,Going ahead other,2,109,Data missing or out of range,Front,2004
2004330401774,36 - 45,10.0,Data missing or out of range,,1396.0,,,Data missing or out of range,Data missing or out of range,ROVER,METRO GSI AUTO,Petrol,Female,,No tow/articulation,Did not leave carriageway,0.0,Going ahead other,1,109,Data missing or out of range,Nearside,2004
2004330401888,46 - 55,2.0,Data missing or out of range,,1339.0,,,Data missing or out of range,Data missing or out of range,HONDA,JAZZ SE,Petrol,Female,,No tow/articulation,Did not leave carriageway,0.0,Going ahead other,3,109,Data missing or out of range,Offside,2004
2004330401904,26 - 35,3.0,Data missing or out of range,,1679.0,,,Data missing or out of range,Data missing or out of range,FORD,PUMA BLACK,Petrol,Male,,No tow/articulation,Did not leave carriageway,0.0,Going ahead other,1,109,Data missing or out of range,Front,2004
2004330402101,46 - 55,3.0,Small town,3.0,2800.0,,,Data missing or out of range,Data missing or out of range,IVECO,,Heavy oil,Male,,No tow/articulation,Did not leave carriageway,0.0,Waiting to go - held up,1,Van / Goods 3.5 tonnes mgw or under,Data missing or out of range,Back,2004
2004330402114,16 - 20,9.0,Data missing or out of range,,2498.0,,,Data missing or out of range,Data missing or out of range,VAUXHALL,OMEGA 2.5 V6 CD AUTO,Petrol,Male,,No tow/articulation,Did not leave carriageway,0.0,Going ahead other,2,109,Data missing or out of range,Front,2004
2004330402299,Over 75,,Data missing or out of range,,,Kerb,Other permanent object,Data missing or out of range,Data missing or out of range,YAMAHA,,,Male,,No tow/articulation,Offside,0.0,Going ahead other,1,Motorcycle 125cc and under,Data missing or out of range,Front,2004
2004330402370,66 - 75,8.0,Data missing or out of range,,954.0,,,Data missing or out of range,Data missing or out of range,CITROEN,AX 1.0I ELATION,Petrol,Female,,No tow/articulation,Did not leave carriageway,0.0,Going ahead other,1,109,Data missing or out of range,Front,2004
2004330402474,26 - 35,,Urban area,4.0,,,,Data missing or out of range,Data missing or out of range,FORD,TRANSIT 350 LWB TD,,Male,Skidded,No tow/articulation,Did not leave carriageway,0.0,Going ahead other,3,Other vehicle,Data missing or out of range,Front,2004
2004330402836,26 - 35,8.0,Data missing or out of range,,1998.0,,,Data missing or out of range,Data missing or out of range,VAUXHALL,FRONTERA SPORT S APACHE,Petrol,Male,,No tow/articulation,Did not leave carriageway,0.0,Turning right,1,109,Data missing or out of range,Front,2004
2004330403036,36 - 45,16.0,Data missing or out of range,,400.0,,,Data missing or out of range,Data missing or out of range,HONDA,,Petrol,Male,,No tow/articulation,Did not leave carriageway,0.0,Going ahead other,2,106,Data missing or out of range,Front,2004
2004330403157,16 - 20,9.0,Data missing or out of range,,954.0,,,Data missing or out of range,Data missing or out of range,CITROEN,AX DIMENSION,Petrol,Male,,No tow/articulation,Did not leave carriageway,0.0,Waiting to go - held up,2,109,Data missing or out of range,Back,2004
2004330403220,46 - 55,8.0,Data missing or out of range,,1341.0,,,Data missing or out of range,Data missing or out of range,HYUNDAI,ACCENT COUPE SI,Petrol,Female,,No tow/articulation,Did not leave carriageway,0.0,Slowing or stopping,2,109,Data missing or out of range,Back,2004
2004330403231,26 - 35,,Urban area,,1360.0,,,Data missing or out of range,Data missing or out of range,PEUGEOT,206 S,Petrol,Male,,No tow/articulation,Did not leave carriageway,0.0,Waiting to go - held up,4,109,Data missing or out of range,Back,2004
2004330403231,46 - 55,1.0,Small town,3.0,1686.0,,,Data missing or out of range,Data missing or out of range,VAUXHALL,ASTRA DTI 16V SPORTIVE,Heavy oil,Male,,No tow/articulation,Did not leave carriageway,0.0,Waiting to go - held up,5,Van / Goods 3.5 tonnes mgw or under,Data missing or out of range,Back,2004
2004330403286,16 - 20,10.0,Urban area,9.0,1119.0,,Other permanent object,Data missing or out of range,Data missing or out of range,FORD,FIESTA I,Petrol,Female,,No tow/articulation,Nearside,0.0,Turning left,1,109,Data missing or out of range,Front,2004
2004330403353,36 - 45,6.0,Data missing or out of range,,1896.0,,,Data missing or out of range,Data missing or out of range,VOLKSWAGEN,POLO CL SDI,Heavy oil,Female,,No tow/articulation,Did not leave carriageway,0.0,Waiting to go - held up,1,109,Data missing or out of range,Back,2004
2004330403993,46 - 55,8.0,Rural,7.0,1997.0,,,Data missing or out of range,Data missing or out of range,HYUNDAI,SONATA CD AUTO,Petrol,Male,,No tow/articulation,Did not leave carriageway,0.0,Waiting to turn right,2,109,Data missing or out of range,Back,2004
2004330404542,56 - 65,1.0,Urban area,10.0,2946.0,,,Data missing or out of range,Data missing or out of range,CITROEN,C5 EXCLUSIVE AUTO,Petrol,Male,,No tow/articulation,Did not leave carriageway,0.0,Waiting to go - held up,2,109,Data missing or out of range,Back,2004
2004330404750,46 - 55,7.0,Data missing or out of range,,1905.0,,,Data missing or out of range,Data missing or out of range,PEUGEOT,306 LX D,Heavy oil,Male,,No tow/articulation,Did not leave carriageway,0.0,Going ahead other,2,109,Data missing or out of range,Offside,2004
2004330404951,16 - 20,3.0,Data missing or out of range,,124.0,,,Data missing or out of range,Data missing or out of range,GILERA,COGUAR,Petrol,Male,Skidded,No tow/articulation,Did not leave carriageway,0.0,Going ahead other,2,Motorcycle 125cc and under,Data missing or out of range,Offside,2004
2004330404978,Data missing or out of range,1.0,Urban area,3.0,1753.0,,,Data missing or out of range,Data missing or out of range,FORD,TRAN CONNECT L 200 TD SWB,Heavy oil,Male,,No tow/articulation,Did not leave carriageway,0.0,Slowing or stopping,1,Van / Goods 3.5 tonnes mgw or under,Data missing or out of range,Front,2004
2004330405386,46 - 55,7.0,Urban area,9.0,1905.0,,,Data missing or out of range,Data missing or out of range,PEUGEOT,806 SVDT,Heavy oil,Female,,No tow/articulation,Did not leave carriageway,0.0,Going ahead other,3,109,Data missing or out of range,Front,2004
2004330405449,26 - 35,9.0,Urban area,2.0,1296.0,,,Data missing or out of range,Data missing or out of range,TOYOTA,STARLET JEANS,Petrol,Male,,No tow/articulation,Nearside,0.0,Turning left,1,109,Data missing or out of range,Did not impact,2004
2004330405535,46 - 55,10.0,Small town,8.0,1360.0,,,Data missing or out of range,Data missing or out of range,PEUGEOT,106 KID DIESEL,Heavy oil,Female,,No tow/articulation,Did not leave carriageway,0.0,Turning right,2,109,Data missing or out of range,Front,2004
2004330405808,26 - 35,3.0,Urban area,4.0,1396.0,,,Data missing or out of range,Data missing or out of range,MG,ZR+,Petrol,Male,Skidded,No tow/articulation,Nearside,0.0,Going ahead other,2,109,Data missing or out of range,Front,2004
2004330406142,36 - 45,1.0,Data missing or out of range,,1781.0,,Other permanent object,Data missing or out of range,Data missing or out of range,SKODA,,Petrol,Male,,No tow/articulation,Offside,0.0,Going ahead left-hand bend,1,109,Data missing or out of range,Front,2004
2004330406143,16 - 20,11.0,Small town,7.0,1389.0,,,Data missing or out of range,Data missing or out of range,VAUXHALL,ASTRA LS I,Petrol,Female,,No tow/articulation,Did not leave carriageway,0.0,Turning right,1,109,Data missing or out of range,Front,2004
2004330406149,26 - 35,6.0,Data missing or out of range,,1781.0,,Tree,Data missing or out of range,Data missing or out of range,AUDI,A3 1.8T SPORT,Petrol,Male,,No tow/articulation,Offside,0.0,Going ahead right-hand bend,1,109,Data missing or out of range,Nearside,2004
2004330406328,56 - 65,8.0,Urban area,5.0,1120.0,,Lamp post,Data missing or out of range,Data missing or out of range,ROVER,100 KNIGHTSBRIDGE,Petrol,Male,,No tow/articulation,Nearside,0.0,Going ahead other,2,109,Data missing or out of range,Offside,2004
2004330406428,26 - 35,1.0,Data missing or out of range,,1360.0,,,Data missing or out of range,Data missing or out of range,CITROEN,C3 SX,Petrol,Female,,No tow/articulation,Did not leave carriageway,0.0,Turning right,2,109,Data missing or out of range,Offside,2004
2004330406577,16 - 20,5.0,Small town,9.0,1242.0,,,Data missing or out of range,Data missing or out of range,FIAT,PUNTO 60 TEAM,Petrol,Male,Skidded,No tow/articulation,Nearside,0.0,Going ahead other,1,109,Data missing or out of range,Front,2004
2004330406631,36 - 45,3.0,Urban area,3.0,1796.0,,,Data missing or out of range,Data missing or out of range,MG,MGF 1.8I VVC,Petrol,Male,,No tow/articulation,Did not leave carriageway,0.0,Waiting to go - held up,1,109,Data missing or out of range,Back,2004
2004330406791,36 - 45,,Urban area,10.0,998.0,,,Data missing or out of range,Data missing or out of range,TOYOTA,YARIS BLUE,Petrol,Female,,No tow/articulation,Did not leave carriageway,0.0,Going ahead other,2,109,Data missing or out of range,Offside,2004
2004330406982,36 - 45,3.0,Urban area,10.0,11705.0,,,Data missing or out of range,Data missing or out of range,SCANIA,,Heavy oil,Male,,Articulated vehicle,Did not leave carriageway,0.0,Going ahead other,4,Goods 7.5 tonnes mgw and over,Data missing or out of range,Offside,2004
2004330407085,16 - 20,1.0,Small town,10.0,1360.0,,Tree,Data missing or out of range,Data missing or out of range,PEUGEOT,206 LOOK,Petrol,Female,Skidded,No tow/articulation,Nearside,0.0,Going ahead other,1,109,Data missing or out of range,Front,2004
2004330407182,26 - 35,9.0,Urban area,,11000.0,,,Data missing or out of range,Data missing or out of range,SCANIA,,Heavy oil,Male,,No tow/articulation,Did not leave carriageway,0.0,Slowing or stopping,1,Bus or coach (17 or more pass seats),Data missing or out of range,Did not impact,2004
2004330407263,46 - 55,8.0,Data missing or out of range,,1799.0,,,Data missing or out of range,Data missing or out of range,VAUXHALL,VECTRA GLS 16V,Petrol,Male,,No tow/articulation,Did not leave carriageway,0.0,Going ahead other,1,109,Data missing or out of range,Front,2004
2004330407460,26 - 35,1.0,Data missing or out of range,,1997.0,,,Data missing or out of range,Data missing or out of range,PEUGEOT,,Heavy oil,Female,,No tow/articulation,Did not leave carriageway,0.0,Turning right,2,109,Data missing or out of range,Front,2004
2004330407757,26 - 35,1.0,Urban area,9.0,2688.0,,,Data missing or out of range,Data missing or out of range,MERCEDES,ML270 CDI INSPIRATION AUTO,Heavy oil,Female,,No tow/articulation,Did not leave carriageway,0.0,Waiting to go - held up,2,109,Data missing or out of range,Back,2004
2004330407770,56 - 65,6.0,Data missing or out of range,,899.0,,,Data missing or out of range,Data missing or out of range,FIAT,SEICENTO SX,Petrol,Female,,No tow/articulation,Did not leave carriageway,0.0,Waiting to turn right,1,109,Data missing or out of range,Back,2004
2004330407898,21 - 25,6.0,Data missing or out of range,,1581.0,,,Data missing or out of range,Data missing or out of range,FIAT,BRAVA 1.6 SX,Petrol,Male,,No tow/articulation,Did not leave carriageway,0.0,Going ahead other,1,109,Data missing or out of range,Front,2004
2004330408020,36 - 45,9.0,Data missing or out of range,,1799.0,,,Data missing or out of range,Data missing or out of range,MERCEDES,C180 ELEGANCE AUTO,Petrol,Female,,No tow/articulation,Did not leave carriageway,0.0,Going ahead other,2,109,Data missing or out of range,Front,2004
2004330408596,56 - 65,,Data missing or out of range,,1998.0,,,Data missing or out of range,Data missing or out of range,FORD,MONDEO MISTRAL TDCI,Heavy oil,Male,,No tow/articulation,Did not leave carriageway,0.0,Going ahead other,2,109,Data missing or out of range,Back,2004
2004330408671,46 - 55,6.0,Rural,8.0,2497.0,,,Data missing or out of range,Data missing or out of range,LAND ROVER,RANGEROVER 2.5 DT,Heavy oil,Female,,No tow/articulation,Did not leave carriageway,0.0,Going ahead other,1,109,Data missing or out of range,Nearside,2004
2004330409088,26 - 35,6.0,Rural,8.0,2793.0,,,Data missing or out of range,Data missing or out of range,BMW,328I COUPE AUTO,Petrol,Female,,No tow/articulation,Did not leave carriageway,0.0,Waiting to go - held up,1,109,Data missing or out of range,Back,2004
2004330409178,46 - 55,,Urban area,1.0,1870.0,,,Data missing or out of range,Data missing or out of range,VAUXHALL,VIVARO 2700 DI SWB,Heavy oil,Male,,No tow/articulation,Did not leave carriageway,0.0,Waiting to turn right,3,Van / Goods 3.5 tonnes mgw or under,Data missing or out of range,Offside,2004
2004330409451,36 - 45,6.0,Urban area,4.0,1783.0,,,Data missing or out of range,Data missing or out of range,RENAULT,LAGUNA RN 1.8,Petrol,Male,,No tow/articulation,Did not leave carriageway,0.0,Going ahead other,2,109,Data missing or out of range,Front,2004
2004330409863,46 - 55,9.0,Data missing or out of range,,1498.0,,,Data missing or out of range,Data missing or out of range,DAEWOO,ESPERO GLXI,Petrol,Female,,No tow/articulation,Did not leave carriageway,0.0,Turning right,2,109,Data missing or out of range,Front,2004
2004330409905,36 - 45,,Small town,6.0,,,,Data missing or out of range,Data missing or out of range,SCANIA,,,Male,,Articulated vehicle,Did not leave carriageway,0.0,Waiting to turn left,2,Goods 7.5 tonnes mgw and over,Data missing or out of range,Back,2004
2004330409931,16 - 20,3.0,Urban area,8.0,1124.0,,Tree,Data missing or out of range,Data missing or out of range,PEUGEOT,106 XN ZEST 2,Petrol,Male,Skidded and overturned,No tow/articulation,Offside,0.0,Going ahead other,1,109,Data missing or out of range,Offside,2004
2004330410121,Data missing or out of range,7.0,Data missing or out of range,,1493.0,,,Data missing or out of range,Data missing or out of range,HONDA,CIVIC 1.5I LS,Petrol,Female,,No tow/articulation,Did not leave carriageway,0.0,Going ahead other,2,109,Data missing or out of range,Front,2004
2004330410221,36 - 45,14.0,Urban area,9.0,,,,Data missing or out of range,Data missing or out of range,SCANIA,,Heavy oil,Male,,No tow/articulation,Did not leave carriageway,0.0,Going ahead other,1,Bus or coach (17 or more pass seats),Data missing or out of range,Front,2004
200434NC01345,26 - 35,8.0,Urban area,5.0,2500.0,,,Data missing or out of range,Data missing or out of range,NISSAN,,Petrol,Male,,No tow/articulation,Did not leave carriageway,0.0,Turning right,1,109,Data missing or out of range,Offside,2004
200434NC02956,26 - 35,10.0,Urban area,5.0,2663.0,,,Data missing or out of range,Data missing or out of range,NISSAN,TERRANO II SLX TD,Heavy oil,Male,,No tow/articulation,Did not leave carriageway,0.0,Going ahead other,1,109,Data missing or out of range,Nearside,2004
200434NC04012,Over 75,1.0,Rural,8.0,989.0,,,Data missing or out of range,Data missing or out of range,DAIHATSU,CHARADE SL AUTO,Petrol,Male,,No tow/articulation,Did not leave carriageway,0.0,Going ahead other,1,109,Data missing or out of range,Front,2004
200434NC04194,Over 75,6.0,Data missing or out of range,,1994.0,,,Data missing or out of range,Data missing or out of range,ROVER,420DI,Heavy oil,Male,,No tow/articulation,Did not leave carriageway,0.0,Going ahead other,1,109,Data missing or out of range,Nearside,2004
200434NC04233,26 - 35,,Urban area,9.0,1896.0,,,Data missing or out of range,Data missing or out of range,VOLKSWAGEN,POLO SPORT TDI,Heavy oil,Female,,No tow/articulation,Did not leave carriageway,0.0,Going ahead other,1,109,Data missing or out of range,Front,2004
200434NC05146,Data missing or out of range,12.0,Data missing or out of range,,1390.0,,,Data missing or out of range,Data missing or out of range,RENAULT,CLIO FIDJI,Petrol,Not known,,No tow/articulation,Did not leave carriageway,0.0,Going ahead other,2,109,Data missing or out of range,Front,2004
200434NC05624,16 - 20,3.0,Urban area,10.0,1124.0,,Lamp post,Data missing or out of range,Data missing or out of range,PEUGEOT,106 XN ZEST 2,Petrol,Male,Skidded,No tow/articulation,Nearside,0.0,Going ahead other,2,109,Data missing or out of range,Front,2004