Accident_Index,Age_Band_of_Driver,Age_of_Vehicle,Driver_Home_Area_Type,Driver_IMD_Decile,Engine_Capacity_.CC.,Hit_Object_in_Carriageway,Hit_Object_off_Carriageway,Journey_Purpose_of_Driver,Junction_Location,make,model,Propulsion_Code,Sex_of_Driver,Skidding_and_Overturning,Towing_and_Articulation,Vehicle_Leaving_Carriageway,Vehicle_Location.Restricted_Lane,Vehicle_Manoeuvre,Vehicle_Reference,Vehicle_Type,Was_Vehicle_Left_Hand_Drive,X1st_Point_of_Impact,Year
200434NC06623,36 - 45,13.0,Data missing or out of range,,1998.0,,,Data missing or out of range,Data missing or out of range,FORD,SIERRA GLS I,Petrol,Male,,No tow/articulation,Did not leave carriageway,0.0,Going ahead other,1,109,Data missing or out of range,Nearside,2004
200434NC06866,56 - 65,,Urban area,7.0,,,Lamp post,Data missing or out of range,Data missing or out of range,MAN,,,Male,Overturned,Articulated vehicle,Did not leave carriageway,0.0,Going ahead other,1,Goods 7.5 tonnes mgw and over,Data missing or out of range,Nearside,2004
200434ND01192,16 - 20,17.0,Rural,8.0,1973.0,,Entered ditch,Data missing or out of range,Data missing or out of range,NISSAN,BLUEBIRD SLX AUTO,Petrol,Male,Skidded,No tow/articulation,Offside,0.0,Going ahead right-hand bend,1,109,Data missing or out of range,Nearside,2004
200434ND01333,26 - 35,1.0,Small town,9.0,1390.0,,,Data missing or out of range,Data missing or out of range,RENAULT,CLIO DYNAMIQUE 16V,Petrol,Male,Skidded,No tow/articulation,Did not leave carriageway,0.0,Going ahead right-hand bend,1,109,Data missing or out of range,Front,2004
200434ND01627,36 - 45,,Rural,8.0,998.0,,Tree,Data missing or out of range,Data missing or out of range,VAUXHALL,CORSA ACTIVE TWINPORT,Petrol,Female,,No tow/articulation,Nearside,0.0,Going ahead other,1,109,Data missing or out of range,Front,2004
200434ND03005,16 - 20,,Small town,10.0,,,,Data missing or out of range,Data missing or out of range,BEDFORD,,,Male,,No tow/articulation,Did not leave carriageway,0.0,Turning right,2,109,Data missing or out of range,Did not impact,2004
200434ND03388,36 - 45,,Small town,9.0,1298.0,,,Data missing or out of range,Data missing or out of range,YAMAHA,FJR 1300 A,Petrol,Male,,No tow/articulation,Did not leave carriageway,0.0,Going ahead other,2,106,Data missing or out of range,Nearside,2004
200434ND03481,66 - 75,6.0,Urban area,,1998.0,,,Data missing or out of range,Data missing or out of range,VAUXHALL,VECTRA LS 16V AUTO,Petrol,Male,,No tow/articulation,Did not leave carriageway,0.0,Waiting to go - held up,2,109,Data missing or out of range,Back,2004
200434ND03952,46 - 55,14.0,Urban area,3.0,1324.0,,,Data missing or out of range,Data missing or out of range,SUZUKI,SJ413 VSB,Petrol,Male,,No tow/articulation,Did not leave carriageway,0.0,Going ahead other,2,109,Data missing or out of range,Offside,2004
200434ND04566,26 - 35,6.0,Urban area,5.0,2498.0,,Other permanent object,Data missing or out of range,Data missing or out of range,VAUXHALL,OMEGA GLS V6,Petrol,Male,,No tow/articulation,Offside,0.0,Overtaking moving vehicle - offside,1,109,Data missing or out of range,Front,2004
200434ND06146,Data missing or out of range,15.0,Data missing or out of range,,2316.0,Parked vehicle,Other permanent object,Data missing or out of range,Data missing or out of range,VOLVO,740 TURBO AUTO,Petrol,Not known,,No tow/articulation,Offside,0.0,Going ahead left-hand bend,1,109,Data missing or out of range,Front,2004
200434ND06904,56 - 65,2.0,Rural,8.0,4164.0,,,Data missing or out of range,Data missing or out of range,TOYOTA,LANDCRUISER AMAZON GX TD,Heavy oil,Male,,No tow/articulation,Did not leave carriageway,0.0,Turning right,1,109,Data missing or out of range,Back,2004
200434ND06921,66 - 75,3.0,Urban area,10.0,2435.0,,Tree,Data missing or out of range,Data missing or out of range,VOLVO,V70 AUTO,Petrol,Male,,No tow/articulation,Nearside,0.0,Going ahead other,2,109,Data missing or out of range,Nearside,2004
200434NN01119,36 - 45,9.0,Urban area,2.0,1998.0,,,Data missing or out of range,Data missing or out of range,VAUXHALL,OMEGA 2.0 16V CD AUTO,Petrol,Male,Skidded,No tow/articulation,Did not leave carriageway,0.0,Overtaking static vehicle - offside,1,109,Data missing or out of range,Offside,2004
200434NN02413,36 - 45,,Urban area,5.0,1870.0,,,Data missing or out of range,Data missing or out of range,RENAULT,MEGANE DYNAMIQUE DCI 120,Heavy oil,Male,,No tow/articulation,Did not leave carriageway,0.0,Waiting to go - held up,2,109,Data missing or out of range,Back,2004
200434NN02567,36 - 45,5.0,Urban area,7.0,1997.0,,,Data missing or out of range,Data missing or out of range,CITROEN,XANTIA LX HDI,Heavy oil,Male,,No tow/articulation,Did not leave carriageway,0.0,Going ahead other,1,109,Data missing or out of range,Front,2004
200434NN03435,26 - 35,5.0,Urban area,10.0,599.0,,,Data missing or out of range,Data missing or out of range,SUZUKI,,Petrol,Male,,No tow/articulation,Did not leave carriageway,0.0,Going ahead right-hand bend,1,106,Data missing or out of range,Offside,2004
200434NN03510,21 - 25,,Data missing or out of range,,,,,Data missing or out of range,Data missing or out of range,FORD,TRANSIT CREW BUS D,,Male,Skidded,No tow/articulation,Did not leave carriageway,0.0,Going ahead other,1,109,Data missing or out of range,Front,2004
200434NN04099,36 - 45,11.0,Urban area,2.0,1597.0,,,Data missing or out of range,Data missing or out of range,FORD,SIERRA LX I,Petrol,Female,,No tow/articulation,Did not leave carriageway,0.0,Going ahead other,1,109,Data missing or out of range,Offside,2004
200434NN05588,Data missing or out of range,1.0,Data missing or out of range,,1242.0,,,Data missing or out of range,Data missing or out of range,FIAT,PUNTO ACTIVE 8V,Petrol,Female,,No tow/articulation,Did not leave carriageway,0.0,Going ahead other,1,109,Data missing or out of range,Did not impact,2004
200434NN06648,66 - 75,3.0,Urban area,7.0,1896.0,,,Data missing or out of range,Data missing or out of range,VOLKSWAGEN,800 SPECIAL TD SWB,Heavy oil,Male,,No tow/articulation,Did not leave carriageway,0.0,Turning right,1,Van / Goods 3.5 tonnes mgw or under,Data missing or out of range,Front,2004
200434NN06777,21 - 25,1.0,Urban area,2.0,124.0,,,Data missing or out of range,Data missing or out of range,ITALJET,DRAGSTER D125LC,Petrol,Male,,No tow/articulation,Did not leave carriageway,0.0,Going ahead other,2,Motorcycle 125cc and under,Data missing or out of range,Front,2004
200434NN06963,66 - 75,3.0,Data missing or out of range,,1396.0,,,Data missing or out of range,Data missing or out of range,ROVER,45 IL 16V,Petrol,Male,,No tow/articulation,Did not leave carriageway,0.0,Going ahead other,1,109,Data missing or out of range,Front,2004
200434NW01539,36 - 45,3.0,Urban area,3.0,11021.0,,,Data missing or out of range,Data missing or out of range,SCANIA,,Heavy oil,Male,,No tow/articulation,Did not leave carriageway,0.0,Going ahead other,1,Goods 7.5 tonnes mgw and over,Data missing or out of range,Front,2004
200434NW02703,56 - 65,5.0,Urban area,2.0,599.0,,,Data missing or out of range,Data missing or out of range,KAWASAKI,ZX 600-G1,Petrol,Male,,No tow/articulation,Did not leave carriageway,0.0,Going ahead other,2,106,Data missing or out of range,Front,2004
200434NW03739,36 - 45,6.0,Urban area,4.0,1052.0,Central island of roundabout,,Data missing or out of range,Data missing or out of range,KAWASAKI,ZX 1100-D6,Petrol,Male,Skidded and overturned,No tow/articulation,Straight ahead at junction,0.0,Going ahead other,1,106,Data missing or out of range,Front,2004
200434NW06017,46 - 55,,Urban area,10.0,1794.0,,,Data missing or out of range,Data missing or out of range,TOYOTA,AVENSIS T3-X,Petrol,Male,,No tow/articulation,Did not leave carriageway,0.0,Waiting to go - held up,2,109,Data missing or out of range,Back,2004
200434NW06804,26 - 35,1.0,Urban area,2.0,101.0,,,Data missing or out of range,Data missing or out of range,HARLEY-DAVIDSON,XLH 883 DELUXE,Petrol,Male,Skidded,No tow/articulation,Did not leave carriageway,0.0,Going ahead other,1,Motorcycle 125cc and under,Data missing or out of range,Offside,2004
200434TC00122,46 - 55,,Small town,9.0,,,Other permanent object,Data missing or out of range,Data missing or out of range,VOLKSWAGEN,CARAVELLE TDI SWB,,Male,,No tow/articulation,Nearside,0.0,Slowing or stopping,3,109,Data missing or out of range,Nearside,2004
200434TC02943,36 - 45,1.0,Urban area,3.0,11021.0,,,Data missing or out of range,Data missing or out of range,SCANIA,,Heavy oil,Male,,Articulated vehicle,Did not leave carriageway,0.0,Going ahead other,2,Goods 7.5 tonnes mgw and over,Data missing or out of range,Front,2004
200434TD02688,46 - 55,2.0,Rural,8.0,1995.0,,,Data missing or out of range,Data missing or out of range,TOYOTA,AVENSIS GS D4-D,Heavy oil,Male,,No tow/articulation,Did not leave carriageway,0.0,Overtaking static vehicle - offside,3,109,Data missing or out of range,Back,2004
200434TD02906,Data missing or out of range,,Data missing or out of range,,1360.0,,,Data missing or out of range,Data missing or out of range,PEUGEOT,307 S 90,Petrol,Not known,,No tow/articulation,Did not leave carriageway,0.0,Parked,3,109,Data missing or out of range,Back,2004
200434TM02041,56 - 65,,Urban area,4.0,,,,Data missing or out of range,Data missing or out of range,VOLVO,,,Male,,Articulated vehicle,Did not leave carriageway,0.0,Changing lane to left,2,Goods 7.5 tonnes mgw and over,Data missing or out of range,Offside,2004
200434TM04974,46 - 55,,Data missing or out of range,,1988.0,,,Data missing or out of range,Data missing or out of range,FORD,FOCUS ST170,Petrol,Male,,No tow/articulation,Did not leave carriageway,0.0,Waiting to go - held up,3,109,Data missing or out of range,Back,2004
200434TM07568,46 - 55,2.0,Data missing or out of range,,12130.0,,,Data missing or out of range,Data missing or out of range,VOLVO,,Heavy oil,Male,,Articulated vehicle,Did not leave carriageway,0.0,Waiting to go - held up,2,Goods 7.5 tonnes mgw and over,Data missing or out of range,Back,2004
200434TN00594,36 - 45,9.0,Urban area,4.0,2188.0,,,Data missing or out of range,Data missing or out of range,RENAULT,LAGUNA RT-D,Heavy oil,Male,Skidded,No tow/articulation,Did not leave carriageway,0.0,Going ahead other,2,109,Data missing or out of range,Front,2004
200434TW01035,21 - 25,6.0,Small town,8.0,1998.0,,,Data missing or out of range,Data missing or out of range,VAUXHALL,VECTRA 2.0 DI GLS,Heavy oil,Female,Skidded,No tow/articulation,Did not leave carriageway,0.0,Going ahead other,1,109,Data missing or out of range,Front,2004
200434TW01084,21 - 25,,Data missing or out of range,,1360.0,,Entered ditch,Data missing or out of range,Data missing or out of range,PEUGEOT,206 S,Petrol,Male,,No tow/articulation,Nearside,0.0,Going ahead other,1,109,Data missing or out of range,Front,2004
200434TW02559,36 - 45,14.0,Urban area,4.0,,,,Data missing or out of range,Data missing or out of range,LEYLAND,,Heavy oil,Female,,No tow/articulation,Did not leave carriageway,0.0,Slowing or stopping,2,Bus or coach (17 or more pass seats),Data missing or out of range,Did not impact,2004
200434TW02791,26 - 35,10.0,Urban area,4.0,1997.0,,,Data missing or out of range,Data missing or out of range,HYUNDAI,SONATA CD AUTO,Petrol,Male,,No tow/articulation,Did not leave carriageway,0.0,Slowing or stopping,2,109,Data missing or out of range,Back,2004
200434TW05127,26 - 35,3.0,Urban area,2.0,1598.0,,Entered ditch,Data missing or out of range,Data missing or out of range,VAUXHALL,ASTRA ENVOY 8V,Petrol,Male,,No tow/articulation,Nearside,0.0,Going ahead other,4,109,Data missing or out of range,Offside,2004
2004350018004,46 - 55,10.0,Rural,9.0,1389.0,,,Data missing or out of range,Data missing or out of range,VAUXHALL,ASTRA LS I,Petrol,Male,,No tow/articulation,Did not leave carriageway,0.0,Going ahead other,2,109,Data missing or out of range,Front,2004
2004350033504,26 - 35,5.0,Rural,5.0,1275.0,,,Data missing or out of range,Data missing or out of range,ROVER,MINI PAUL SMITH,Petrol,Female,,No tow/articulation,Did not leave carriageway,0.0,Waiting to go - held up,2,109,Data missing or out of range,Back,2004
2004350043704,26 - 35,8.0,Small town,7.0,1905.0,,,Data missing or out of range,Data missing or out of range,CITROEN,ZX 1.9 TD LEADER,Heavy oil,Female,,No tow/articulation,Did not leave carriageway,0.0,Going ahead other,2,109,Data missing or out of range,Front,2004
2004350045704,21 - 25,8.0,Data missing or out of range,,5900.0,,,Data missing or out of range,Data missing or out of range,DENNIS,,Heavy oil,Male,,No tow/articulation,Did not leave carriageway,0.0,Moving off,1,Bus or coach (17 or more pass seats),Data missing or out of range,Did not impact,2004
2004350049504,46 - 55,8.0,Data missing or out of range,,2438.0,,,Data missing or out of range,Data missing or out of range,TOYOTA,PREVIA MOTIV-8,Petrol,Male,,No tow/articulation,Did not leave carriageway,0.0,Going ahead other,1,109,Data missing or out of range,Front,2004
2004350070704,46 - 55,,Rural,10.0,,,Entered ditch,Data missing or out of range,Data missing or out of range,JCB,,,Male,,No tow/articulation,Nearside,0.0,Going ahead other,1,109,Data missing or out of range,Nearside,2004
2004350072604,26 - 35,12.0,Rural,10.0,,,,Data missing or out of range,Data missing or out of range,MASSEY FERGUSON,,Heavy oil,Male,,No tow/articulation,Did not leave carriageway,0.0,Going ahead right-hand bend,2,Agricultural vehicle,Data missing or out of range,Front,2004
2004350097804,26 - 35,4.0,Urban area,2.0,1905.0,,,Data missing or out of range,Data missing or out of range,CITROEN,XANTIA SX TD,Heavy oil,Male,Skidded,No tow/articulation,Did not leave carriageway,0.0,Going ahead other,1,109,Data missing or out of range,Front,2004
2004350100804,26 - 35,,Data missing or out of range,,,,,Data missing or out of range,Data missing or out of range,FORD,FIESTA POPULAR DIESEL,,Female,,No tow/articulation,Did not leave carriageway,0.0,Going ahead other,2,109,Data missing or out of range,Back,2004
2004350118904,36 - 45,3.0,Data missing or out of range,,11000.0,,,Data missing or out of range,Data missing or out of range,ERF,,Heavy oil,Male,,Articulated vehicle,Did not leave carriageway,0.0,Waiting to go - held up,2,Goods 7.5 tonnes mgw and over,Data missing or out of range,Back,2004
2004350134204,46 - 55,2.0,Urban area,5.0,12130.0,,,Data missing or out of range,Data missing or out of range,VOLVO,,Heavy oil,Male,,Articulated vehicle,Did not leave carriageway,0.0,Turning right,2,Goods 7.5 tonnes mgw and over,Data missing or out of range,Nearside,2004
2004350143004,36 - 45,,Urban area,4.0,,,,Data missing or out of range,Data missing or out of range,DENNIS,,,Male,Skidded and overturned,No tow/articulation,Nearside,0.0,Going ahead right-hand bend,1,Goods 7.5 tonnes mgw and over,Data missing or out of range,Nearside,2004
2004350146604,21 - 25,5.0,Urban area,1.0,1997.0,,,Data missing or out of range,Data missing or out of range,LAND ROVER,FREELANDER DI S-WAGON,Heavy oil,Male,,No tow/articulation,Did not leave carriageway,0.0,Turning right,1,109,Data missing or out of range,Front,2004
2004350167604,26 - 35,4.0,Data missing or out of range,,1590.0,,,Data missing or out of range,Data missing or out of range,SUZUKI,BALENO GS,Petrol,Female,,No tow/articulation,Did not leave carriageway,0.0,Going ahead other,2,109,Data missing or out of range,Back,2004
2004350199604,26 - 35,1.0,Urban area,4.0,1995.0,,,Data missing or out of range,Data missing or out of range,VAUXHALL,ASTRA ENVOY DTI 16V AUTO,Heavy oil,Male,,No tow/articulation,Did not leave carriageway,0.0,Overtaking moving vehicle - offside,1,Van / Goods 3.5 tonnes mgw or under,Data missing or out of range,Nearside,2004
2004350202504,21 - 25,6.0,Urban area,,1597.0,,Entered ditch,Data missing or out of range,Data missing or out of range,FORD,ESCORT FINESSE 16V,Petrol,Male,Overturned,No tow/articulation,Nearside,0.0,Going ahead other,2,109,Data missing or out of range,Offside,2004
2004350206104,21 - 25,15.0,Urban area,9.0,1124.0,,,Data missing or out of range,Data missing or out of range,CITROEN,AX 11RE,Petrol,Male,,No tow/articulation,Did not leave carriageway,0.0,Slowing or stopping,2,109,Data missing or out of range,Back,2004
2004350211004,26 - 35,4.0,Small town,10.0,1242.0,,,Data missing or out of range,Data missing or out of range,FIAT,BRAVO 80 SX,Petrol,Female,,No tow/articulation,Did not leave carriageway,0.0,Waiting to go - held up,3,109,Data missing or out of range,Back,2004
2004350232804,26 - 35,3.0,Urban area,5.0,5861.0,,,Data missing or out of range,Data missing or out of range,IVECO-FORD,,Heavy oil,Male,,No tow/articulation,Did not leave carriageway,0.0,Turning right,3,Van / Goods 3.5 tonnes mgw or under,Data missing or out of range,Front,2004
2004350233304,36 - 45,5.0,Urban area,,1905.0,,,Data missing or out of range,Data missing or out of range,CITROEN,XANTIA 1.9 TURBO D SX,Heavy oil,Male,,No tow/articulation,Did not leave carriageway,0.0,Turning right,1,109,Data missing or out of range,Nearside,2004
2004350239104,Over 75,10.0,Small town,5.0,2319.0,,Tree,Data missing or out of range,Data missing or out of range,VOLVO,850 TURBO AUTO,Petrol,Male,Skidded,No tow/articulation,Nearside and rebounded,0.0,Going ahead other,1,109,Data missing or out of range,Front,2004
2004350255104,26 - 35,8.0,Urban area,10.0,1988.0,,,Data missing or out of range,Data missing or out of range,FORD,MONDEO GHIA X AUTO,Petrol,Female,,No tow/articulation,Did not leave carriageway,0.0,Going ahead other,2,109,Data missing or out of range,Back,2004
2004350273304,26 - 35,9.0,Data missing or out of range,,487.0,,Road sign or traffic signal,Data missing or out of range,Data missing or out of range,SUZUKI,,Petrol,Male,Skidded,No tow/articulation,Did not leave carriageway,0.0,Going ahead other,1,106,Data missing or out of range,Front,2004
2004350278404,36 - 45,4.0,Urban area,6.0,973.0,,,Data missing or out of range,Data missing or out of range,VAUXHALL,CORSA GLS 12V,Petrol,Male,,No tow/articulation,Did not leave carriageway,0.0,Waiting to go - held up,1,109,Data missing or out of range,Back,2004
2004350301804,26 - 35,,Urban area,7.0,,,Other permanent object,Data missing or out of range,Data missing or out of range,FORD,TRANSIT 350 LWB TD,,Male,,No tow/articulation,Offside,0.0,Going ahead other,1,Van / Goods 3.5 tonnes mgw or under,Data missing or out of range,Front,2004
2004350307204,16 - 20,2.0,Rural,3.0,49.0,,,Data missing or out of range,Data missing or out of range,DERBI,,Petrol,Male,Skidded and overturned,No tow/articulation,Did not leave carriageway,0.0,Going ahead other,2,Motorcycle 50cc and under,Data missing or out of range,Offside,2004
2004350327304,46 - 55,11.0,Small town,10.0,1392.0,,,Data missing or out of range,Data missing or out of range,NISSAN,SUNNY CHIC,Petrol,Male,,No tow/articulation,Did not leave carriageway,0.0,Slowing or stopping,1,109,Data missing or out of range,Front,2004
2004350330304,46 - 55,3.0,Urban area,9.0,1896.0,,,Data missing or out of range,Data missing or out of range,VOLKSWAGEN,BORA TDI SPORT TIPTRONIC,Heavy oil,Female,,No tow/articulation,Did not leave carriageway,0.0,Turning right,2,109,Data missing or out of range,Back,2004
2004350333904,26 - 35,5.0,Data missing or out of range,,2799.0,,,Data missing or out of range,Data missing or out of range,RENAULT,MASTER T35 2.8TDI MWB,Heavy oil,Male,Skidded,No tow/articulation,Did not leave carriageway,0.0,Going ahead right-hand bend,2,Van / Goods 3.5 tonnes mgw or under,Data missing or out of range,Front,2004
2004350334104,46 - 55,,Small town,5.0,,,,Data missing or out of range,Data missing or out of range,FORD,P100 POPULAR,,Male,,No tow/articulation,Did not leave carriageway,0.0,Turning right,1,109,Data missing or out of range,Did not impact,2004
2004350334204,16 - 20,11.0,Small town,10.0,1119.0,,,Data missing or out of range,Data missing or out of range,FORD,FIESTA I,Petrol,Female,,No tow/articulation,Did not leave carriageway,0.0,Going ahead other,2,109,Data missing or out of range,Front,2004
2004350365304,36 - 45,1.0,Urban area,6.0,1000.0,,,Data missing or out of range,Data missing or out of range,YAMAHA,,Petrol,Male,,No tow/articulation,Did not leave carriageway,0.0,Turning right,1,106,Data missing or out of range,Nearside,2004
2004350374604,36 - 45,4.0,Small town,8.0,599.0,,,Data missing or out of range,Data missing or out of range,KAWASAKI,ZX600-J1,Petrol,Male,Skidded,No tow/articulation,Did not leave carriageway,0.0,Going ahead other,1,106,Data missing or out of range,Front,2004
2004350381104,46 - 55,10.0,Rural,9.0,1984.0,,,Data missing or out of range,Data missing or out of range,VOLVO,850 SE AUTO,Petrol,Female,,No tow/articulation,Did not leave carriageway,0.0,Going ahead other,2,109,Data missing or out of range,Front,2004
2004350393804,26 - 35,9.0,Urban area,9.0,1120.0,,,Data missing or out of range,Data missing or out of range,ROVER,100 KENSINGTON,Petrol,Female,,No tow/articulation,Did not leave carriageway,0.0,Going ahead other,1,109,Data missing or out of range,Front,2004
2004350413204,36 - 45,3.0,Rural,3.0,1396.0,,,Data missing or out of range,Data missing or out of range,ROVER,25 IE 16V,Petrol,Female,,No tow/articulation,Did not leave carriageway,0.0,Going ahead right-hand bend,1,109,Data missing or out of range,Nearside,2004
2004350417304,56 - 65,2.0,Small town,10.0,1339.0,,,Data missing or out of range,Data missing or out of range,HONDA,JAZZ SE SPORT,Petrol,Female,,No tow/articulation,Did not leave carriageway,0.0,Slowing or stopping,3,109,Data missing or out of range,Back,2004
2004350422304,36 - 45,6.0,Urban area,8.0,11946.0,,,Data missing or out of range,Data missing or out of range,MERCEDES,,Heavy oil,Male,,Articulated vehicle,Did not leave carriageway,0.0,Slowing or stopping,2,Goods 7.5 tonnes mgw and over,Data missing or out of range,Back,2004
2004350424404,66 - 75,5.0,Urban area,3.0,1242.0,,,Data missing or out of range,Data missing or out of range,FIAT,PUNTO SX 60,Petrol,Female,,No tow/articulation,Did not leave carriageway,0.0,Going ahead other,1,109,Data missing or out of range,Front,2004
2004350425404,26 - 35,3.0,Urban area,10.0,1896.0,,,Data missing or out of range,Data missing or out of range,VOLKSWAGEN,GOLF E SDI,Heavy oil,Female,,No tow/articulation,Did not leave carriageway,0.0,Turning right,2,109,Data missing or out of range,Offside,2004
2004350425804,46 - 55,2.0,Data missing or out of range,,2435.0,,,Data missing or out of range,Data missing or out of range,VOLVO,V70 S 20V,Petrol,Female,,No tow/articulation,Did not leave carriageway,0.0,Waiting to go - held up,3,109,Data missing or out of range,Back,2004
2004350437804,26 - 35,6.0,Urban area,1.0,1910.0,,,Data missing or out of range,Data missing or out of range,FIAT,BRAVA 1.9 TD 100 SX,Heavy oil,Male,,No tow/articulation,Did not leave carriageway,0.0,Turning right,2,109,Data missing or out of range,Offside,2004
2004350481504,36 - 45,3.0,Urban area,4.0,11705.0,,,Data missing or out of range,Data missing or out of range,SCANIA,,Heavy oil,Male,Jackknifed,Articulated vehicle,Did not leave carriageway,0.0,Going ahead other,1,Goods 7.5 tonnes mgw and over,Data missing or out of range,Front,2004
2004350524004,36 - 45,11.0,Small town,10.0,1063.0,,Other permanent object,Data missing or out of range,Data missing or out of range,YAMAHA,,Petrol,Male,,No tow/articulation,Offside and rebounded,0.0,Going ahead other,2,106,Data missing or out of range,Front,2004
2004350528804,26 - 35,3.0,Small town,10.0,1390.0,,,Data missing or out of range,Data missing or out of range,RENAULT,CLIO ALIZE,Petrol,Female,,No tow/articulation,Did not leave carriageway,0.0,Slowing or stopping,1,109,Data missing or out of range,Back,2004
2004350530604,26 - 35,9.0,Urban area,1.0,1991.0,,,Data missing or out of range,Data missing or out of range,BMW,320 I SE AUTO,Petrol,Male,,No tow/articulation,Did not leave carriageway,0.0,Going ahead left-hand bend,3,109,Data missing or out of range,Offside,2004
2004350533204,36 - 45,1.0,Urban area,3.0,1240.0,,,Data missing or out of range,Data missing or out of range,NISSAN,MICRA S AUTO,Petrol,Male,,No tow/articulation,Did not leave carriageway,0.0,Turning right,1,109,Data missing or out of range,Front,2004
2004350546504,36 - 45,3.0,Urban area,,651.0,,,Data missing or out of range,Data missing or out of range,KAWASAKI,KL650-C5,Petrol,Male,,No tow/articulation,Did not leave carriageway,0.0,Overtaking static vehicle - offside,1,106,Data missing or out of range,Offside,2004
2004350557004,36 - 45,7.0,Data missing or out of range,,1834.0,,,Data missing or out of range,Data missing or out of range,MITSUBISHI,CARISMA GLSI AUTO,Petrol,Female,,No tow/articulation,Did not leave carriageway,0.0,Going ahead other,1,109,Data missing or out of range,Front,2004
2004350568004,36 - 45,4.0,Rural,,998.0,,,Data missing or out of range,Data missing or out of range,NISSAN,,Petrol,Male,,No tow/articulation,Nearside,0.0,Going ahead other,2,109,Data missing or out of range,Front,2004
2004350568804,56 - 65,,Rural,9.0,,,,Data missing or out of range,Data missing or out of range,FORD,P100 TURBO DIESEL,,Male,,No tow/articulation,Did not leave carriageway,0.0,Waiting to turn right,2,109,Data missing or out of range,Back,2004
2004350575204,21 - 25,2.0,Rural,6.0,1242.0,,,Data missing or out of range,Data missing or out of range,FIAT,PUNTO ACTIVE SPORT,Petrol,Female,,No tow/articulation,Did not leave carriageway,0.0,Waiting to go - held up,3,109,Data missing or out of range,Back,2004
2004350612204,26 - 35,5.0,Data missing or out of range,,1390.0,,,Data missing or out of range,Data missing or out of range,SEAT,AROSA SE AUTO,Petrol,Female,,No tow/articulation,Did not leave carriageway,0.0,Going ahead other,2,109,Data missing or out of range,Nearside,2004
2004350618304,36 - 45,2.0,Rural,3.0,2184.0,,,Data missing or out of range,Data missing or out of range,NISSAN,ALMERA TD S,Heavy oil,Male,Skidded,No tow/articulation,Did not leave carriageway,0.0,Going ahead other,1,109,Data missing or out of range,Front,2004
2004350618304,36 - 45,7.0,Urban area,5.0,1998.0,,,Data missing or out of range,Data missing or out of range,VAUXHALL,VECTRA GLS 16V,Petrol,Male,Skidded,No tow/articulation,Did not leave carriageway,0.0,Turning right,2,109,Data missing or out of range,Nearside,2004
2004350629304,21 - 25,10.0,Small town,10.0,1120.0,,,Data missing or out of range,Data missing or out of range,ROVER,METRO CASINO ROYALE,Petrol,Male,,No tow/articulation,Did not leave carriageway,0.0,Turning right,1,109,Data missing or out of range,Nearside,2004
2004350630504,Data missing or out of range,,Data missing or out of range,,,,,Data missing or out of range,Data missing or out of range,FORD,TRANSIT 100 D SWB,,Not known,,No tow/articulation,Did not leave carriageway,0.0,Parked,2,109,Data missing or out of range,Back,2004
2004350669504,66 - 75,2.0,Small town,6.0,1587.0,,,Data missing or out of range,Data missing or out of range,PEUGEOT,307 GLX 16V AUTO,Petrol,Male,,No tow/articulation,Nearside,0.0,Going ahead other,2,109,Data missing or out of range,Front,2004
2004350675404,36 - 45,3.0,Urban area,3.0,2926.0,,,Data missing or out of range,Data missing or out of range,BMW,X5 D SPORT AUTO,Heavy oil,Male,,No tow/articulation,Did not leave carriageway,0.0,Moving off,1,109,Data missing or out of range,Front,2004
2004350684304,Data missing or out of range,5.0,Urban area,5.0,1590.0,,,Data missing or out of range,Data missing or out of range,SUZUKI,VITARA JX 4 U HARD-TOP,Petrol,Male,,No tow/articulation,Did not leave carriageway,0.0,Going ahead other,1,109,Data missing or out of range,Front,2004
2004350686504,56 - 65,16.0,Small town,6.0,,,,Data missing or out of range,Data missing or out of range,LEYLAND,,Heavy oil,Male,,No tow/articulation,Did not leave carriageway,0.0,Turning right,1,Bus or coach (17 or more pass seats),Data missing or out of range,Front,2004