Accident_Index,Age_Band_of_Driver,Age_of_Vehicle,Driver_Home_Area_Type,Driver_IMD_Decile,Engine_Capacity_.CC.,Hit_Object_in_Carriageway,Hit_Object_off_Carriageway,Journey_Purpose_of_Driver,Junction_Location,make,model,Propulsion_Code,Sex_of_Driver,Skidding_and_Overturning,Towing_and_Articulation,Vehicle_Leaving_Carriageway,Vehicle_Location.Restricted_Lane,Vehicle_Manoeuvre,Vehicle_Reference,Vehicle_Type,Was_Vehicle_Left_Hand_Drive,X1st_Point_of_Impact,Year
2004350686504,26 - 35,16.0,Rural,5.0,8500.0,,,Data missing or out of range,Data missing or out of range,SCANIA,,Heavy oil,Male,Skidded,Articulated vehicle,Offside,0.0,Going ahead other,2,Goods 7.5 tonnes mgw and over,Data missing or out of range,Offside,2004
2004350686704,46 - 55,1.0,Data missing or out of range,,1686.0,,,Data missing or out of range,Data missing or out of range,HONDA,CIVIC CTDI S,Heavy oil,Female,,No tow/articulation,Did not leave carriageway,0.0,Turning right,1,109,Data missing or out of range,Offside,2004
2004350692904,26 - 35,7.0,Urban area,7.0,1686.0,,,Data missing or out of range,Data missing or out of range,VAUXHALL,ASTRA MERIT 1.7D TURBO,Heavy oil,Female,,No tow/articulation,Offside,0.0,Turning right,2,109,Data missing or out of range,Offside,2004
2004360020987,46 - 55,15.0,Urban area,1.0,1998.0,,,Data missing or out of range,Data missing or out of range,MAZDA,626 GLX S/R,Petrol,Male,,No tow/articulation,Did not leave carriageway,0.0,Going ahead other,2,109,Data missing or out of range,Front,2004
2004360021077,56 - 65,,Urban area,8.0,,,Other permanent object,Data missing or out of range,Data missing or out of range,IVECO-FORD,,,Male,,No tow/articulation,Offside,0.0,Going ahead other,2,Goods 7.5 tonnes mgw and over,Data missing or out of range,Front,2004
2004360021216,Over 75,11.0,Rural,4.0,1590.0,,,Data missing or out of range,Data missing or out of range,ROVER,416 GSI AUTO,Petrol,Female,,No tow/articulation,Did not leave carriageway,0.0,Turning right,1,109,Data missing or out of range,Front,2004
2004360021743,36 - 45,17.0,Data missing or out of range,,988.0,,Other permanent object,Data missing or out of range,Data missing or out of range,NISSAN,MICRA 1.0 L,Petrol,Male,Skidded,No tow/articulation,Offside,0.0,Going ahead other,2,109,Data missing or out of range,Nearside,2004
2004360021814,66 - 75,10.0,Data missing or out of range,,1686.0,,,Data missing or out of range,Data missing or out of range,VAUXHALL,ASTRA LS TURBO DIESEL,Heavy oil,Male,,No tow/articulation,Did not leave carriageway,0.0,Going ahead other,1,109,Data missing or out of range,Front,2004
2004360021937,36 - 45,6.0,Data missing or out of range,,,,,Data missing or out of range,Data missing or out of range,DENNIS,,Heavy oil,Male,,No tow/articulation,Did not leave carriageway,0.0,Going ahead other,2,Bus or coach (17 or more pass seats),Data missing or out of range,Front,2004
2004360022165,36 - 45,14.0,Rural,5.0,1998.0,,,Data missing or out of range,Data missing or out of range,FORD,SIERRA GLS I,Petrol,Male,,No tow/articulation,Did not leave carriageway,0.0,Waiting to go - held up,1,109,Data missing or out of range,Back,2004
2004360022241,26 - 35,11.0,Data missing or out of range,,1699.0,,,Data missing or out of range,Data missing or out of range,VAUXHALL,CAVALIER LS D,Heavy oil,Male,Skidded,No tow/articulation,Did not leave carriageway,0.0,Going ahead other,2,109,Data missing or out of range,Front,2004
2004360022313,56 - 65,15.0,Data missing or out of range,,,,,Data missing or out of range,Data missing or out of range,FODEN,,Heavy oil,Male,,No tow/articulation,Did not leave carriageway,0.0,Going ahead other,1,Goods 7.5 tonnes mgw and over,Data missing or out of range,Front,2004
2004360022316,36 - 45,6.0,Data missing or out of range,,1994.0,,,Data missing or out of range,Data missing or out of range,ROVER,620I LD,Heavy oil,Female,,No tow/articulation,Did not leave carriageway,8.0,U-turn,1,109,Data missing or out of range,Offside,2004
2004360022409,26 - 35,4.0,Small town,10.0,2494.0,,,Data missing or out of range,Data missing or out of range,BMW,325CI SE AUTO,Petrol,Male,,No tow/articulation,Did not leave carriageway,0.0,Going ahead other,2,109,Data missing or out of range,Front,2004
2004360022436,26 - 35,12.0,Urban area,2.0,1488.0,,,Data missing or out of range,Data missing or out of range,VAUXHALL,NOVA MERIT TD,Heavy oil,Female,Skidded,No tow/articulation,Did not leave carriageway,0.0,Going ahead other,1,109,Data missing or out of range,Nearside,2004
2004360022470,66 - 75,3.0,Small town,8.0,1598.0,,,Data missing or out of range,Data missing or out of range,MAZDA,323F GXI AUTO,Petrol,Female,,No tow/articulation,Did not leave carriageway,0.0,Turning right,1,109,Data missing or out of range,Front,2004
2004360022476,26 - 35,5.0,Data missing or out of range,,998.0,,Other permanent object,Data missing or out of range,Data missing or out of range,NISSAN,MICRA INSPIRATION 16V,Petrol,Female,,No tow/articulation,Offside,0.0,Going ahead other,1,109,Data missing or out of range,Front,2004
2004360022882,21 - 25,3.0,Urban area,5.0,1796.0,,,Data missing or out of range,Data missing or out of range,VAUXHALL,VECTRA SXI,Petrol,Female,,No tow/articulation,Did not leave carriageway,0.0,Waiting to go - held up,2,109,Data missing or out of range,Back,2004
2004360022960,46 - 55,15.0,Urban area,2.0,2316.0,,,Data missing or out of range,Data missing or out of range,VOLVO,740 AUTO,Petrol,Female,Skidded,No tow/articulation,Did not leave carriageway,0.0,Going ahead other,1,109,Data missing or out of range,Front,2004
2004360023248,26 - 35,28.0,Rural,4.0,849.0,,,Data missing or out of range,Data missing or out of range,SUZUKI,,Petrol,Male,Skidded and overturned,No tow/articulation,Did not leave carriageway,0.0,Overtaking moving vehicle - offside,2,106,Data missing or out of range,Front,2004
2004360023317,66 - 75,2.0,Urban area,,124.0,,,Data missing or out of range,Data missing or out of range,YAMAHA,YP1 25R,Petrol,Male,Overturned,No tow/articulation,Did not leave carriageway,0.0,Turning left,2,Motorcycle 125cc and under,Data missing or out of range,Nearside,2004
2004360023397,21 - 25,9.0,Data missing or out of range,,1343.0,,,Data missing or out of range,Data missing or out of range,HONDA,CIVIC MARLIN,Petrol,Male,Skidded,No tow/articulation,Did not leave carriageway,0.0,Going ahead other,1,109,Data missing or out of range,Front,2004
2004360023434,56 - 65,5.0,Data missing or out of range,,1796.0,,,Data missing or out of range,Data missing or out of range,MG,MGF 1.8I VVC,Petrol,Male,,No tow/articulation,Did not leave carriageway,0.0,Going ahead other,1,109,Data missing or out of range,Front,2004
2004360023468,21 - 25,9.0,Rural,6.0,1794.0,,,Data missing or out of range,Data missing or out of range,VOLVO,440 S,Petrol,Male,Skidded,No tow/articulation,Did not leave carriageway,0.0,Going ahead other,4,109,Data missing or out of range,Front,2004
2004360023482,26 - 35,4.0,Urban area,6.0,1391.0,,,Data missing or out of range,Data missing or out of range,SEAT,IBIZA.COOL/S,Petrol,Female,,No tow/articulation,Did not leave carriageway,0.0,Turning right,2,109,Data missing or out of range,Front,2004
2004360023579,56 - 65,1.0,Rural,8.0,1995.0,,,Data missing or out of range,Data missing or out of range,TOYOTA,RAV4 D-4D GX,Heavy oil,Male,Overturned,No tow/articulation,Did not leave carriageway,0.0,Going ahead other,2,109,Data missing or out of range,Front,2004
2004360023632,56 - 65,5.0,Data missing or out of range,,2922.0,,,Data missing or out of range,Data missing or out of range,VOLVO,960 AUTO,Petrol,Male,,No tow/articulation,Did not leave carriageway,0.0,Moving off,1,109,Data missing or out of range,Front,2004
2004360024382,26 - 35,,Small town,7.0,,,,Data missing or out of range,Data missing or out of range,MERCEDES,,,Male,Skidded,No tow/articulation,Did not leave carriageway,0.0,Going ahead right-hand bend,2,Goods 7.5 tonnes mgw and over,Data missing or out of range,Front,2004
2004360024723,16 - 20,11.0,Data missing or out of range,,1495.0,,,Data missing or out of range,Data missing or out of range,HYUNDAI,S-COUPE MVI,Petrol,Male,,No tow/articulation,Did not leave carriageway,0.0,Going ahead other,2,109,Data missing or out of range,Front,2004
2004360024836,56 - 65,5.0,Urban area,1.0,1840.0,,,Data missing or out of range,Data missing or out of range,MAZDA,PREMACY GXI,Petrol,Female,,No tow/articulation,Did not leave carriageway,0.0,Going ahead other,3,109,Data missing or out of range,Back,2004
2004360024862,26 - 35,1.0,Rural,9.0,1599.0,,,Data missing or out of range,Data missing or out of range,FORD,SPORTKA SE,Petrol,Female,,No tow/articulation,Did not leave carriageway,0.0,Waiting to go - held up,4,109,Data missing or out of range,Did not impact,2004
2004360024944,26 - 35,1.0,Rural,7.0,1328.0,,,Data missing or out of range,Data missing or out of range,SUZUKI,JIMNY JLX,Petrol,Male,,No tow/articulation,Did not leave carriageway,0.0,Waiting to go - held up,1,109,Data missing or out of range,Back,2004
2004360024970,21 - 25,13.0,Rural,9.0,2290.0,,Entered ditch,Data missing or out of range,Data missing or out of range,SAAB,9000 CDE,Petrol,Male,,No tow/articulation,Offside,0.0,Going ahead other,2,109,Data missing or out of range,Front,2004
2004360025501,66 - 75,6.0,Urban area,3.0,1297.0,,,Data missing or out of range,Data missing or out of range,MAZDA,121 GXI,Petrol,Male,,No tow/articulation,Did not leave carriageway,0.0,Parked,1,109,Data missing or out of range,Offside,2004
2004360025669,36 - 45,3.0,Data missing or out of range,,1951.0,,,Data missing or out of range,Data missing or out of range,LAND ROVER,FREELANDER TD4 GS,Heavy oil,Male,,No tow/articulation,Did not leave carriageway,0.0,Going ahead other,2,109,Data missing or out of range,Front,2004
2004360025673,21 - 25,13.0,Data missing or out of range,,1590.0,,Road sign or traffic signal,Data missing or out of range,Data missing or out of range,ROVER,216 GSI AUTO,Petrol,Male,,No tow/articulation,Nearside,0.0,Changing lane to left,1,109,Data missing or out of range,Nearside,2004
2004360025727,26 - 35,7.0,Urban area,4.0,1389.0,,,Data missing or out of range,Data missing or out of range,VAUXHALL,CORSA BREEZE HI-TORQ,Petrol,Female,,No tow/articulation,Did not leave carriageway,0.0,Going ahead other,2,109,Data missing or out of range,Front,2004
2004360025841,46 - 55,1.0,Urban area,9.0,1497.0,,Other permanent object,Data missing or out of range,Data missing or out of range,NISSAN,ALMERA FLARE,Petrol,Male,,No tow/articulation,Nearside,0.0,Going ahead other,2,109,Data missing or out of range,Front,2004
2004360025997,56 - 65,8.0,Data missing or out of range,,,,,Data missing or out of range,Data missing or out of range,LANDINI,,Heavy oil,Male,,Other tow,Did not leave carriageway,0.0,Going ahead right-hand bend,2,Agricultural vehicle,Data missing or out of range,Offside,2004
2004360026208,46 - 55,,Data missing or out of range,,12130.0,,,Data missing or out of range,Data missing or out of range,VOLVO,,Heavy oil,Male,,Articulated vehicle,Did not leave carriageway,0.0,Going ahead other,2,Goods 7.5 tonnes mgw and over,Data missing or out of range,Nearside,2004
2004360026437,56 - 65,7.0,Small town,6.0,2500.0,,,Data missing or out of range,Data missing or out of range,FIAT,DUCATO MAXI LWB,Heavy oil,Male,,No tow/articulation,Offside,0.0,Going ahead other,2,Minibus (8 - 16 passenger seats),Data missing or out of range,Nearside,2004
2004360026541,56 - 65,6.0,Small town,8.0,993.0,,,Data missing or out of range,Data missing or out of range,SUZUKI,SWIFT GLX AUTO,Petrol,Female,,No tow/articulation,Did not leave carriageway,0.0,Going ahead other,2,109,Data missing or out of range,Back,2004
2004360026708,36 - 45,4.0,Urban area,8.0,1581.0,,,Data missing or out of range,Data missing or out of range,FIAT,BRAVO 100 16V TROFEO,Petrol,Male,,No tow/articulation,Did not leave carriageway,0.0,Going ahead other,4,109,Data missing or out of range,Back,2004
2004360026816,36 - 45,9.0,Rural,6.0,1299.0,,Other permanent object,Data missing or out of range,Data missing or out of range,FORD,ESCORT AZURA,Petrol,Female,Skidded,No tow/articulation,Offside,0.0,Overtaking moving vehicle - offside,1,109,Data missing or out of range,Front,2004
2004360026827,46 - 55,12.0,Data missing or out of range,,1389.0,,,Data missing or out of range,Data missing or out of range,VAUXHALL,ASTRA LS I,Petrol,Male,,No tow/articulation,Did not leave carriageway,0.0,Going ahead other,2,109,Data missing or out of range,Back,2004
2004360026881,26 - 35,,Data missing or out of range,,1686.0,,,Data missing or out of range,Data missing or out of range,VAUXHALL,ASTRA CLUB DTI,Heavy oil,Female,,No tow/articulation,Did not leave carriageway,0.0,Waiting to go - held up,5,109,Data missing or out of range,Back,2004
2004360026924,36 - 45,6.0,Urban area,2.0,1994.0,,,Data missing or out of range,Data missing or out of range,ROVER,420 TD,Heavy oil,Male,Skidded,No tow/articulation,Did not leave carriageway,0.0,Going ahead other,2,109,Data missing or out of range,Front,2004
200436T040065,56 - 65,2.0,Rural,7.0,1896.0,,,Data missing or out of range,Data missing or out of range,VOLKSWAGEN,PASSAT SE TDI TIPTRONIC,Heavy oil,Male,,No tow/articulation,Did not leave carriageway,0.0,Going ahead other,1,109,Data missing or out of range,Nearside,2004
200436T040105,Data missing or out of range,7.0,Urban area,4.0,2494.0,,,Data missing or out of range,Data missing or out of range,BMW,323I SE,Petrol,Male,,No tow/articulation,Did not leave carriageway,0.0,Going ahead other,2,109,Data missing or out of range,Offside,2004
200437B018548,56 - 65,4.0,Rural,6.0,1686.0,,,Data missing or out of range,Data missing or out of range,VAUXHALL,ASTRA LS DTI,Heavy oil,Male,,No tow/articulation,Did not leave carriageway,0.0,Waiting to turn right,2,109,Data missing or out of range,Back,2004
200437B018594,26 - 35,3.0,Urban area,7.0,49.0,,,Data missing or out of range,Data missing or out of range,HONDA,SH50,Petrol,Male,Skidded,No tow/articulation,Did not leave carriageway,0.0,Going ahead other,2,Motorcycle 50cc and under,Data missing or out of range,Front,2004
200437B019128,46 - 55,5.0,Rural,5.0,1388.0,,,Data missing or out of range,Data missing or out of range,FORD,PUMA 1.4 16V,Petrol,Male,,No tow/articulation,Did not leave carriageway,0.0,Going ahead right-hand bend,2,109,Data missing or out of range,Front,2004
200437B019189,16 - 20,4.0,Rural,9.0,1124.0,,,Data missing or out of range,Data missing or out of range,PEUGEOT,106 XN ZEST 2,Petrol,Male,,No tow/articulation,Did not leave carriageway,0.0,Going ahead other,1,109,Data missing or out of range,Front,2004
200437B019223,21 - 25,1.0,Urban area,6.0,11705.0,,,Data missing or out of range,Data missing or out of range,SCANIA,,Heavy oil,Male,,Articulated vehicle,Did not leave carriageway,0.0,Overtaking moving vehicle - offside,1,Goods 7.5 tonnes mgw and over,Data missing or out of range,Offside,2004
200437B019259,26 - 35,1.0,Urban area,6.0,1753.0,,,Data missing or out of range,Data missing or out of range,FORD,TRANSIT CONNECT T220 TDCI S,Heavy oil,Male,Skidded,No tow/articulation,Did not leave carriageway,0.0,Going ahead left-hand bend,1,Van / Goods 3.5 tonnes mgw or under,Data missing or out of range,Front,2004
200437B019284,66 - 75,6.0,Small town,8.0,2387.0,,Entered ditch,Data missing or out of range,Data missing or out of range,FIAT,MAREA TD125 HLX WEEKEND,Heavy oil,Female,,No tow/articulation,Nearside,0.0,Going ahead left-hand bend,2,109,Data missing or out of range,Front,2004
200437B019659,36 - 45,7.0,Rural,7.0,2793.0,,,Data missing or out of range,Data missing or out of range,BMW,528I SE TOURING AUTO,Petrol,Male,,No tow/articulation,Did not leave carriageway,0.0,Parked,4,109,Data missing or out of range,Offside,2004
200437B020004,21 - 25,13.0,Rural,7.0,1998.0,,,Data missing or out of range,Data missing or out of range,FORD,GRANADA GLI,Petrol,Male,,No tow/articulation,Did not leave carriageway,0.0,Waiting to turn right,1,109,Data missing or out of range,Front,2004
200437B020353,36 - 45,,Urban area,8.0,2521.0,,,Data missing or out of range,Data missing or out of range,VOLVO,,Petrol,Male,,No tow/articulation,Did not leave carriageway,0.0,Turning right,1,109,Data missing or out of range,Offside,2004
200437B020359,21 - 25,10.0,Rural,6.0,1800.0,,,Data missing or out of range,Data missing or out of range,RENAULT,CLIO RL CAMPUS,Petrol,Male,,No tow/articulation,Did not leave carriageway,0.0,Overtaking moving vehicle - offside,1,109,Data missing or out of range,Back,2004
200437B020409,36 - 45,2.0,Small town,5.0,11946.0,,,Data missing or out of range,Data missing or out of range,MERCEDES,,Heavy oil,Male,,Articulated vehicle,Did not leave carriageway,0.0,Going ahead other,2,Goods 7.5 tonnes mgw and over,Data missing or out of range,Front,2004
200437B021223,Over 75,14.0,Urban area,9.0,1589.0,,Central crash barrier,Data missing or out of range,Data missing or out of range,TOYOTA,CARINA GL AUTO,Petrol,Male,,No tow/articulation,Offside on to central reservation,0.0,Turning right,1,109,Data missing or out of range,Offside,2004
200437G014379,36 - 45,7.0,Small town,5.0,999.0,,,Data missing or out of range,Data missing or out of range,HONDA,,Petrol,Male,Skidded,No tow/articulation,Did not leave carriageway,0.0,Going ahead other,1,106,Data missing or out of range,Offside,2004
200437G015445,21 - 25,12.0,Urban area,5.0,1118.0,,,Data missing or out of range,Data missing or out of range,ROVER,METRO C,Petrol,Male,,No tow/articulation,Did not leave carriageway,0.0,Going ahead other,1,109,Data missing or out of range,Front,2004
200437G015852,36 - 45,7.0,Urban area,2.0,1686.0,,,Data missing or out of range,Data missing or out of range,VAUXHALL,ASTRA GLS 1.7 TDS,Heavy oil,Female,,No tow/articulation,Did not leave carriageway,0.0,Turning right,1,109,Data missing or out of range,Front,2004
200437G015866,21 - 25,3.0,Urban area,2.0,1747.0,,,Data missing or out of range,Data missing or out of range,FIAT,PUNTO HGT 16V,Petrol,Female,,No tow/articulation,Did not leave carriageway,0.0,Slowing or stopping,2,109,Data missing or out of range,Back,2004
200437G016121,36 - 45,2.0,Data missing or out of range,,10308.0,,,Data missing or out of range,Data missing or out of range,IVECO-FORD,,Heavy oil,Male,,Articulated vehicle,Did not leave carriageway,0.0,Going ahead other,1,Goods 7.5 tonnes mgw and over,Data missing or out of range,Front,2004
200437L009789,36 - 45,1.0,Urban area,7.0,1149.0,,,Data missing or out of range,Data missing or out of range,RENAULT,CLIO DYNAMIQUE 16V,Petrol,Female,,No tow/articulation,Did not leave carriageway,0.0,Going ahead other,2,109,Data missing or out of range,Offside,2004
200437L010602,16 - 20,1.0,Urban area,10.0,1371.0,,,Data missing or out of range,Data missing or out of range,PIAGGIO,PORTER,Heavy oil,Male,,No tow/articulation,Did not leave carriageway,0.0,Going ahead other,1,Van / Goods 3.5 tonnes mgw or under,Data missing or out of range,Front,2004
200437L010608,26 - 35,8.0,Urban area,2.0,1747.0,,Tree,Data missing or out of range,Data missing or out of range,FIAT,BRAVA 1.8 ELX,Petrol,Female,,No tow/articulation,Nearside,0.0,Going ahead left-hand bend,1,109,Data missing or out of range,Front,2004
2004400B00398,16 - 20,11.0,Urban area,3.0,954.0,,,Data missing or out of range,Data missing or out of range,PEUGEOT,106 KEY LARGO,Petrol,Female,,No tow/articulation,Did not leave carriageway,0.0,Turning right,2,109,Data missing or out of range,Front,2004
2004400B00728,36 - 45,11.0,Urban area,8.0,1120.0,,,Data missing or out of range,Data missing or out of range,ROVER,METRO RIO,Petrol,Female,,No tow/articulation,Did not leave carriageway,0.0,Waiting to go - held up,2,109,Data missing or out of range,Back,2004
2004400B02617,26 - 35,1.0,Urban area,4.0,599.0,,,Data missing or out of range,Data missing or out of range,TRIUMPH,DAYTONA 600,Petrol,Male,Skidded and overturned,No tow/articulation,Offside,0.0,Going ahead left-hand bend,1,106,Data missing or out of range,Offside,2004
2004400B02671,21 - 25,8.0,Urban area,10.0,1390.0,,Road sign or traffic signal,Data missing or out of range,Data missing or out of range,RENAULT,MEGANE RN PARIS,Petrol,Male,,No tow/articulation,Did not leave carriageway,0.0,Changing lane to right,1,109,Data missing or out of range,Back,2004
2004400B02708,46 - 55,1.0,Rural,7.0,1586.0,,,Data missing or out of range,Data missing or out of range,SUZUKI,LIANA GLX AUTO,Petrol,Female,,No tow/articulation,Did not leave carriageway,0.0,Waiting to go - held up,4,109,Data missing or out of range,Back,2004
2004400B02722,16 - 20,,Urban area,10.0,,Kerb,,Data missing or out of range,Data missing or out of range,YAMAHA,,,Male,,No tow/articulation,Offside,0.0,Overtaking moving vehicle - offside,1,Motorcycle 50cc and under,Data missing or out of range,Front,2004
2004400B02722,46 - 55,,Rural,9.0,1149.0,,,Data missing or out of range,Data missing or out of range,RENAULT,CLIO DYNAMIQUE 16V,Petrol,Female,,No tow/articulation,Did not leave carriageway,0.0,Turning right,2,109,Data missing or out of range,Offside,2004
2004400B02889,21 - 25,7.0,Urban area,3.0,2771.0,,,Data missing or out of range,Data missing or out of range,AUDI,A8 2.8 AUTO,Petrol,Male,,No tow/articulation,Did not leave carriageway,0.0,Turning right,1,109,Data missing or out of range,Back,2004
2004400B03239,Data missing or out of range,8.0,Data missing or out of range,,1799.0,,,Data missing or out of range,Data missing or out of range,VAUXHALL,VECTRA GLS 16V,Petrol,Not known,,No tow/articulation,Did not leave carriageway,0.0,Parked,2,109,Data missing or out of range,Back,2004
2004400B03385,36 - 45,,Urban area,1.0,,,,Data missing or out of range,Data missing or out of range,CITROEN,C5 HDI EXCLUSIVE AUTO,,Male,,No tow/articulation,Did not leave carriageway,0.0,Changing lane to right,1,Van / Goods 3.5 tonnes mgw or under,Data missing or out of range,Did not impact,2004
2004400B03569,56 - 65,11.0,Data missing or out of range,,9600.0,,,Data missing or out of range,Data missing or out of range,VOLVO,,Heavy oil,Male,,No tow/articulation,Did not leave carriageway,0.0,Turning right,1,Bus or coach (17 or more pass seats),Data missing or out of range,Nearside,2004
2004400B03637,Data missing or out of range,9.0,Data missing or out of range,,1299.0,,,Data missing or out of range,Data missing or out of range,FORD,ESCORT SAPPHIRE,Petrol,Male,,No tow/articulation,Did not leave carriageway,0.0,Reversing,1,109,Data missing or out of range,Back,2004
2004400C00186,21 - 25,3.0,Urban area,5.0,1396.0,,,Data missing or out of range,Data missing or out of range,ROVER,25 I 16V,Petrol,Female,,No tow/articulation,Did not leave carriageway,0.0,Waiting to go - held up,2,109,Data missing or out of range,Did not impact,2004
2004400C00190,21 - 25,10.0,Small town,9.0,1389.0,,,Data missing or out of range,Data missing or out of range,VAUXHALL,ASTRA LS I,Petrol,Male,,No tow/articulation,Did not leave carriageway,0.0,Turning right,1,109,Data missing or out of range,Offside,2004
2004400C00190,36 - 45,22.0,Small town,10.0,550.0,,,Data missing or out of range,Data missing or out of range,YAMAHA,,Petrol,Male,,No tow/articulation,Did not leave carriageway,0.0,Going ahead other,2,106,Data missing or out of range,Front,2004
2004400C01851,16 - 20,7.0,Urban area,7.0,1389.0,,,Data missing or out of range,Data missing or out of range,VAUXHALL,CORSA BREEZE HI-TORQ,Petrol,Female,,No tow/articulation,Did not leave carriageway,0.0,Going ahead other,2,109,Data missing or out of range,Front,2004
2004400C01970,21 - 25,10.0,Urban area,7.0,1299.0,,,Data missing or out of range,Data missing or out of range,FORD,FIESTA I AUTO,Petrol,Male,Skidded,No tow/articulation,Did not leave carriageway,0.0,Going ahead other,2,109,Data missing or out of range,Front,2004
2004400C02705,66 - 75,4.0,Urban area,7.0,1199.0,,Road sign or traffic signal,Data missing or out of range,Data missing or out of range,VAUXHALL,CORSA CLUB 16V AUTO,Petrol,Female,,No tow/articulation,Did not leave carriageway,0.0,Turning left,1,109,Data missing or out of range,Front,2004
2004400C03321,66 - 75,,Urban area,5.0,1199.0,,,Data missing or out of range,Data missing or out of range,VAUXHALL,CORSA ENERGY 16V,Petrol,Male,,No tow/articulation,Did not leave carriageway,0.0,Going ahead other,1,109,Data missing or out of range,Offside,2004
2004400D00619,46 - 55,3.0,Small town,5.0,1390.0,,,Data missing or out of range,Data missing or out of range,AUDI,A2 SE,Petrol,Male,,No tow/articulation,Did not leave carriageway,0.0,Slowing or stopping,3,109,Data missing or out of range,Back,2004
2004400D00730,66 - 75,7.0,Small town,9.0,1598.0,,,Data missing or out of range,Data missing or out of range,VAUXHALL,ASTRA ARCTIC 16V AUTO,Petrol,Male,,No tow/articulation,Did not leave carriageway,0.0,Going ahead right-hand bend,1,109,Data missing or out of range,Front,2004
2004400D00906,26 - 35,12.0,Rural,7.0,,,,Data missing or out of range,Data missing or out of range,JCB,,Heavy oil,Male,,No tow/articulation,Did not leave carriageway,0.0,Going ahead other,2,Agricultural vehicle,Data missing or out of range,Front,2004
2004400D01000,26 - 35,2.0,Rural,,1998.0,,Road sign or traffic signal,Data missing or out of range,Data missing or out of range,FORD,TRANSIT 280 SWB TD,Heavy oil,Male,,No tow/articulation,Straight ahead at junction,0.0,Turning right,1,Van / Goods 3.5 tonnes mgw or under,Data missing or out of range,Offside,2004
2004400D01746,46 - 55,1.0,Urban area,2.0,1868.0,,,Data missing or out of range,Data missing or out of range,CITROEN,BERLINGO 600D X,Heavy oil,Male,,No tow/articulation,Did not leave carriageway,0.0,Going ahead other,2,Van / Goods 3.5 tonnes mgw or under,Data missing or out of range,Back,2004
2004400D01907,16 - 20,13.0,Small town,6.0,954.0,Kerb,,Data missing or out of range,Data missing or out of range,PEUGEOT,205 XE,Petrol,Male,,No tow/articulation,Offside,0.0,Going ahead other,1,109,Data missing or out of range,Front,2004
2004400D01978,26 - 35,,Rural,,2198.0,,,Data missing or out of range,Data missing or out of range,FORD,MONDEO ST TDCI,Heavy oil,Male,,No tow/articulation,Did not leave carriageway,0.0,Going ahead other,1,109,Data missing or out of range,Offside,2004
2004400D02151,16 - 20,2.0,Rural,8.0,1242.0,,,Data missing or out of range,Data missing or out of range,FIAT,PUNTO ACTIVE SPORT,Petrol,Male,,No tow/articulation,Did not leave carriageway,0.0,Waiting to go - held up,4,109,Data missing or out of range,Back,2004
2004400D02413,66 - 75,2.0,Urban area,4.0,3199.0,,,Data missing or out of range,Data missing or out of range,MERCEDES,E320 AVANTGARDE AUTO,Petrol,Male,,No tow/articulation,Did not leave carriageway,0.0,Overtaking moving vehicle - offside,1,109,Data missing or out of range,Nearside,2004
2004400D02452,26 - 35,8.0,Urban area,5.0,1598.0,,Central crash barrier,Data missing or out of range,Data missing or out of range,RENAULT,MEGANE RT 1.6 AUTO,Petrol,Male,Skidded,No tow/articulation,Offside on to centrl res + rebounded,0.0,Going ahead other,1,109,Data missing or out of range,Offside,2004
2004400D02742,36 - 45,9.0,Data missing or out of range,,9600.0,,Road sign or traffic signal,Data missing or out of range,Data missing or out of range,VOLVO,,Heavy oil,Male,,No tow/articulation,Straight ahead at junction,0.0,Going ahead other,1,Bus or coach (17 or more pass seats),Data missing or out of range,Front,2004
2004400D03103,36 - 45,5.0,Urban area,10.0,892.0,,,Data missing or out of range,Data missing or out of range,YAMAHA,XJ 900 S,Petrol,Male,,No tow/articulation,Did not leave carriageway,0.0,Overtaking moving vehicle - offside,1,106,Data missing or out of range,Front,2004
2004400D03208,26 - 35,25.0,Urban area,3.0,997.0,,,Data missing or out of range,Data missing or out of range,SUZUKI,,Petrol,Male,,No tow/articulation,Did not leave carriageway,0.0,Going ahead other,2,106,Data missing or out of range,Front,2004