Accident_Index,Age_Band_of_Driver,Age_of_Vehicle,Driver_Home_Area_Type,Driver_IMD_Decile,Engine_Capacity_.CC.,Hit_Object_in_Carriageway,Hit_Object_off_Carriageway,Journey_Purpose_of_Driver,Junction_Location,make,model,Propulsion_Code,Sex_of_Driver,Skidding_and_Overturning,Towing_and_Articulation,Vehicle_Leaving_Carriageway,Vehicle_Location.Restricted_Lane,Vehicle_Manoeuvre,Vehicle_Reference,Vehicle_Type,Was_Vehicle_Left_Hand_Drive,X1st_Point_of_Impact,Year
2004400D03512,26 - 35,3.0,Urban area,5.0,1998.0,,Other permanent object,Data missing or out of range,Data missing or out of range,NISSAN,PRIMERA SPORT PLUS,Petrol,Male,Skidded and overturned,No tow/articulation,Offside,0.0,Overtaking moving vehicle - offside,2,109,Data missing or out of range,Back,2004
2004400D03542,36 - 45,,Urban area,4.0,,,Central crash barrier,Data missing or out of range,Data missing or out of range,MAN,,,Male,,No tow/articulation,Offside and rebounded,0.0,Changing lane to left,2,Goods 7.5 tonnes mgw and over,Data missing or out of range,Nearside,2004
2004400D03756,36 - 45,,Data missing or out of range,,,Parked vehicle,,Data missing or out of range,Data missing or out of range,MAN,,,Male,,No tow/articulation,Did not leave carriageway,0.0,Going ahead other,1,Goods 7.5 tonnes mgw and over,Data missing or out of range,Front,2004
20044100A0323,26 - 35,,Small town,10.0,6000.0,,,Data missing or out of range,Data missing or out of range,DAF,,Heavy oil,Male,,No tow/articulation,Did not leave carriageway,0.0,Going ahead other,1,Goods 7.5 tonnes mgw and over,Data missing or out of range,Front,2004
20044100A0831,26 - 35,3.0,Urban area,7.0,1994.0,,,Data missing or out of range,Data missing or out of range,SUBARU,IMPREZA P1,Petrol,Male,Skidded,No tow/articulation,Did not leave carriageway,0.0,Going ahead right-hand bend,1,109,Data missing or out of range,Offside,2004
20044100A1018,66 - 75,20.0,Urban area,7.0,9600.0,,,Data missing or out of range,Data missing or out of range,VOLVO,,Heavy oil,Male,,No tow/articulation,Did not leave carriageway,0.0,Slowing or stopping,3,Bus or coach (17 or more pass seats),Data missing or out of range,Back,2004
20044100B0111,36 - 45,6.0,Urban area,7.0,1598.0,,,Data missing or out of range,Data missing or out of range,MERCEDES,A160 CLASSIC S-A,Petrol,Female,Skidded,No tow/articulation,Did not leave carriageway,0.0,Going ahead right-hand bend,2,109,Data missing or out of range,Front,2004
20044100B0718,36 - 45,4.0,Urban area,3.0,1796.0,,,Data missing or out of range,Data missing or out of range,ROVER,75 CLASSIC SE,Petrol,Male,,No tow/articulation,Did not leave carriageway,0.0,Turning right,2,109,Data missing or out of range,Nearside,2004
20044100B0777,56 - 65,9.0,Urban area,3.0,1997.0,,,Data missing or out of range,Data missing or out of range,ROVER,620 SI AUTO,Petrol,Male,,No tow/articulation,Did not leave carriageway,0.0,Turning right,2,109,Data missing or out of range,Offside,2004
20044100B0797,16 - 20,7.0,Urban area,5.0,1595.0,,,Data missing or out of range,Data missing or out of range,AUDI,A3 1.6,Petrol,Male,,No tow/articulation,Did not leave carriageway,0.0,Turning left,1,109,Data missing or out of range,Nearside,2004
20044100C0257,26 - 35,4.0,Urban area,10.0,2494.0,,,Data missing or out of range,Data missing or out of range,BMW,323 CI SE,Petrol,Female,,No tow/articulation,Did not leave carriageway,0.0,Slowing or stopping,1,109,Data missing or out of range,Front,2004
20044100C0601,Data missing or out of range,12.0,Data missing or out of range,,1468.0,,,Data missing or out of range,Data missing or out of range,HYUNDAI,X2 PONY GSI,Petrol,Female,,No tow/articulation,Did not leave carriageway,0.0,Waiting to go - held up,1,109,Data missing or out of range,Front,2004
20044100C0653,26 - 35,4.0,Urban area,8.0,1285.0,,,Data missing or out of range,Data missing or out of range,VOLKSWAGEN,1300 D/L BEETLE,Petrol,Male,,No tow/articulation,Did not leave carriageway,0.0,Overtaking static vehicle - offside,1,109,Data missing or out of range,Did not impact,2004
20044100C0673,36 - 45,3.0,Urban area,6.0,1598.0,Parked vehicle,,Data missing or out of range,Data missing or out of range,RENAULT,MEGANE SCENIC EXP+ AUTO,Petrol,Female,,No tow/articulation,Did not leave carriageway,0.0,Reversing,2,109,Data missing or out of range,Back,2004
20044100C0763,Data missing or out of range,,Data missing or out of range,,,,,Data missing or out of range,Data missing or out of range,CASE,,,Male,,No tow/articulation,Did not leave carriageway,0.0,Overtaking moving vehicle - offside,1,Goods over 3.5t. and under 7.5t,Data missing or out of range,Front,2004
20044100C0846,36 - 45,5.0,Urban area,6.0,918.0,,,Data missing or out of range,Data missing or out of range,HONDA,,Petrol,Male,,No tow/articulation,Did not leave carriageway,0.0,Overtaking moving vehicle - offside,2,106,Data missing or out of range,Nearside,2004
20044100C1155,56 - 65,10.0,Urban area,3.0,1686.0,,Other permanent object,Data missing or out of range,Data missing or out of range,VAUXHALL,ASTRA LS TURBO DIESEL,Heavy oil,Male,,No tow/articulation,Nearside,0.0,Going ahead other,2,109,Data missing or out of range,Nearside,2004
20044100C1396,26 - 35,,Data missing or out of range,,1149.0,,,Data missing or out of range,Data missing or out of range,RENAULT,CLIO DYNAMIQUE 16V,Petrol,Female,,No tow/articulation,Did not leave carriageway,0.0,Turning right,1,109,Data missing or out of range,Did not impact,2004
20044100C1396,36 - 45,6.0,Urban area,10.0,,,,Data missing or out of range,Data missing or out of range,DENNIS,,Heavy oil,Male,,No tow/articulation,Did not leave carriageway,0.0,Going ahead other,2,Bus or coach (17 or more pass seats),Data missing or out of range,Did not impact,2004
20044100C1464,21 - 25,9.0,Urban area,4.0,1597.0,,Near/Offside crash barrier,Data missing or out of range,Data missing or out of range,NISSAN,SUNNY SR,Petrol,Male,Skidded,No tow/articulation,Nearside and rebounded,0.0,Going ahead other,2,109,Data missing or out of range,Front,2004
20044100C1506,21 - 25,3.0,Urban area,10.0,1794.0,,,Data missing or out of range,Data missing or out of range,TOYOTA,AVENSIS GLS VVT-I,Petrol,Male,,No tow/articulation,Did not leave carriageway,0.0,Turning right,1,109,Data missing or out of range,Front,2004
20044100C1527,46 - 55,1.0,Urban area,10.0,3900.0,,,Data missing or out of range,Data missing or out of range,DAF,,Heavy oil,Male,,No tow/articulation,Did not leave carriageway,0.0,Going ahead other,1,Bus or coach (17 or more pass seats),Data missing or out of range,Front,2004
20044100C1631,56 - 65,,Urban area,9.0,,,,Data missing or out of range,Data missing or out of range,OPEL,,,Male,,No tow/articulation,Did not leave carriageway,0.0,Going ahead other,1,109,Data missing or out of range,Front,2004
20044100D0242,Data missing or out of range,11.0,Data missing or out of range,,1495.0,,,Data missing or out of range,Data missing or out of range,HYUNDAI,S-COUPE MVI AUTO,Petrol,Male,,No tow/articulation,Did not leave carriageway,0.0,Going ahead other,1,109,Data missing or out of range,Front,2004
20044100D0433,16 - 20,1.0,Urban area,6.0,1998.0,,,Data missing or out of range,Data missing or out of range,HONDA,ACCORD VTEC SPORT,Petrol,Male,,No tow/articulation,Did not leave carriageway,0.0,Slowing or stopping,2,109,Data missing or out of range,Back,2004
20044100D0437,Over 75,8.0,Urban area,7.0,1396.0,,,Data missing or out of range,Data missing or out of range,ROVER,114 SLI,Petrol,Male,,No tow/articulation,Nearside,0.0,Going ahead other,2,109,Data missing or out of range,Front,2004
20044100D0506,66 - 75,7.0,Urban area,4.0,1998.0,,,Data missing or out of range,Data missing or out of range,VAUXHALL,OMEGA 2.0 16V GLS AUTO,Petrol,Male,,No tow/articulation,Did not leave carriageway,0.0,Going ahead other,2,109,Data missing or out of range,Front,2004
20044100D0698,36 - 45,9.0,Urban area,6.0,1396.0,,,Data missing or out of range,Data missing or out of range,ROVER,114 SLI,Petrol,Female,,No tow/articulation,Did not leave carriageway,0.0,Going ahead left-hand bend,1,109,Data missing or out of range,Offside,2004
20044100D0787,36 - 45,6.0,Urban area,7.0,1753.0,,,Data missing or out of range,Data missing or out of range,FORD,FIESTA COURIER DIESEL,Heavy oil,Male,,No tow/articulation,Did not leave carriageway,0.0,Slowing or stopping,2,Van / Goods 3.5 tonnes mgw or under,Data missing or out of range,Back,2004
20044100D0875,36 - 45,3.0,Small town,10.0,1793.0,,Other permanent object,Data missing or out of range,Data missing or out of range,KIA,CARENS SX,Petrol,Female,,No tow/articulation,Offside and rebounded,0.0,Overtaking static vehicle - offside,1,109,Data missing or out of range,Nearside,2004
20044100D1032,21 - 25,,Urban area,10.0,,,,Data missing or out of range,Data missing or out of range,VAUXHALL,CORSA GLS DIESEL,,Male,Skidded,No tow/articulation,Did not leave carriageway,0.0,Overtaking moving vehicle - offside,1,109,Data missing or out of range,Front,2004
20044100E0031,36 - 45,16.0,Urban area,7.0,1985.0,,,Data missing or out of range,Data missing or out of range,SAAB,9000 CDE AUTO,Petrol,Female,,No tow/articulation,Did not leave carriageway,0.0,Waiting to turn right,1,109,Data missing or out of range,Back,2004
20044100E0044,46 - 55,2.0,Urban area,5.0,390.0,,,Data missing or out of range,Data missing or out of range,DAF,,Heavy oil,Male,,No tow/articulation,Did not leave carriageway,0.0,Moving off,1,Bus or coach (17 or more pass seats),Data missing or out of range,Front,2004
20044100E0056,46 - 55,5.0,Urban area,4.0,2498.0,,,Data missing or out of range,Data missing or out of range,VAUXHALL,OMEGA ELITE V6 AUTO,Petrol,Male,,No tow/articulation,Did not leave carriageway,0.0,Slowing or stopping,1,109,Data missing or out of range,Front,2004
20044100E0198,36 - 45,8.0,Urban area,6.0,904.0,Parked vehicle,,Data missing or out of range,Data missing or out of range,DUCATI,,Petrol,Male,Skidded,No tow/articulation,Did not leave carriageway,0.0,Overtaking moving vehicle - offside,1,106,Data missing or out of range,Front,2004
20044100E0298,16 - 20,,Urban area,2.0,,,,Data missing or out of range,Data missing or out of range,PEUGEOT,LOOXOR 50,,Male,,No tow/articulation,Did not leave carriageway,5.0,Going ahead left-hand bend,1,Motorcycle 50cc and under,Data missing or out of range,Front,2004
20044100E0518,21 - 25,7.0,Urban area,2.0,599.0,,,Data missing or out of range,Data missing or out of range,SUZUKI,,Petrol,Male,Skidded,No tow/articulation,Did not leave carriageway,0.0,Moving off,1,106,Data missing or out of range,Nearside,2004
20044100E0557,56 - 65,8.0,Urban area,9.0,1998.0,,,Data missing or out of range,Data missing or out of range,VAUXHALL,VECTRA GLS 16V,Petrol,Male,,No tow/articulation,Did not leave carriageway,0.0,Going ahead left-hand bend,2,109,Data missing or out of range,Front,2004
20044100E0559,21 - 25,,Urban area,5.0,,,,Data missing or out of range,Data missing or out of range,VAUXHALL,COMBO LS 1.4I,,Male,,No tow/articulation,Did not leave carriageway,0.0,Going ahead other,1,109,Data missing or out of range,Front,2004
20044100E0582,56 - 65,6.0,Urban area,9.0,1389.0,,,Data missing or out of range,Data missing or out of range,VAUXHALL,CORSA LS 1.4I AUTO,Petrol,Female,,No tow/articulation,Did not leave carriageway,0.0,Going ahead other,2,109,Data missing or out of range,Back,2004
20044100E0662,56 - 65,8.0,Urban area,4.0,1120.0,,,Data missing or out of range,Data missing or out of range,ROVER,100 KNIGHTSBRIDGE,Petrol,Female,Skidded,No tow/articulation,Did not leave carriageway,0.0,Going ahead right-hand bend,1,109,Data missing or out of range,Offside,2004
20044100F4357,26 - 35,1.0,Urban area,5.0,2477.0,,,Data missing or out of range,Data missing or out of range,MITSUBISHI,SHOGUN SPORT WARRIOR TD,Heavy oil,Male,,No tow/articulation,Did not leave carriageway,0.0,Going ahead other,1,109,Data missing or out of range,Offside,2004
20044100F4548,66 - 75,,Urban area,5.0,,,,Data missing or out of range,Data missing or out of range,CITROEN,BERLINGO 1.9D 600,,Male,,No tow/articulation,Did not leave carriageway,0.0,Reversing,2,109,Data missing or out of range,Offside,2004
20044100F4581,26 - 35,,Urban area,3.0,,,,Data missing or out of range,Data missing or out of range,TOYOTA,AVENSIS GS VVT-I,,Male,Skidded,No tow/articulation,Did not leave carriageway,0.0,Going ahead other,1,108,Data missing or out of range,Offside,2004
20044100F4628,21 - 25,4.0,Data missing or out of range,,1598.0,,,Data missing or out of range,Data missing or out of range,VAUXHALL,ASTRA ENVOY 8V,Petrol,Male,,No tow/articulation,Did not leave carriageway,0.0,Going ahead other,1,109,Data missing or out of range,Front,2004
20044100F4655,46 - 55,4.0,Small town,8.0,6370.0,,,Data missing or out of range,Data missing or out of range,MERCEDES,,Heavy oil,Male,,Single trailer,Did not leave carriageway,0.0,Turning right,1,Goods 7.5 tonnes mgw and over,Data missing or out of range,Nearside,2004
20044100F4684,26 - 35,2.0,Urban area,10.0,1242.0,,,Data missing or out of range,Data missing or out of range,FIAT,PUNTO ACTIVE SPORT,Petrol,Female,Skidded,No tow/articulation,Did not leave carriageway,0.0,Slowing or stopping,3,109,Data missing or out of range,Front,2004
20044100F4706,46 - 55,3.0,Data missing or out of range,,2402.0,,,Data missing or out of range,Data missing or out of range,FORD,TRANSIT 350 LWB TD,Heavy oil,Male,,No tow/articulation,Did not leave carriageway,0.0,Moving off,1,Van / Goods 3.5 tonnes mgw or under,Data missing or out of range,Front,2004
20044100F4892,Data missing or out of range,2.0,Data missing or out of range,,1998.0,,,Data missing or out of range,Data missing or out of range,FORD,MONDEO LX TDDI,Heavy oil,Male,Skidded,No tow/articulation,Did not leave carriageway,0.0,Going ahead other,2,109,Data missing or out of range,Front,2004
20044100F5116,36 - 45,3.0,Urban area,10.0,2495.0,,,Data missing or out of range,Data missing or out of range,LAND ROVER,DISCOVERY TD5 GS AUTO,Heavy oil,Female,,No tow/articulation,Did not leave carriageway,0.0,Going ahead right-hand bend,2,109,Data missing or out of range,Offside,2004
20044100F5147,36 - 45,5.0,Urban area,7.0,,,,Data missing or out of range,Data missing or out of range,DAF,,Petrol/Gas (LPG),Male,,No tow/articulation,Did not leave carriageway,0.0,Going ahead other,2,Bus or coach (17 or more pass seats),Data missing or out of range,Nearside,2004
20044100F5248,16 - 20,,Urban area,9.0,1124.0,,Other permanent object,Data missing or out of range,Data missing or out of range,PEUGEOT,206 S,Petrol,Male,Skidded and overturned,No tow/articulation,Offside,0.0,Slowing or stopping,1,109,Data missing or out of range,Front,2004
20044100G0264,36 - 45,4.0,Data missing or out of range,,1753.0,,,Data missing or out of range,Data missing or out of range,FORD,FIESTA ENCORE TD,Heavy oil,Female,,No tow/articulation,Did not leave carriageway,0.0,Going ahead other,2,109,Data missing or out of range,Offside,2004
20044100G0357,36 - 45,,Urban area,7.0,1951.0,,,Data missing or out of range,Data missing or out of range,LAND ROVER,FREELANDER TD4 SPORT H/B,Heavy oil,Male,,Caravan,Did not leave carriageway,0.0,Going ahead other,3,109,Data missing or out of range,Did not impact,2004
20044100G0428,36 - 45,10.0,Data missing or out of range,,1984.0,,,Data missing or out of range,Data missing or out of range,VOLVO,850 SE AUTO,Petrol,Male,,No tow/articulation,Did not leave carriageway,0.0,Changing lane to right,2,109,Data missing or out of range,Did not impact,2004
20044100G0458,26 - 35,,Rural,7.0,,,,Data missing or out of range,Data missing or out of range,FORD,TRANSIT 280 SWB TD,,Male,,No tow/articulation,Did not leave carriageway,0.0,Waiting to go - held up,1,Van / Goods 3.5 tonnes mgw or under,Data missing or out of range,Front,2004
20044100G0611,21 - 25,11.0,Small town,10.0,1870.0,,Other permanent object,Data missing or out of range,Data missing or out of range,RENAULT,19 RN BIARRITZ D,Heavy oil,Female,,No tow/articulation,Nearside and rebounded,0.0,Going ahead other,1,109,Data missing or out of range,Nearside,2004
20044100G0708,46 - 55,3.0,Rural,10.0,1527.0,,Other permanent object,Data missing or out of range,Data missing or out of range,PEUGEOT,106 ZEST 2 DIESEL,Heavy oil,Female,,No tow/articulation,Nearside and rebounded,0.0,Going ahead other,1,109,Data missing or out of range,Offside,2004
20044100G0742,26 - 35,10.0,Small town,7.0,6871.0,,,Data missing or out of range,Data missing or out of range,MAN,,Heavy oil,Male,,No tow/articulation,Did not leave carriageway,0.0,U-turn,1,Goods 7.5 tonnes mgw and over,Data missing or out of range,Offside,2004
20044100G0742,26 - 35,3.0,Urban area,4.0,2799.0,,,Data missing or out of range,Data missing or out of range,VAUXHALL,MOVANO DTI 3500 LWB,Heavy oil,Male,,Other tow,Did not leave carriageway,0.0,Overtaking moving vehicle - offside,2,Van / Goods 3.5 tonnes mgw or under,Data missing or out of range,Front,2004
20044100G0762,Data missing or out of range,2.0,Data missing or out of range,,1679.0,,,Data missing or out of range,Data missing or out of range,FORD,PUMA THUNDER,Petrol,Male,,No tow/articulation,Did not leave carriageway,0.0,Reversing,2,109,Data missing or out of range,Did not impact,2004
20044100J2302,46 - 55,5.0,Urban area,6.0,781.0,,,Data missing or out of range,Data missing or out of range,HONDA,VFR800F,Petrol,Male,,No tow/articulation,Did not leave carriageway,0.0,Going ahead other,2,106,Data missing or out of range,Nearside,2004
20044100J2463,26 - 35,,Urban area,5.0,,,,Data missing or out of range,Data missing or out of range,IVECO-FORD,,,Male,,No tow/articulation,Did not leave carriageway,0.0,Going ahead other,1,109,Data missing or out of range,Back,2004
20044100J2508,46 - 55,5.0,Urban area,3.0,1995.0,,,Data missing or out of range,Data missing or out of range,NISSAN,MAXIMA QX V6 24V SE A,Petrol,Male,,No tow/articulation,Did not leave carriageway,0.0,Going ahead other,2,109,Data missing or out of range,Back,2004
20044100J2590,56 - 65,1.0,Data missing or out of range,,1998.0,,,Data missing or out of range,Data missing or out of range,FORD,TRANSIT 280 SWB TD,Heavy oil,Male,,No tow/articulation,Did not leave carriageway,0.0,Going ahead other,2,Van / Goods 3.5 tonnes mgw or under,Data missing or out of range,Back,2004
20044100J2725,56 - 65,1.0,Urban area,9.0,1998.0,,,Data missing or out of range,Data missing or out of range,SAAB,9-3 VECTOR 150 BHP AUTO,Petrol,Male,,No tow/articulation,Did not leave carriageway,0.0,Going ahead other,2,109,Data missing or out of range,Front,2004
20044100J2936,46 - 55,2.0,Urban area,4.0,9200.0,,,Data missing or out of range,Data missing or out of range,DAF,,Heavy oil,Male,,No tow/articulation,Did not leave carriageway,0.0,Overtaking moving vehicle - offside,1,Bus or coach (17 or more pass seats),Data missing or out of range,Nearside,2004
20044100J2988,56 - 65,4.0,Urban area,10.0,1850.0,,,Data missing or out of range,Data missing or out of range,HONDA,ACCORD VTEC SE AUTO,Petrol,Female,,No tow/articulation,Did not leave carriageway,0.0,Going ahead other,1,109,Data missing or out of range,Nearside,2004
20044100K0217,26 - 35,11.0,Urban area,4.0,1120.0,,,Data missing or out of range,Data missing or out of range,ROVER,METRO RIO,Petrol,Female,,No tow/articulation,Did not leave carriageway,0.0,Slowing or stopping,2,109,Data missing or out of range,Back,2004
20044100K0431,36 - 45,1.0,Data missing or out of range,,1995.0,,Other permanent object,Data missing or out of range,Data missing or out of range,BMW,318 CI AUTO,Petrol,Female,,No tow/articulation,Did not leave carriageway,0.0,Waiting to turn right,2,109,Data missing or out of range,Back,2004
20044100K0519,Over 75,11.0,Urban area,6.0,1468.0,,,Data missing or out of range,Data missing or out of range,PROTON,SE,Petrol,Male,,No tow/articulation,Did not leave carriageway,0.0,Slowing or stopping,1,109,Data missing or out of range,Back,2004
20044100K0757,Data missing or out of range,3.0,Data missing or out of range,,1995.0,,,Data missing or out of range,Data missing or out of range,VAUXHALL,ASTRA LS DTI,Heavy oil,Male,,No tow/articulation,Did not leave carriageway,0.0,Slowing or stopping,2,109,Data missing or out of range,Front,2004
20044100K0856,36 - 45,4.0,Urban area,7.0,1500.0,,,Data missing or out of range,Data missing or out of range,SUZUKI,,Petrol,Male,,No tow/articulation,Did not leave carriageway,0.0,Slowing or stopping,2,106,Data missing or out of range,Back,2004
20044100T1019,36 - 45,4.0,Urban area,7.0,11116.0,,,Data missing or out of range,Data missing or out of range,RENAULT,,Heavy oil,Male,,Articulated vehicle,Did not leave carriageway,0.0,Changing lane to left,1,Goods 7.5 tonnes mgw and over,Data missing or out of range,Nearside,2004
20044100T1235,26 - 35,12.0,Urban area,4.0,1968.0,,,Data missing or out of range,Data missing or out of range,VOLKSWAGEN,,Petrol,Male,,No tow/articulation,Did not leave carriageway,0.0,Slowing or stopping,2,Van / Goods 3.5 tonnes mgw or under,Data missing or out of range,Back,2004
20044100T1241,21 - 25,,Small town,9.0,1686.0,,,Data missing or out of range,Data missing or out of range,VAUXHALL,COMBO 2000 DI,Heavy oil,Male,,No tow/articulation,Did not leave carriageway,0.0,Waiting to go - held up,2,Van / Goods 3.5 tonnes mgw or under,Data missing or out of range,Back,2004
20044100T1271,26 - 35,,Urban area,1.0,1248.0,,Central crash barrier,Data missing or out of range,Data missing or out of range,VAUXHALL,CORSA SXI CDTI,Heavy oil,Male,,No tow/articulation,Did not leave carriageway,0.0,Slowing or stopping,2,109,Data missing or out of range,Back,2004
20044100T1307,56 - 65,2.0,Urban area,4.0,4398.0,,,Data missing or out of range,Data missing or out of range,LAND ROVER,RANGE ROVER VOGUE V8 AUTO,Petrol,Male,,No tow/articulation,Did not leave carriageway,0.0,Slowing or stopping,2,109,Data missing or out of range,Front,2004
20044100T1313,21 - 25,,Urban area,4.0,5480.0,,Near/Offside crash barrier,Data missing or out of range,Data missing or out of range,VOLVO,,Heavy oil,Male,Overturned,No tow/articulation,Offside and rebounded,0.0,Going ahead left-hand bend,1,Goods 7.5 tonnes mgw and over,Data missing or out of range,Offside,2004
20044100T1358,56 - 65,3.0,Urban area,7.0,3996.0,,,Data missing or out of range,Data missing or out of range,JAGUAR,SOVEREIGN V8 AUTO,Petrol,Male,,No tow/articulation,Did not leave carriageway,0.0,Slowing or stopping,2,109,Data missing or out of range,Front,2004
20044100T2039,36 - 45,1.0,Urban area,3.0,1753.0,,,Data missing or out of range,Data missing or out of range,FORD,TRANSIT CONNECT T200 TDCI S,Heavy oil,Male,Skidded and overturned,No tow/articulation,Nearside,0.0,Going ahead other,1,Van / Goods 3.5 tonnes mgw or under,Data missing or out of range,Nearside,2004
20044100T2071,56 - 65,1.0,Urban area,10.0,1598.0,,,Data missing or out of range,Data missing or out of range,RENAULT,MEGANE PRIVILEGE VVT AUTO,Petrol,Female,,No tow/articulation,Did not leave carriageway,0.0,Waiting to go - held up,2,109,Data missing or out of range,Back,2004
20044100T2104,26 - 35,4.0,Urban area,10.0,1998.0,,,Data missing or out of range,Data missing or out of range,VAUXHALL,VECTRA SRI 140,Petrol,Male,,No tow/articulation,Did not leave carriageway,0.0,Waiting to go - held up,2,109,Data missing or out of range,Back,2004
20044100T2127,21 - 25,6.0,Urban area,1.0,1994.0,,Tree,Data missing or out of range,Data missing or out of range,ROVER,420DI,Heavy oil,Male,,No tow/articulation,Nearside,0.0,Changing lane to right,2,109,Data missing or out of range,Offside,2004
20044100T2137,36 - 45,1.0,Data missing or out of range,,1870.0,,,Data missing or out of range,Data missing or out of range,RENAULT,LL29 DCI 100,Heavy oil,Male,,No tow/articulation,Did not leave carriageway,0.0,Waiting to go - held up,2,Van / Goods 3.5 tonnes mgw or under,Data missing or out of range,Back,2004
20044100T3062,16 - 20,11.0,Urban area,4.0,954.0,,Near/Offside crash barrier,Data missing or out of range,Data missing or out of range,PEUGEOT,106 KEY LARGO,Petrol,Female,Skidded,No tow/articulation,Nearside and rebounded,0.0,Overtaking moving vehicle - offside,2,109,Data missing or out of range,Nearside,2004
20044100T3092,26 - 35,11.0,Urban area,8.0,1686.0,,,Data missing or out of range,Data missing or out of range,VAUXHALL,ASTRA LS TURBO DIESEL,Heavy oil,Female,,No tow/articulation,Did not leave carriageway,0.0,Changing lane to left,2,109,Data missing or out of range,Nearside,2004
20044100T3115,36 - 45,2.0,Urban area,2.0,11705.0,,,Data missing or out of range,Data missing or out of range,SCANIA,,Heavy oil,Male,,Single trailer,Did not leave carriageway,0.0,Moving off,1,Goods 7.5 tonnes mgw and over,Data missing or out of range,Front,2004
20044100T3222,56 - 65,1.0,Urban area,4.0,1587.0,Kerb,Road sign or traffic signal,Data missing or out of range,Data missing or out of range,CITROEN,XSARA DESIRE,Petrol,Male,Skidded and overturned,No tow/articulation,Nearside,0.0,Going ahead other,1,109,Data missing or out of range,Front,2004
20044200A0215,56 - 65,,Data missing or out of range,,,,,Data missing or out of range,Data missing or out of range,CITROEN,C15 CHAMP 600 D,,Male,,No tow/articulation,Did not leave carriageway,0.0,Going ahead right-hand bend,1,109,Data missing or out of range,Front,2004
20044200A0221,46 - 55,8.0,Urban area,8.0,1753.0,,Central crash barrier,Data missing or out of range,Data missing or out of range,FORD,MONDEO VERONA,Heavy oil,Female,,No tow/articulation,Did not leave carriageway,0.0,Going ahead other,2,109,Data missing or out of range,Back,2004
20044200A0227,66 - 75,4.0,Urban area,3.0,1360.0,,,Data missing or out of range,Data missing or out of range,CITROEN,SAXO DESIRE AUTO,Petrol,Male,,No tow/articulation,Did not leave carriageway,0.0,Parked,3,109,Data missing or out of range,Offside,2004
20044200A0229,66 - 75,16.0,Data missing or out of range,,1117.0,,,Data missing or out of range,Data missing or out of range,FORD,FIESTA FESTIVAL,Petrol,Male,,No tow/articulation,Did not leave carriageway,0.0,Turning right,1,109,Data missing or out of range,Offside,2004
20044200A0337,16 - 20,,Urban area,3.0,,,,Data missing or out of range,Data missing or out of range,APRILIA,,,Male,,No tow/articulation,Did not leave carriageway,0.0,Turning left,2,Motorcycle 50cc and under,Data missing or out of range,Nearside,2004
20044200A0361,56 - 65,8.0,Urban area,9.0,2290.0,,,Data missing or out of range,Data missing or out of range,SAAB,9000 CS TURBO,Petrol,Female,,No tow/articulation,Did not leave carriageway,0.0,Waiting to turn left,4,109,Data missing or out of range,Front,2004
20044200A0381,21 - 25,,Urban area,8.0,1360.0,,Central crash barrier,Data missing or out of range,Data missing or out of range,PEUGEOT,206 S,Petrol,Female,,No tow/articulation,Did not leave carriageway,0.0,Overtaking - nearside,1,109,Data missing or out of range,Front,2004
20044200A0403,Data missing or out of range,16.0,Data missing or out of range,,,,,Data missing or out of range,Data missing or out of range,VOLVO,,Heavy oil,Male,,No tow/articulation,Offside,9.0,Going ahead other,1,Bus or coach (17 or more pass seats),Data missing or out of range,Nearside,2004
20044200A0480,46 - 55,3.0,Urban area,1.0,1298.0,,,Data missing or out of range,Data missing or out of range,DAIHATSU,TERIOS SL,Petrol,Male,Overturned,No tow/articulation,Nearside,0.0,Turning left,1,109,Data missing or out of range,Front,2004
20044200A0481,21 - 25,11.0,Data missing or out of range,,600.0,,,Data missing or out of range,Data missing or out of range,HONDA,,Petrol,Male,Overturned,No tow/articulation,Did not leave carriageway,0.0,Overtaking static vehicle - offside,1,106,Data missing or out of range,Front,2004
20044200A0498,46 - 55,4.0,Small town,6.0,1998.0,,,Data missing or out of range,Data missing or out of range,VAUXHALL,VECTRA SRI 140,Petrol,Male,,No tow/articulation,Did not leave carriageway,0.0,Waiting to go - held up,4,109,Data missing or out of range,Back,2004