Accident_Index,Age_Band_of_Driver,Age_of_Vehicle,Driver_Home_Area_Type,Driver_IMD_Decile,Engine_Capacity_.CC.,Hit_Object_in_Carriageway,Hit_Object_off_Carriageway,Journey_Purpose_of_Driver,Junction_Location,make,model,Propulsion_Code,Sex_of_Driver,Skidding_and_Overturning,Towing_and_Articulation,Vehicle_Leaving_Carriageway,Vehicle_Location.Restricted_Lane,Vehicle_Manoeuvre,Vehicle_Reference,Vehicle_Type,Was_Vehicle_Left_Hand_Drive,X1st_Point_of_Impact,Year
20044200A0506,16 - 20,5.0,Rural,8.0,1390.0,,,Data missing or out of range,Data missing or out of range,RENAULT,CLIO ALIZE,Petrol,Male,Skidded and overturned,No tow/articulation,Nearside,0.0,Going ahead right-hand bend,1,109,Data missing or out of range,Front,2004
20044200A0509,46 - 55,4.0,Data missing or out of range,,1900.0,,,Data missing or out of range,Data missing or out of range,VOLKSWAGEN,PASSAT S TDI AUTO,Heavy oil,Male,,No tow/articulation,Did not leave carriageway,0.0,Going ahead other,2,109,Data missing or out of range,Back,2004
20044200A0643,36 - 45,7.0,Rural,9.0,1998.0,,,Data missing or out of range,Data missing or out of range,KIA,SPORTAGE GLX,Petrol,Female,,No tow/articulation,Did not leave carriageway,0.0,Waiting to turn right,4,109,Data missing or out of range,Back,2004
20044200A0657,Data missing or out of range,,Small town,6.0,,Parked vehicle,,Data missing or out of range,Data missing or out of range,KAWASAKI,,,Female,Skidded,No tow/articulation,Did not leave carriageway,0.0,Going ahead other,1,109,Data missing or out of range,Front,2004
20044200A0687,26 - 35,4.0,Rural,6.0,1597.0,,Lamp post,Data missing or out of range,Data missing or out of range,MITSUBISHI,CARISMA CLASSIC,Petrol,Female,Skidded and overturned,No tow/articulation,Nearside,0.0,Going ahead right-hand bend,1,109,Data missing or out of range,Offside,2004
20044200A0799,46 - 55,21.0,Rural,7.0,10450.0,,,Data missing or out of range,Data missing or out of range,BRISTOL (BLMC),,Heavy oil,Female,,No tow/articulation,Did not leave carriageway,0.0,Going ahead other,1,Bus or coach (17 or more pass seats),Data missing or out of range,Front,2004
20044200B0204,46 - 55,2.0,Small town,9.0,1769.0,,,Data missing or out of range,Data missing or out of range,NISSAN,ALMERA ELEGANCE,Petrol,Female,,No tow/articulation,Nearside and rebounded,0.0,Slowing or stopping,2,109,Data missing or out of range,Front,2004
20044200B0267,26 - 35,2.0,Urban area,10.0,1598.0,,,Data missing or out of range,Data missing or out of range,MAZDA,323F GSI,Petrol,Male,,No tow/articulation,Did not leave carriageway,0.0,Turning left,2,109,Data missing or out of range,Offside,2004
20044200B0287,46 - 55,1.0,Urban area,9.0,1998.0,,,Data missing or out of range,Data missing or out of range,TOYOTA,AVENSIS T3-X,Petrol,Male,,No tow/articulation,Did not leave carriageway,0.0,Waiting to go - held up,4,109,Data missing or out of range,Back,2004
20044200B0323,56 - 65,6.0,Urban area,6.0,1747.0,,,Data missing or out of range,Data missing or out of range,FIAT,BRAVA 1.8 ELX,Petrol,Female,,No tow/articulation,Did not leave carriageway,0.0,Going ahead other,1,109,Data missing or out of range,Data missing or out of range,2004
20044200B0385,21 - 25,11.0,Rural,8.0,1590.0,Parked vehicle,,Data missing or out of range,Data missing or out of range,SUZUKI,VITARA SPORT,Petrol,Male,,No tow/articulation,Did not leave carriageway,0.0,Going ahead other,1,109,Data missing or out of range,Front,2004
20044200B0442,26 - 35,12.0,Data missing or out of range,,1596.0,,Tree,Data missing or out of range,Data missing or out of range,BMW,316 I AUTO,Petrol,Male,Skidded,No tow/articulation,Nearside,0.0,Going ahead other,1,109,Data missing or out of range,Data missing or out of range,2004
20044200B0498,Data missing or out of range,1.0,Data missing or out of range,,1598.0,,,Data missing or out of range,Data missing or out of range,VAUXHALL,ASTRA ACTIVE,Petrol,Not known,,No tow/articulation,Did not leave carriageway,0.0,Moving off,1,109,Data missing or out of range,Data missing or out of range,2004
20044200B0533,21 - 25,7.0,Data missing or out of range,,2793.0,,,Data missing or out of range,Data missing or out of range,BMW,328I CABRIO AUTO,Petrol,Male,,No tow/articulation,Did not leave carriageway,0.0,Slowing or stopping,2,109,Data missing or out of range,Data missing or out of range,2004
20044200B0545,36 - 45,2.0,Urban area,4.0,2800.0,,,Data missing or out of range,Data missing or out of range,IVECO,,Heavy oil,Male,,Single trailer,Did not leave carriageway,0.0,Going ahead other,1,Van / Goods 3.5 tonnes mgw or under,Data missing or out of range,Front,2004
20044200B0623,21 - 25,8.0,Urban area,1.0,3972.0,,,Data missing or out of range,Data missing or out of range,MERCEDES,,Heavy oil,Male,,No tow/articulation,Did not leave carriageway,0.0,Going ahead other,2,Bus or coach (17 or more pass seats),Data missing or out of range,Offside,2004
20044200C0051,Data missing or out of range,4.0,Data missing or out of range,,1360.0,,,Data missing or out of range,Data missing or out of range,PEUGEOT,206 LX AUTO,Petrol,Not known,,No tow/articulation,Did not leave carriageway,0.0,Going ahead other,1,109,Data missing or out of range,Offside,2004
20044200C0172,56 - 65,12.0,Urban area,1.0,1794.0,,,Data missing or out of range,Data missing or out of range,RENAULT,19 RT I,Petrol,Female,Skidded,No tow/articulation,Did not leave carriageway,0.0,Going ahead other,2,109,Data missing or out of range,Back,2004
20044200C0278,46 - 55,3.0,Small town,8.0,1996.0,,,Data missing or out of range,Data missing or out of range,CHRYSLER,PT CRUISER CLASSIC EDITION,Petrol,Female,,No tow/articulation,Did not leave carriageway,0.0,Turning right,1,109,Data missing or out of range,Front,2004
20044200C0293,36 - 45,1.0,Data missing or out of range,,,,,Data missing or out of range,Data missing or out of range,MASSEY FERGUSON,,Heavy oil,Male,,No tow/articulation,Did not leave carriageway,0.0,Going ahead other,4,Agricultural vehicle,Data missing or out of range,Offside,2004
20044200C0322,21 - 25,6.0,Urban area,5.0,1124.0,,,Data missing or out of range,Data missing or out of range,PEUGEOT,106 LOOK+,Petrol,Female,,No tow/articulation,Did not leave carriageway,0.0,Waiting to go - held up,2,109,Data missing or out of range,Back,2004
20044200C0539,36 - 45,,Data missing or out of range,,,,,Data missing or out of range,Data missing or out of range,HONDA,NE50MF,,Female,,No tow/articulation,Did not leave carriageway,0.0,Waiting to go - held up,1,109,Data missing or out of range,Nearside,2004
20044200C0591,26 - 35,1.0,Urban area,3.0,2461.0,,,Data missing or out of range,Data missing or out of range,VOLKSWAGEN,LT 35 TDI MWB,Heavy oil,Male,,No tow/articulation,Did not leave carriageway,0.0,Going ahead other,1,Van / Goods 3.5 tonnes mgw or under,Data missing or out of range,Did not impact,2004
20044200C0649,36 - 45,15.0,Rural,6.0,3590.0,,Central crash barrier,Data missing or out of range,Data missing or out of range,JAGUAR,XJ-S AUTO,Petrol,Male,Skidded,No tow/articulation,Offside on to centrl res + rebounded,0.0,Going ahead other,1,109,Data missing or out of range,Front,2004
20044200C0654,66 - 75,13.0,Data missing or out of range,,365.0,,,Data missing or out of range,Data missing or out of range,MASSEY FERGUSON,,Heavy oil,Male,,No tow/articulation,Did not leave carriageway,0.0,Going ahead other,2,Agricultural vehicle,Data missing or out of range,Front,2004
20044200C0813,Data missing or out of range,4.0,Rural,7.0,1242.0,,,Data missing or out of range,Data missing or out of range,FIAT,PUNTO ELX 16V,Petrol,Female,,No tow/articulation,Did not leave carriageway,0.0,Going ahead other,1,109,Data missing or out of range,Front,2004
20044200C0897,16 - 20,,Data missing or out of range,,,,,Data missing or out of range,Data missing or out of range,FIAT,PUNTO VAN JTD,,Male,,No tow/articulation,Did not leave carriageway,0.0,Going ahead left-hand bend,2,109,Data missing or out of range,Front,2004
20044200D0058,36 - 45,10.0,Data missing or out of range,,1119.0,,,Data missing or out of range,Data missing or out of range,FORD,FIESTA FRESCO I,Petrol,Female,,No tow/articulation,Nearside,0.0,Going ahead right-hand bend,2,109,Data missing or out of range,Front,2004
20044200D0090,26 - 35,5.0,Data missing or out of range,,1799.0,,,Data missing or out of range,Data missing or out of range,VAUXHALL,VECTRA ARCTIC 16V,Petrol,Male,,No tow/articulation,Nearside and rebounded,0.0,Going ahead right-hand bend,1,109,Data missing or out of range,Front,2004
20044200D0189,26 - 35,4.0,Urban area,4.0,1794.0,,,Data missing or out of range,Data missing or out of range,TOYOTA,CELICA VVTI,Petrol,Male,,No tow/articulation,Did not leave carriageway,0.0,Going ahead right-hand bend,2,109,Data missing or out of range,Data missing or out of range,2004
20044200D0272,26 - 35,6.0,Urban area,4.0,1948.0,,,Data missing or out of range,Data missing or out of range,RENAULT,LAGUNA EXECUTIVE,Petrol,Female,,No tow/articulation,Did not leave carriageway,0.0,Turning right,1,109,Data missing or out of range,Front,2004
20044200D0292,16 - 20,6.0,Urban area,2.0,1149.0,,,Data missing or out of range,Data missing or out of range,RENAULT,CLIO BIARRITZ,Petrol,Male,,No tow/articulation,Did not leave carriageway,0.0,Going ahead other,1,109,Data missing or out of range,Offside,2004
20044200D0376,26 - 35,3.0,Data missing or out of range,,1468.0,,,Data missing or out of range,Data missing or out of range,PROTON,SATRIA LUX SPORT AUTO,Petrol,Male,,No tow/articulation,Did not leave carriageway,0.0,Going ahead other,1,109,Data missing or out of range,Front,2004
20044200D0395,26 - 35,6.0,Data missing or out of range,,1781.0,,,Data missing or out of range,Data missing or out of range,AUDI,A6 1.8 T SE,Petrol,Male,,No tow/articulation,Did not leave carriageway,0.0,Parked,2,109,Data missing or out of range,Nearside,2004
20044200D0429,36 - 45,15.0,Urban area,3.0,1958.0,,,Data missing or out of range,Data missing or out of range,HONDA,PRELUDE 4WS AUTO,Petrol,Female,,No tow/articulation,Did not leave carriageway,0.0,Going ahead other,1,109,Data missing or out of range,Nearside,2004
20044200E0027,36 - 45,1.0,Urban area,6.0,1298.0,,,Data missing or out of range,Data missing or out of range,DAIHATSU,TERIOS EL,Petrol,Female,,No tow/articulation,Did not leave carriageway,0.0,Going ahead other,2,109,Data missing or out of range,Front,2004
20044200E0068,36 - 45,7.0,Urban area,6.0,1002.0,,Tree,Data missing or out of range,Data missing or out of range,YAMAHA,YZF 1000R,Petrol,Male,,No tow/articulation,Offside,0.0,Going ahead left-hand bend,1,106,Data missing or out of range,Front,2004
20044200E0246,36 - 45,,Urban area,6.0,2198.0,,,Data missing or out of range,Data missing or out of range,VAUXHALL,ASTRA COUPE CONVERTIBLE AUT,Petrol,Female,,No tow/articulation,Did not leave carriageway,0.0,Waiting to go - held up,1,109,Data missing or out of range,Front,2004
20044200E0276,26 - 35,8.0,Urban area,10.0,1200.0,,,Data missing or out of range,Data missing or out of range,SUZUKI,,Petrol,Male,Skidded,No tow/articulation,Did not leave carriageway,0.0,Going ahead other,2,106,Data missing or out of range,Front,2004
20044200E0290,56 - 65,8.0,Urban area,1.0,1495.0,,,Data missing or out of range,Data missing or out of range,HYUNDAI,ACCENT GS,Petrol,Female,,No tow/articulation,Did not leave carriageway,0.0,Turning right,2,109,Data missing or out of range,Data missing or out of range,2004
20044200E0422,26 - 35,,Urban area,4.0,,,,Data missing or out of range,Data missing or out of range,FORD,FIESTA COURIER DIESEL,,Male,,No tow/articulation,Did not leave carriageway,0.0,Going ahead other,1,109,Data missing or out of range,Offside,2004
20044200E0438,46 - 55,10.0,Urban area,8.0,9600.0,,,Data missing or out of range,Data missing or out of range,VOLVO,,Heavy oil,Male,,No tow/articulation,Did not leave carriageway,0.0,Moving off,1,Bus or coach (17 or more pass seats),Data missing or out of range,Did not impact,2004
20044200E0447,36 - 45,3.0,Rural,2.0,1199.0,,,Data missing or out of range,Data missing or out of range,VAUXHALL,CORSA COMFORT 16V,Petrol,Female,,No tow/articulation,Did not leave carriageway,0.0,Slowing or stopping,2,109,Data missing or out of range,Back,2004
20044200E0542,36 - 45,8.0,Rural,6.0,885.0,,,Data missing or out of range,Data missing or out of range,TRIUMPH,,Petrol,Male,Skidded,No tow/articulation,Did not leave carriageway,0.0,Going ahead other,2,106,Data missing or out of range,Front,2004
20044200E0553,66 - 75,6.0,Rural,6.0,1997.0,,,Data missing or out of range,Data missing or out of range,ROVER,620 SI AUTO,Petrol,Male,,No tow/articulation,Did not leave carriageway,0.0,Going ahead other,1,109,Data missing or out of range,Nearside,2004
20044200E0636,36 - 45,14.0,Data missing or out of range,,249.0,,,Data missing or out of range,Data missing or out of range,SUZUKI,,Petrol,Male,Skidded and overturned,No tow/articulation,Did not leave carriageway,0.0,Going ahead other,2,106,Data missing or out of range,Nearside,2004
20044200F0002,36 - 45,17.0,Urban area,6.0,749.0,,,Data missing or out of range,Data missing or out of range,SUZUKI,,Petrol,Male,,No tow/articulation,Did not leave carriageway,0.0,Going ahead other,2,106,Data missing or out of range,Front,2004
20044200F0048,26 - 35,7.0,Urban area,4.0,5861.0,,,Data missing or out of range,Data missing or out of range,IVECO-FORD,,Heavy oil,Male,Skidded,No tow/articulation,Did not leave carriageway,0.0,Slowing or stopping,1,Goods 7.5 tonnes mgw and over,Data missing or out of range,Front,2004
20044200F0057,36 - 45,,Urban area,6.0,,,,Data missing or out of range,Data missing or out of range,FORD,TRANSIT 280 SWB TD,,Male,,No tow/articulation,Did not leave carriageway,0.0,Going ahead other,4,109,Data missing or out of range,Front,2004
20044200F0101,36 - 45,6.0,Urban area,1.0,2664.0,,,Data missing or out of range,Data missing or out of range,LONDON TAXIS INT,TX1 SILVER AUTO,Heavy oil,Male,Skidded,No tow/articulation,Did not leave carriageway,0.0,Going ahead other,1,108,Data missing or out of range,Front,2004
20044200F0141,26 - 35,,Data missing or out of range,,,Parked vehicle,,Data missing or out of range,Data missing or out of range,FORD,TRAN CONNECT LX TDDI SWB,,Male,Overturned,No tow/articulation,Did not leave carriageway,0.0,Going ahead other,1,109,Data missing or out of range,Front,2004
20044200F0182,26 - 35,,Urban area,9.0,1461.0,,,Data missing or out of range,Data missing or out of range,RENAULT,MEGANE AUTHENTIQUE DCI 80,Heavy oil,Male,,No tow/articulation,Did not leave carriageway,0.0,Going ahead other,2,109,Data missing or out of range,Front,2004
20044200F0316,26 - 35,1.0,Urban area,6.0,1240.0,,,Data missing or out of range,Data missing or out of range,NISSAN,MICRA SE AUTO,Petrol,Female,,No tow/articulation,Did not leave carriageway,0.0,Going ahead other,2,109,Data missing or out of range,Did not impact,2004
20044200F0358,36 - 45,,Urban area,4.0,,,,Data missing or out of range,Data missing or out of range,SKODA,FABIA COMFORT 1.2 HTP 64,,Male,Skidded,No tow/articulation,Did not leave carriageway,0.0,Going ahead other,3,Motorcycle 125cc and under,Data missing or out of range,Front,2004
20044200F0498,Data missing or out of range,,Urban area,6.0,1794.0,,,Data missing or out of range,Data missing or out of range,TOYOTA,AVENSIS T3-X,Petrol,Male,,No tow/articulation,Did not leave carriageway,0.0,Going ahead other,1,109,Data missing or out of range,Front,2004
20044200F0541,56 - 65,2.0,Urban area,7.0,2499.0,,,Data missing or out of range,Data missing or out of range,FORD,RANGER XLT 4X4 TD,Heavy oil,Male,,No tow/articulation,Did not leave carriageway,0.0,Slowing or stopping,4,Van / Goods 3.5 tonnes mgw or under,Data missing or out of range,Back,2004
20044200F0543,36 - 45,1.0,Urban area,5.0,1998.0,,,Data missing or out of range,Data missing or out of range,HONDA,CR-V I-VTEC SE AUTO,Petrol,Male,,No tow/articulation,Did not leave carriageway,0.0,Going ahead other,2,109,Data missing or out of range,Back,2004
20044200F0588,36 - 45,3.0,Data missing or out of range,,1951.0,,,Data missing or out of range,Data missing or out of range,LAND ROVER,FREELANDER TD4 S,Heavy oil,Male,,No tow/articulation,Did not leave carriageway,0.0,Going ahead left-hand bend,3,109,Data missing or out of range,Back,2004
20044200F0617,16 - 20,9.0,Data missing or out of range,,1119.0,,,Data missing or out of range,Data missing or out of range,FORD,FIESTA I,Petrol,Male,Skidded,No tow/articulation,Did not leave carriageway,0.0,Going ahead other,1,109,Data missing or out of range,Front,2004
20044200G0031,21 - 25,3.0,Urban area,,2324.0,,,Data missing or out of range,Data missing or out of range,VOLKSWAGEN,GOLF V5,Petrol,Male,Skidded,No tow/articulation,Did not leave carriageway,0.0,Slowing or stopping,1,109,Data missing or out of range,Front,2004
20044200G0142,Data missing or out of range,6.0,Rural,6.0,998.0,,,Data missing or out of range,Data missing or out of range,NISSAN,MICRA PASSION,Petrol,Female,,No tow/articulation,Did not leave carriageway,0.0,Going ahead other,1,109,Data missing or out of range,Front,2004
20044200G0261,36 - 45,20.0,Urban area,2.0,749.0,,,Data missing or out of range,Data missing or out of range,HONDA,CBX 750 FE,Petrol,Male,Overturned,No tow/articulation,Did not leave carriageway,0.0,Going ahead other,3,106,Data missing or out of range,Front,2004
20044200G0333,Data missing or out of range,7.0,Small town,10.0,1598.0,,,Data missing or out of range,Data missing or out of range,RENAULT,MEGANE RT SPORT 1.6E,Petrol,Female,,No tow/articulation,Offside,0.0,Going ahead other,1,109,Data missing or out of range,Front,2004
20044200G0350,16 - 20,5.0,Urban area,4.0,1242.0,,Central crash barrier,Data missing or out of range,Data missing or out of range,FIAT,PUNTO SX 60 SELECTA,Petrol,Female,,No tow/articulation,Did not leave carriageway,0.0,Changing lane to right,1,109,Data missing or out of range,Front,2004
20044200G0392,26 - 35,5.0,Data missing or out of range,,2400.0,,,Data missing or out of range,Data missing or out of range,MERCEDES,,Petrol,Male,,No tow/articulation,Did not leave carriageway,9.0,Reversing,1,109,Data missing or out of range,Back,2004
20044200G0400,Data missing or out of range,2.0,Data missing or out of range,,599.0,Bollard or refuge,Other permanent object,Data missing or out of range,Data missing or out of range,YAMAHA,,Petrol,Male,Overturned,No tow/articulation,Nearside,0.0,Going ahead other,1,106,Data missing or out of range,Front,2004
20044200G0466,16 - 20,3.0,Data missing or out of range,,1242.0,,Telegraph or electricity pole,Data missing or out of range,Data missing or out of range,FORD,FIESTA BLACK,Petrol,Male,Skidded,No tow/articulation,Nearside,0.0,Going ahead left-hand bend,1,109,Data missing or out of range,Front,2004
20044200G0530,26 - 35,1.0,Urban area,10.0,1910.0,,,Data missing or out of range,Data missing or out of range,FIAT,STILO JTD DYNAMIC,Heavy oil,Male,,No tow/articulation,Did not leave carriageway,0.0,Waiting to go - held up,1,109,Data missing or out of range,Front,2004
20044200G0570,26 - 35,2.0,Small town,5.0,1165.0,,,Data missing or out of range,Data missing or out of range,KAWASAKI,ZR1200-A2P,Petrol,Male,Overturned,No tow/articulation,Did not leave carriageway,0.0,Going ahead other,2,106,Data missing or out of range,Offside,2004
20044200G0610,26 - 35,3.0,Urban area,10.0,1997.0,,,Data missing or out of range,Data missing or out of range,CITROEN,XSARA PICASSO LX HDI,Heavy oil,Male,,No tow/articulation,Did not leave carriageway,0.0,Turning right,1,109,Data missing or out of range,Back,2004
20044200G0763,46 - 55,9.0,Data missing or out of range,,1120.0,,,Data missing or out of range,Data missing or out of range,ROVER,111 SI,Petrol,Female,,No tow/articulation,Did not leave carriageway,0.0,Moving off,2,109,Data missing or out of range,Offside,2004
20044200G0956,46 - 55,,Rural,3.0,1130.0,,,Data missing or out of range,Data missing or out of range,BMW,R 1150 RT,Petrol,Male,,No tow/articulation,Did not leave carriageway,6.0,Overtaking - nearside,1,106,Data missing or out of range,Front,2004
20044200G0967,36 - 45,2.0,Small town,9.0,1299.0,,,Data missing or out of range,Data missing or out of range,TOYOTA,YARIS CDX VVTI AUTO,Petrol,Female,,No tow/articulation,Did not leave carriageway,0.0,Waiting to go - held up,4,109,Data missing or out of range,Front,2004
20044200G1021,46 - 55,2.0,Small town,9.0,1149.0,,,Data missing or out of range,Data missing or out of range,RENAULT,CLIO EXPRESSION+ 16V,Petrol,Female,,No tow/articulation,Did not leave carriageway,0.0,Going ahead other,2,109,Data missing or out of range,Front,2004
20044200G1106,26 - 35,4.0,Data missing or out of range,,1997.0,,Near/Offside crash barrier,Data missing or out of range,Data missing or out of range,PEUGEOT,306 MERIDIAN HDI (90),Heavy oil,Female,,No tow/articulation,Nearside and rebounded,0.0,Going ahead other,1,109,Data missing or out of range,Front,2004
20044200G1121,16 - 20,6.0,Data missing or out of range,,1597.0,,,Data missing or out of range,Data missing or out of range,FORD,ESCORT FINESSE 16V,Petrol,Male,,No tow/articulation,Did not leave carriageway,0.0,Going ahead other,1,109,Data missing or out of range,Nearside,2004
20044200G1143,Data missing or out of range,1.0,Data missing or out of range,,1339.0,,,Data missing or out of range,Data missing or out of range,HONDA,JAZZ SE,Petrol,Not known,,No tow/articulation,Did not leave carriageway,3.0,Parked,4,109,Data missing or out of range,Data missing or out of range,2004
20044200G1179,36 - 45,11.0,Data missing or out of range,,5900.0,,,Data missing or out of range,Data missing or out of range,DENNIS,,Heavy oil,Male,,No tow/articulation,Did not leave carriageway,0.0,Going ahead other,1,Bus or coach (17 or more pass seats),Data missing or out of range,Nearside,2004
20044200H0061,Data missing or out of range,9.0,Data missing or out of range,,1392.0,,,Data missing or out of range,Data missing or out of range,NISSAN,SUNNY SEQUEL,Petrol,Female,,No tow/articulation,Did not leave carriageway,0.0,Reversing,1,109,Data missing or out of range,Back,2004
20044200H0113,46 - 55,1.0,Urban area,9.0,1870.0,,,Data missing or out of range,Data missing or out of range,RENAULT,LAGUNA EXP-ION DCI 120BHP,Heavy oil,Female,,No tow/articulation,Did not leave carriageway,0.0,Slowing or stopping,1,109,Data missing or out of range,Back,2004
20044200H0114,46 - 55,6.0,Urban area,9.0,4250.0,,,Data missing or out of range,Data missing or out of range,MERCEDES,,Heavy oil,Male,,No tow/articulation,Did not leave carriageway,0.0,Parked,1,Bus or coach (17 or more pass seats),Data missing or out of range,Did not impact,2004
20044200H0147,26 - 35,12.0,Data missing or out of range,,899.0,Bollard or refuge,,Data missing or out of range,Data missing or out of range,HONDA,,Petrol,Male,Skidded,No tow/articulation,Did not leave carriageway,0.0,Going ahead other,1,106,Data missing or out of range,Offside,2004
20044200H0167,36 - 45,6.0,Urban area,2.0,1997.0,,Other permanent object,Data missing or out of range,Data missing or out of range,HONDA,ACCORD 2.0I SE AUTO,Petrol,Male,,No tow/articulation,Nearside,0.0,Going ahead other,2,109,Data missing or out of range,Front,2004
20044200H0342,36 - 45,12.0,Urban area,3.0,1396.0,,Lamp post,Data missing or out of range,Data missing or out of range,ROVER,METRO LD,Heavy oil,Female,,No tow/articulation,Offside on to central reservation,0.0,Going ahead other,1,109,Data missing or out of range,Front,2004
20044200H0378,36 - 45,,Data missing or out of range,,1388.0,,,Data missing or out of range,Data missing or out of range,FORD,FUSION 1 SEMI AUTO,Petrol,Female,,No tow/articulation,Did not leave carriageway,0.0,Turning right,2,109,Data missing or out of range,Offside,2004
20044200H0405,Data missing or out of range,,Data missing or out of range,,,,,Data missing or out of range,Data missing or out of range,BEDFORD,MIDI DIESEL,,Not known,,No tow/articulation,Did not leave carriageway,0.0,Parked,5,109,Data missing or out of range,Offside,2004
20044200H0421,36 - 45,8.0,Data missing or out of range,,1905.0,,,Data missing or out of range,Data missing or out of range,CITROEN,BERLINGO 1.9D 600,Heavy oil,Male,,No tow/articulation,Did not leave carriageway,0.0,Turning right,2,Van / Goods 3.5 tonnes mgw or under,Data missing or out of range,Nearside,2004
20044200H0504,16 - 20,6.0,Urban area,7.0,124.0,,Other permanent object,Data missing or out of range,Data missing or out of range,APRILIA,,Petrol,Male,,No tow/articulation,Nearside,0.0,Going ahead other,2,Motorcycle 125cc and under,Data missing or out of range,Front,2004
20044200H0516,46 - 55,12.0,Urban area,6.0,1390.0,,,Data missing or out of range,Data missing or out of range,RENAULT,19 CHAMADE PRIMA,Petrol,Male,,No tow/articulation,Did not leave carriageway,0.0,Turning right,1,109,Data missing or out of range,Front,2004
20044200H0552,36 - 45,,Urban area,1.0,1248.0,,,Data missing or out of range,Data missing or out of range,FIAT,PUNTO ACTIVE MULTI-JET,Heavy oil,Male,Skidded,No tow/articulation,Did not leave carriageway,0.0,Going ahead other,3,109,Data missing or out of range,Front,2004
20044200H0562,26 - 35,8.0,Data missing or out of range,,3378.0,,,Data missing or out of range,Data missing or out of range,TOYOTA,LANDCRUISER COLORADO VX A,Petrol,Female,,No tow/articulation,Did not leave carriageway,0.0,Going ahead other,2,109,Data missing or out of range,Front,2004
20044200J0033,21 - 25,12.0,Urban area,2.0,1998.0,,,Data missing or out of range,Data missing or out of range,FORD,ESCORT RS 2000,Petrol,Male,,No tow/articulation,Did not leave carriageway,0.0,Slowing or stopping,4,109,Data missing or out of range,Front,2004
20044200J0238,36 - 45,2.0,Rural,7.0,1598.0,,,Data missing or out of range,Data missing or out of range,VOLKSWAGEN,,Petrol,Female,,No tow/articulation,Did not leave carriageway,0.0,Slowing or stopping,3,109,Data missing or out of range,Back,2004
20044200J0340,36 - 45,8.0,Urban area,4.0,1002.0,,,Data missing or out of range,Data missing or out of range,YAMAHA,,Petrol,Male,Skidded,No tow/articulation,Did not leave carriageway,0.0,Going ahead other,1,106,Data missing or out of range,Front,2004
20044200J0477,Data missing or out of range,,Data missing or out of range,,,,,Data missing or out of range,Data missing or out of range,MITSUBISHI,L200 WARRIOR LWB,,Male,,No tow/articulation,Did not leave carriageway,0.0,Going ahead other,1,109,Data missing or out of range,Front,2004
20044200J0502,36 - 45,1.0,Rural,4.0,2982.0,,,Data missing or out of range,Data missing or out of range,TOYOTA,LANDCRUISER LC5 D-4D,Heavy oil,Female,,No tow/articulation,Did not leave carriageway,0.0,Waiting to turn right,3,109,Data missing or out of range,Back,2004
20044200J0511,36 - 45,22.0,Urban area,4.0,738.0,,,Data missing or out of range,Data missing or out of range,KAWASAKI,Z750-P1,Petrol,Male,,No tow/articulation,Did not leave carriageway,0.0,Overtaking moving vehicle - offside,1,106,Data missing or out of range,Front,2004
20044200K0003,46 - 55,15.0,Urban area,4.0,1397.0,,,Data missing or out of range,Data missing or out of range,RENAULT,5 AUTO,Petrol,Female,Skidded,No tow/articulation,Did not leave carriageway,0.0,Going ahead other,1,109,Data missing or out of range,Back,2004
20044200K0015,36 - 45,1.0,Urban area,10.0,698.0,,,Data missing or out of range,Data missing or out of range,SMART,CITY PASSION 61 AUTO,Petrol,Male,,No tow/articulation,Did not leave carriageway,0.0,Waiting to go - held up,2,109,Data missing or out of range,Back,2004
200443N002124,36 - 45,3.0,Urban area,8.0,1998.0,,,Data missing or out of range,Data missing or out of range,FORD,MONDEO GHIA TDDI,Heavy oil,Female,,No tow/articulation,Did not leave carriageway,0.0,Turning right,1,109,Data missing or out of range,Offside,2004