Accident_Index,Age_Band_of_Driver,Age_of_Vehicle,Driver_Home_Area_Type,Driver_IMD_Decile,Engine_Capacity_.CC.,Hit_Object_in_Carriageway,Hit_Object_off_Carriageway,Journey_Purpose_of_Driver,Junction_Location,make,model,Propulsion_Code,Sex_of_Driver,Skidding_and_Overturning,Towing_and_Articulation,Vehicle_Leaving_Carriageway,Vehicle_Location.Restricted_Lane,Vehicle_Manoeuvre,Vehicle_Reference,Vehicle_Type,Was_Vehicle_Left_Hand_Drive,X1st_Point_of_Impact,Year
200443N003074,36 - 45,1.0,Urban area,4.0,1339.0,,,Data missing or out of range,Data missing or out of range,HONDA,JAZZ SE,Petrol,Female,,No tow/articulation,Did not leave carriageway,0.0,Parked,2,109,Data missing or out of range,Nearside,2004
200443N009014,46 - 55,1.0,Urban area,,2148.0,,,Data missing or out of range,Data missing or out of range,MERCEDES,E220 CDI CLASSIC AUTO,Heavy oil,Female,,No tow/articulation,Did not leave carriageway,0.0,Turning right,1,109,Data missing or out of range,Front,2004
200443N010024,26 - 35,6.0,Urban area,6.0,1998.0,,,Data missing or out of range,Data missing or out of range,VAUXHALL,VECTRA SRI 140,Petrol,Male,,No tow/articulation,Did not leave carriageway,0.0,Going ahead other,1,109,Data missing or out of range,Front,2004
200443N041054,36 - 45,6.0,Small town,10.0,1157.0,,,Data missing or out of range,Data missing or out of range,SUZUKI,,Petrol,Male,,No tow/articulation,Did not leave carriageway,0.0,Slowing or stopping,2,106,Data missing or out of range,Did not impact,2004
200443N041064,26 - 35,11.0,Urban area,9.0,1595.0,,,Data missing or out of range,Data missing or out of range,HONDA,CIVIC CRX ESI,Petrol,Male,Skidded,No tow/articulation,Offside,0.0,Going ahead other,2,109,Data missing or out of range,Nearside,2004
200443N053044,36 - 45,16.0,Urban area,2.0,1990.0,,,Data missing or out of range,Data missing or out of range,BMW,320I AUTO,Petrol,Male,,No tow/articulation,Did not leave carriageway,0.0,Going ahead other,2,109,Data missing or out of range,Front,2004
200443N064114,46 - 55,,Urban area,9.0,,,,Data missing or out of range,Data missing or out of range,RENAULT,KANGOO SL17 DCI 70+,,Male,,No tow/articulation,Did not leave carriageway,0.0,Going ahead other,2,109,Data missing or out of range,Front,2004
200443N081014,46 - 55,2.0,Urban area,10.0,2976.0,,,Data missing or out of range,Data missing or out of range,AUDI,A6 3.0 QUATTRO SPORT,Petrol,Male,Skidded,No tow/articulation,Did not leave carriageway,0.0,Going ahead other,2,109,Data missing or out of range,Front,2004
200443N111104,21 - 25,4.0,Urban area,3.0,998.0,,,Data missing or out of range,Data missing or out of range,NISSAN,MICRA PROFILE 16V,Petrol,Female,,No tow/articulation,Did not leave carriageway,0.0,Going ahead other,1,109,Data missing or out of range,Offside,2004
200443N127024,26 - 35,,Urban area,8.0,,,,Data missing or out of range,Data missing or out of range,CITROEN,C5 HPI EXCLUSIVE,,Male,,No tow/articulation,Did not leave carriageway,0.0,Turning right,1,Goods 7.5 tonnes mgw and over,Data missing or out of range,Offside,2004
200443N139014,16 - 20,4.0,Urban area,10.0,1390.0,Kerb,Other permanent object,Data missing or out of range,Data missing or out of range,RENAULT,CLIO S,Petrol,Male,Skidded,No tow/articulation,Nearside,0.0,Going ahead other,1,109,Data missing or out of range,Front,2004
200443N146074,46 - 55,11.0,Urban area,5.0,1794.0,,Near/Offside crash barrier,Data missing or out of range,Data missing or out of range,VOLVO,440 SXI,Petrol,Male,Skidded and overturned,No tow/articulation,Nearside,0.0,Going ahead other,1,109,Data missing or out of range,Front,2004
200443N155124,56 - 65,14.0,Small town,6.0,1235.0,,,Data missing or out of range,Data missing or out of range,NISSAN,MICRA GS AUTO,Petrol,Female,,No tow/articulation,Did not leave carriageway,0.0,Waiting to go - held up,2,109,Data missing or out of range,Back,2004
200443N157114,36 - 45,3.0,Urban area,8.0,1998.0,,Central crash barrier,Data missing or out of range,Data missing or out of range,NISSAN,X-TRAIL SE PLUS,Petrol,Female,,No tow/articulation,Did not leave carriageway,0.0,Going ahead other,4,109,Data missing or out of range,Back,2004
200443N161014,36 - 45,4.0,Urban area,10.0,1324.0,,,Data missing or out of range,Data missing or out of range,KIA,PRIDE SX,Petrol,Male,,No tow/articulation,Did not leave carriageway,0.0,Going ahead other,1,109,Data missing or out of range,Nearside,2004
200443N173064,26 - 35,,Urban area,8.0,2290.0,,,Data missing or out of range,Data missing or out of range,SAAB,9-5 VECTOR AUTO,Petrol,Male,,No tow/articulation,Did not leave carriageway,0.0,Going ahead other,1,109,Data missing or out of range,Front,2004
200443N182034,26 - 35,8.0,Urban area,8.0,1598.0,,,Data missing or out of range,Data missing or out of range,VAUXHALL,VECTRA PREMIER,Petrol,Male,,No tow/articulation,Did not leave carriageway,0.0,Going ahead other,1,109,Data missing or out of range,Front,2004
200443N196064,66 - 75,1.0,Urban area,10.0,2148.0,Kerb,Other permanent object,Data missing or out of range,Data missing or out of range,MERCEDES,E220 CDI ELEGANCE AUTO,Heavy oil,Male,Skidded,No tow/articulation,Nearside,0.0,Parked,1,109,Data missing or out of range,Front,2004
200443N251064,36 - 45,8.0,Urban area,6.0,5958.0,,,Data missing or out of range,Data missing or out of range,MERCEDES,,Heavy oil,Male,,No tow/articulation,Did not leave carriageway,0.0,Going ahead other,2,Goods 7.5 tonnes mgw and over,Data missing or out of range,Back,2004
200443N261114,66 - 75,1.0,Rural,7.0,2497.0,,,Data missing or out of range,Data missing or out of range,MG,ZS,Petrol,Male,,No tow/articulation,Did not leave carriageway,0.0,Going ahead other,2,109,Data missing or out of range,Front,2004
200443N277034,36 - 45,3.0,Urban area,5.0,1870.0,,Telegraph or electricity pole,Data missing or out of range,Data missing or out of range,RENAULT,MEGANE EXPRESSION DCI,Heavy oil,Male,Skidded,No tow/articulation,Offside,0.0,Going ahead right-hand bend,1,109,Data missing or out of range,Front,2004
200443N278034,Data missing or out of range,3.0,Rural,9.0,2295.0,,,Data missing or out of range,Data missing or out of range,MERCEDES,CLK 230 ELEGANCE KOMP AUT,Petrol,Not known,,No tow/articulation,Did not leave carriageway,0.0,Parked,2,109,Data missing or out of range,Back,2004
200443N302024,Data missing or out of range,13.0,Data missing or out of range,,1781.0,,,Data missing or out of range,Data missing or out of range,VOLKSWAGEN,GOLF GL 4+E 1.8,Petrol,Not known,,No tow/articulation,Did not leave carriageway,0.0,Turning right,1,109,Data missing or out of range,Front,2004
200443N328034,26 - 35,11.0,Urban area,9.0,1389.0,,,Data missing or out of range,Data missing or out of range,VAUXHALL,ASTRA LS I,Petrol,Female,,No tow/articulation,Did not leave carriageway,0.0,Going ahead other,2,109,Data missing or out of range,Front,2004
200443N353014,36 - 45,5.0,Urban area,9.0,1900.0,,,Data missing or out of range,Data missing or out of range,VOLKSWAGEN,PASSAT SE TDI AUTO,Heavy oil,Male,,No tow/articulation,Nearside,0.0,Going ahead other,3,109,Data missing or out of range,Offside,2004
200443P016104,46 - 55,,Urban area,10.0,1781.0,,,Data missing or out of range,Data missing or out of range,AUDI,A4 T (163) LTD EDTN CVT,Petrol,Male,,No tow/articulation,Did not leave carriageway,0.0,Going ahead other,2,109,Data missing or out of range,Back,2004
200443P035094,26 - 35,11.0,Rural,7.0,,,,Data missing or out of range,Data missing or out of range,FORD NEW HOLLAND,,Heavy oil,Male,,No tow/articulation,Did not leave carriageway,0.0,Going ahead other,2,Agricultural vehicle,Data missing or out of range,Front,2004
200443P040034,56 - 65,1.0,Rural,7.0,1397.0,,,Data missing or out of range,Data missing or out of range,MERCEDES,A140 CLASSIC SE LWB AUTO,Petrol,Female,,No tow/articulation,Did not leave carriageway,0.0,Going ahead other,1,109,Data missing or out of range,Front,2004
200443P043074,21 - 25,10.0,Urban area,4.0,5958.0,,,Data missing or out of range,Data missing or out of range,MERCEDES,,Heavy oil,Male,,No tow/articulation,Did not leave carriageway,0.0,Slowing or stopping,1,Van / Goods 3.5 tonnes mgw or under,Data missing or out of range,Offside,2004
200443P047054,Data missing or out of range,9.0,Data missing or out of range,,1119.0,,,Data missing or out of range,Data missing or out of range,FORD,FIESTA MISTRAL,Petrol,Female,,No tow/articulation,Did not leave carriageway,0.0,Going ahead other,1,109,Data missing or out of range,Front,2004
200443P064104,21 - 25,1.0,Data missing or out of range,,12000.0,,,Data missing or out of range,Data missing or out of range,FODEN,,Heavy oil,Male,Skidded,Articulated vehicle,Did not leave carriageway,0.0,Going ahead other,3,Goods 7.5 tonnes mgw and over,Data missing or out of range,Back,2004
200443P075054,36 - 45,,Rural,6.0,,,,Data missing or out of range,Data missing or out of range,RENAULT,KANGOO SL17DCI 70,,Female,,No tow/articulation,Did not leave carriageway,0.0,Moving off,1,109,Data missing or out of range,Front,2004
200443P100114,26 - 35,11.0,Small town,10.0,1753.0,,,Data missing or out of range,Data missing or out of range,FORD,ESCORT LX DIESEL,Heavy oil,Male,,No tow/articulation,Did not leave carriageway,0.0,Slowing or stopping,1,109,Data missing or out of range,Front,2004
200443P104014,26 - 35,5.0,Urban area,10.0,1589.0,,,Data missing or out of range,Data missing or out of range,ROVER,216I E 16V,Petrol,Male,,No tow/articulation,Did not leave carriageway,0.0,Going ahead other,1,109,Data missing or out of range,Front,2004
200443P129044,66 - 75,15.0,Small town,10.0,1275.0,,Other permanent object,Data missing or out of range,Data missing or out of range,ROVER,METRO CLUBMAN L,Petrol,Male,,No tow/articulation,Nearside and rebounded,0.0,Going ahead left-hand bend,1,109,Data missing or out of range,Front,2004
200443P147124,66 - 75,,Rural,7.0,1988.0,,,Data missing or out of range,Data missing or out of range,JAGUAR,X-TYPE CLASSIC D,Heavy oil,Female,,No tow/articulation,Did not leave carriageway,0.0,Turning right,1,109,Data missing or out of range,Offside,2004
200443P151024,46 - 55,9.0,Urban area,8.0,,,,Data missing or out of range,Data missing or out of range,FODEN,,Heavy oil,Male,,No tow/articulation,Did not leave carriageway,0.0,Parked,2,Goods 7.5 tonnes mgw and over,Data missing or out of range,Offside,2004
200443P153064,46 - 55,6.0,Urban area,8.0,11116.0,Kerb,,Data missing or out of range,Data missing or out of range,RENAULT,,Heavy oil,Male,,Articulated vehicle,Did not leave carriageway,0.0,Going ahead left-hand bend,2,Goods 7.5 tonnes mgw and over,Data missing or out of range,Offside,2004
200443P171044,36 - 45,4.0,Urban area,10.0,2544.0,,,Data missing or out of range,Data missing or out of range,FORD,COUGAR V6,Petrol,Female,Skidded,No tow/articulation,Did not leave carriageway,0.0,Going ahead other,1,109,Data missing or out of range,Front,2004
200443P174054,36 - 45,6.0,Small town,9.0,11000.0,,,Data missing or out of range,Data missing or out of range,ERF,,Heavy oil,Male,Skidded,No tow/articulation,Did not leave carriageway,0.0,Going ahead other,2,Goods 7.5 tonnes mgw and over,Data missing or out of range,Front,2004
200443P181044,46 - 55,1.0,Data missing or out of range,,2198.0,,,Data missing or out of range,Data missing or out of range,VAUXHALL,OMEGA CD AUTO,Petrol,Male,,No tow/articulation,Did not leave carriageway,0.0,Waiting to go - held up,3,109,Data missing or out of range,Back,2004
200443P182024,66 - 75,3.0,Urban area,9.0,1870.0,,,Data missing or out of range,Data missing or out of range,RENAULT,KANGOO 665 1.9D,Heavy oil,Male,,No tow/articulation,Did not leave carriageway,0.0,Overtaking moving vehicle - offside,1,Van / Goods 3.5 tonnes mgw or under,Data missing or out of range,Did not impact,2004
200443P184104,26 - 35,5.0,Small town,6.0,973.0,,,Data missing or out of range,Data missing or out of range,VAUXHALL,CORSA GLS 12V,Petrol,Male,,No tow/articulation,Did not leave carriageway,0.0,Turning right,1,109,Data missing or out of range,Offside,2004
200443P223124,36 - 45,,Rural,8.0,1461.0,,,Data missing or out of range,Data missing or out of range,RENAULT,KANGOO SL17 DCI 70+,Heavy oil,Female,,No tow/articulation,Did not leave carriageway,0.0,Going ahead other,2,Van / Goods 3.5 tonnes mgw or under,Data missing or out of range,Offside,2004
200443P227034,Data missing or out of range,8.0,Urban area,9.0,1905.0,,,Data missing or out of range,Data missing or out of range,CITROEN,XANTIA 1.9 TD DIMENSION,Heavy oil,Male,,No tow/articulation,Did not leave carriageway,0.0,Going ahead other,1,109,Data missing or out of range,Offside,2004
200443P242054,56 - 65,10.0,Urban area,6.0,3100.0,,,Data missing or out of range,Data missing or out of range,ISUZU,,Heavy oil,Male,,No tow/articulation,Did not leave carriageway,6.0,Parked,2,109,Data missing or out of range,Back,2004
200443P245014,56 - 65,6.0,Urban area,1.0,1994.0,,Central crash barrier,Data missing or out of range,Data missing or out of range,ROVER,420DI,Heavy oil,Male,,No tow/articulation,Did not leave carriageway,0.0,Going ahead right-hand bend,1,109,Data missing or out of range,Front,2004
200443P250054,36 - 45,5.0,Urban area,9.0,1595.0,,,Data missing or out of range,Data missing or out of range,SKODA,OCTAVIA GLXI,Petrol,Male,,No tow/articulation,Did not leave carriageway,0.0,Waiting to go - held up,4,109,Data missing or out of range,Back,2004
200443P257034,16 - 20,12.0,Rural,8.0,1389.0,,,Data missing or out of range,Data missing or out of range,VAUXHALL,ASTRA LS I,Petrol,Male,,No tow/articulation,Did not leave carriageway,0.0,Turning right,2,109,Data missing or out of range,Front,2004
200443P266034,36 - 45,3.0,Urban area,9.0,2495.0,,Telegraph or electricity pole,Data missing or out of range,Data missing or out of range,FORD,COUGAR V6,Petrol,Female,,No tow/articulation,Nearside,0.0,Going ahead other,1,109,Data missing or out of range,Offside,2004
200443P294114,21 - 25,12.0,Urban area,10.0,1390.0,,,Data missing or out of range,Data missing or out of range,RENAULT,CLIO S,Petrol,Male,,No tow/articulation,Did not leave carriageway,0.0,Going ahead other,1,109,Data missing or out of range,Front,2004
200443P336054,36 - 45,5.0,Rural,9.0,2457.0,,,Data missing or out of range,Data missing or out of range,SUBARU,LEGACY GX AWD AUTO,Petrol,Female,Skidded,No tow/articulation,Did not leave carriageway,0.0,Going ahead other,2,109,Data missing or out of range,Front,2004
200443P337044,21 - 25,11.0,Rural,7.0,1390.0,,,Data missing or out of range,Data missing or out of range,RENAULT,5 CAMPUS PRIMA,Petrol,Male,Skidded,No tow/articulation,Did not leave carriageway,0.0,Going ahead other,1,109,Data missing or out of range,Front,2004
200443P345094,26 - 35,1.0,Urban area,5.0,11705.0,,,Data missing or out of range,Data missing or out of range,SCANIA,,Heavy oil,Male,,No tow/articulation,Did not leave carriageway,0.0,Going ahead other,2,Goods 7.5 tonnes mgw and over,Data missing or out of range,Back,2004
200443P349034,36 - 45,11.0,Urban area,10.0,1686.0,,,Data missing or out of range,Data missing or out of range,VAUXHALL,ASTRA GLS TURBO D,Heavy oil,Male,Skidded,No tow/articulation,Did not leave carriageway,0.0,Going ahead other,1,109,Data missing or out of range,Front,2004
200443P354044,46 - 55,,Small town,7.0,,,,Data missing or out of range,Data missing or out of range,MERCEDES,,,Male,,No tow/articulation,Did not leave carriageway,0.0,Waiting to go - held up,2,108,Data missing or out of range,Back,2004
200443P374094,21 - 25,4.0,Urban area,10.0,1998.0,,Entered ditch,Data missing or out of range,Data missing or out of range,FIAT,COUPE 20V,Petrol,Male,Skidded,No tow/articulation,Offside,0.0,Going ahead right-hand bend,1,109,Data missing or out of range,Front,2004
200443P386104,26 - 35,5.0,Urban area,1.0,1998.0,,,Data missing or out of range,Data missing or out of range,VAUXHALL,VECTRA SRI 140,Petrol,Male,,No tow/articulation,Did not leave carriageway,0.0,Waiting to go - held up,2,109,Data missing or out of range,Back,2004
200443P402034,26 - 35,1.0,Rural,8.0,5883.0,,,Data missing or out of range,Data missing or out of range,DENNIS,,Heavy oil,Male,,No tow/articulation,Did not leave carriageway,0.0,Going ahead right-hand bend,1,Other vehicle,Data missing or out of range,Offside,2004
200443P447114,16 - 20,1.0,Urban area,10.0,124.0,,,Data missing or out of range,Data missing or out of range,TAIWAN GOLDEN BEE,204,Petrol,Male,,No tow/articulation,Did not leave carriageway,0.0,Overtaking moving vehicle - offside,1,Motorcycle 125cc and under,Data missing or out of range,Did not impact,2004
200443S011024,36 - 45,2.0,Rural,7.0,2496.0,,,Data missing or out of range,Data missing or out of range,AUDI,A6 ALLROAD TDI QUATTRO AUTO,Heavy oil,Male,,No tow/articulation,Did not leave carriageway,0.0,Slowing or stopping,3,109,Data missing or out of range,Back,2004
200443S015044,21 - 25,9.0,Urban area,4.0,1120.0,,,Data missing or out of range,Data missing or out of range,ROVER,100 KENSINGTON,Petrol,Male,Skidded,No tow/articulation,Did not leave carriageway,0.0,Going ahead other,2,109,Data missing or out of range,Front,2004
200443S029104,56 - 65,3.0,Urban area,7.0,1948.0,,,Data missing or out of range,Data missing or out of range,VOLVO,V40 S AUTO,Petrol,Male,,No tow/articulation,Did not leave carriageway,0.0,Going ahead other,1,109,Data missing or out of range,Front,2004
200443S053104,26 - 35,6.0,Urban area,2.0,1396.0,,,Data missing or out of range,Data missing or out of range,ROVER,214I SE,Petrol,Female,,No tow/articulation,Did not leave carriageway,0.0,Going ahead other,3,109,Data missing or out of range,Front,2004
200443S057024,56 - 65,8.0,Urban area,3.0,1996.0,,,Data missing or out of range,Data missing or out of range,MERCEDES,C200 ELEGANCE AUTO,Petrol,Male,,No tow/articulation,Did not leave carriageway,0.0,Slowing or stopping,8,109,Data missing or out of range,Back,2004
200443S075024,36 - 45,3.0,Urban area,1.0,1250.0,,,Data missing or out of range,Data missing or out of range,YAMAHA,XJR 1300SP,Petrol,Male,Skidded,No tow/articulation,Did not leave carriageway,0.0,Going ahead other,2,106,Data missing or out of range,Front,2004
200443S078034,16 - 20,2.0,Urban area,,49.0,Kerb,,Data missing or out of range,Data missing or out of range,PIAGGIO,VESPA ET4,Petrol,Female,,No tow/articulation,Nearside,0.0,Turning right,2,Motorcycle 50cc and under,Data missing or out of range,Front,2004
200443S082044,26 - 35,3.0,Data missing or out of range,,955.0,,,Data missing or out of range,Data missing or out of range,TRIUMPH,TIGER 955I,Petrol,Male,,No tow/articulation,Did not leave carriageway,0.0,Going ahead other,1,106,Data missing or out of range,Front,2004
200443S083034,46 - 55,1.0,Urban area,7.0,1799.0,,,Data missing or out of range,Data missing or out of range,DAEWOO,NUBIRA CDX,Petrol,Male,,No tow/articulation,Did not leave carriageway,0.0,Waiting to go - held up,2,109,Data missing or out of range,Back,2004
200443S086104,Data missing or out of range,6.0,Urban area,3.0,1686.0,,,Data missing or out of range,Data missing or out of range,VAUXHALL,ASTRA GLS 1.7 TDS,Heavy oil,Male,,No tow/articulation,Did not leave carriageway,0.0,Turning right,1,109,Data missing or out of range,Nearside,2004
200443S108074,36 - 45,8.0,Urban area,1.0,124.0,,,Data missing or out of range,Data missing or out of range,HONDA,,Petrol,Male,Skidded,No tow/articulation,Did not leave carriageway,0.0,Going ahead other,1,Motorcycle 125cc and under,Data missing or out of range,Offside,2004
200443S108104,16 - 20,,Small town,10.0,,,,Data missing or out of range,Data missing or out of range,VAUXHALL,CORSA.COM,,Male,,No tow/articulation,Did not leave carriageway,0.0,Going ahead other,3,Goods over 3.5t. and under 7.5t,Data missing or out of range,Nearside,2004
200443S120084,46 - 55,4.0,Urban area,2.0,1800.0,,,Data missing or out of range,Data missing or out of range,VOLKSWAGEN,PASSAT S 20V,Petrol,Male,,No tow/articulation,Did not leave carriageway,0.0,Going ahead other,1,109,Data missing or out of range,Front,2004
200443S121124,56 - 65,7.0,Urban area,9.0,1598.0,,,Data missing or out of range,Data missing or out of range,VOLKSWAGEN,POLO 1.6 CL,Petrol,Female,,No tow/articulation,Did not leave carriageway,0.0,Going ahead left-hand bend,1,109,Data missing or out of range,Nearside,2004
200443S123044,66 - 75,8.0,Urban area,3.0,1799.0,,,Data missing or out of range,Data missing or out of range,VAUXHALL,VECTRA GLS 16V,Petrol,Male,,No tow/articulation,Did not leave carriageway,0.0,Turning left,1,109,Data missing or out of range,Front,2004
200443S144114,36 - 45,1.0,Urban area,4.0,1998.0,,,Data missing or out of range,Data missing or out of range,TOYOTA,RAV4 GX VVTI,Petrol,Female,,No tow/articulation,Did not leave carriageway,0.0,Turning left,1,109,Data missing or out of range,Nearside,2004
200443S149054,26 - 35,20.0,Data missing or out of range,,1097.0,,,Data missing or out of range,Data missing or out of range,YAMAHA,,Petrol,Male,,No tow/articulation,Offside,0.0,Overtaking static vehicle - offside,1,106,Data missing or out of range,Front,2004
200443S153104,16 - 20,2.0,Urban area,8.0,,,,Data missing or out of range,Data missing or out of range,CASE IH,,Heavy oil,Male,Skidded,No tow/articulation,Did not leave carriageway,0.0,Going ahead other,1,Agricultural vehicle,Data missing or out of range,Front,2004
200443W002094,Data missing or out of range,13.0,Data missing or out of range,,1590.0,,,Data missing or out of range,Data missing or out of range,HONDA,CONCERTO I-16 AUTO,Petrol,Male,,No tow/articulation,Did not leave carriageway,0.0,Going ahead other,1,109,Data missing or out of range,Front,2004
200443W016044,26 - 35,,Urban area,3.0,,,,Data missing or out of range,Data missing or out of range,CITROEN,RELAY 1000 TD HDI SWB,,Male,,No tow/articulation,Did not leave carriageway,0.0,Turning left,2,109,Data missing or out of range,Offside,2004
200443W066084,56 - 65,1.0,Data missing or out of range,,1998.0,,,Data missing or out of range,Data missing or out of range,FORD,MONDEO ZETEC TDCI,Heavy oil,Male,,No tow/articulation,Did not leave carriageway,9.0,Turning left,2,109,Data missing or out of range,Front,2004
200443W090064,21 - 25,5.0,Data missing or out of range,,599.0,,,Data missing or out of range,Data missing or out of range,KAWASAKI,,Petrol,Male,Skidded,No tow/articulation,Did not leave carriageway,0.0,Overtaking moving vehicle - offside,2,106,Data missing or out of range,Front,2004
200443W094074,36 - 45,3.0,Urban area,8.0,650.0,,,Data missing or out of range,Data missing or out of range,BMW,F650 GS GD,Petrol,Male,Skidded,No tow/articulation,Did not leave carriageway,0.0,Going ahead other,2,106,Data missing or out of range,Front,2004
200443W096104,16 - 20,11.0,Urban area,10.0,1597.0,,,Data missing or out of range,Data missing or out of range,FORD,SIERRA AZURA I,Petrol,Male,,No tow/articulation,Nearside,0.0,Going ahead other,2,109,Data missing or out of range,Front,2004
200443W107064,16 - 20,3.0,Urban area,7.0,1390.0,,,Data missing or out of range,Data missing or out of range,RENAULT,CLIO DYNAMIQUE+ 16V,Petrol,Male,,No tow/articulation,Did not leave carriageway,0.0,Turning right,1,109,Data missing or out of range,Front,2004
200443W139084,26 - 35,6.0,Urban area,4.0,599.0,,,Data missing or out of range,Data missing or out of range,HONDA,CB600 HORNET,Petrol,Male,,No tow/articulation,Offside,0.0,Overtaking moving vehicle - offside,2,106,Data missing or out of range,Front,2004
200443W143094,66 - 75,11.0,Urban area,10.0,1590.0,,,Data missing or out of range,Data missing or out of range,HONDA,CONCERTO 1.6I-16SE,Petrol,Female,,No tow/articulation,Did not leave carriageway,0.0,Waiting to turn right,2,109,Data missing or out of range,Back,2004
200443W160104,26 - 35,2.0,Urban area,6.0,973.0,,,Data missing or out of range,Data missing or out of range,VAUXHALL,CORSA GLS 12V,Petrol,Female,,No tow/articulation,Did not leave carriageway,0.0,Going ahead other,2,109,Data missing or out of range,Back,2004
200443W166054,46 - 55,4.0,Urban area,10.0,11021.0,,Lamp post,Data missing or out of range,Data missing or out of range,SCANIA,,Heavy oil,Male,Overturned,Articulated vehicle,Did not leave carriageway,0.0,Going ahead other,1,Goods 7.5 tonnes mgw and over,Data missing or out of range,Nearside,2004
200443W170114,46 - 55,4.0,Rural,6.0,2499.0,,Tree,Data missing or out of range,Data missing or out of range,VAUXHALL,BRAVA DI 4X4,Heavy oil,Male,Skidded,No tow/articulation,Nearside and rebounded,0.0,Going ahead other,1,109,Data missing or out of range,Nearside,2004
200443W172094,Data missing or out of range,11.0,Data missing or out of range,,999.0,,,Data missing or out of range,Data missing or out of range,FIAT,UNO IE,Petrol,Male,,No tow/articulation,Did not leave carriageway,0.0,Going ahead other,1,109,Data missing or out of range,Front,2004
200443W185094,36 - 45,2.0,Urban area,9.0,2393.0,,,Data missing or out of range,Data missing or out of range,AUDI,A4 SPORT CABRIOLET AUTO,Petrol,Male,,No tow/articulation,Did not leave carriageway,0.0,Waiting to go - held up,2,109,Data missing or out of range,Back,2004
200443W200024,26 - 35,9.0,Urban area,10.0,1493.0,,,Data missing or out of range,Data missing or out of range,HONDA,CIVIC COUPE SPECIAL,Petrol,Female,,No tow/articulation,Did not leave carriageway,0.0,Turning right,2,109,Data missing or out of range,Did not impact,2004
200443W208054,36 - 45,,Urban area,8.0,,,,Data missing or out of range,Data missing or out of range,FORD,FIESTA COURIER DIESEL,,Not known,,No tow/articulation,Did not leave carriageway,0.0,Parked,3,109,Data missing or out of range,Offside,2004
200443W213074,36 - 45,,Data missing or out of range,,,,,Data missing or out of range,Data missing or out of range,VOLVO,,,Male,Skidded,No tow/articulation,Did not leave carriageway,0.0,Going ahead other,1,109,Data missing or out of range,Front,2004
200443W225034,26 - 35,6.0,Data missing or out of range,,12130.0,,,Data missing or out of range,Data missing or out of range,VOLVO,,Heavy oil,Male,,Articulated vehicle,Did not leave carriageway,0.0,Going ahead other,2,Goods 7.5 tonnes mgw and over,Data missing or out of range,Back,2004
200443W237034,56 - 65,13.0,Urban area,6.0,1998.0,,Road sign or traffic signal,Data missing or out of range,Data missing or out of range,VAUXHALL,CARLTON GL I,Petrol,Male,,No tow/articulation,Did not leave carriageway,0.0,Going ahead other,2,109,Data missing or out of range,Back,2004
200443W254084,Data missing or out of range,13.0,Data missing or out of range,,1596.0,,,Data missing or out of range,Data missing or out of range,FORD,FIESTA XR2I,Petrol,Not known,,No tow/articulation,Did not leave carriageway,0.0,Turning left,1,109,Data missing or out of range,Front,2004
200443W263104,26 - 35,10.0,Data missing or out of range,,1905.0,,,Data missing or out of range,Data missing or out of range,CITROEN,XANTIA SX TD,Heavy oil,Male,,No tow/articulation,Did not leave carriageway,0.0,Parked,1,109,Data missing or out of range,Offside,2004
200443W277104,26 - 35,14.0,Urban area,10.0,1958.0,,,Data missing or out of range,Data missing or out of range,HONDA,PRELUDE 4WS AUTO,Petrol,Female,,No tow/articulation,Did not leave carriageway,0.0,Going ahead other,2,109,Data missing or out of range,Front,2004
200443W280124,36 - 45,11.0,Urban area,3.0,2675.0,,,Data missing or out of range,Data missing or out of range,ROVER,827 SLI AUTO,Petrol,Male,,No tow/articulation,Did not leave carriageway,0.0,Waiting to go - held up,2,109,Data missing or out of range,Back,2004
200443W289044,46 - 55,18.0,Urban area,8.0,1955.0,,,Data missing or out of range,Data missing or out of range,HONDA,ACCORD 4AXI,Petrol,Male,,No tow/articulation,Did not leave carriageway,0.0,Waiting to go - held up,2,109,Data missing or out of range,Back,2004
200443W305104,36 - 45,3.0,Urban area,8.0,2497.0,,Tree,Data missing or out of range,Data missing or out of range,MG,ZT+,Petrol,Male,Skidded,No tow/articulation,Nearside,0.0,Going ahead left-hand bend,1,109,Data missing or out of range,Nearside,2004