Accident_Index,Age_Band_of_Driver,Age_of_Vehicle,Driver_Home_Area_Type,Driver_IMD_Decile,Engine_Capacity_.CC.,Hit_Object_in_Carriageway,Hit_Object_off_Carriageway,Journey_Purpose_of_Driver,Junction_Location,make,model,Propulsion_Code,Sex_of_Driver,Skidding_and_Overturning,Towing_and_Articulation,Vehicle_Leaving_Carriageway,Vehicle_Location.Restricted_Lane,Vehicle_Manoeuvre,Vehicle_Reference,Vehicle_Type,Was_Vehicle_Left_Hand_Drive,X1st_Point_of_Impact,Year
200443W315074,26 - 35,2.0,Urban area,6.0,125.0,Kerb,,Data missing or out of range,Data missing or out of range,APRILIA,,Petrol,Male,,No tow/articulation,Did not leave carriageway,0.0,Going ahead other,2,Motorcycle 125cc and under,Data missing or out of range,Nearside,2004
200443W317074,21 - 25,1.0,Urban area,10.0,1598.0,Bollard or refuge,,Data missing or out of range,Data missing or out of range,VAUXHALL,ASTRA ACTIVE,Petrol,Male,,No tow/articulation,Did not leave carriageway,0.0,Waiting to go - held up,1,109,Data missing or out of range,Front,2004
200443W330064,26 - 35,11.0,Urban area,10.0,1905.0,,,Data missing or out of range,Data missing or out of range,CITROEN,XANTIA SX TD,Heavy oil,Male,,No tow/articulation,Did not leave carriageway,0.0,Going ahead other,2,109,Data missing or out of range,Nearside,2004
200443W367094,Data missing or out of range,8.0,Data missing or out of range,,1998.0,,Road sign or traffic signal,Data missing or out of range,Data missing or out of range,VAUXHALL,VECTRA GLS 16V,Petrol,Not known,Skidded,No tow/articulation,Offside,0.0,Going ahead other,1,109,Data missing or out of range,Front,2004
200443W368034,21 - 25,4.0,Urban area,5.0,2319.0,,,Data missing or out of range,Data missing or out of range,VOLVO,C70 T5 AUTO,Petrol,Female,,No tow/articulation,Did not leave carriageway,0.0,Going ahead other,2,109,Data missing or out of range,Front,2004
200443W371064,46 - 55,1.0,Urban area,10.0,3189.0,,,Data missing or out of range,Data missing or out of range,VOLKSWAGEN,TOUAREG V6 AUTO,Petrol,Male,Skidded,No tow/articulation,Did not leave carriageway,0.0,Going ahead other,3,109,Data missing or out of range,Back,2004
200443W382014,26 - 35,10.0,Data missing or out of range,,1392.0,,,Data missing or out of range,Data missing or out of range,NISSAN,SUNNY SPRAY,Petrol,Male,,No tow/articulation,Did not leave carriageway,0.0,Going ahead other,1,109,Data missing or out of range,Front,2004
200443W450084,36 - 45,,Data missing or out of range,,659.0,,,Data missing or out of range,Data missing or out of range,DAIHATSU,COPEN,Petrol,Female,,No tow/articulation,Did not leave carriageway,0.0,Going ahead other,2,109,Data missing or out of range,Back,2004
200443W451044,Data missing or out of range,8.0,Data missing or out of range,,2494.0,,,Data missing or out of range,Data missing or out of range,BMW,323I SE,Petrol,Male,,No tow/articulation,Did not leave carriageway,0.0,Slowing or stopping,3,109,Data missing or out of range,Back,2004
200443W461014,26 - 35,1.0,Urban area,9.0,2979.0,,,Data missing or out of range,Data missing or out of range,BMW,,Petrol,Female,,No tow/articulation,Did not leave carriageway,0.0,Going ahead other,1,109,Data missing or out of range,Offside,2004
200443W468014,26 - 35,4.0,Urban area,6.0,1796.0,,Other permanent object,Data missing or out of range,Data missing or out of range,VAUXHALL,ASTRA CDX 16V,Petrol,Male,,No tow/articulation,Nearside,0.0,Going ahead other,1,109,Data missing or out of range,Front,2004
200443W472124,46 - 55,,Rural,8.0,1998.0,,,Data missing or out of range,Data missing or out of range,MAZDA,6 TS2 DIESEL,Heavy oil,Female,,No tow/articulation,Did not leave carriageway,0.0,Going ahead other,2,109,Data missing or out of range,Offside,2004
200443W484034,36 - 45,1.0,Urban area,10.0,3920.0,,,Data missing or out of range,Data missing or out of range,IVECO-FORD,,Heavy oil,Male,,No tow/articulation,Did not leave carriageway,0.0,Going ahead other,2,Goods 7.5 tonnes mgw and over,Data missing or out of range,Nearside,2004
200443W505124,66 - 75,10.0,Urban area,10.0,1781.0,,,Data missing or out of range,Data missing or out of range,VOLKSWAGEN,GOLF GL AUTO,Petrol,Male,,No tow/articulation,Did not leave carriageway,0.0,Going ahead other,3,109,Data missing or out of range,Front,2004
200443W508014,46 - 55,7.0,Urban area,10.0,1597.0,,,Data missing or out of range,Data missing or out of range,FORD,ESCORT SERENADE 16V,Petrol,Female,,No tow/articulation,Did not leave carriageway,0.0,Going ahead other,3,109,Data missing or out of range,Front,2004
200443W538054,36 - 45,2.0,Urban area,4.0,11705.0,Parked vehicle,Tree,Data missing or out of range,Data missing or out of range,SCANIA,,Heavy oil,Male,Overturned,Articulated vehicle,Nearside,6.0,Going ahead other,1,Goods 7.5 tonnes mgw and over,Data missing or out of range,Front,2004
200443W554114,21 - 25,14.0,Urban area,2.0,1297.0,,,Data missing or out of range,Data missing or out of range,FORD,ESCORT BONUS 90,Petrol,Female,,No tow/articulation,Did not leave carriageway,0.0,Waiting to go - held up,2,109,Data missing or out of range,Back,2004
200443W655104,46 - 55,,Rural,9.0,,,,Data missing or out of range,Data missing or out of range,VAUXHALL,COMBO 1700 DI,,Male,,No tow/articulation,Did not leave carriageway,0.0,Going ahead other,1,109,Data missing or out of range,Front,2004
200443W711104,21 - 25,11.0,Urban area,4.0,1389.0,,,Data missing or out of range,Data missing or out of range,VAUXHALL,ASTRA LS I,Petrol,Male,,No tow/articulation,Did not leave carriageway,0.0,Going ahead other,1,109,Data missing or out of range,Front,2004
200443W719104,Data missing or out of range,9.0,Urban area,5.0,1389.0,,,Data missing or out of range,Data missing or out of range,VAUXHALL,CORSA MERIT AUTO,Petrol,Female,,No tow/articulation,Did not leave carriageway,0.0,Going ahead other,2,109,Data missing or out of range,Front,2004
2004440AA0495,56 - 65,5.0,Data missing or out of range,,1598.0,,,Data missing or out of range,Data missing or out of range,RENAULT,MEGANE RT 1.6E SCENIC AUT,Petrol,Male,,No tow/articulation,Did not leave carriageway,0.0,Going ahead other,2,109,Data missing or out of range,Back,2004
2004440AA0726,36 - 45,3.0,Urban area,10.0,2497.0,,,Data missing or out of range,Data missing or out of range,MG,ZT-T+,Petrol,Male,,No tow/articulation,Did not leave carriageway,0.0,Waiting to go - held up,2,109,Data missing or out of range,Back,2004
2004440AA0785,21 - 25,6.0,Urban area,9.0,1796.0,,Central crash barrier,Data missing or out of range,Data missing or out of range,FORD,MONDEO VERONA,Petrol,Male,Skidded,No tow/articulation,Offside on to central reservation,0.0,Going ahead other,2,109,Data missing or out of range,Front,2004
2004440AA0936,56 - 65,6.0,Urban area,4.0,1905.0,,,Data missing or out of range,Data missing or out of range,PEUGEOT,306 VIVANT DT,Heavy oil,Female,,No tow/articulation,Did not leave carriageway,0.0,Going ahead other,3,109,Data missing or out of range,Back,2004
2004440AA1268,36 - 45,,Data missing or out of range,,1988.0,,,Data missing or out of range,Data missing or out of range,JAGUAR,X-TYPE SE D,Heavy oil,Male,,No tow/articulation,Did not leave carriageway,0.0,Slowing or stopping,1,109,Data missing or out of range,Back,2004
2004440AA1340,46 - 55,6.0,Urban area,5.0,,,,Data missing or out of range,Data missing or out of range,DENNIS,,Heavy oil,Male,,No tow/articulation,Did not leave carriageway,0.0,Going ahead other,2,Other vehicle,Data missing or out of range,Offside,2004
2004440AA1455,46 - 55,,Urban area,10.0,3222.0,,,Data missing or out of range,Data missing or out of range,MERCEDES,E320 CDI ELEGANCE AUTO,Heavy oil,Female,,No tow/articulation,Did not leave carriageway,0.0,Turning right,2,109,Data missing or out of range,Back,2004
2004440AA1754,36 - 45,6.0,Urban area,10.0,1598.0,,,Data missing or out of range,Data missing or out of range,VAUXHALL,TIGRA BERMUDA,Petrol,Female,,No tow/articulation,Did not leave carriageway,0.0,Turning right,1,109,Data missing or out of range,Back,2004
2004440BB0063,26 - 35,1.0,Urban area,6.0,2401.0,,,Data missing or out of range,Data missing or out of range,VOLVO,S60 D5 S,Heavy oil,Male,,No tow/articulation,Did not leave carriageway,0.0,Going ahead other,3,109,Data missing or out of range,Front,2004
2004440BB0152,46 - 55,1.0,Urban area,4.0,1242.0,,,Data missing or out of range,Data missing or out of range,FIAT,PUNTO 5000000,Petrol,Female,,No tow/articulation,Nearside,0.0,Turning left,2,109,Data missing or out of range,Nearside,2004
2004440BB0236,26 - 35,1.0,Rural,6.0,1781.0,,,Data missing or out of range,Data missing or out of range,AUDI,A4 T(190) SPORT QUATTRO,Petrol,Female,,No tow/articulation,Did not leave carriageway,0.0,Going ahead other,4,109,Data missing or out of range,Back,2004
2004440BB0252,21 - 25,4.0,Urban area,10.0,2800.0,,,Data missing or out of range,Data missing or out of range,IVECO,,Heavy oil,Male,Skidded,No tow/articulation,Did not leave carriageway,0.0,Going ahead other,1,Van / Goods 3.5 tonnes mgw or under,Data missing or out of range,Front,2004
2004440BB0423,21 - 25,,Urban area,10.0,,,,Data missing or out of range,Data missing or out of range,VOLKSWAGEN,TRANS CARAVELLE GL D,,Female,Skidded,No tow/articulation,Did not leave carriageway,0.0,Slowing or stopping,3,109,Data missing or out of range,Front,2004
2004440BB1143,21 - 25,6.0,Urban area,,1149.0,,,Data missing or out of range,Data missing or out of range,RENAULT,CLIO BIARRITZ,Petrol,Female,Skidded,No tow/articulation,Did not leave carriageway,0.0,Going ahead left-hand bend,1,109,Data missing or out of range,Nearside,2004
2004440BB1267,16 - 20,,Rural,9.0,998.0,,,Data missing or out of range,Data missing or out of range,VAUXHALL,CORSA DESIGN TWINPORT,Petrol,Female,,No tow/articulation,Did not leave carriageway,0.0,Waiting to go - held up,2,109,Data missing or out of range,Front,2004
2004440BB1315,36 - 45,9.0,Urban area,8.0,2068.0,,,Data missing or out of range,Data missing or out of range,RENAULT,ESPACE RN HELIOS,Heavy oil,Male,,No tow/articulation,Did not leave carriageway,0.0,Waiting to go - held up,1,109,Data missing or out of range,Back,2004
2004440DH0107,26 - 35,1.0,Urban area,7.0,1995.0,,,Data missing or out of range,Data missing or out of range,CHRYSLER,PT CRUISER CLASSIC,Petrol,Male,,No tow/articulation,Did not leave carriageway,0.0,Turning left,2,109,Data missing or out of range,Front,2004
2004440DH0120,26 - 35,14.0,Data missing or out of range,,1998.0,,,Data missing or out of range,Data missing or out of range,VAUXHALL,ASTRA GTE 16V,Petrol,Male,,No tow/articulation,Did not leave carriageway,0.0,Going ahead other,1,109,Data missing or out of range,Offside,2004
2004440DH0257,26 - 35,11.0,Data missing or out of range,,1389.0,,,Data missing or out of range,Data missing or out of range,VAUXHALL,ASTRA CALIFORNIA,Petrol,Female,,No tow/articulation,Did not leave carriageway,0.0,Going ahead other,2,109,Data missing or out of range,Front,2004
2004440DL0064,26 - 35,9.0,Urban area,9.0,1905.0,,,Data missing or out of range,Data missing or out of range,PEUGEOT,405 GLX TURBO DIESEL,Heavy oil,Male,,No tow/articulation,Did not leave carriageway,0.0,Slowing or stopping,2,109,Data missing or out of range,Back,2004
2004440DL0153,26 - 35,,Data missing or out of range,,,,,Data missing or out of range,Data missing or out of range,IVECO-FORD,,,Male,,No tow/articulation,Did not leave carriageway,0.0,Turning right,1,109,Data missing or out of range,Front,2004
2004440DR0048,56 - 65,,Urban area,5.0,,,,Data missing or out of range,Data missing or out of range,VAUXHALL,COMBO 1700 DI,,Male,,No tow/articulation,Did not leave carriageway,8.0,Changing lane to right,1,109,Data missing or out of range,Front,2004
2004440DT0190,36 - 45,13.0,Urban area,9.0,347.0,Road works,,Data missing or out of range,Data missing or out of range,YAMAHA,,Petrol,Male,Skidded,No tow/articulation,Did not leave carriageway,0.0,Going ahead other,1,106,Data missing or out of range,Front,2004
2004440DT0288,46 - 55,1.0,Urban area,8.0,1998.0,,,Data missing or out of range,Data missing or out of range,FORD,MONDEO GRAPHITE TDCI,Heavy oil,Male,,No tow/articulation,Did not leave carriageway,0.0,Slowing or stopping,2,109,Data missing or out of range,Back,2004
2004440DW0126,56 - 65,2.0,Urban area,6.0,1598.0,,,Data missing or out of range,Data missing or out of range,VAUXHALL,ASTRA ENVOY 8V AUTO,Petrol,Female,Skidded,No tow/articulation,Did not leave carriageway,0.0,Going ahead right-hand bend,1,109,Data missing or out of range,Nearside,2004
2004440DW0162,21 - 25,2.0,Urban area,9.0,1590.0,,,Data missing or out of range,Data missing or out of range,HONDA,HR-V AUTO,Petrol,Female,,No tow/articulation,Did not leave carriageway,0.0,Turning right,2,109,Data missing or out of range,Offside,2004
2004440DW0229,66 - 75,9.0,Urban area,10.0,1905.0,,,Data missing or out of range,Data missing or out of range,PEUGEOT,405 GLX TURBO DIESEL,Heavy oil,Male,,No tow/articulation,Did not leave carriageway,0.0,Going ahead other,1,109,Data missing or out of range,Front,2004
2004440DW0238,56 - 65,,Urban area,8.0,,,,Data missing or out of range,Data missing or out of range,BEDFORD,,,Female,,No tow/articulation,Did not leave carriageway,0.0,Turning right,1,Van / Goods 3.5 tonnes mgw or under,Data missing or out of range,Nearside,2004
2004440GG0048,16 - 20,5.0,Urban area,3.0,1998.0,,,Data missing or out of range,Data missing or out of range,VAUXHALL,VECTRA SRI 140,Petrol,Male,,No tow/articulation,Did not leave carriageway,0.0,Turning right,2,109,Data missing or out of range,Nearside,2004
2004440GG0201,46 - 55,16.0,Urban area,,98.0,,,Data missing or out of range,Data missing or out of range,YAMAHA,,Petrol,Male,,No tow/articulation,Did not leave carriageway,0.0,Going ahead other,1,Motorcycle 125cc and under,Data missing or out of range,Front,2004
2004440HB0111,16 - 20,4.0,Urban area,9.0,1390.0,Previous accident,,Data missing or out of range,Data missing or out of range,RENAULT,CLIO S,Petrol,Male,Skidded and overturned,No tow/articulation,Offside,0.0,Going ahead left-hand bend,1,109,Data missing or out of range,Front,2004
2004440HB0412,66 - 75,17.0,Rural,8.0,1275.0,,Entered ditch,Data missing or out of range,Data missing or out of range,AUSTIN,MAESTRO CITY,Petrol,Male,,No tow/articulation,Offside,0.0,Turning right,1,109,Data missing or out of range,Did not impact,2004
2004440HF0413,21 - 25,12.0,Urban area,8.0,1389.0,,,Data missing or out of range,Data missing or out of range,VAUXHALL,ASTRA LS I,Petrol,Female,,No tow/articulation,Did not leave carriageway,0.0,Reversing,1,109,Data missing or out of range,Front,2004
2004440HF0453,21 - 25,11.0,Urban area,,2490.0,,,Data missing or out of range,Data missing or out of range,NISSAN,SKYLINE GT-R,Petrol,Male,Skidded,No tow/articulation,Did not leave carriageway,0.0,Going ahead other,1,109,Data missing or out of range,Front,2004
2004440HF0667,56 - 65,7.0,Urban area,10.0,1599.0,,,Data missing or out of range,Data missing or out of range,HYUNDAI,LANTRA 1.6 LSI,Petrol,Male,,No tow/articulation,Did not leave carriageway,0.0,Going ahead other,1,109,Data missing or out of range,Back,2004
2004440HP0003,36 - 45,3.0,Urban area,10.0,1995.0,,,Data missing or out of range,Data missing or out of range,VAUXHALL,VECTRA LS DTI,Heavy oil,Male,,No tow/articulation,Did not leave carriageway,0.0,Turning right,2,109,Data missing or out of range,Front,2004
2004440HP0285,56 - 65,2.0,Small town,9.0,1998.0,,,Data missing or out of range,Data missing or out of range,TOYOTA,AVENSIS GLS VVT-I,Petrol,Female,,No tow/articulation,Did not leave carriageway,0.0,Going ahead other,2,109,Data missing or out of range,Back,2004
2004440JH0329,46 - 55,10.0,Data missing or out of range,,1119.0,,,Data missing or out of range,Data missing or out of range,FORD,FIESTA I,Petrol,Female,,No tow/articulation,Did not leave carriageway,0.0,Turning right,1,109,Data missing or out of range,Front,2004
2004440JH0578,26 - 35,,Data missing or out of range,,,,,Data missing or out of range,Data missing or out of range,PIAGGIO,VESPA ET4,,Male,Skidded,No tow/articulation,Did not leave carriageway,0.0,Going ahead other,2,Motorcycle 125cc and under,Data missing or out of range,Nearside,2004
2004440JL0005,26 - 35,1.0,Urban area,10.0,2976.0,,,Data missing or out of range,Data missing or out of range,AUDI,A6 3.0 QUATTRO SPORT,Petrol,Female,,No tow/articulation,Did not leave carriageway,0.0,Going ahead other,1,109,Data missing or out of range,Front,2004
2004440JL0005,36 - 45,20.0,Urban area,7.0,2746.0,,,Data missing or out of range,Data missing or out of range,MERCEDES,280 TE AUTO,Petrol,Male,,No tow/articulation,Did not leave carriageway,0.0,Waiting to go - held up,2,109,Data missing or out of range,Back,2004
2004440JW0012,36 - 45,3.0,Urban area,7.0,2494.0,,,Data missing or out of range,Data missing or out of range,BMW,325CI AUTO,Petrol,Female,,No tow/articulation,Did not leave carriageway,0.0,Waiting to go - held up,2,109,Data missing or out of range,Back,2004
2004440JW0035,26 - 35,2.0,Rural,8.0,1997.0,,,Data missing or out of range,Data missing or out of range,FIAT,,Heavy oil,Male,,No tow/articulation,Did not leave carriageway,0.0,Going ahead other,2,Van / Goods 3.5 tonnes mgw or under,Data missing or out of range,Front,2004
2004440JW0447,Over 75,8.0,Small town,10.0,1341.0,,Other permanent object,Data missing or out of range,Data missing or out of range,HYUNDAI,ACCENT COUPE I,Petrol,Female,,No tow/articulation,Nearside,0.0,Going ahead other,1,109,Data missing or out of range,Front,2004
2004440KK0232,26 - 35,9.0,Data missing or out of range,,998.0,,,Data missing or out of range,Data missing or out of range,NISSAN,MICRA HOLLYWOOD,Petrol,Male,,No tow/articulation,Did not leave carriageway,0.0,Turning right,2,109,Data missing or out of range,Offside,2004
2004440KK0240,56 - 65,8.0,Urban area,4.0,3972.0,,,Data missing or out of range,Data missing or out of range,MERCEDES,,Heavy oil,Male,,No tow/articulation,Did not leave carriageway,0.0,Going ahead other,1,Bus or coach (17 or more pass seats),Data missing or out of range,Did not impact,2004
2004440KK0275,36 - 45,12.0,Urban area,8.0,1389.0,,,Data missing or out of range,Data missing or out of range,VAUXHALL,ASTRA LS I,Petrol,Male,,No tow/articulation,Did not leave carriageway,0.0,Going ahead other,1,109,Data missing or out of range,Nearside,2004
2004440KK0366,36 - 45,6.0,Urban area,1.0,1391.0,,,Data missing or out of range,Data missing or out of range,SEAT,IBIZA 1.4 SE,Petrol,Male,,No tow/articulation,Did not leave carriageway,0.0,Changing lane to left,2,109,Data missing or out of range,Front,2004
2004440KK0821,36 - 45,,Urban area,5.0,,,,Data missing or out of range,Data missing or out of range,DAIHATSU,HIJET EFI,,Female,,No tow/articulation,Did not leave carriageway,0.0,Waiting to go - held up,2,109,Data missing or out of range,Back,2004
2004440KK0888,26 - 35,12.0,Data missing or out of range,,1721.0,,,Data missing or out of range,Data missing or out of range,RENAULT,21 SAVANNA GTS,Petrol,Not known,,No tow/articulation,Did not leave carriageway,0.0,Parked,2,109,Data missing or out of range,Front,2004
2004440KK1095,Data missing or out of range,,Data missing or out of range,,,,,Data missing or out of range,Data missing or out of range,PEUGEOT,406 S HDI(90),,Not known,,No tow/articulation,Did not leave carriageway,0.0,Going ahead other,2,108,Data missing or out of range,Front,2004
2004440KK1490,21 - 25,,Urban area,1.0,1149.0,,,Data missing or out of range,Data missing or out of range,RENAULT,CLIO DYNAMIQUE 16V,Petrol,Female,,No tow/articulation,Did not leave carriageway,0.0,Going ahead other,1,109,Data missing or out of range,Nearside,2004
2004440KK1492,66 - 75,2.0,Small town,8.0,1360.0,,,Data missing or out of range,Data missing or out of range,PEUGEOT,206 LX AUTO,Petrol,Female,,No tow/articulation,Did not leave carriageway,0.0,Going ahead other,1,109,Data missing or out of range,Front,2004
2004440KK1597,Data missing or out of range,3.0,Data missing or out of range,,1769.0,,,Data missing or out of range,Data missing or out of range,NISSAN,ALMERA TINO SE +,Petrol,Male,,No tow/articulation,Did not leave carriageway,0.0,Parked,4,109,Data missing or out of range,Front,2004
2004440KK1872,56 - 65,,Urban area,6.0,1868.0,,,Data missing or out of range,Data missing or out of range,CITROEN,BERLINGO M-SPACE FORTE D,Heavy oil,Male,,No tow/articulation,Did not leave carriageway,0.0,Waiting to go - held up,2,109,Data missing or out of range,Back,2004
2004440KK2041,21 - 25,5.0,Urban area,4.0,1870.0,,,Data missing or out of range,Data missing or out of range,RENAULT,LAGUNA RXE DTI,Heavy oil,Female,,No tow/articulation,Did not leave carriageway,0.0,Going ahead other,1,109,Data missing or out of range,Front,2004
2004440KK2070,36 - 45,2.0,Urban area,,1948.0,,,Data missing or out of range,Data missing or out of range,VOLVO,V40 S,Petrol,Male,,No tow/articulation,Did not leave carriageway,0.0,Waiting to go - held up,2,109,Data missing or out of range,Back,2004
2004440KK2438,56 - 65,2.0,Urban area,2.0,1588.0,,,Data missing or out of range,Data missing or out of range,ROVER,45 IL 16V,Petrol,Male,,No tow/articulation,Did not leave carriageway,0.0,Turning right,2,109,Data missing or out of range,Front,2004
2004440LA0207,36 - 45,1.0,Urban area,10.0,2496.0,,,Data missing or out of range,Data missing or out of range,JAGUAR,X-TYPE V6 SE,Petrol,Female,,No tow/articulation,Did not leave carriageway,0.0,Overtaking static vehicle - offside,1,109,Data missing or out of range,Nearside,2004
2004440LA0301,26 - 35,4.0,Urban area,6.0,1598.0,,,Data missing or out of range,Data missing or out of range,RENAULT,MEGANE SPORT ALIZE,Petrol,Female,,No tow/articulation,Did not leave carriageway,0.0,Slowing or stopping,1,109,Data missing or out of range,Front,2004
2004440LA0325,26 - 35,1.0,Data missing or out of range,,1998.0,,,Data missing or out of range,Data missing or out of range,FORD,TRANSIT 260 SWB TD,Heavy oil,Female,,No tow/articulation,Did not leave carriageway,0.0,Going ahead other,1,Van / Goods 3.5 tonnes mgw or under,Data missing or out of range,Front,2004
2004440LA0330,36 - 45,16.0,Small town,9.0,954.0,,,Data missing or out of range,Data missing or out of range,PEUGEOT,205 XE,Petrol,Male,,No tow/articulation,Did not leave carriageway,0.0,Going ahead other,1,109,Data missing or out of range,Did not impact,2004
2004440LA0502,21 - 25,4.0,Rural,9.0,1242.0,,Tree,Data missing or out of range,Data missing or out of range,FIAT,,Petrol,Male,Skidded,No tow/articulation,Offside,0.0,Going ahead other,1,109,Data missing or out of range,Front,2004
2004440LH0079,Data missing or out of range,1.0,Data missing or out of range,,1997.0,,,Data missing or out of range,Data missing or out of range,CITROEN,BERLINGO MSPACE FORTE HDI,Heavy oil,Not known,,No tow/articulation,Did not leave carriageway,0.0,Parked,2,109,Data missing or out of range,Back,2004
2004440LH0188,26 - 35,2.0,Urban area,9.0,1985.0,,,Data missing or out of range,Data missing or out of range,SAAB,9-3 SE TURBO,Petrol,Female,,No tow/articulation,Did not leave carriageway,0.0,Waiting to go - held up,1,109,Data missing or out of range,Back,2004
2004440LR0056,36 - 45,1.0,Urban area,2.0,11705.0,,,Data missing or out of range,Data missing or out of range,SCANIA,,Heavy oil,Male,,Articulated vehicle,Offside,0.0,Going ahead other,1,Goods 7.5 tonnes mgw and over,Data missing or out of range,Front,2004
2004440LR0128,56 - 65,13.0,Urban area,8.0,1488.0,,,Data missing or out of range,Data missing or out of range,VAUXHALL,NOVA DIESEL,Heavy oil,Male,,No tow/articulation,Did not leave carriageway,0.0,Going ahead other,2,Van / Goods 3.5 tonnes mgw or under,Data missing or out of range,Front,2004
2004440NA0004,26 - 35,9.0,Urban area,4.0,599.0,,Tree,Data missing or out of range,Data missing or out of range,SUZUKI,,Petrol,Female,Skidded,No tow/articulation,Nearside,0.0,Going ahead right-hand bend,1,106,Data missing or out of range,Front,2004
2004440NA0191,36 - 45,2.0,Urban area,8.0,1242.0,,,Data missing or out of range,Data missing or out of range,FIAT,PUNTO DYNAMIC 16V SPEEDGEAR,Petrol,Female,,No tow/articulation,Did not leave carriageway,0.0,Slowing or stopping,2,109,Data missing or out of range,Back,2004
2004440NA0195,56 - 65,4.0,Urban area,10.0,2295.0,,,Data missing or out of range,Data missing or out of range,MERCEDES,C230 KOMPRESSOR SPORT,Petrol,Male,,No tow/articulation,Did not leave carriageway,0.0,Going ahead other,1,109,Data missing or out of range,Front,2004
2004440NA0219,21 - 25,1.0,Small town,8.0,1997.0,,,Data missing or out of range,Data missing or out of range,PEUGEOT,406 S HDI(90),Heavy oil,Male,Overturned,No tow/articulation,Nearside,0.0,Going ahead left-hand bend,1,109,Data missing or out of range,Front,2004
2004440OC0498,46 - 55,1.0,Urban area,6.0,1149.0,,,Data missing or out of range,Data missing or out of range,RENAULT,CLIO EXTREME 2 16V,Petrol,Female,,No tow/articulation,Did not leave carriageway,0.0,Going ahead other,2,109,Data missing or out of range,Front,2004
2004440OC1404,56 - 65,,Small town,6.0,,,,Data missing or out of range,Data missing or out of range,VOLVO,,,Male,,No tow/articulation,Did not leave carriageway,0.0,Going ahead other,2,Goods 7.5 tonnes mgw and over,Data missing or out of range,Back,2004
2004440OC1416,21 - 25,2.0,Urban area,4.0,1900.0,,Central crash barrier,Data missing or out of range,Data missing or out of range,FIAT,,Heavy oil,Male,Skidded,No tow/articulation,Offside on to central reservation,0.0,Going ahead other,1,Van / Goods 3.5 tonnes mgw or under,Data missing or out of range,Front,2004
2004440OC1446,36 - 45,,Urban area,7.0,,,,Data missing or out of range,Data missing or out of range,GILERA,COGUAR,,Male,,No tow/articulation,Did not leave carriageway,0.0,Going ahead other,2,Motorcycle 125cc and under,Data missing or out of range,Front,2004
2004440OC1447,26 - 35,4.0,Small town,7.0,1796.0,,,Data missing or out of range,Data missing or out of range,MG,MGF SE,Petrol,Female,,No tow/articulation,Did not leave carriageway,0.0,Waiting to go - held up,2,109,Data missing or out of range,Back,2004
2004440OC1500,21 - 25,,Rural,8.0,,Other object,,Data missing or out of range,Data missing or out of range,SAAB,900 XS AUTO,,Male,,No tow/articulation,Did not leave carriageway,0.0,Going ahead other,1,Bus or coach (17 or more pass seats),Data missing or out of range,Nearside,2004
2004440OC1743,56 - 65,5.0,Urban area,10.0,1997.0,,,Data missing or out of range,Data missing or out of range,PEUGEOT,406 LX HDI(90),Heavy oil,Male,Skidded,No tow/articulation,Did not leave carriageway,0.0,Going ahead other,1,109,Data missing or out of range,Front,2004
2004440OC1795,Data missing or out of range,5.0,Data missing or out of range,,9500.0,,,Data missing or out of range,Data missing or out of range,IVECO-FORD,,Heavy oil,Not known,,No tow/articulation,Did not leave carriageway,0.0,Parked,2,Goods 7.5 tonnes mgw and over,Data missing or out of range,Back,2004
2004440OL0506,66 - 75,6.0,Small town,9.0,1392.0,,Other permanent object,Data missing or out of range,Data missing or out of range,NISSAN,ALMERA PREMIUM,Petrol,Male,Overturned,No tow/articulation,Did not leave carriageway,0.0,Going ahead other,1,109,Data missing or out of range,Front,2004
2004440OL0776,36 - 45,2.0,Data missing or out of range,,1108.0,,,Data missing or out of range,Data missing or out of range,FIAT,SEICENTO SX,Petrol,Male,,No tow/articulation,Did not leave carriageway,0.0,Waiting to go - held up,2,109,Data missing or out of range,Back,2004
2004440OL0779,56 - 65,1.0,Rural,,1753.0,,,Data missing or out of range,Data missing or out of range,FORD,TRAN CONNECT LX TDDI SWB,Heavy oil,Male,,No tow/articulation,Did not leave carriageway,0.0,Waiting to go - held up,2,Van / Goods 3.5 tonnes mgw or under,Data missing or out of range,Back,2004