Accident_Index,Age_Band_of_Driver,Age_of_Vehicle,Driver_Home_Area_Type,Driver_IMD_Decile,Engine_Capacity_.CC.,Hit_Object_in_Carriageway,Hit_Object_off_Carriageway,Journey_Purpose_of_Driver,Junction_Location,make,model,Propulsion_Code,Sex_of_Driver,Skidding_and_Overturning,Towing_and_Articulation,Vehicle_Leaving_Carriageway,Vehicle_Location.Restricted_Lane,Vehicle_Manoeuvre,Vehicle_Reference,Vehicle_Type,Was_Vehicle_Left_Hand_Drive,X1st_Point_of_Impact,Year
2004440OL0828,46 - 55,3.0,Urban area,5.0,1998.0,,,Data missing or out of range,Data missing or out of range,FORD,TRANSIT 280 MWB TD,Heavy oil,Male,,No tow/articulation,Did not leave carriageway,0.0,Turning right,2,Van / Goods 3.5 tonnes mgw or under,Data missing or out of range,Nearside,2004
2004440OL0862,Over 75,3.0,Rural,7.0,1360.0,,,Data missing or out of range,Data missing or out of range,PEUGEOT,206 LX AUTO,Petrol,Female,,No tow/articulation,Did not leave carriageway,0.0,Turning right,1,109,Data missing or out of range,Front,2004
2004440OL1327,46 - 55,10.0,Urban area,9.0,1120.0,,,Data missing or out of range,Data missing or out of range,ROVER,METRO RIO,Petrol,Male,,No tow/articulation,Did not leave carriageway,0.0,Going ahead right-hand bend,3,109,Data missing or out of range,Front,2004
2004440OL1501,36 - 45,2.0,Urban area,10.0,2685.0,,,Data missing or out of range,Data missing or out of range,MERCEDES,E270 CDI ELEGANCE AUTO,Heavy oil,Female,,No tow/articulation,Did not leave carriageway,0.0,Going ahead other,2,109,Data missing or out of range,Back,2004
2004440SP0446,21 - 25,11.0,Data missing or out of range,,1118.0,,,Data missing or out of range,Data missing or out of range,ROVER,METRO QUEST,Petrol,Female,,No tow/articulation,Did not leave carriageway,0.0,Waiting to turn left,1,109,Data missing or out of range,Back,2004
2004440ST0015,46 - 55,14.0,Urban area,4.0,,,,Data missing or out of range,Data missing or out of range,LEYLAND,,Heavy oil,Male,,No tow/articulation,Did not leave carriageway,0.0,Parked,1,Bus or coach (17 or more pass seats),Data missing or out of range,Did not impact,2004
2004440ST0313,26 - 35,15.0,Urban area,3.0,1392.0,,,Data missing or out of range,Data missing or out of range,NISSAN,SUNNY PREMIUM,Petrol,Male,,No tow/articulation,Did not leave carriageway,0.0,Going ahead other,1,109,Data missing or out of range,Front,2004
2004440ST0333,56 - 65,17.0,Urban area,4.0,2316.0,,,Data missing or out of range,Data missing or out of range,VOLVO,760 TURBO AUTO,Petrol,Female,,No tow/articulation,Did not leave carriageway,0.0,Parked,1,109,Data missing or out of range,Back,2004
2004440ST0427,21 - 25,,Small town,9.0,2500.0,,,Data missing or out of range,Data missing or out of range,KIA,SORENTO CRDI XS AUTO,Heavy oil,Male,,No tow/articulation,Did not leave carriageway,0.0,Reversing,2,109,Data missing or out of range,Back,2004
2004440ST0470,26 - 35,13.0,Data missing or out of range,,2500.0,,,Data missing or out of range,Data missing or out of range,MITSUBISHI,,Heavy oil,Male,,No tow/articulation,Did not leave carriageway,0.0,Waiting to go - held up,2,109,Data missing or out of range,Front,2004
2004440ST0753,36 - 45,2.0,Data missing or out of range,,1989.0,,,Data missing or out of range,Data missing or out of range,FORD,MAVERICK ZETEC,Petrol,Male,,No tow/articulation,Did not leave carriageway,0.0,Reversing,2,109,Data missing or out of range,Back,2004
2004440ST0831,21 - 25,13.0,Urban area,4.0,1289.0,,,Data missing or out of range,Data missing or out of range,SKODA,FAVORIT LS,Petrol,Female,,No tow/articulation,Did not leave carriageway,0.0,Turning right,1,109,Data missing or out of range,Front,2004
2004440SY0005,21 - 25,15.0,Urban area,4.0,1598.0,,,Data missing or out of range,Data missing or out of range,AUSTIN,MONTEGO SL,Petrol,Male,Skidded,No tow/articulation,Did not leave carriageway,0.0,Going ahead other,2,109,Data missing or out of range,Front,2004
2004440SY0010,66 - 75,11.0,Small town,10.0,1686.0,,,Data missing or out of range,Data missing or out of range,VAUXHALL,ASTRA LS TURBO DIESEL,Heavy oil,Male,,No tow/articulation,Did not leave carriageway,0.0,Turning right,1,109,Data missing or out of range,Front,2004
2004440SY0037,21 - 25,8.0,Urban area,2.0,599.0,,,Data missing or out of range,Data missing or out of range,KAWASAKI,,Petrol,Male,Skidded,No tow/articulation,Did not leave carriageway,0.0,Going ahead other,2,106,Data missing or out of range,Front,2004
2004440SY0050,56 - 65,4.0,Data missing or out of range,,998.0,,,Data missing or out of range,Data missing or out of range,NISSAN,MICRA PROFILE 16V,Petrol,Male,,No tow/articulation,Did not leave carriageway,0.0,Turning right,2,109,Data missing or out of range,Offside,2004
2004440SY0320,26 - 35,,Urban area,5.0,,,,Data missing or out of range,Data missing or out of range,SYM,CITY HOPPER,,Male,,No tow/articulation,Did not leave carriageway,0.0,Going ahead other,1,Motorcycle 50cc and under,Data missing or out of range,Offside,2004
2004440SY0344,26 - 35,,Urban area,5.0,,,,Data missing or out of range,Data missing or out of range,SYM,CITY HOPPER,,Male,,No tow/articulation,Did not leave carriageway,0.0,Turning left,1,Motorcycle 50cc and under,Data missing or out of range,Front,2004
2004440SY0346,56 - 65,,Urban area,3.0,,,,Data missing or out of range,Data missing or out of range,FORD,ESCORT 55TD,,Male,,No tow/articulation,Did not leave carriageway,0.0,Slowing or stopping,1,109,Data missing or out of range,Back,2004
2004440SY0604,26 - 35,4.0,Urban area,9.0,1598.0,,,Data missing or out of range,Data missing or out of range,RENAULT,MEGANE SCENIC ALIZE AUTO,Petrol,Female,,No tow/articulation,Offside,0.0,Turning right,1,109,Data missing or out of range,Front,2004
2004440WA0340,36 - 45,12.0,Rural,7.0,2470.0,,,Data missing or out of range,Data missing or out of range,MITSUBISHI,,Heavy oil,Male,,No tow/articulation,Did not leave carriageway,0.0,Changing lane to right,4,109,Data missing or out of range,Did not impact,2004
2004440WA0408,46 - 55,6.0,Data missing or out of range,,1781.0,,,Data missing or out of range,Data missing or out of range,VOLKSWAGEN,PASSAT S 20V,Petrol,Female,,No tow/articulation,Did not leave carriageway,0.0,Overtaking static vehicle - offside,1,109,Data missing or out of range,Front,2004
2004440WA0440,46 - 55,4.0,Urban area,6.0,998.0,,,Data missing or out of range,Data missing or out of range,NISSAN,MICRA INSPIRATION 16V,Petrol,Male,,No tow/articulation,Did not leave carriageway,0.0,Going ahead other,2,109,Data missing or out of range,Front,2004
2004440WA0479,46 - 55,3.0,Rural,6.0,4164.0,,,Data missing or out of range,Data missing or out of range,TOYOTA,LANDCRUISER AMAZON VX TDA,Heavy oil,Male,,No tow/articulation,Did not leave carriageway,0.0,Going ahead other,2,109,Data missing or out of range,Front,2004
2004440WA0641,16 - 20,,Urban area,4.0,,,,Data missing or out of range,Data missing or out of range,JOHN DEERE,,,Male,,No tow/articulation,Did not leave carriageway,0.0,Going ahead other,2,Motorcycle 50cc and under,Data missing or out of range,Offside,2004
2004440WE0546,36 - 45,,Urban area,10.0,,,,Data missing or out of range,Data missing or out of range,MAN,,,Male,,No tow/articulation,Did not leave carriageway,0.0,Going ahead other,1,Goods 7.5 tonnes mgw and over,Data missing or out of range,Front,2004
2004440WE0705,46 - 55,3.0,Urban area,10.0,2800.0,,,Data missing or out of range,Data missing or out of range,IVECO,,Heavy oil,Female,,No tow/articulation,Did not leave carriageway,0.0,Going ahead other,2,Van / Goods 3.5 tonnes mgw or under,Data missing or out of range,Front,2004
2004440WH0255,Data missing or out of range,3.0,Data missing or out of range,,1998.0,,,Data missing or out of range,Data missing or out of range,DAEWOO,LEGANZA SX,Petrol,Not known,,No tow/articulation,Did not leave carriageway,0.0,Parked,2,109,Data missing or out of range,Nearside,2004
2004440WH0260,21 - 25,11.0,Urban area,3.0,954.0,,,Data missing or out of range,Data missing or out of range,PEUGEOT,106 XN PLUS,Petrol,Female,,No tow/articulation,Did not leave carriageway,0.0,Going ahead other,2,109,Data missing or out of range,Nearside,2004
2004440WH0400,16 - 20,28.0,Urban area,10.0,72.0,,,Data missing or out of range,Data missing or out of range,HONDA,,Petrol,Male,,No tow/articulation,Did not leave carriageway,0.0,Going ahead other,1,Motorcycle 125cc and under,Data missing or out of range,Front,2004
2004440WH0437,56 - 65,6.0,Small town,9.0,2498.0,,,Data missing or out of range,Data missing or out of range,VAUXHALL,VECTRA SPORT V6,Petrol,Female,,No tow/articulation,Did not leave carriageway,0.0,Waiting to go - held up,1,109,Data missing or out of range,Back,2004
2004440WR0234,46 - 55,1.0,Data missing or out of range,,,,,Data missing or out of range,Data missing or out of range,MASSEY FERGUSON,,Heavy oil,Male,,No tow/articulation,Did not leave carriageway,0.0,Going ahead other,2,Agricultural vehicle,Data missing or out of range,Front,2004
2004440WR0277,66 - 75,1.0,Small town,10.0,1994.0,,,Data missing or out of range,Data missing or out of range,ROVER,25 IMPRESSION S3 TD,Heavy oil,Male,,No tow/articulation,Did not leave carriageway,0.0,Going ahead other,3,109,Data missing or out of range,Back,2004
2004440WR0386,21 - 25,10.0,Urban area,8.0,1905.0,,,Data missing or out of range,Data missing or out of range,CITROEN,XANTIA SX TD,Heavy oil,Male,,No tow/articulation,Did not leave carriageway,0.0,Waiting to go - held up,1,109,Data missing or out of range,Back,2004
2004440ZD0021,56 - 65,4.0,Urban area,3.0,1391.0,,,Data missing or out of range,Data missing or out of range,SEAT,IBIZA.COOL,Petrol,Male,,No tow/articulation,Did not leave carriageway,0.0,Going ahead left-hand bend,3,109,Data missing or out of range,Front,2004
2004440ZD0063,26 - 35,,Urban area,2.0,3200.0,,,Data missing or out of range,Data missing or out of range,MITSUBISHI,SHOGUN WARRIOR DI-D AUTO,Heavy oil,Female,,No tow/articulation,Did not leave carriageway,0.0,Waiting to go - held up,1,109,Data missing or out of range,Back,2004
2004440ZD0063,66 - 75,9.0,Data missing or out of range,,2383.0,,,Data missing or out of range,Data missing or out of range,VOLVO,940 SE TURBO DIESEL A,Heavy oil,Male,,No tow/articulation,Did not leave carriageway,0.0,Going ahead other,2,109,Data missing or out of range,Front,2004
2004440ZD0133,36 - 45,14.0,Urban area,3.0,1905.0,,,Data missing or out of range,Data missing or out of range,CITROEN,BX19 TGD AUTO,Heavy oil,Female,,No tow/articulation,Did not leave carriageway,0.0,Turning right,1,109,Data missing or out of range,Offside,2004
2004440ZD0181,56 - 65,6.0,Urban area,5.0,742.0,,,Data missing or out of range,Data missing or out of range,HONDA,,Petrol,Male,,No tow/articulation,Did not leave carriageway,0.0,Waiting to go - held up,2,106,Data missing or out of range,Back,2004
2004440ZD0381,Over 75,,Urban area,2.0,,,Other permanent object,Data missing or out of range,Data missing or out of range,VOLKSWAGEN,TRANSPORTER 62 P SWB,,Male,Overturned,No tow/articulation,Did not leave carriageway,0.0,Going ahead other,2,109,Data missing or out of range,Front,2004
2004440ZD0403,46 - 55,1.0,Rural,,1363.0,,,Data missing or out of range,Data missing or out of range,TOYOTA,YARIS T3 D-4D,Heavy oil,Male,,No tow/articulation,Did not leave carriageway,0.0,Turning right,1,109,Data missing or out of range,Front,2004
2004440ZD0427,56 - 65,15.0,Small town,9.0,1955.0,,,Data missing or out of range,Data missing or out of range,HONDA,ACCORD AERODECK EX,Petrol,Female,,No tow/articulation,Did not leave carriageway,0.0,Turning right,1,109,Data missing or out of range,Nearside,2004
2004440ZD0508,Data missing or out of range,22.0,Data missing or out of range,,1600.0,,,Data missing or out of range,Data missing or out of range,VOLKSWAGEN,SCIROCCO GTI,Petrol,Not known,,No tow/articulation,Did not leave carriageway,0.0,Parked,2,109,Data missing or out of range,Back,2004
2004440ZD0511,Data missing or out of range,14.0,Data missing or out of range,,1597.0,,,Data missing or out of range,Data missing or out of range,FORD,FIESTA XR2I,Petrol,Male,Skidded,No tow/articulation,Did not leave carriageway,0.0,Going ahead other,1,109,Data missing or out of range,Front,2004
2004440ZD0808,16 - 20,12.0,Urban area,4.0,1389.0,,,Data missing or out of range,Data missing or out of range,VAUXHALL,ASTRA LS I,Petrol,Male,,No tow/articulation,Did not leave carriageway,0.0,Slowing or stopping,1,109,Data missing or out of range,Front,2004
2004440ZD0830,16 - 20,12.0,Rural,7.0,399.0,,Other permanent object,Data missing or out of range,Data missing or out of range,HONDA,,Petrol,Male,,No tow/articulation,Nearside,9.0,Going ahead other,1,106,Data missing or out of range,Front,2004
2004440ZD0990,46 - 55,2.0,Urban area,5.0,2656.0,,,Data missing or out of range,Data missing or out of range,HYUNDAI,COUPE V6,Petrol,Male,,No tow/articulation,Did not leave carriageway,0.0,Turning right,2,109,Data missing or out of range,Nearside,2004
2004440ZD1139,16 - 20,12.0,Urban area,,398.0,,,Data missing or out of range,Data missing or out of range,KAWASAKI,,Petrol,Male,Skidded,No tow/articulation,Did not leave carriageway,0.0,Going ahead other,1,106,Data missing or out of range,Front,2004
200445EL54984,16 - 20,8.0,Urban area,8.0,1120.0,,,Data missing or out of range,Data missing or out of range,ROVER,100 KENSINGTON,Petrol,Male,,No tow/articulation,Did not leave carriageway,0.0,Going ahead other,1,109,Data missing or out of range,Front,2004
200445EL55137,56 - 65,14.0,Urban area,10.0,1580.0,,,Data missing or out of range,Data missing or out of range,PEUGEOT,205 AUTOMATIC,Petrol,Male,Skidded,No tow/articulation,Did not leave carriageway,0.0,Going ahead other,1,109,Data missing or out of range,Front,2004
200445EL55442,26 - 35,6.0,Urban area,6.0,1389.0,,,Data missing or out of range,Data missing or out of range,VAUXHALL,CORSA GLS 1.4I AUTO,Petrol,Female,,No tow/articulation,Did not leave carriageway,0.0,Going ahead other,2,109,Data missing or out of range,Back,2004
200445EL60040,46 - 55,4.0,Urban area,7.0,244.0,,,Data missing or out of range,Data missing or out of range,PIAGGIO,X9 250,Petrol,Male,,No tow/articulation,Did not leave carriageway,0.0,Going ahead other,2,106,Data missing or out of range,Nearside,2004
200445EL62021,36 - 45,2.0,Urban area,9.0,1598.0,,,Data missing or out of range,Data missing or out of range,MERCEDES,A160 AVANTGARDE AUTO,Petrol,Female,,No tow/articulation,Did not leave carriageway,0.0,U-turn,1,109,Data missing or out of range,Offside,2004
200445EL62740,Over 75,1.0,Data missing or out of range,,2497.0,Parked vehicle,,Data missing or out of range,Data missing or out of range,ROVER,75 CONNOISSEUR SE AUTO,Petrol,Male,,No tow/articulation,Nearside,9.0,Slowing or stopping,1,109,Data missing or out of range,Front,2004
200445EL62740,56 - 65,1.0,Data missing or out of range,,1997.0,,,Data missing or out of range,Data missing or out of range,PEUGEOT,BOXER 290 LX MWB HDI,Heavy oil,Male,,No tow/articulation,Did not leave carriageway,0.0,Going ahead other,3,Other vehicle,Data missing or out of range,Front,2004
200445EL62833,36 - 45,,Urban area,3.0,,,,Data missing or out of range,Data missing or out of range,VOLKSWAGEN,800 SPECIAL TD SWB,,Male,,No tow/articulation,Did not leave carriageway,6.0,Parked,3,Other vehicle,Data missing or out of range,Offside,2004
200445EP47911,16 - 20,1.0,Urban area,10.0,1598.0,,,Data missing or out of range,Data missing or out of range,RENAULT,CLIO DYNAMIQUE 16V,Petrol,Male,,No tow/articulation,Did not leave carriageway,0.0,Going ahead left-hand bend,2,109,Data missing or out of range,Front,2004
200445EP54384,26 - 35,10.0,Urban area,4.0,1120.0,Bollard or refuge,,Data missing or out of range,Data missing or out of range,ROVER,METRO RIO,Petrol,Female,Skidded,No tow/articulation,Did not leave carriageway,0.0,Going ahead left-hand bend,1,109,Data missing or out of range,Front,2004
200445EP54684,21 - 25,19.0,Urban area,10.0,124.0,,,Data missing or out of range,Data missing or out of range,SUZUKI,,Petrol,Male,,No tow/articulation,Did not leave carriageway,0.0,Turning right,1,Motorcycle 125cc and under,Data missing or out of range,Front,2004
200445EP56761,26 - 35,2.0,Urban area,9.0,124.0,Other object,,Data missing or out of range,Data missing or out of range,KAWASAKI,,Petrol,Male,Skidded,No tow/articulation,Did not leave carriageway,0.0,Going ahead other,1,Motorcycle 125cc and under,Data missing or out of range,Front,2004
200445EP58951,46 - 55,2.0,Urban area,9.0,1769.0,,,Data missing or out of range,Data missing or out of range,NISSAN,ALMERA TINO TWISTER,Petrol,Female,Skidded,No tow/articulation,Did not leave carriageway,0.0,Going ahead other,1,109,Data missing or out of range,Front,2004
200445EP59255,36 - 45,12.0,Urban area,10.0,1991.0,,,Data missing or out of range,Data missing or out of range,MAZDA,626 GLX ABS,Petrol,Female,,No tow/articulation,Did not leave carriageway,0.0,Going ahead other,1,109,Data missing or out of range,Back,2004
200445EP60156,36 - 45,2.0,Urban area,10.0,1871.0,,,Data missing or out of range,Data missing or out of range,AUDI,A6 1.9 TDI SPORT,Heavy oil,Male,,No tow/articulation,Did not leave carriageway,0.0,Turning left,1,109,Data missing or out of range,Front,2004
200445EP61483,Over 75,10.0,Urban area,9.0,1119.0,,Other permanent object,Data missing or out of range,Data missing or out of range,FORD,FIESTA FRESCO I,Petrol,Female,,No tow/articulation,Nearside,0.0,Reversing,1,109,Data missing or out of range,Did not impact,2004
200445EP62415,36 - 45,,Urban area,9.0,124.0,,,Data missing or out of range,Data missing or out of range,PIAGGIO,B 125,Petrol,Male,,No tow/articulation,Did not leave carriageway,0.0,Going ahead other,2,Motorcycle 125cc and under,Data missing or out of range,Front,2004
200445GU47879,21 - 25,,Urban area,9.0,,,,Data missing or out of range,Data missing or out of range,RENAULT,MASTER SL28 DCI,,Male,,No tow/articulation,Did not leave carriageway,0.0,Going ahead other,5,109,Data missing or out of range,Front,2004
200445GU48725,46 - 55,6.0,Urban area,10.0,649.0,,,Data missing or out of range,Data missing or out of range,YAMAHA,XVS650,Petrol,Male,Skidded,No tow/articulation,Did not leave carriageway,0.0,Turning left,2,106,Data missing or out of range,Offside,2004
200445GU49172,21 - 25,11.0,Rural,9.0,1998.0,Kerb,Road sign or traffic signal,Data missing or out of range,Data missing or out of range,VAUXHALL,CAVALIER DIPLOMAT,Petrol,Male,Skidded,No tow/articulation,Offside,0.0,Going ahead other,1,109,Data missing or out of range,Front,2004
200445GU49741,46 - 55,8.0,Urban area,10.0,,,,Data missing or out of range,Data missing or out of range,DENNIS,,Heavy oil,Male,,No tow/articulation,Did not leave carriageway,0.0,Going ahead other,1,Bus or coach (17 or more pass seats),Data missing or out of range,Nearside,2004
200445GU49833,36 - 45,,Urban area,9.0,,,,Data missing or out of range,Data missing or out of range,SEAT,INCA SDI,,Male,Skidded,No tow/articulation,Did not leave carriageway,0.0,Going ahead other,3,109,Data missing or out of range,Front,2004
200445GU54375,Data missing or out of range,,Urban area,5.0,,,,Data missing or out of range,Data missing or out of range,SCANIA,,,Male,,No tow/articulation,Did not leave carriageway,0.0,Turning left,2,Van / Goods 3.5 tonnes mgw or under,Data missing or out of range,Back,2004
200445GU55309,46 - 55,10.0,Small town,10.0,1794.0,,,Data missing or out of range,Data missing or out of range,RENAULT,19 RT I AUTO,Petrol,Female,,No tow/articulation,Did not leave carriageway,0.0,Waiting to turn right,2,109,Data missing or out of range,Back,2004
200445GU58314,56 - 65,3.0,Urban area,7.0,1997.0,,Tree,Data missing or out of range,Data missing or out of range,PEUGEOT,406 LX HDI (110),Heavy oil,Male,,No tow/articulation,Offside on to central reservation,0.0,Going ahead other,1,109,Data missing or out of range,Front,2004
200445GU58348,21 - 25,,Data missing or out of range,,1389.0,,Central crash barrier,Data missing or out of range,Data missing or out of range,VAUXHALL,CORSA DESIGN 16V AUTO,Petrol,Male,Skidded and overturned,No tow/articulation,Offside - crossed central reservation,0.0,Going ahead right-hand bend,1,109,Data missing or out of range,Front,2004
200445GU59771,26 - 35,19.0,Rural,9.0,2495.0,,,Data missing or out of range,Data missing or out of range,LAND ROVER,110 4C REG D,Heavy oil,Male,,No tow/articulation,Did not leave carriageway,0.0,Going ahead other,2,109,Data missing or out of range,Front,2004
200445GU60208,Over 75,5.0,Urban area,8.0,7500.0,,,Data missing or out of range,Data missing or out of range,NEW HOLLAND,,Heavy oil,Male,,No tow/articulation,Did not leave carriageway,0.0,Turning right,2,Agricultural vehicle,Data missing or out of range,Front,2004
200445GU60495,36 - 45,5.0,Urban area,8.0,750.0,,Other permanent object,Data missing or out of range,Data missing or out of range,SUZUKI,GSX 750 FX,Petrol,Male,,No tow/articulation,Nearside,0.0,Going ahead other,1,106,Data missing or out of range,Front,2004
200445GU61537,16 - 20,5.0,Urban area,10.0,998.0,Bridge (side),Other permanent object,Data missing or out of range,Data missing or out of range,NISSAN,MICRA PROFILE 16V,Petrol,Female,,No tow/articulation,Nearside,0.0,Going ahead right-hand bend,1,109,Data missing or out of range,Front,2004
200445GU61811,21 - 25,11.0,Data missing or out of range,,1468.0,,Road sign or traffic signal,Data missing or out of range,Data missing or out of range,PROTON,SE,Petrol,Female,Overturned,No tow/articulation,Nearside,0.0,Going ahead other,1,109,Data missing or out of range,Front,2004
200445GU62042,16 - 20,12.0,Data missing or out of range,,2258.0,,,Data missing or out of range,Data missing or out of range,HONDA,,Petrol,Male,,No tow/articulation,Did not leave carriageway,0.0,Going ahead other,1,109,Data missing or out of range,Front,2004
200445MO47915,36 - 45,2.0,Urban area,2.0,1461.0,,,Data missing or out of range,Data missing or out of range,RENAULT,CLIO EXPRESSION DCI 65,Heavy oil,Male,,No tow/articulation,Did not leave carriageway,0.0,Turning left,2,109,Data missing or out of range,Front,2004
200445MO50571,26 - 35,,Data missing or out of range,,,,Tree,Data missing or out of range,Data missing or out of range,FODEN,,,Male,Skidded,No tow/articulation,Nearside,0.0,Going ahead other,2,Other vehicle,Data missing or out of range,Front,2004
200445MO55341,26 - 35,18.0,Rural,10.0,1781.0,,,Data missing or out of range,Data missing or out of range,VOLKSWAGEN,GOLF GL 4+E 1.8,Petrol,Male,,No tow/articulation,Nearside,0.0,Going ahead right-hand bend,2,109,Data missing or out of range,Offside,2004
200445MO56164,66 - 75,6.0,Urban area,6.0,2498.0,,,Data missing or out of range,Data missing or out of range,VAUXHALL,OMEGA CDX V6,Petrol,Male,,No tow/articulation,Did not leave carriageway,0.0,Going ahead other,2,109,Data missing or out of range,Back,2004
200445MO57570,56 - 65,6.0,Urban area,2.0,1948.0,,,Data missing or out of range,Data missing or out of range,VOLVO,V40 2.0I AUTO,Petrol,Male,,No tow/articulation,Did not leave carriageway,0.0,Going ahead other,3,109,Data missing or out of range,Offside,2004
200445MO57970,46 - 55,12.0,Rural,7.0,1998.0,,,Data missing or out of range,Data missing or out of range,VAUXHALL,CARLTON CD I,Petrol,Male,,No tow/articulation,Did not leave carriageway,0.0,Going ahead other,1,109,Data missing or out of range,Nearside,2004
200445MO58557,21 - 25,7.0,Rural,8.0,1124.0,,Other permanent object,Data missing or out of range,Data missing or out of range,PEUGEOT,106 XL INDEPENDENCE,Petrol,Female,Skidded,No tow/articulation,Nearside and rebounded,0.0,Going ahead right-hand bend,1,109,Data missing or out of range,Front,2004
200445MO59565,16 - 20,3.0,Urban area,10.0,973.0,,Tree,Data missing or out of range,Data missing or out of range,VAUXHALL,CORSA EXPRESSION 12V,Petrol,Male,,No tow/articulation,Nearside,0.0,Going ahead other,1,109,Data missing or out of range,Front,2004
200445MO62131,16 - 20,11.0,Urban area,9.0,1588.0,,Tree,Data missing or out of range,Data missing or out of range,VOLKSWAGEN,PASSAT L TURBO D,Heavy oil,Male,Skidded and overturned,No tow/articulation,Offside - crossed central reservation,0.0,Going ahead other,1,109,Data missing or out of range,Offside,2004
200445RE50698,36 - 45,1.0,Urban area,9.0,992.0,,,Data missing or out of range,Data missing or out of range,DUCATI,MULTISTRADA 1000 S,Petrol,Male,,No tow/articulation,Did not leave carriageway,0.0,Going ahead other,1,106,Data missing or out of range,Offside,2004
200445RE53958,46 - 55,,Urban area,7.0,,,,Data missing or out of range,Data missing or out of range,FIAT,DOBLO CARGO SX,,Male,Skidded,No tow/articulation,Did not leave carriageway,0.0,Going ahead other,2,109,Data missing or out of range,Front,2004
200445RE55616,26 - 35,,Rural,9.0,,,,Data missing or out of range,Data missing or out of range,FIAT,FIORINO,,Male,,No tow/articulation,Did not leave carriageway,0.0,Going ahead left-hand bend,2,109,Data missing or out of range,Front,2004
200445RE58623,46 - 55,5.0,Urban area,4.0,2544.0,,,Data missing or out of range,Data missing or out of range,FORD,MONDEO ST 24 V6,Petrol,Male,,No tow/articulation,Did not leave carriageway,0.0,Parked,3,109,Data missing or out of range,Back,2004
200445RE58712,36 - 45,,Urban area,6.0,,,,Data missing or out of range,Data missing or out of range,FORD,TRANSIT 280 SWB TD,,Male,,No tow/articulation,Did not leave carriageway,0.0,Waiting to turn right,2,Other vehicle,Data missing or out of range,Front,2004
200445RE61770,16 - 20,,Data missing or out of range,,49.0,,,Data missing or out of range,Data missing or out of range,TAISHAN,COMMUTER,Petrol,Male,Skidded,No tow/articulation,Did not leave carriageway,0.0,Waiting to go - held up,2,Motorcycle 125cc and under,Data missing or out of range,Nearside,2004
200445RE62760,16 - 20,,Urban area,2.0,2499.0,,,Data missing or out of range,Data missing or out of range,FORD,RANGER XLT THUNDER,Heavy oil,Male,Skidded,No tow/articulation,Offside,0.0,Going ahead other,1,Van / Goods 3.5 tonnes mgw or under,Data missing or out of range,Did not impact,2004
200445RU51523,46 - 55,1.0,Urban area,4.0,11021.0,,,Data missing or out of range,Data missing or out of range,SCANIA,,Heavy oil,Male,,No tow/articulation,Did not leave carriageway,0.0,Going ahead other,1,Goods 7.5 tonnes mgw and over,Data missing or out of range,Front,2004
200445RU54551,26 - 35,6.0,Urban area,5.0,3996.0,,Central crash barrier,Data missing or out of range,Data missing or out of range,JAGUAR,XK8 COUPE AUTO,Petrol,Male,Skidded,No tow/articulation,Offside,0.0,Going ahead other,3,109,Data missing or out of range,Offside,2004
200445RU54573,46 - 55,10.0,Urban area,10.0,600.0,,,Data missing or out of range,Data missing or out of range,HONDA,,Petrol,Male,,No tow/articulation,Did not leave carriageway,0.0,Slowing or stopping,2,106,Data missing or out of range,Offside,2004
200445RU56013,16 - 20,9.0,Urban area,9.0,1120.0,Kerb,Entered ditch,Data missing or out of range,Data missing or out of range,ROVER,100 KENSINGTON,Petrol,Female,Skidded,No tow/articulation,Offside,0.0,Going ahead right-hand bend,1,109,Data missing or out of range,Did not impact,2004
200445RU57275,21 - 25,11.0,Data missing or out of range,,1590.0,,,Data missing or out of range,Data missing or out of range,SUZUKI,VITARA JLX SE AUTO,Petrol,Male,,No tow/articulation,Did not leave carriageway,0.0,Going ahead other,1,109,Data missing or out of range,Front,2004
200445RU59194,46 - 55,8.0,Data missing or out of range,,1994.0,,,Data missing or out of range,Data missing or out of range,ROVER,220 SD,Heavy oil,Female,,No tow/articulation,Did not leave carriageway,0.0,Waiting to turn right,1,109,Data missing or out of range,Back,2004