Accident_Index,Age_Band_of_Driver,Age_of_Vehicle,Driver_Home_Area_Type,Driver_IMD_Decile,Engine_Capacity_.CC.,Hit_Object_in_Carriageway,Hit_Object_off_Carriageway,Journey_Purpose_of_Driver,Junction_Location,make,model,Propulsion_Code,Sex_of_Driver,Skidding_and_Overturning,Towing_and_Articulation,Vehicle_Leaving_Carriageway,Vehicle_Location.Restricted_Lane,Vehicle_Manoeuvre,Vehicle_Reference,Vehicle_Type,Was_Vehicle_Left_Hand_Drive,X1st_Point_of_Impact,Year
200445RU60389,21 - 25,14.0,Urban area,2.0,1990.0,,,Data missing or out of range,Data missing or out of range,NISSAN,,Petrol,Male,,No tow/articulation,Did not leave carriageway,0.0,Waiting to go - held up,2,109,Data missing or out of range,Back,2004
200445RU61715,26 - 35,,Urban area,7.0,,,,Data missing or out of range,Data missing or out of range,VAUXHALL,COMBO 1700 DI,,Male,,No tow/articulation,Did not leave carriageway,0.0,Waiting to go - held up,1,109,Data missing or out of range,Offside,2004
200445RU62363,26 - 35,1.0,Urban area,3.0,2800.0,,,Data missing or out of range,Data missing or out of range,IVECO-FORD,,Heavy oil,Male,,No tow/articulation,Did not leave carriageway,6.0,Parked,2,Other vehicle,Data missing or out of range,Back,2004
200445SP47333,56 - 65,3.0,Urban area,7.0,1598.0,,,Data missing or out of range,Data missing or out of range,RENAULT,MEGANE SCENIC EXP AUTO,Petrol,Male,,No tow/articulation,Did not leave carriageway,0.0,Waiting to go - held up,3,109,Data missing or out of range,Did not impact,2004
200445SP48149,46 - 55,1.0,Urban area,7.0,3900.0,,,Data missing or out of range,Data missing or out of range,DENNIS,,Heavy oil,Male,,No tow/articulation,Did not leave carriageway,0.0,Going ahead other,1,Bus or coach (17 or more pass seats),Data missing or out of range,Front,2004
200445SP49091,21 - 25,8.0,Data missing or out of range,,1108.0,,,Data missing or out of range,Data missing or out of range,FIAT,PUNTO 55 SX,Petrol,Male,,No tow/articulation,Did not leave carriageway,0.0,Waiting to turn right,3,109,Data missing or out of range,Back,2004
200445SP51940,46 - 55,6.0,Urban area,9.0,1686.0,Kerb,,Data missing or out of range,Data missing or out of range,VAUXHALL,CORSA BREEZE DIESEL,Heavy oil,Female,,No tow/articulation,Did not leave carriageway,0.0,Parked,2,109,Data missing or out of range,Front,2004
200445SP52669,56 - 65,2.0,Data missing or out of range,,100.0,,,Data missing or out of range,Data missing or out of range,PEUGEOT,LOOXOR 100,Petrol,Female,,No tow/articulation,Did not leave carriageway,0.0,Going ahead other,2,Motorcycle 125cc and under,Data missing or out of range,Nearside,2004
200445SP55552,56 - 65,4.0,Data missing or out of range,,1997.0,,,Data missing or out of range,Data missing or out of range,PEUGEOT,306 D TURBO HDI,Heavy oil,Female,Skidded,No tow/articulation,Offside on to central reservation,0.0,Going ahead other,3,109,Data missing or out of range,Back,2004
200445SP55665,56 - 65,12.0,Small town,10.0,1769.0,,,Data missing or out of range,Data missing or out of range,PEUGEOT,205 ZEST D,Heavy oil,Female,,No tow/articulation,Did not leave carriageway,0.0,Going ahead other,4,109,Data missing or out of range,Front,2004
200445SP56490,Data missing or out of range,4.0,Urban area,5.0,1995.0,,,Data missing or out of range,Data missing or out of range,VAUXHALL,VECTRA CD DTI,Heavy oil,Male,,No tow/articulation,Did not leave carriageway,0.0,Going ahead other,2,109,Data missing or out of range,Front,2004
200445SP56619,36 - 45,9.0,Urban area,9.0,1119.0,,,Data missing or out of range,Data missing or out of range,FORD,,Petrol,Male,Skidded,No tow/articulation,Did not leave carriageway,0.0,Going ahead other,2,109,Data missing or out of range,Offside,2004
200445SP57792,36 - 45,2.0,Urban area,9.0,3996.0,,,Data missing or out of range,Data missing or out of range,JAGUAR,XK8 COUPE AUTO,Petrol,Female,,No tow/articulation,Did not leave carriageway,0.0,Slowing or stopping,2,109,Data missing or out of range,Back,2004
200445SP59328,36 - 45,1.0,Urban area,4.0,3920.0,,Other permanent object,Data missing or out of range,Data missing or out of range,IVECO-FORD,,Heavy oil,Male,Skidded,No tow/articulation,Offside and rebounded,0.0,Slowing or stopping,2,Goods 7.5 tonnes mgw and over,Data missing or out of range,Front,2004
200445SP62815,66 - 75,10.0,Urban area,3.0,1598.0,,,Data missing or out of range,Data missing or out of range,VAUXHALL,CAVALIER ENVOY,Petrol,Male,,No tow/articulation,Did not leave carriageway,0.0,Turning left,1,109,Data missing or out of range,Offside,2004
200445SU48231,46 - 55,4.0,Urban area,9.0,559.0,,Near/Offside crash barrier,Data missing or out of range,Data missing or out of range,TRIUMPH,TT 600,Petrol,Male,,No tow/articulation,Offside,0.0,Going ahead other,1,106,Data missing or out of range,Nearside,2004
200445SU48369,36 - 45,10.0,Urban area,5.0,399.0,Kerb,,Data missing or out of range,Data missing or out of range,YAMAHA,,Petrol,Male,,No tow/articulation,Did not leave carriageway,0.0,Overtaking - nearside,2,106,Data missing or out of range,Offside,2004
200445SU51444,26 - 35,11.0,Urban area,3.0,1686.0,,,Data missing or out of range,Data missing or out of range,VAUXHALL,ASTRA LS TURBO DIESEL,Heavy oil,Female,,No tow/articulation,Did not leave carriageway,0.0,Turning left,1,109,Data missing or out of range,Nearside,2004
200445SU51594,21 - 25,6.0,Urban area,9.0,1341.0,,,Data missing or out of range,Data missing or out of range,HYUNDAI,ACCENT COUPE SI,Petrol,Female,,No tow/articulation,Nearside,0.0,Going ahead other,5,109,Data missing or out of range,Front,2004
200445SU53066,Data missing or out of range,6.0,Rural,9.0,2494.0,,,Data missing or out of range,Data missing or out of range,BMW,523I SE TOURING AUTO,Petrol,Male,,No tow/articulation,Did not leave carriageway,0.0,Slowing or stopping,3,109,Data missing or out of range,Back,2004
200445SU55691,46 - 55,4.0,Urban area,4.0,1124.0,,,Data missing or out of range,Data missing or out of range,CITROEN,SAXO FORTE,Petrol,Female,,No tow/articulation,Did not leave carriageway,0.0,Going ahead other,2,109,Data missing or out of range,Front,2004
200445SU58025,46 - 55,,Small town,10.0,,,,Data missing or out of range,Data missing or out of range,VAUXHALL,MIDI DIESEL,,Male,,No tow/articulation,Did not leave carriageway,0.0,Going ahead other,2,109,Data missing or out of range,Front,2004
200445SU58132,56 - 65,7.0,Data missing or out of range,,1388.0,,,Data missing or out of range,Data missing or out of range,FORD,FIESTA CHICANE,Petrol,Male,,No tow/articulation,Did not leave carriageway,0.0,Turning left,1,109,Data missing or out of range,Offside,2004
200445SU58955,21 - 25,9.0,Urban area,8.0,1389.0,,,Data missing or out of range,Data missing or out of range,VAUXHALL,ASTRA MERIT AUTO,Petrol,Female,,No tow/articulation,Did not leave carriageway,0.0,Waiting to go - held up,2,109,Data missing or out of range,Back,2004
200445SU61148,56 - 65,,Urban area,10.0,,,,Data missing or out of range,Data missing or out of range,GILERA,RUNNER 200,,Male,,No tow/articulation,Did not leave carriageway,0.0,Going ahead other,1,106,Data missing or out of range,Front,2004
200445SU61839,66 - 75,4.0,Urban area,10.0,2435.0,,,Data missing or out of range,Data missing or out of range,VOLVO,V70 S 20V AUTO,Petrol,Male,,No tow/articulation,Did not leave carriageway,0.0,Going ahead other,1,109,Data missing or out of range,Nearside,2004
200445TA49850,46 - 55,9.0,Urban area,6.0,5861.0,,,Data missing or out of range,Data missing or out of range,IVECO-FORD,,Heavy oil,Male,,No tow/articulation,Did not leave carriageway,0.0,Going ahead other,1,Goods 7.5 tonnes mgw and over,Data missing or out of range,Front,2004
200445TA49983,36 - 45,10.0,Urban area,8.0,2663.0,,Entered ditch,Data missing or out of range,Data missing or out of range,NISSAN,TERRANO II SLX TD,Heavy oil,Female,Skidded,No tow/articulation,Nearside,0.0,Going ahead other,1,109,Data missing or out of range,Front,2004
200445TA51710,26 - 35,2.0,Urban area,9.0,988.0,,,Data missing or out of range,Data missing or out of range,SUZUKI,GSX R1000K1,Petrol,Male,,No tow/articulation,Did not leave carriageway,0.0,Overtaking moving vehicle - offside,1,106,Data missing or out of range,Front,2004
200445TA56653,36 - 45,1.0,Rural,7.0,1339.0,,,Data missing or out of range,Data missing or out of range,HONDA,JAZZ S,Petrol,Female,Skidded,No tow/articulation,Did not leave carriageway,0.0,Going ahead right-hand bend,2,109,Data missing or out of range,Front,2004
200445TA61758,36 - 45,3.0,Urban area,7.0,892.0,,,Data missing or out of range,Data missing or out of range,YAMAHA,XJ 900 S,Petrol,Male,,No tow/articulation,Did not leave carriageway,0.0,Going ahead other,2,106,Data missing or out of range,Offside,2004
200445TA62687,36 - 45,,Urban area,7.0,1598.0,,Near/Offside crash barrier,Data missing or out of range,Data missing or out of range,RENAULT,MEGANE PRIVILEGE VVT AUTO,Petrol,Female,Skidded,No tow/articulation,Nearside and rebounded,0.0,Going ahead other,2,109,Data missing or out of range,Nearside,2004
200445WA47869,26 - 35,8.0,Rural,10.0,1870.0,,Other permanent object,Data missing or out of range,Data missing or out of range,RENAULT,MEGANE RT 1.9 D,Heavy oil,Female,Skidded,No tow/articulation,Nearside,0.0,Going ahead other,1,109,Data missing or out of range,Back,2004
200445WA51571,16 - 20,12.0,Urban area,4.0,49.0,,,Data missing or out of range,Data missing or out of range,HONDA,SA50-M,Petrol,Male,,No tow/articulation,Did not leave carriageway,0.0,Waiting to turn right,2,Motorcycle 50cc and under,Data missing or out of range,Front,2004
200445WA51572,56 - 65,22.0,Small town,10.0,49.0,,,Data missing or out of range,Data missing or out of range,YAMAHA,,Petrol,Male,,No tow/articulation,Did not leave carriageway,0.0,Going ahead other,1,Motorcycle 50cc and under,Data missing or out of range,Did not impact,2004
200445WA52730,21 - 25,,Urban area,8.0,989.0,,,Data missing or out of range,Data missing or out of range,PERODUA,KELISA GX,Petrol,Male,,No tow/articulation,Did not leave carriageway,0.0,Turning right,1,109,Data missing or out of range,Nearside,2004
200445WA53880,46 - 55,4.0,Urban area,9.0,1450.0,,,Data missing or out of range,Data missing or out of range,HARLEY-DAVIDSON,FLSTF,Petrol,Male,,No tow/articulation,Did not leave carriageway,0.0,Going ahead right-hand bend,1,106,Data missing or out of range,Front,2004
200445WA55915,16 - 20,5.0,Rural,9.0,1343.0,,,Data missing or out of range,Data missing or out of range,HONDA,LOGO,Petrol,Male,,No tow/articulation,Did not leave carriageway,0.0,Going ahead other,2,109,Data missing or out of range,Offside,2004
200445WA55919,21 - 25,16.0,Small town,7.0,124.0,,,Data missing or out of range,Data missing or out of range,YAMAHA,,Petrol,Male,,No tow/articulation,Did not leave carriageway,0.0,Going ahead other,1,Motorcycle 125cc and under,Data missing or out of range,Front,2004
200445WA58039,Over 75,21.0,Urban area,9.0,1335.0,,,Data missing or out of range,Data missing or out of range,TRIUMPH,ACCLAIM CD TRIO AUTO,Petrol,Male,,No tow/articulation,Did not leave carriageway,0.0,Waiting to go - held up,2,109,Data missing or out of range,Back,2004
200445WO47599,Over 75,16.0,Urban area,6.0,1294.0,,,Data missing or out of range,Data missing or out of range,PEUGEOT,309 XE,Petrol,Male,Skidded and overturned,No tow/articulation,Did not leave carriageway,0.0,Going ahead other,1,109,Data missing or out of range,Offside,2004
200445WO48200,26 - 35,6.0,Urban area,8.0,918.0,,,Data missing or out of range,Data missing or out of range,HONDA,CBR900RR,Petrol,Male,,No tow/articulation,Did not leave carriageway,0.0,Going ahead other,2,106,Data missing or out of range,Front,2004
200445WO51291,Data missing or out of range,6.0,Urban area,10.0,1120.0,,,Data missing or out of range,Data missing or out of range,ROVER,100 ASCOT,Petrol,Female,,No tow/articulation,Did not leave carriageway,0.0,Going ahead other,2,109,Data missing or out of range,Front,2004
200445WO53812,26 - 35,6.0,Urban area,9.0,1700.0,,,Data missing or out of range,Data missing or out of range,VAUXHALL,ASTRA MERIT 1.7D TURBO,Heavy oil,Male,,No tow/articulation,Did not leave carriageway,0.0,Going ahead right-hand bend,2,109,Data missing or out of range,Front,2004
200445WO54845,36 - 45,1.0,Urban area,10.0,1199.0,,,Data missing or out of range,Data missing or out of range,VAUXHALL,CORSA ELEGANCE 16V,Petrol,Male,,No tow/articulation,Did not leave carriageway,0.0,Waiting to go - held up,3,109,Data missing or out of range,Back,2004
200445WO54934,56 - 65,2.0,Urban area,10.0,1998.0,,,Data missing or out of range,Data missing or out of range,HONDA,CR-V I-VTEC SE AUTO,Petrol,Male,,No tow/articulation,Did not leave carriageway,0.0,Going ahead other,2,109,Data missing or out of range,Front,2004
200445WO55437,46 - 55,1.0,Urban area,9.0,1360.0,,,Data missing or out of range,Data missing or out of range,PEUGEOT,206 SE SEMI-AUTO,Petrol,Male,,No tow/articulation,Did not leave carriageway,0.0,Going ahead other,2,109,Data missing or out of range,Front,2004
200445WO60250,21 - 25,,Urban area,9.0,124.0,,,Data missing or out of range,Data missing or out of range,PIAGGIO,VESPA GT 125,Petrol,Female,Skidded,No tow/articulation,Did not leave carriageway,0.0,Going ahead other,2,Motorcycle 125cc and under,Data missing or out of range,Front,2004
200445WO60802,26 - 35,,Urban area,8.0,1170.0,,,Data missing or out of range,Data missing or out of range,BMW,R 1200 GS 04,Petrol,Male,,No tow/articulation,Did not leave carriageway,0.0,Going ahead other,2,106,Data missing or out of range,Front,2004
2004460088482,36 - 45,6.0,Urban area,1.0,1527.0,,,Data missing or out of range,Data missing or out of range,PEUGEOT,106 XLD ZEST 3,Heavy oil,Male,,No tow/articulation,Did not leave carriageway,0.0,Waiting to go - held up,4,109,Data missing or out of range,Front,2004
2004460092433,26 - 35,16.0,Data missing or out of range,,1297.0,,,Data missing or out of range,Data missing or out of range,VAUXHALL,ASTRA 1.3L,Petrol,Female,,No tow/articulation,Did not leave carriageway,0.0,Reversing,1,109,Data missing or out of range,Back,2004
2004460093610,Data missing or out of range,,Data missing or out of range,,,,,Data missing or out of range,Data missing or out of range,SUZUKI,,,Male,,No tow/articulation,Nearside,0.0,Going ahead other,1,106,Data missing or out of range,Front,2004
2004460093754,36 - 45,,Data missing or out of range,,124.0,,,Data missing or out of range,Data missing or out of range,PIAGGIO,VESPA ET4,Petrol,Female,,No tow/articulation,Did not leave carriageway,0.0,Going ahead left-hand bend,2,Motorcycle 125cc and under,Data missing or out of range,Offside,2004
2004460097191,26 - 35,,Urban area,1.0,,,,Data missing or out of range,Data missing or out of range,VOLVO,V70 TURBO,,Male,,No tow/articulation,Did not leave carriageway,0.0,Turning right,1,108,Data missing or out of range,Nearside,2004
2004460098080,16 - 20,,Data missing or out of range,,,,,Data missing or out of range,Data missing or out of range,YAMAHA,YN 50 NEO'S,,Male,,No tow/articulation,Did not leave carriageway,0.0,Going ahead other,1,Motorcycle 50cc and under,Data missing or out of range,Front,2004
2004460099420,26 - 35,3.0,Data missing or out of range,,10000.0,,,Data missing or out of range,Data missing or out of range,FODEN,,Heavy oil,Male,,No tow/articulation,Did not leave carriageway,0.0,Going ahead other,2,Goods 7.5 tonnes mgw and over,Data missing or out of range,Front,2004
2004460100774,56 - 65,,Urban area,5.0,3900.0,,,Data missing or out of range,Data missing or out of range,TRANSBUS INT,,Heavy oil,Male,,No tow/articulation,Did not leave carriageway,0.0,Slowing or stopping,2,Bus or coach (17 or more pass seats),Data missing or out of range,Did not impact,2004
2004460101510,16 - 20,13.0,Data missing or out of range,,954.0,,,Data missing or out of range,Data missing or out of range,PEUGEOT,205 XE,Petrol,Male,,No tow/articulation,Did not leave carriageway,0.0,Going ahead other,3,109,Data missing or out of range,Nearside,2004
2004460101515,Data missing or out of range,,Data missing or out of range,,,,,Data missing or out of range,Data missing or out of range,PEUGEOT,LOOXOR 50,,Male,,No tow/articulation,Did not leave carriageway,0.0,Going ahead other,2,Motorcycle 50cc and under,Data missing or out of range,Front,2004
2004460101944,Data missing or out of range,1.0,Data missing or out of range,,998.0,Parked vehicle,,Data missing or out of range,Data missing or out of range,TOYOTA,YARIS T SPIRIT,Petrol,Male,,No tow/articulation,Did not leave carriageway,0.0,Parked,4,109,Data missing or out of range,Back,2004
2004460103296,26 - 35,9.0,Urban area,6.0,1597.0,,,Data missing or out of range,Data missing or out of range,FORD,ESCORT SAPPHIRE,Petrol,Female,,No tow/articulation,Did not leave carriageway,0.0,Going ahead other,1,109,Data missing or out of range,Front,2004
2004460104664,26 - 35,2.0,Urban area,3.0,2254.0,,,Data missing or out of range,Data missing or out of range,HONDA,ACCORD TYPE-V AUTO,Petrol,Male,,No tow/articulation,Did not leave carriageway,0.0,Waiting to turn right,2,109,Data missing or out of range,Back,2004
200446CT01055,66 - 75,5.0,Data missing or out of range,,1948.0,,,Data missing or out of range,Data missing or out of range,RENAULT,LAGUNA RXE 16V,Petrol,Male,,No tow/articulation,Did not leave carriageway,0.0,Going ahead other,1,109,Data missing or out of range,Front,2004
200446CT02629,26 - 35,15.0,Urban area,5.0,1127.0,,,Data missing or out of range,Data missing or out of range,SUZUKI,,Petrol,Male,,No tow/articulation,Did not leave carriageway,0.0,Going ahead other,2,106,Data missing or out of range,Nearside,2004
200446CT03095,66 - 75,11.0,Data missing or out of range,,1905.0,,,Data missing or out of range,Data missing or out of range,PEUGEOT,405 STDT,Heavy oil,Male,,No tow/articulation,Did not leave carriageway,0.0,Going ahead other,3,109,Data missing or out of range,Nearside,2004
200446CT03258,26 - 35,1.0,Data missing or out of range,,2402.0,,,Data missing or out of range,Data missing or out of range,FORD,TRANSIT 350 LWB TD,Heavy oil,Male,,No tow/articulation,Did not leave carriageway,0.0,Going ahead other,1,Van / Goods 3.5 tonnes mgw or under,Data missing or out of range,Nearside,2004
200446CT92090,36 - 45,10.0,Data missing or out of range,,3200.0,,,Data missing or out of range,Data missing or out of range,ISUZU,,Petrol,Female,,No tow/articulation,Did not leave carriageway,0.0,Turning right,1,109,Data missing or out of range,Front,2004
200446CT92148,Over 75,7.0,Urban area,9.0,1762.0,,,Data missing or out of range,Data missing or out of range,TOYOTA,CARINA E CD AUTO,Petrol,Male,,No tow/articulation,Did not leave carriageway,0.0,Turning right,1,109,Data missing or out of range,Offside,2004
200446CT94989,16 - 20,11.0,Urban area,6.0,1870.0,,,Data missing or out of range,Data missing or out of range,RENAULT,CLIO RL PRIMA D,Heavy oil,Female,Skidded,No tow/articulation,Did not leave carriageway,0.0,Going ahead right-hand bend,1,109,Data missing or out of range,Front,2004
200446CT95587,21 - 25,10.0,Rural,3.0,1590.0,,,Data missing or out of range,Data missing or out of range,HONDA,CIVIC CRX ESI,Petrol,Female,,No tow/articulation,Nearside,0.0,Going ahead right-hand bend,2,109,Data missing or out of range,Offside,2004
200446MA00392,36 - 45,1.0,Rural,6.0,1998.0,,,Data missing or out of range,Data missing or out of range,HONDA,CR-V I-VTEC SE EXEC. AUTO,Petrol,Female,,No tow/articulation,Did not leave carriageway,0.0,Going ahead other,2,109,Data missing or out of range,Front,2004
200446MA01778,36 - 45,15.0,Urban area,10.0,1396.0,,,Data missing or out of range,Data missing or out of range,HONDA,CIVIC GL AUTO,Petrol,Female,,No tow/articulation,Did not leave carriageway,0.0,Turning right,1,109,Data missing or out of range,Offside,2004
200446MA02326,16 - 20,,Urban area,9.0,1124.0,,,Data missing or out of range,Data missing or out of range,PEUGEOT,206 FEVER,Petrol,Male,,No tow/articulation,Did not leave carriageway,0.0,Slowing or stopping,1,109,Data missing or out of range,Front,2004
200446MA90607,16 - 20,8.0,Data missing or out of range,,1590.0,,,Data missing or out of range,Data missing or out of range,HONDA,CIVIC 1.6I LS AUTO,Petrol,Male,,No tow/articulation,Did not leave carriageway,0.0,Going ahead other,1,109,Data missing or out of range,Front,2004
200446MA91113,16 - 20,4.0,Data missing or out of range,,49.0,,,Data missing or out of range,Data missing or out of range,GILERA,COGUAR,Petrol,Male,,No tow/articulation,Did not leave carriageway,0.0,Going ahead other,1,Motorcycle 50cc and under,Data missing or out of range,Back,2004
200446MA91986,26 - 35,19.0,Data missing or out of range,,988.0,,,Data missing or out of range,Data missing or out of range,NISSAN,MICRA 1.0 GL AUTO,Petrol,Male,,No tow/articulation,Did not leave carriageway,0.0,Going ahead other,1,109,Data missing or out of range,Front,2004
200446MA91994,Data missing or out of range,1.0,Data missing or out of range,,1588.0,,,Data missing or out of range,Data missing or out of range,ROVER,45 IMPRESSION 3,Petrol,Male,,No tow/articulation,Did not leave carriageway,0.0,Parked,3,109,Data missing or out of range,Front,2004
200446MA92131,46 - 55,18.0,Rural,7.0,2299.0,,,Data missing or out of range,Data missing or out of range,MERCEDES,230 TE AUTO,Petrol,Female,,No tow/articulation,Did not leave carriageway,0.0,Overtaking - nearside,1,109,Data missing or out of range,Front,2004
200446MA92427,16 - 20,13.0,Data missing or out of range,,398.0,,,Data missing or out of range,Data missing or out of range,SUZUKI,,Petrol,Male,,No tow/articulation,Nearside,0.0,Overtaking moving vehicle - offside,1,106,Data missing or out of range,Front,2004
200446MA93510,26 - 35,4.0,Urban area,5.0,1390.0,,,Data missing or out of range,Data missing or out of range,RENAULT,MEGANE SCENIC 16V,Petrol,Female,Skidded,No tow/articulation,Did not leave carriageway,0.0,Going ahead other,1,109,Data missing or out of range,Front,2004
200446MA97062,36 - 45,,Data missing or out of range,,,,Central crash barrier,Data missing or out of range,Data missing or out of range,VOLKSWAGEN,TRANSPORTER DIES,,Male,Skidded and overturned,No tow/articulation,Offside on to central reservation,0.0,Overtaking moving vehicle - offside,1,Other vehicle,Data missing or out of range,Front,2004
200446MA97898,66 - 75,,Urban area,9.0,1590.0,,,Data missing or out of range,Data missing or out of range,HONDA,CIVIC VTEC EXECUTIVE AUTO,Petrol,Male,,No tow/articulation,Did not leave carriageway,0.0,Going ahead other,1,109,Data missing or out of range,Nearside,2004
200446MA98809,26 - 35,6.0,Data missing or out of range,,3908.0,,,Data missing or out of range,Data missing or out of range,MITSUBISHI,,Heavy oil,Male,,No tow/articulation,Did not leave carriageway,0.0,Going ahead other,1,Goods 7.5 tonnes mgw and over,Data missing or out of range,Front,2004
200446MA99582,36 - 45,5.0,Data missing or out of range,,1998.0,,,Data missing or out of range,Data missing or out of range,VAUXHALL,OMEGA CD AUTO,Petrol,Female,,No tow/articulation,Did not leave carriageway,0.0,Waiting to go - held up,2,109,Data missing or out of range,Back,2004
200446NK01183,26 - 35,2.0,Urban area,9.0,1149.0,,Tree,Data missing or out of range,Data missing or out of range,RENAULT,CLIO DYNAMIQUE 16V,Petrol,Male,,No tow/articulation,Offside,0.0,Going ahead other,1,109,Data missing or out of range,Front,2004
200446NK01457,56 - 65,5.0,Data missing or out of range,,1392.0,,,Data missing or out of range,Data missing or out of range,NISSAN,ALMERA AMBITION,Petrol,Male,,No tow/articulation,Did not leave carriageway,0.0,Going ahead other,3,109,Data missing or out of range,Back,2004
200446NK02517,21 - 25,,Urban area,2.0,1149.0,,,Data missing or out of range,Data missing or out of range,RENAULT,CLIO DYNAMIQUE 16V,Petrol,Male,,No tow/articulation,Did not leave carriageway,0.0,Going ahead other,1,109,Data missing or out of range,Front,2004
200446NK02901,Data missing or out of range,3.0,Data missing or out of range,,2979.0,,,Data missing or out of range,Data missing or out of range,BMW,330 CI SPORT AUTO,Petrol,Male,,No tow/articulation,Did not leave carriageway,0.0,Slowing or stopping,1,109,Data missing or out of range,Front,2004
200446NK03020,36 - 45,,Data missing or out of range,,,,,Data missing or out of range,Data missing or out of range,SAAB,9-3 LINEAR TID,,Male,,No tow/articulation,Did not leave carriageway,0.0,Going ahead other,2,Goods 7.5 tonnes mgw and over,Data missing or out of range,Offside,2004
200446NK03578,36 - 45,7.0,Urban area,6.0,,,,Data missing or out of range,Data missing or out of range,DENNIS,,Heavy oil,Female,,No tow/articulation,Nearside,0.0,Going ahead other,2,Bus or coach (17 or more pass seats),Data missing or out of range,Front,2004
200446NK04432,Over 75,1.0,Data missing or out of range,,1781.0,,,Data missing or out of range,Data missing or out of range,AUDI,A3 1.8 SE AUTO,Petrol,Male,,No tow/articulation,Did not leave carriageway,0.0,Going ahead other,1,109,Data missing or out of range,Front,2004
200446NK88991,Data missing or out of range,4.0,Data missing or out of range,,12130.0,,,Data missing or out of range,Data missing or out of range,VOLVO,,Heavy oil,Male,,No tow/articulation,Did not leave carriageway,0.0,Turning left,1,Goods 7.5 tonnes mgw and over,Data missing or out of range,Did not impact,2004
200446NK89622,36 - 45,2.0,Data missing or out of range,,1213.0,,,Data missing or out of range,Data missing or out of range,VOLVO,,Heavy oil,Male,,Articulated vehicle,Did not leave carriageway,0.0,Parked,2,Goods 7.5 tonnes mgw and over,Data missing or out of range,Front,2004
200446NK89922,26 - 35,3.0,Data missing or out of range,,1997.0,,,Data missing or out of range,Data missing or out of range,PEUGEOT,406 LX HDI (90),Heavy oil,Male,,No tow/articulation,Did not leave carriageway,0.0,Going ahead other,1,109,Data missing or out of range,Back,2004
200446NK90654,Data missing or out of range,14.0,Data missing or out of range,,1397.0,,,Data missing or out of range,Data missing or out of range,RENAULT,5 GT TURBO,Petrol,Not known,,No tow/articulation,Did not leave carriageway,0.0,Going ahead other,1,109,Data missing or out of range,Front,2004
200446NK92536,36 - 45,3.0,Urban area,1.0,12130.0,,,Data missing or out of range,Data missing or out of range,VOLVO,,Heavy oil,Male,,Articulated vehicle,Did not leave carriageway,0.0,Changing lane to left,1,Goods 7.5 tonnes mgw and over,Data missing or out of range,Offside,2004
200446NK97983,46 - 55,,Urban area,3.0,,,,Data missing or out of range,Data missing or out of range,YAMAHA,YN 100,,Male,,No tow/articulation,Did not leave carriageway,0.0,Turning right,2,Motorcycle 125cc and under,Data missing or out of range,Nearside,2004
200446NK98533,16 - 20,8.0,Data missing or out of range,,1389.0,,,Data missing or out of range,Data missing or out of range,VAUXHALL,ASTRA MERIT,Petrol,Female,,No tow/articulation,Did not leave carriageway,0.0,Turning right,2,109,Data missing or out of range,Offside,2004
200446NK99079,36 - 45,3.0,Urban area,1.0,3960.0,,,Data missing or out of range,Data missing or out of range,JEEP,CHEROKEE ORVIS AUTO,Petrol,Male,Skidded,No tow/articulation,Did not leave carriageway,0.0,Slowing or stopping,1,109,Data missing or out of range,Back,2004
200446NK99906,21 - 25,5.0,Data missing or out of range,,599.0,,,Data missing or out of range,Data missing or out of range,HONDA,CB600 HORNET,Petrol,Male,,No tow/articulation,Did not leave carriageway,0.0,Going ahead other,1,106,Data missing or out of range,Front,2004
200446SK00925,26 - 35,2.0,Urban area,2.0,1998.0,Parked vehicle,,Data missing or out of range,Data missing or out of range,FORD,MONDEO ZETEC-S TDCI,Heavy oil,Male,,No tow/articulation,Nearside,0.0,U-turn,2,109,Data missing or out of range,Offside,2004
200446SK02662,Data missing or out of range,5.0,Data missing or out of range,,1242.0,,,Data missing or out of range,Data missing or out of range,FIAT,PUNTO SX 60,Petrol,Not known,,No tow/articulation,Did not leave carriageway,0.0,Going ahead other,1,109,Data missing or out of range,Front,2004