Accident_Index,Age_Band_of_Driver,Age_of_Vehicle,Driver_Home_Area_Type,Driver_IMD_Decile,Engine_Capacity_.CC.,Hit_Object_in_Carriageway,Hit_Object_off_Carriageway,Journey_Purpose_of_Driver,Junction_Location,make,model,Propulsion_Code,Sex_of_Driver,Skidding_and_Overturning,Towing_and_Articulation,Vehicle_Leaving_Carriageway,Vehicle_Location.Restricted_Lane,Vehicle_Manoeuvre,Vehicle_Reference,Vehicle_Type,Was_Vehicle_Left_Hand_Drive,X1st_Point_of_Impact,Year
200450B31Q003,36 - 45,17.0,Data missing or out of range,,989.0,,,Data missing or out of range,Data missing or out of range,YAMAHA,,Petrol,Male,,No tow/articulation,Did not leave carriageway,0.0,Going ahead other,2,106,Data missing or out of range,Front,2004
200450B32K297,26 - 35,35.0,Data missing or out of range,,3000.0,,,Data missing or out of range,Data missing or out of range,LAND ROVER,"109"" - 4 CYL",Petrol,Male,,No tow/articulation,Did not leave carriageway,0.0,Turning right,1,109,Data missing or out of range,Front,2004
200450B41G973,36 - 45,5.0,Data missing or out of range,,1997.0,,,Data missing or out of range,Data missing or out of range,PEUGEOT,306 D TURBO HDI,Heavy oil,Female,,No tow/articulation,Did not leave carriageway,0.0,Waiting to turn right,2,109,Data missing or out of range,Back,2004
200450B41I226,46 - 55,16.0,Data missing or out of range,,1360.0,,,Data missing or out of range,Data missing or out of range,PEUGEOT,205 SR,Petrol,Female,,No tow/articulation,Did not leave carriageway,0.0,Going ahead other,1,109,Data missing or out of range,Front,2004
200450B41N409,36 - 45,6.0,Data missing or out of range,,11000.0,,,Data missing or out of range,Data missing or out of range,ERF,,Heavy oil,Male,Skidded,Articulated vehicle,Did not leave carriageway,0.0,Going ahead left-hand bend,1,Goods 7.5 tonnes mgw and over,Data missing or out of range,Nearside,2004
200450B41O400,26 - 35,,Data missing or out of range,,2496.0,,,Data missing or out of range,Data missing or out of range,AUDI,A4 TDI AUTO,Heavy oil,Male,,No tow/articulation,Did not leave carriageway,0.0,Waiting to turn right,3,109,Data missing or out of range,Back,2004
200450B41P565,26 - 35,3.0,Data missing or out of range,,1998.0,,,Data missing or out of range,Data missing or out of range,DAEWOO,NUBIRA CDX,Petrol,Male,,No tow/articulation,Did not leave carriageway,0.0,Going ahead other,1,109,Data missing or out of range,Front,2004
200450B51C676,56 - 65,9.0,Data missing or out of range,,1390.0,,,Data missing or out of range,Data missing or out of range,RENAULT,19 RN,Petrol,Female,,No tow/articulation,Did not leave carriageway,0.0,Going ahead other,4,109,Data missing or out of range,Back,2004
200450B51J703,66 - 75,,Data missing or out of range,,1560.0,,,Data missing or out of range,Data missing or out of range,CITROEN,XSARA PICASSO EX-SIVE HDI,Heavy oil,Male,,No tow/articulation,Did not leave carriageway,0.0,Going ahead other,2,109,Data missing or out of range,Back,2004
200450B51L905,56 - 65,3.0,Data missing or out of range,,1870.0,,,Data missing or out of range,Data missing or out of range,RENAULT,MEGANE EXPRESSION+ DCI,Heavy oil,Male,,No tow/articulation,Did not leave carriageway,0.0,Turning right,2,109,Data missing or out of range,Offside,2004
200450B51Q903,36 - 45,,Data missing or out of range,,,,,Data missing or out of range,Data missing or out of range,CITROEN,BERLINGO 1.9D 600,,Male,,No tow/articulation,Did not leave carriageway,0.0,Going ahead other,2,109,Data missing or out of range,Back,2004
200450B52B434,46 - 55,,Data missing or out of range,,,,,Data missing or out of range,Data missing or out of range,IVECO-FORD,,,Male,,No tow/articulation,Did not leave carriageway,0.0,Going ahead right-hand bend,1,Goods 7.5 tonnes mgw and over,Data missing or out of range,Back,2004
200450B52N604,66 - 75,13.0,Data missing or out of range,,535.0,Bridge (side),Other permanent object,Data missing or out of range,Data missing or out of range,YAMAHA,,Petrol,Male,,No tow/articulation,Offside and rebounded,0.0,Going ahead other,1,106,Data missing or out of range,Offside,2004
200450B61B576,46 - 55,,Data missing or out of range,,,,,Data missing or out of range,Data missing or out of range,ERF,,,Male,,No tow/articulation,Did not leave carriageway,0.0,Going ahead other,2,Goods 7.5 tonnes mgw and over,Data missing or out of range,Front,2004
200450B61R866,56 - 65,7.0,Data missing or out of range,,1389.0,,,Data missing or out of range,Data missing or out of range,VAUXHALL,CORSA CDX,Petrol,Female,,No tow/articulation,Did not leave carriageway,0.0,Going ahead other,2,109,Data missing or out of range,Front,2004
200450B62L877,26 - 35,,Data missing or out of range,,,,,Data missing or out of range,Data missing or out of range,MITSUBISHI,L200 WARRIOR LWB,,Male,,No tow/articulation,Did not leave carriageway,0.0,Going ahead other,2,109,Data missing or out of range,Front,2004
200450B71C760,21 - 25,8.0,Data missing or out of range,,1994.0,Kerb,,Data missing or out of range,Data missing or out of range,ROVER,220 SDI,Heavy oil,Male,,No tow/articulation,Did not leave carriageway,0.0,Overtaking - nearside,1,109,Data missing or out of range,Nearside,2004
200450B71P544,46 - 55,3.0,Data missing or out of range,,1686.0,,,Data missing or out of range,Data missing or out of range,VAUXHALL,ASTRA CLUB DTI,Heavy oil,Female,,No tow/articulation,Did not leave carriageway,0.0,Going ahead left-hand bend,2,109,Data missing or out of range,Front,2004
200450B72I698,36 - 45,11.0,Data missing or out of range,,1998.0,,Other permanent object,Data missing or out of range,Data missing or out of range,VAUXHALL,CARLTON CLUB,Petrol,Male,Overturned,No tow/articulation,Nearside,0.0,Going ahead left-hand bend,1,109,Data missing or out of range,Nearside,2004
200450C21E986,21 - 25,12.0,Data missing or out of range,,1998.0,,,Data missing or out of range,Data missing or out of range,FORD,SIERRA GT,Petrol,Male,Skidded,No tow/articulation,Did not leave carriageway,0.0,Going ahead other,1,109,Data missing or out of range,Front,2004
200450C21R636,26 - 35,4.0,Data missing or out of range,,1998.0,,Other permanent object,Data missing or out of range,Data missing or out of range,TOYOTA,RAV4 SPORT AUTO,Petrol,Female,Skidded and overturned,No tow/articulation,Nearside and rebounded,0.0,Going ahead right-hand bend,1,109,Data missing or out of range,Front,2004
200450C23C857,36 - 45,4.0,Data missing or out of range,,,,,Data missing or out of range,Data missing or out of range,DENNIS,,Heavy oil,Male,,No tow/articulation,Did not leave carriageway,0.0,Moving off,1,Bus or coach (17 or more pass seats),Data missing or out of range,Nearside,2004
200450C41B650,26 - 35,4.0,Data missing or out of range,,2800.0,,,Data missing or out of range,Data missing or out of range,IVECO,,Heavy oil,Male,,No tow/articulation,Did not leave carriageway,0.0,Turning right,1,Goods over 3.5t. and under 7.5t,Data missing or out of range,Front,2004
200450C41F556,56 - 65,6.0,Data missing or out of range,,1597.0,,,Data missing or out of range,Data missing or out of range,FORD,ESCORT FINESSE 16V,Petrol,Male,,No tow/articulation,Did not leave carriageway,0.0,Turning right,2,109,Data missing or out of range,Front,2004
200450C51I705,36 - 45,,Data missing or out of range,,1360.0,,,Data missing or out of range,Data missing or out of range,PEUGEOT,206 S,Petrol,Male,,No tow/articulation,Did not leave carriageway,0.0,Turning right,1,109,Data missing or out of range,Front,2004
200450C51L944,26 - 35,13.0,Data missing or out of range,,124.0,,,Data missing or out of range,Data missing or out of range,SUZUKI,,Petrol,Female,Skidded,No tow/articulation,Did not leave carriageway,0.0,Going ahead right-hand bend,1,Motorcycle 125cc and under,Data missing or out of range,Front,2004
200450C51M052,56 - 65,6.0,Data missing or out of range,,4250.0,,,Data missing or out of range,Data missing or out of range,MERCEDES,,Heavy oil,Male,,No tow/articulation,Did not leave carriageway,0.0,Going ahead right-hand bend,1,Bus or coach (17 or more pass seats),Data missing or out of range,Front,2004
200450D21A151,Data missing or out of range,3.0,Data missing or out of range,,1396.0,,,Data missing or out of range,Data missing or out of range,ROVER,45 IL 16V,Petrol,Male,,No tow/articulation,Did not leave carriageway,0.0,Parked,3,109,Data missing or out of range,Back,2004
200450D21A404,56 - 65,15.0,Data missing or out of range,,1580.0,,,Data missing or out of range,Data missing or out of range,PEUGEOT,205 AUTOMATIC,Petrol,Male,,No tow/articulation,Did not leave carriageway,0.0,Waiting to go - held up,2,109,Data missing or out of range,Back,2004
200450D21C381,56 - 65,2.0,Data missing or out of range,,2493.0,,,Data missing or out of range,Data missing or out of range,KIA,MAGENTIS V6 LX,Petrol,Male,,No tow/articulation,Did not leave carriageway,0.0,Going ahead other,2,109,Data missing or out of range,Back,2004
200450D21D575,26 - 35,9.0,Data missing or out of range,,1242.0,,,Data missing or out of range,Data missing or out of range,FIAT,PUNTO 75 SX,Petrol,Male,,No tow/articulation,Did not leave carriageway,0.0,Going ahead other,1,109,Data missing or out of range,Back,2004
200450D21J931,46 - 55,,Data missing or out of range,,,,,Data missing or out of range,Data missing or out of range,NISSAN,VANETTE CARGO LWB,,Male,Skidded,No tow/articulation,Did not leave carriageway,0.0,Going ahead other,1,109,Data missing or out of range,Front,2004
200450D21K208,36 - 45,7.0,Data missing or out of range,,748.0,,,Data missing or out of range,Data missing or out of range,HONDA,,Petrol,Male,,No tow/articulation,Did not leave carriageway,0.0,Going ahead right-hand bend,1,106,Data missing or out of range,Back,2004
200450D21K257,46 - 55,14.0,Data missing or out of range,,1297.0,,,Data missing or out of range,Data missing or out of range,FORD,ORION CLASSIC,Petrol,Female,Skidded,No tow/articulation,Did not leave carriageway,0.0,Going ahead other,2,109,Data missing or out of range,Front,2004
200450D21N497,26 - 35,4.0,Data missing or out of range,,1900.0,,,Data missing or out of range,Data missing or out of range,VOLKSWAGEN,GOLF E SDI,Heavy oil,Male,,No tow/articulation,Offside on to central reservation,0.0,Going ahead other,2,109,Data missing or out of range,Front,2004
200450D21N991,21 - 25,2.0,Data missing or out of range,,1896.0,,,Data missing or out of range,Data missing or out of range,SEAT,ALHAMBRA TDI S,Heavy oil,Female,,No tow/articulation,Did not leave carriageway,0.0,Waiting to go - held up,1,109,Data missing or out of range,Front,2004
200450D21O467,46 - 55,6.0,Data missing or out of range,,1998.0,,,Data missing or out of range,Data missing or out of range,RENAULT,LAGUNA RT SPORT 8V,Petrol,Male,,No tow/articulation,Did not leave carriageway,0.0,Going ahead other,2,109,Data missing or out of range,Front,2004
200450D21O841,36 - 45,4.0,Data missing or out of range,,1868.0,,,Data missing or out of range,Data missing or out of range,CITROEN,BERLINGO MULTISPACE FORTE D,Heavy oil,Female,Skidded and overturned,No tow/articulation,Did not leave carriageway,0.0,Going ahead other,1,109,Data missing or out of range,Front,2004
200450D21O861,36 - 45,,Data missing or out of range,,,,,Data missing or out of range,Data missing or out of range,RENAULT,TRAFIC T1100 LWB,,Female,,No tow/articulation,Did not leave carriageway,0.0,Going ahead right-hand bend,1,109,Data missing or out of range,Front,2004
200450D21O890,36 - 45,,Data missing or out of range,,,,,Data missing or out of range,Data missing or out of range,MERCEDES,,,Male,,No tow/articulation,Did not leave carriageway,0.0,Going ahead other,2,109,Data missing or out of range,Front,2004
200450D21Q839,56 - 65,7.0,Data missing or out of range,,5480.0,,,Data missing or out of range,Data missing or out of range,VOLVO,,Heavy oil,Male,,No tow/articulation,Did not leave carriageway,0.0,Going ahead other,1,Bus or coach (17 or more pass seats),Data missing or out of range,Front,2004
200450D31C320,66 - 75,7.0,Data missing or out of range,,1589.0,,,Data missing or out of range,Data missing or out of range,ROVER,216 SI AUTO,Petrol,Female,,No tow/articulation,Did not leave carriageway,0.0,Turning right,1,109,Data missing or out of range,Front,2004
200450D31E786,26 - 35,9.0,Data missing or out of range,,2165.0,,,Data missing or out of range,Data missing or out of range,RENAULT,SAFRANE 2.2VI EXEC AUTO,Petrol,Male,,No tow/articulation,Did not leave carriageway,0.0,Going ahead left-hand bend,2,109,Data missing or out of range,Front,2004
200450D32F790,36 - 45,1.0,Data missing or out of range,,1587.0,,,Data missing or out of range,Data missing or out of range,CITROEN,BERLINGO MULTISPACE FORTE,Petrol,Female,,No tow/articulation,Did not leave carriageway,0.0,Going ahead other,1,109,Data missing or out of range,Front,2004
200450D32Q123,16 - 20,1.0,Data missing or out of range,,1461.0,,,Data missing or out of range,Data missing or out of range,RENAULT,CLIO AUTHENTIQUE DCI 65,Heavy oil,Male,,No tow/articulation,Did not leave carriageway,0.0,Going ahead right-hand bend,1,109,Data missing or out of range,Offside,2004
200450D33D961,46 - 55,6.0,Data missing or out of range,,1998.0,,,Data missing or out of range,Data missing or out of range,VAUXHALL,VECTRA SRI 140,Petrol,Male,,No tow/articulation,Did not leave carriageway,0.0,Going ahead other,2,109,Data missing or out of range,Offside,2004
200450D35A222,26 - 35,2.0,Data missing or out of range,,12130.0,,,Data missing or out of range,Data missing or out of range,VOLVO,,Heavy oil,Male,,No tow/articulation,Did not leave carriageway,0.0,Going ahead right-hand bend,2,Goods 7.5 tonnes mgw and over,Data missing or out of range,Front,2004
200450D41E624,26 - 35,7.0,Data missing or out of range,,1781.0,,,Data missing or out of range,Data missing or out of range,AUDI,A4 1.8 SE AUTO,Petrol,Male,,No tow/articulation,Did not leave carriageway,0.0,Going ahead right-hand bend,3,109,Data missing or out of range,Front,2004
200450D41H607,26 - 35,7.0,Data missing or out of range,,1389.0,,,Data missing or out of range,Data missing or out of range,VAUXHALL,ASTRA MERIT,Petrol,Female,,No tow/articulation,Did not leave carriageway,0.0,Going ahead right-hand bend,2,109,Data missing or out of range,Front,2004
200450D41Q163,56 - 65,3.0,Data missing or out of range,,1199.0,,,Data missing or out of range,Data missing or out of range,VAUXHALL,AGILA,Petrol,Female,,No tow/articulation,Did not leave carriageway,0.0,Waiting to turn left,2,109,Data missing or out of range,Back,2004
200450D42K551,36 - 45,,Data missing or out of range,,1997.0,,,Data missing or out of range,Data missing or out of range,PEUGEOT,307 SE HDI 110,Heavy oil,Female,,No tow/articulation,Did not leave carriageway,0.0,Waiting to turn right,2,109,Data missing or out of range,Front,2004
200450D42O090,36 - 45,16.0,Data missing or out of range,,1990.0,,,Data missing or out of range,Data missing or out of range,BMW,520 I AUTO,Petrol,Male,,No tow/articulation,Did not leave carriageway,0.0,Going ahead other,2,109,Data missing or out of range,Front,2004
200450D43G768,21 - 25,15.0,Data missing or out of range,,398.0,,,Data missing or out of range,Data missing or out of range,HONDA,,Petrol,Male,,No tow/articulation,Did not leave carriageway,0.0,Overtaking moving vehicle - offside,1,106,Data missing or out of range,Nearside,2004
200450E21D714,46 - 55,,Data missing or out of range,,,,,Data missing or out of range,Data missing or out of range,DENNIS,,,Female,,No tow/articulation,Did not leave carriageway,0.0,Going ahead other,1,109,Data missing or out of range,Did not impact,2004
200450E21G065,16 - 20,,Data missing or out of range,,,,,Data missing or out of range,Data missing or out of range,YAMAHA,,,Male,,No tow/articulation,Did not leave carriageway,0.0,Going ahead other,2,Motorcycle 50cc and under,Data missing or out of range,Front,2004
200450E21G123,36 - 45,29.0,Data missing or out of range,,903.0,,,Data missing or out of range,Data missing or out of range,KAWASAKI,,Petrol,Male,,No tow/articulation,Did not leave carriageway,0.0,Going ahead other,2,106,Data missing or out of range,Front,2004
200450E21M984,26 - 35,,Data missing or out of range,,,,,Data missing or out of range,Data missing or out of range,TALBOT,EXPRESS 1300 P,,Female,,No tow/articulation,Did not leave carriageway,0.0,Slowing or stopping,4,109,Data missing or out of range,Front,2004
200450E21N556,46 - 55,9.0,Data missing or out of range,,3972.0,,,Data missing or out of range,Data missing or out of range,MERCEDES,,Heavy oil,Male,,No tow/articulation,Did not leave carriageway,0.0,Slowing or stopping,1,Bus or coach (17 or more pass seats),Data missing or out of range,Did not impact,2004
200450E21O552,21 - 25,13.0,Data missing or out of range,,2962.0,,,Data missing or out of range,Data missing or out of range,MERCEDES,300 E 4MATIC (4WD) AUTO,Petrol,Male,Skidded,No tow/articulation,Did not leave carriageway,0.0,Going ahead other,1,109,Data missing or out of range,Front,2004
200450E21P979,46 - 55,11.0,Data missing or out of range,,5900.0,,,Data missing or out of range,Data missing or out of range,DENNIS,,Heavy oil,Male,,No tow/articulation,Did not leave carriageway,0.0,Going ahead other,1,Bus or coach (17 or more pass seats),Data missing or out of range,Did not impact,2004
200450E31B969,66 - 75,19.0,Data missing or out of range,,1490.0,,,Data missing or out of range,Data missing or out of range,MAZDA,323 1.5 GLX AUTO,Petrol,Male,,No tow/articulation,Did not leave carriageway,0.0,Waiting to turn left,3,109,Data missing or out of range,Back,2004
200450E31H870,26 - 35,4.0,Data missing or out of range,,1390.0,,,Data missing or out of range,Data missing or out of range,RENAULT,CLIO S,Petrol,Female,,No tow/articulation,Did not leave carriageway,0.0,Going ahead other,1,109,Data missing or out of range,Front,2004
200450E31O475,36 - 45,5.0,Data missing or out of range,,5900.0,,,Data missing or out of range,Data missing or out of range,DENNIS,,Heavy oil,Male,,No tow/articulation,Did not leave carriageway,0.0,Waiting to go - held up,1,Bus or coach (17 or more pass seats),Data missing or out of range,Did not impact,2004
200450E31R593,56 - 65,1.0,Data missing or out of range,,1997.0,,,Data missing or out of range,Data missing or out of range,PEUGEOT,406 LX HDI (90),Heavy oil,Male,,No tow/articulation,Did not leave carriageway,0.0,Going ahead other,1,109,Data missing or out of range,Front,2004
200450E31R968,21 - 25,9.0,Data missing or out of range,,1360.0,,,Data missing or out of range,Data missing or out of range,PEUGEOT,306 ALPINE,Petrol,Male,,No tow/articulation,Did not leave carriageway,0.0,Waiting to go - held up,2,109,Data missing or out of range,Back,2004
200450E41A034,Data missing or out of range,10.0,Data missing or out of range,,1998.0,,,Data missing or out of range,Data missing or out of range,VAUXHALL,OMEGA 2.0 16V GLS AUTO,Petrol,Male,,No tow/articulation,Did not leave carriageway,0.0,Parked,3,109,Data missing or out of range,Front,2004
200450E52A472,36 - 45,13.0,Data missing or out of range,,1753.0,,,Data missing or out of range,Data missing or out of range,FORD,ESCORT LX DIESEL,Heavy oil,Male,Skidded,No tow/articulation,Did not leave carriageway,0.0,Going ahead other,1,109,Data missing or out of range,Front,2004
200450E52C874,26 - 35,2.0,Data missing or out of range,,1590.0,,,Data missing or out of range,Data missing or out of range,HONDA,CIVIC VTEC SE SPORT,Petrol,Male,,No tow/articulation,Did not leave carriageway,0.0,Going ahead other,1,109,Data missing or out of range,Front,2004
200450E53P695,21 - 25,7.0,Data missing or out of range,,599.0,,,Data missing or out of range,Data missing or out of range,KAWASAKI,ZX 600-F3,Petrol,Male,Skidded,No tow/articulation,Did not leave carriageway,0.0,Going ahead left-hand bend,1,106,Data missing or out of range,Front,2004
200450E61C983,46 - 55,8.0,Data missing or out of range,,1389.0,,,Data missing or out of range,Data missing or out of range,VAUXHALL,ASTRA MERIT,Petrol,Female,,No tow/articulation,Did not leave carriageway,0.0,Going ahead other,1,109,Data missing or out of range,Offside,2004
200450E61Q524,16 - 20,7.0,Data missing or out of range,,1242.0,,,Data missing or out of range,Data missing or out of range,FIAT,PUNTO 60 SX SELECTA,Petrol,Female,,No tow/articulation,Did not leave carriageway,0.0,Going ahead right-hand bend,1,109,Data missing or out of range,Front,2004
200450F21F234,56 - 65,12.0,Data missing or out of range,,2986.0,,,Data missing or out of range,Data missing or out of range,BMW,730I SE AUTO,Petrol,Female,,No tow/articulation,Did not leave carriageway,0.0,Waiting to turn left,1,109,Data missing or out of range,Nearside,2004
200450F21G414,16 - 20,10.0,Data missing or out of range,,1360.0,,,Data missing or out of range,Data missing or out of range,CITROEN,ZX PZAZZ,Petrol,Male,,No tow/articulation,Did not leave carriageway,0.0,Turning left,1,109,Data missing or out of range,Front,2004
200450F21I195,26 - 35,15.0,Data missing or out of range,,1297.0,,,Data missing or out of range,Data missing or out of range,VAUXHALL,BELMONT MERIT,Petrol,Female,,No tow/articulation,Did not leave carriageway,0.0,Going ahead other,2,109,Data missing or out of range,Front,2004
200450F27F365,46 - 55,,Data missing or out of range,,,,,Data missing or out of range,Data missing or out of range,BEDFORD,,,Male,,No tow/articulation,Did not leave carriageway,0.0,Going ahead right-hand bend,2,109,Data missing or out of range,Front,2004
200450F31A317,36 - 45,11.0,Data missing or out of range,,1998.0,,,Data missing or out of range,Data missing or out of range,NISSAN,PRIMERA OCCASION,Petrol,Male,,No tow/articulation,Did not leave carriageway,0.0,Data missing or out of range,1,109,Data missing or out of range,Did not impact,2004
200450F41E689,16 - 20,7.0,Data missing or out of range,,1390.0,,,Data missing or out of range,Data missing or out of range,RENAULT,CLIO RL 1.4 AUTO,Petrol,Female,Skidded,No tow/articulation,Did not leave carriageway,0.0,Going ahead right-hand bend,1,109,Data missing or out of range,Front,2004
200450F41F914,26 - 35,2.0,Data missing or out of range,,1497.0,,,Data missing or out of range,Data missing or out of range,TOYOTA,YARIS TS,Petrol,Male,,No tow/articulation,Offside on to central reservation,0.0,Going ahead other,1,109,Data missing or out of range,Offside,2004
200450F41G631,36 - 45,11.0,Data missing or out of range,,1995.0,,,Data missing or out of range,Data missing or out of range,RENAULT,SAFRANE RT AUTO,Petrol,Male,,No tow/articulation,Did not leave carriageway,0.0,Going ahead other,2,109,Data missing or out of range,Front,2004
200450F41P722,26 - 35,3.0,Data missing or out of range,,1896.0,,,Data missing or out of range,Data missing or out of range,VOLKSWAGEN,BORA TDI SPORT,Heavy oil,Male,,No tow/articulation,Did not leave carriageway,0.0,U-turn,1,109,Data missing or out of range,Front,2004
200450F42P504,36 - 45,3.0,Data missing or out of range,,1200.0,,,Data missing or out of range,Data missing or out of range,HARLEY-DAVIDSON,XL 1200 C CUSTOM SPORT,Petrol,Male,Skidded,No tow/articulation,Did not leave carriageway,0.0,Going ahead left-hand bend,3,106,Data missing or out of range,Front,2004
200450F51E927,46 - 55,8.0,Data missing or out of range,,1598.0,,,Data missing or out of range,Data missing or out of range,VAUXHALL,VECTRA ENVOY,Petrol,Male,,No tow/articulation,Did not leave carriageway,0.0,Slowing or stopping,2,109,Data missing or out of range,Front,2004
200450F51G483,16 - 20,3.0,Data missing or out of range,,125.0,,,Data missing or out of range,Data missing or out of range,APRILIA,,Petrol,Male,,No tow/articulation,Did not leave carriageway,0.0,Overtaking moving vehicle - offside,1,Motorcycle 125cc and under,Data missing or out of range,Front,2004
200450F53K512,Data missing or out of range,,Data missing or out of range,,2922.0,,,Data missing or out of range,Data missing or out of range,VOLVO,XC 90 T6 SE AWD SEMI-AUTO,Petrol,Male,,No tow/articulation,Did not leave carriageway,0.0,Parked,2,109,Data missing or out of range,Nearside,2004
200450F55J100,56 - 65,24.0,Data missing or out of range,,,,,Data missing or out of range,Data missing or out of range,LEYLAND,,Heavy oil,Male,,No tow/articulation,Did not leave carriageway,0.0,Going ahead other,1,Bus or coach (17 or more pass seats),Data missing or out of range,Front,2004
200450F55K790,16 - 20,11.0,Data missing or out of range,,1118.0,,,Data missing or out of range,Data missing or out of range,ROVER,METRO QUEST,Petrol,Female,,No tow/articulation,Did not leave carriageway,0.0,Turning right,1,109,Data missing or out of range,Front,2004
2004520004481,26 - 35,4.0,Urban area,4.0,3301.0,,,Data missing or out of range,Data missing or out of range,CHRYSLER,GRAND VOYAGER LE AUTO,Petrol,Male,,No tow/articulation,Did not leave carriageway,0.0,Going ahead other,1,109,Data missing or out of range,Nearside,2004
2004520008231,21 - 25,11.0,Urban area,9.0,1360.0,,,Data missing or out of range,Data missing or out of range,CITROEN,ZX REFLEX,Petrol,Female,,No tow/articulation,Did not leave carriageway,0.0,Going ahead left-hand bend,3,109,Data missing or out of range,Front,2004
2004520009016,16 - 20,16.0,Small town,7.0,998.0,,,Data missing or out of range,Data missing or out of range,AUSTIN,METRO CITY,Petrol,Male,,No tow/articulation,Did not leave carriageway,0.0,Turning right,1,109,Data missing or out of range,Front,2004
2004520010634,16 - 20,,Urban area,8.0,,,,Data missing or out of range,Data missing or out of range,SUZUKI,GS500K1,,Male,Skidded,No tow/articulation,Did not leave carriageway,0.0,Slowing or stopping,1,109,Data missing or out of range,Did not impact,2004
2004520012084,26 - 35,13.0,Rural,4.0,1596.0,,Road sign or traffic signal,Data missing or out of range,Data missing or out of range,FORD,FIESTA XR2I,Petrol,Male,Overturned,No tow/articulation,Offside,0.0,Overtaking moving vehicle - offside,1,109,Data missing or out of range,Front,2004
2004520013391,46 - 55,1.0,Data missing or out of range,,1995.0,,,Data missing or out of range,Data missing or out of range,TOYOTA,AVENSIS T3-X D-4D,Heavy oil,Male,,No tow/articulation,Did not leave carriageway,0.0,Moving off,2,109,Data missing or out of range,Front,2004
2004520014087,26 - 35,5.0,Urban area,,1199.0,,,Data missing or out of range,Data missing or out of range,VAUXHALL,CORSA GLS 16V AUTO,Petrol,Female,,No tow/articulation,Did not leave carriageway,0.0,Slowing or stopping,2,109,Data missing or out of range,Back,2004
2004520015458,46 - 55,3.0,Rural,,1689.0,,,Data missing or out of range,Data missing or out of range,MERCEDES,A170 CDI CLASSIC S-A,Heavy oil,Female,Skidded,No tow/articulation,Did not leave carriageway,0.0,Going ahead other,2,109,Data missing or out of range,Front,2004
2004520022594,21 - 25,13.0,Urban area,2.0,1998.0,,,Data missing or out of range,Data missing or out of range,VAUXHALL,CAVALIER GSI 16V,Petrol,Female,,No tow/articulation,Did not leave carriageway,0.0,Waiting to go - held up,1,109,Data missing or out of range,Back,2004
2004520024015,36 - 45,10.0,Rural,4.0,1998.0,,,Data missing or out of range,Data missing or out of range,FORD,GRANADA LXI,Petrol,Male,,No tow/articulation,Did not leave carriageway,0.0,Parked,1,109,Data missing or out of range,Front,2004
2004520024082,21 - 25,,Data missing or out of range,,,,,Data missing or out of range,Data missing or out of range,IVECO-FORD,,,Male,,No tow/articulation,Did not leave carriageway,0.0,Changing lane to right,1,109,Data missing or out of range,Offside,2004
2004520026182,26 - 35,9.0,Urban area,6.0,1527.0,,,Data missing or out of range,Data missing or out of range,ROVER,115 SLD,Heavy oil,Female,,No tow/articulation,Did not leave carriageway,0.0,Waiting to go - held up,2,109,Data missing or out of range,Back,2004
2004520027031,56 - 65,9.0,Urban area,10.0,2799.0,,,Data missing or out of range,Data missing or out of range,MERCEDES,C280 AUTO,Petrol,Male,,No tow/articulation,Did not leave carriageway,0.0,Going ahead other,4,109,Data missing or out of range,Offside,2004