Accident_Index,Age_Band_of_Driver,Age_of_Vehicle,Driver_Home_Area_Type,Driver_IMD_Decile,Engine_Capacity_.CC.,Hit_Object_in_Carriageway,Hit_Object_off_Carriageway,Journey_Purpose_of_Driver,Junction_Location,make,model,Propulsion_Code,Sex_of_Driver,Skidding_and_Overturning,Towing_and_Articulation,Vehicle_Leaving_Carriageway,Vehicle_Location.Restricted_Lane,Vehicle_Manoeuvre,Vehicle_Reference,Vehicle_Type,Was_Vehicle_Left_Hand_Drive,X1st_Point_of_Impact,Year
2004530AI3221,Over 75,11.0,Small town,3.0,1997.0,,,Data missing or out of range,Data missing or out of range,ROVER,620 GSI AUTO,Petrol,Male,,No tow/articulation,Did not leave carriageway,0.0,Turning right,2,109,Data missing or out of range,Front,2004
2004530AI3349,16 - 20,,Urban area,5.0,49.0,,,Data missing or out of range,Data missing or out of range,YAMAHA,JOG R,Petrol,Female,Skidded,No tow/articulation,Did not leave carriageway,0.0,Going ahead right-hand bend,1,Motorcycle 50cc and under,Data missing or out of range,Front,2004
2004530AI3353,21 - 25,,Rural,10.0,,,,Data missing or out of range,Data missing or out of range,VAUXHALL,VECTRA 2.0 DI,,Female,,No tow/articulation,Did not leave carriageway,0.0,Waiting to turn left,2,108,Data missing or out of range,Front,2004
2004530AI3518,36 - 45,,Data missing or out of range,,,,,Data missing or out of range,Data missing or out of range,CITROEN,BERLINGO 800TD HDI LX,,Male,,No tow/articulation,Did not leave carriageway,0.0,Overtaking moving vehicle - offside,2,109,Data missing or out of range,Front,2004
2004530AI3546,16 - 20,2.0,Rural,7.0,1124.0,,,Data missing or out of range,Data missing or out of range,PEUGEOT,206 LOOK,Petrol,Female,,No tow/articulation,Did not leave carriageway,0.0,Turning left,1,109,Data missing or out of range,Offside,2004
2004530AI3549,36 - 45,5.0,Small town,,,,,Data missing or out of range,Data missing or out of range,DENNIS,,Heavy oil,Male,Skidded,No tow/articulation,Did not leave carriageway,0.0,Slowing or stopping,2,Bus or coach (17 or more pass seats),Data missing or out of range,Did not impact,2004
2004530AI3639,26 - 35,11.0,Rural,4.0,1390.0,,,Data missing or out of range,Data missing or out of range,RENAULT,5 CAMPUS PRIMA,Petrol,Male,Skidded and overturned,No tow/articulation,Did not leave carriageway,0.0,Going ahead left-hand bend,1,109,Data missing or out of range,Front,2004
2004530AI3843,46 - 55,5.0,Urban area,6.0,,,,Data missing or out of range,Data missing or out of range,DENNIS,,Heavy oil,Male,,No tow/articulation,Did not leave carriageway,0.0,Slowing or stopping,1,Bus or coach (17 or more pass seats),Data missing or out of range,Did not impact,2004
2004530AI3931,56 - 65,8.0,Urban area,10.0,1998.0,,,Data missing or out of range,Data missing or out of range,VAUXHALL,OMEGA 2.0 16V CD AUTO,Petrol,Male,,No tow/articulation,Did not leave carriageway,0.0,Going ahead other,2,109,Data missing or out of range,Front,2004
2004530AI4196,26 - 35,17.0,Urban area,1.0,1993.0,,,Data missing or out of range,Data missing or out of range,FORD,SIERRA GLS I,Petrol,Male,Skidded,No tow/articulation,Did not leave carriageway,0.0,Going ahead other,2,109,Data missing or out of range,Front,2004
2004530AI4516,56 - 65,,Urban area,1.0,12130.0,,,Data missing or out of range,Data missing or out of range,VOLVO,,Heavy oil,Male,,Articulated vehicle,Did not leave carriageway,6.0,Parked,3,Goods 7.5 tonnes mgw and over,Data missing or out of range,Back,2004
2004530AI4559,21 - 25,7.0,Small town,,1590.0,,,Data missing or out of range,Data missing or out of range,HONDA,CIVIC COUPE 1.6I LS,Petrol,Male,,No tow/articulation,Did not leave carriageway,0.0,Going ahead other,1,109,Data missing or out of range,Front,2004
2004530AI4674,16 - 20,14.0,Data missing or out of range,,49.0,,,Data missing or out of range,Data missing or out of range,SUZUKI,,Petrol,Male,Skidded and overturned,No tow/articulation,Did not leave carriageway,0.0,Going ahead other,2,Motorcycle 50cc and under,Data missing or out of range,Front,2004
2004530AI4716,66 - 75,3.0,Rural,7.0,2457.0,,,Data missing or out of range,Data missing or out of range,SUBARU,LEGACY OUTBACK AWD AUTO,Petrol,Female,,No tow/articulation,Did not leave carriageway,0.0,Going ahead other,1,109,Data missing or out of range,Front,2004
2004530AI4726,16 - 20,,Urban area,9.0,,,Entered ditch,Data missing or out of range,Data missing or out of range,VAUXHALL,COMBO 2000 DI,,Male,,No tow/articulation,Nearside,0.0,Going ahead other,2,109,Data missing or out of range,Front,2004
2004530AI4833,46 - 55,5.0,Rural,5.0,2982.0,,,Data missing or out of range,Data missing or out of range,TOYOTA,LANDCRUISER COLORADO VX A,Heavy oil,Female,Overturned,No tow/articulation,Did not leave carriageway,0.0,Going ahead other,2,109,Data missing or out of range,Offside,2004
200454AD71904,16 - 20,10.0,Data missing or out of range,,290.0,,Road sign or traffic signal,Data missing or out of range,Data missing or out of range,KAWASAKI,,Petrol,Male,Overturned,No tow/articulation,Offside,9.0,Turning right,1,Other vehicle,Data missing or out of range,Front,2004
200454AH04904,16 - 20,,Urban area,9.0,,Kerb,Other permanent object,Data missing or out of range,Data missing or out of range,HONDA,C 70 E,,Female,Skidded,No tow/articulation,Nearside,0.0,Going ahead right-hand bend,1,Motorcycle 125cc and under,Data missing or out of range,Front,2004
200454AH49804,21 - 25,9.0,Urban area,10.0,1389.0,,,Data missing or out of range,Data missing or out of range,VAUXHALL,ASTRA MERIT,Petrol,Male,,No tow/articulation,Nearside,0.0,Going ahead left-hand bend,1,109,Data missing or out of range,Front,2004
200454AM25504,36 - 45,9.0,Urban area,4.0,2188.0,,Central crash barrier,Data missing or out of range,Data missing or out of range,RENAULT,LAGUNA RXE DIESEL,Heavy oil,Male,Skidded and overturned,No tow/articulation,Offside on to central reservation,0.0,Going ahead left-hand bend,1,109,Data missing or out of range,Offside,2004
200454AM27004,56 - 65,2.0,Small town,9.0,1997.0,,,Data missing or out of range,Data missing or out of range,CITROEN,C5 HDI LX,Heavy oil,Male,Skidded,No tow/articulation,Did not leave carriageway,0.0,Slowing or stopping,3,109,Data missing or out of range,Front,2004
200454AM39404,46 - 55,10.0,Small town,7.0,1343.0,,,Data missing or out of range,Data missing or out of range,HONDA,CIVIC BALI,Petrol,Male,,No tow/articulation,Did not leave carriageway,0.0,Going ahead other,1,109,Data missing or out of range,Front,2004
200454AM50004,46 - 55,3.0,Small town,6.0,1997.0,,,Data missing or out of range,Data missing or out of range,PEUGEOT,406 EXECUTVE HDI (110),Heavy oil,Male,,No tow/articulation,Did not leave carriageway,0.0,Waiting to go - held up,3,109,Data missing or out of range,Back,2004
200454AN28604,26 - 35,14.0,Urban area,7.0,738.0,,,Data missing or out of range,Data missing or out of range,KAWASAKI,Z750-P4,Petrol,Male,,No tow/articulation,Did not leave carriageway,0.0,Going ahead other,2,106,Data missing or out of range,Front,2004
200454AP36204,21 - 25,2.0,Rural,8.0,1870.0,,,Data missing or out of range,Data missing or out of range,VOLVO,V40 D SPORT,Heavy oil,Male,Skidded,No tow/articulation,Nearside,0.0,Going ahead left-hand bend,2,109,Data missing or out of range,Front,2004
200454AT25304,56 - 65,6.0,Rural,6.0,2457.0,,Tree,Data missing or out of range,Data missing or out of range,SUBARU,LEGACY 4 CAM AWD,Petrol,Male,Overturned,No tow/articulation,Nearside,0.0,Going ahead right-hand bend,1,109,Data missing or out of range,Front,2004
200454AT27804,56 - 65,4.0,Small town,,1998.0,,,Data missing or out of range,Data missing or out of range,MERCEDES,C200 ELEGANCE AUTO,Petrol,Male,,No tow/articulation,Did not leave carriageway,0.0,Turning right,2,109,Data missing or out of range,Offside,2004
200454AT28404,Over 75,11.0,Rural,6.0,1396.0,,Other permanent object,Data missing or out of range,Data missing or out of range,ROVER,METRO L AUTO,Petrol,Female,,No tow/articulation,Did not leave carriageway,0.0,Going ahead other,1,109,Data missing or out of range,Front,2004
200454AT38304,46 - 55,,Urban area,5.0,,,,Data missing or out of range,Data missing or out of range,MAN,,,Male,,No tow/articulation,Did not leave carriageway,0.0,Going ahead other,3,Goods 7.5 tonnes mgw and over,Data missing or out of range,Front,2004
200454AT40504,26 - 35,15.0,Small town,6.0,1995.0,,,Data missing or out of range,Data missing or out of range,RENAULT,ESPACE GTS,Petrol,Male,,No tow/articulation,Did not leave carriageway,0.0,Going ahead other,1,109,Data missing or out of range,Front,2004
200454AT63104,36 - 45,14.0,Rural,6.0,1488.0,,,Data missing or out of range,Data missing or out of range,NISSAN,VANETTE PETROL,Petrol,Male,,No tow/articulation,Did not leave carriageway,0.0,Parked,1,Van / Goods 3.5 tonnes mgw or under,Data missing or out of range,Back,2004
200454AY44104,56 - 65,5.0,Data missing or out of range,,1998.0,,,Data missing or out of range,Data missing or out of range,FIAT,MAREA ELX WEEKEND,Petrol,Male,,No tow/articulation,Did not leave carriageway,0.0,Going ahead other,2,109,Data missing or out of range,Nearside,2004
200454AZ07404,16 - 20,8.0,Rural,6.0,1686.0,,,Data missing or out of range,Data missing or out of range,VAUXHALL,CORSA LS D,Heavy oil,Male,,No tow/articulation,Did not leave carriageway,0.0,Turning right,2,109,Data missing or out of range,Front,2004
200454AZ65404,46 - 55,6.0,Urban area,9.0,1998.0,,,Data missing or out of range,Data missing or out of range,DAEWOO,LEGANZA CDX AUTO,Petrol,Female,,No tow/articulation,Did not leave carriageway,0.0,Waiting to go - held up,2,109,Data missing or out of range,Back,2004
200454AZ72804,26 - 35,,Rural,9.0,1997.0,,Near/Offside crash barrier,Data missing or out of range,Data missing or out of range,PEUGEOT,307 S HDI 90,Heavy oil,Male,,No tow/articulation,Nearside,0.0,Going ahead left-hand bend,1,109,Data missing or out of range,Front,2004
200454CM12904,36 - 45,16.0,Rural,6.0,1596.0,,,Data missing or out of range,Data missing or out of range,NISSAN,SUNNY COUPE,Petrol,Male,,No tow/articulation,Did not leave carriageway,0.0,Waiting to go - held up,2,109,Data missing or out of range,Back,2004
200454CM71904,36 - 45,1.0,Urban area,5.0,955.0,,,Data missing or out of range,Data missing or out of range,TRIUMPH,TIGER 955I,Petrol,Male,,No tow/articulation,Did not leave carriageway,0.0,Turning right,1,106,Data missing or out of range,Front,2004
200454CO21504,36 - 45,11.0,Rural,8.0,1360.0,,,Data missing or out of range,Data missing or out of range,PEUGEOT,106 KEY LARGO DIESEL,Heavy oil,Female,,No tow/articulation,Did not leave carriageway,0.0,Going ahead other,5,109,Data missing or out of range,Front,2004
200454CO41404,16 - 20,4.0,Rural,9.0,49.0,,,Data missing or out of range,Data missing or out of range,YAMAHA,EW50 (SLIDER),Petrol,Female,,No tow/articulation,Did not leave carriageway,0.0,Going ahead other,2,Motorcycle 50cc and under,Data missing or out of range,Offside,2004
200454CP13504,26 - 35,2.0,Urban area,9.0,8300.0,,,Data missing or out of range,Data missing or out of range,DENNIS,,Heavy oil,Male,,No tow/articulation,Did not leave carriageway,0.0,Going ahead other,1,Other vehicle,Data missing or out of range,Front,2004
200454CR08904,21 - 25,14.0,Urban area,,1721.0,,,Data missing or out of range,Data missing or out of range,VOLVO,440 GLE SR,Petrol,Male,,No tow/articulation,Did not leave carriageway,0.0,Going ahead other,2,109,Data missing or out of range,Did not impact,2004
200454CR08904,21 - 25,11.0,Urban area,4.0,1360.0,,,Data missing or out of range,Data missing or out of range,CITROEN,AX JIVE DIESEL,Heavy oil,Female,Skidded,No tow/articulation,Did not leave carriageway,0.0,Going ahead other,4,109,Data missing or out of range,Front,2004
200454CR11004,26 - 35,10.0,Urban area,9.0,1905.0,,,Data missing or out of range,Data missing or out of range,PEUGEOT,405 STDT,Heavy oil,Female,,No tow/articulation,Did not leave carriageway,0.0,Turning right,1,109,Data missing or out of range,Front,2004
200454CR46804,36 - 45,4.0,Rural,8.0,1396.0,,,Data missing or out of range,Data missing or out of range,ROVER,25 I 16V,Petrol,Female,,No tow/articulation,Did not leave carriageway,0.0,Waiting to turn left,2,109,Data missing or out of range,Back,2004
200454CS42304,16 - 20,7.0,Urban area,8.0,1390.0,,,Data missing or out of range,Data missing or out of range,RENAULT,CLIO RL 1.4 AUTO,Petrol,Female,,No tow/articulation,Did not leave carriageway,0.0,Turning right,1,109,Data missing or out of range,Front,2004
200454CT09804,Data missing or out of range,4.0,Data missing or out of range,,1997.0,Parked vehicle,,Data missing or out of range,Data missing or out of range,CITROEN,XANTIA SX HDI,Heavy oil,Not known,,No tow/articulation,Did not leave carriageway,0.0,Parked,2,109,Data missing or out of range,Back,2004
200454CY23304,66 - 75,1.0,Urban area,8.0,2497.0,,,Data missing or out of range,Data missing or out of range,BMW,525D SE AUTO,Heavy oil,Male,Skidded,No tow/articulation,Did not leave carriageway,0.0,Going ahead right-hand bend,1,109,Data missing or out of range,Front,2004
200454DC09804,26 - 35,14.0,Urban area,1.0,10450.0,,,Data missing or out of range,Data missing or out of range,DENNIS,,Heavy oil,Male,Skidded,No tow/articulation,Did not leave carriageway,0.0,Going ahead other,1,Bus or coach (17 or more pass seats),Data missing or out of range,Front,2004
200454DE48904,26 - 35,5.0,Urban area,7.0,998.0,,,Data missing or out of range,Data missing or out of range,NISSAN,MICRA INSPIRATION 16V,Petrol,Female,,No tow/articulation,Did not leave carriageway,0.0,Going ahead left-hand bend,2,109,Data missing or out of range,Did not impact,2004
200454DE55104,26 - 35,2.0,Urban area,1.0,1149.0,,,Data missing or out of range,Data missing or out of range,RENAULT,CLIO EXPRESSION+ 16V,Petrol,Female,,No tow/articulation,Did not leave carriageway,0.0,Turning right,2,109,Data missing or out of range,Nearside,2004
200454DE56504,46 - 55,,Urban area,1.0,599.0,,,Data missing or out of range,Data missing or out of range,HONDA,CBF 600 S-4,Petrol,Male,,No tow/articulation,Did not leave carriageway,2.0,Going ahead other,1,106,Data missing or out of range,Front,2004
200454DE66704,46 - 55,8.0,Urban area,8.0,2165.0,,,Data missing or out of range,Data missing or out of range,RENAULT,SAFRANE 2.2VI EXECUTIVE,Petrol,Female,,No tow/articulation,Did not leave carriageway,0.0,Turning right,1,109,Data missing or out of range,Front,2004
200454DH14004,36 - 45,1.0,Urban area,8.0,1796.0,,,Data missing or out of range,Data missing or out of range,MERCEDES,C180 KOMP. CLASSIC SE A,Petrol,Female,,No tow/articulation,Nearside,0.0,Going ahead other,1,109,Data missing or out of range,Front,2004
200454DN32504,36 - 45,3.0,Urban area,1.0,1124.0,,,Data missing or out of range,Data missing or out of range,PEUGEOT,206 LOOK,Petrol,Female,,No tow/articulation,Did not leave carriageway,0.0,Waiting to turn left,1,109,Data missing or out of range,Front,2004
200454DN43404,36 - 45,5.0,Urban area,9.0,1997.0,,,Data missing or out of range,Data missing or out of range,PEUGEOT,406 LX HDI(110),Heavy oil,Male,,No tow/articulation,Did not leave carriageway,0.0,Turning left,2,109,Data missing or out of range,Front,2004
200454DW37804,36 - 45,12.0,Data missing or out of range,,1870.0,,,Data missing or out of range,Data missing or out of range,RENAULT,CLIO RN DIESEL,Heavy oil,Female,,No tow/articulation,Did not leave carriageway,0.0,Going ahead other,2,109,Data missing or out of range,Front,2004
200454DW62004,21 - 25,,Urban area,7.0,487.0,,,Data missing or out of range,Data missing or out of range,SUZUKI,GS 500 FK4,Petrol,Male,Overturned,No tow/articulation,Did not leave carriageway,0.0,Waiting to go - held up,1,106,Data missing or out of range,Back,2004
200454DW63304,16 - 20,1.0,Urban area,9.0,49.0,,,Data missing or out of range,Data missing or out of range,YAMAHA,YN 50 NEO'S,Petrol,Male,,No tow/articulation,Did not leave carriageway,0.0,Going ahead other,1,Motorcycle 50cc and under,Data missing or out of range,Offside,2004
200454MB03204,26 - 35,6.0,Data missing or out of range,,1998.0,,Entered ditch,Data missing or out of range,Data missing or out of range,VAUXHALL,VECTRA SRI 140,Petrol,Male,,No tow/articulation,Nearside,0.0,Slowing or stopping,1,109,Data missing or out of range,Front,2004
200454MB03604,46 - 55,6.0,Urban area,2.0,9834.0,,Central crash barrier,Data missing or out of range,Data missing or out of range,RENAULT,,Heavy oil,Male,Skidded,Articulated vehicle,Nearside,0.0,Going ahead other,2,Goods 7.5 tonnes mgw and over,Data missing or out of range,Offside,2004
2004550B01075,36 - 45,6.0,Data missing or out of range,,2156.0,,,Data missing or out of range,Data missing or out of range,HONDA,ACCORD 2.2I VTEC AUTO,Petrol,Male,,No tow/articulation,Did not leave carriageway,0.0,Going ahead other,2,109,Data missing or out of range,Front,2004
2004550B01112,26 - 35,11.0,Urban area,4.0,1796.0,,,Data missing or out of range,Data missing or out of range,VAUXHALL,CAVALIER MOTORSPORT,Petrol,Male,,No tow/articulation,Did not leave carriageway,0.0,Going ahead other,1,109,Data missing or out of range,Front,2004
2004550B01363,66 - 75,8.0,Data missing or out of range,,1870.0,,,Data missing or out of range,Data missing or out of range,RENAULT,MEGANE RT 1.9 D,Heavy oil,Male,,No tow/articulation,Did not leave carriageway,0.0,Turning left,2,109,Data missing or out of range,Offside,2004
2004550B03513,46 - 55,3.0,Urban area,7.0,7300.0,,,Data missing or out of range,Data missing or out of range,VOLVO,,Heavy oil,Male,,No tow/articulation,Did not leave carriageway,0.0,Waiting to go - held up,1,Bus or coach (17 or more pass seats),Data missing or out of range,Did not impact,2004
2004550B03515,21 - 25,,Data missing or out of range,,,,,Data missing or out of range,Data missing or out of range,PEUGEOT,VIVACITY 50,,Female,,No tow/articulation,Did not leave carriageway,0.0,Turning right,1,Motorcycle 50cc and under,Data missing or out of range,Front,2004
2004550B03795,Over 75,9.0,Data missing or out of range,,1905.0,,,Data missing or out of range,Data missing or out of range,CITROEN,XANTIA SX TD,Heavy oil,Male,,No tow/articulation,Did not leave carriageway,0.0,Going ahead other,1,109,Data missing or out of range,Front,2004
2004550B03837,46 - 55,15.0,Data missing or out of range,,1275.0,,,Data missing or out of range,Data missing or out of range,AUSTIN,METRO GTA,Petrol,Male,Skidded,No tow/articulation,Did not leave carriageway,0.0,Going ahead other,3,109,Data missing or out of range,Front,2004
2004550B03866,66 - 75,,Urban area,3.0,125.0,,,Data missing or out of range,Data missing or out of range,HONDA,SES 125-4,Petrol,Female,,No tow/articulation,Did not leave carriageway,0.0,Going ahead other,2,Motorcycle 125cc and under,Data missing or out of range,Offside,2004
2004550B04317,Data missing or out of range,,Data missing or out of range,,,,,Data missing or out of range,Data missing or out of range,VOLKSWAGEN,LT 35 TDI LWB,,Not known,,No tow/articulation,Did not leave carriageway,0.0,Parked,2,Other vehicle,Data missing or out of range,Did not impact,2004
2004550B04530,66 - 75,10.0,Data missing or out of range,,1108.0,,,Data missing or out of range,Data missing or out of range,FIAT,PUNTO 55 SX,Petrol,Female,Skidded,No tow/articulation,Did not leave carriageway,0.0,Going ahead other,1,109,Data missing or out of range,Front,2004
2004550B05032,36 - 45,13.0,Urban area,3.0,1275.0,,,Data missing or out of range,Data missing or out of range,ROVER,METRO CLUBMAN L AUTO,Petrol,Male,,No tow/articulation,Did not leave carriageway,0.0,Slowing or stopping,1,109,Data missing or out of range,Back,2004
2004550B05902,36 - 45,1.0,Urban area,4.0,1390.0,,,Data missing or out of range,Data missing or out of range,VOLKSWAGEN,LUPO SE 75 BHP,Petrol,Female,,No tow/articulation,Did not leave carriageway,0.0,Going ahead other,2,109,Data missing or out of range,Offside,2004
2004550P01426,Over 75,2.0,Data missing or out of range,,1999.0,,,Data missing or out of range,Data missing or out of range,MAZDA,6 TS2 AUTO,Petrol,Male,,No tow/articulation,Did not leave carriageway,0.0,Turning right,1,109,Data missing or out of range,Nearside,2004
2004550P02204,26 - 35,1.0,Data missing or out of range,,1157.0,,,Data missing or out of range,Data missing or out of range,SUZUKI,GSF 1200 SK3,Petrol,Male,,No tow/articulation,Did not leave carriageway,0.0,Going ahead other,1,106,Data missing or out of range,Nearside,2004
2004550P02643,16 - 20,,Data missing or out of range,,,,,Data missing or out of range,Data missing or out of range,SEAT,IBIZA SE,,Male,,No tow/articulation,Did not leave carriageway,0.0,Going ahead other,1,Motorcycle 50cc and under,Data missing or out of range,Front,2004
2004550P03738,36 - 45,9.0,Data missing or out of range,,1296.0,,,Data missing or out of range,Data missing or out of range,TOYOTA,STARLET KUDOS,Petrol,Female,,No tow/articulation,Did not leave carriageway,0.0,Turning right,1,109,Data missing or out of range,Front,2004
2004550P04809,26 - 35,,Data missing or out of range,,2685.0,,,Data missing or out of range,Data missing or out of range,MERCEDES,C270 CDI AVANTGARDE SE A,Heavy oil,Male,,No tow/articulation,Did not leave carriageway,0.0,Going ahead other,1,109,Data missing or out of range,Nearside,2004
2004550P05981,56 - 65,,Urban area,6.0,,,,Data missing or out of range,Data missing or out of range,CITROEN,XSARA PICASSO LX HDI,,Male,,No tow/articulation,Did not leave carriageway,0.0,Turning right,1,Agricultural vehicle,Data missing or out of range,Back,2004
2004554E00181,66 - 75,14.0,Data missing or out of range,,1990.0,,,Data missing or out of range,Data missing or out of range,BMW,320I TOURING,Petrol,Female,Skidded,No tow/articulation,Did not leave carriageway,0.0,Overtaking moving vehicle - offside,1,109,Data missing or out of range,Front,2004
2004554E00196,16 - 20,,Data missing or out of range,,,,,Data missing or out of range,Data missing or out of range,APRILIA,,,Male,,No tow/articulation,Did not leave carriageway,0.0,Overtaking moving vehicle - offside,1,Motorcycle 125cc and under,Data missing or out of range,Front,2004
2004554E00522,46 - 55,1.0,Urban area,3.0,7300.0,,,Data missing or out of range,Data missing or out of range,VOLVO,,Heavy oil,Male,,No tow/articulation,Did not leave carriageway,0.0,Going ahead other,1,Bus or coach (17 or more pass seats),Data missing or out of range,Did not impact,2004
2004554E01029,16 - 20,13.0,Data missing or out of range,,1390.0,,,Data missing or out of range,Data missing or out of range,RENAULT,19 GTS-X,Petrol,Male,Skidded,No tow/articulation,Did not leave carriageway,0.0,Going ahead other,1,109,Data missing or out of range,Front,2004
2004554E01168,56 - 65,6.0,Small town,9.0,1896.0,,,Data missing or out of range,Data missing or out of range,VOLKSWAGEN,800 SPECIAL TD SWB,Heavy oil,Male,,No tow/articulation,Did not leave carriageway,0.0,Going ahead other,1,Van / Goods 3.5 tonnes mgw or under,Data missing or out of range,Front,2004
2004554E01415,46 - 55,7.0,Data missing or out of range,,1595.0,,,Data missing or out of range,Data missing or out of range,VOLKSWAGEN,POLO 1.6 L,Petrol,Female,,No tow/articulation,Did not leave carriageway,0.0,U-turn,1,109,Data missing or out of range,Offside,2004
2004554E01548,36 - 45,,Data missing or out of range,,,,,Data missing or out of range,Data missing or out of range,PEUGEOT,PARTNER 600 LX DIESEL,,Female,Skidded,No tow/articulation,Did not leave carriageway,0.0,Going ahead other,5,109,Data missing or out of range,Front,2004
2004554E01947,16 - 20,9.0,Urban area,9.0,1299.0,,,Data missing or out of range,Data missing or out of range,FORD,FIESTA EQUIPE,Petrol,Male,,No tow/articulation,Did not leave carriageway,0.0,Waiting to go - held up,1,109,Data missing or out of range,Back,2004
2004554E02521,26 - 35,7.0,Data missing or out of range,,1120.0,,,Data missing or out of range,Data missing or out of range,ROVER,100 ASCOT SE,Petrol,Male,Skidded,No tow/articulation,Did not leave carriageway,0.0,Going ahead other,1,109,Data missing or out of range,Front,2004
2004554E03421,16 - 20,11.0,Data missing or out of range,,1993.0,,,Data missing or out of range,Data missing or out of range,FORD,SIERRA SAPPHIRE COSWORTH,Petrol,Female,,No tow/articulation,Did not leave carriageway,,Going ahead other,1,109,Data missing or out of range,Front,2004
2004554E04402,26 - 35,,Urban area,5.0,,,,Data missing or out of range,Data missing or out of range,VAUXHALL,COMBO 1700 DI,,Male,,No tow/articulation,Did not leave carriageway,0.0,Reversing,1,Other vehicle,Data missing or out of range,Back,2004
2004554E04944,26 - 35,7.0,Data missing or out of range,,996.0,,,Data missing or out of range,Data missing or out of range,HONDA,,Petrol,Male,,No tow/articulation,Did not leave carriageway,0.0,Going ahead left-hand bend,1,106,Data missing or out of range,Front,2004
2004554E04944,36 - 45,1.0,Data missing or out of range,,2300.0,,,Data missing or out of range,Data missing or out of range,IVECO,,Heavy oil,Male,,No tow/articulation,Did not leave carriageway,0.0,Going ahead other,2,Van / Goods 3.5 tonnes mgw or under,Data missing or out of range,Front,2004
2004554E05149,Data missing or out of range,2.0,Data missing or out of range,,1686.0,,,Data missing or out of range,Data missing or out of range,VAUXHALL,COMBO 1700 DI,Heavy oil,Not known,,No tow/articulation,Did not leave carriageway,0.0,Going ahead other,2,Van / Goods 3.5 tonnes mgw or under,Data missing or out of range,Nearside,2004
2004554E05239,36 - 45,4.0,Data missing or out of range,,,,,Data missing or out of range,Data missing or out of range,LEYLAND DAF,FTG 85CF 380,Heavy oil,Male,,No tow/articulation,Did not leave carriageway,0.0,Going ahead other,2,Goods 7.5 tonnes mgw and over,Data missing or out of range,Offside,2004
2004554E05293,46 - 55,2.0,Data missing or out of range,,1124.0,,,Data missing or out of range,Data missing or out of range,PEUGEOT,206 LOOK,Petrol,Male,,No tow/articulation,Did not leave carriageway,0.0,Going ahead other,1,109,Data missing or out of range,Front,2004
2004554E05582,26 - 35,4.0,Data missing or out of range,,1997.0,,,Data missing or out of range,Data missing or out of range,PEUGEOT,206 DTURBO HDI (90),Heavy oil,Male,,No tow/articulation,Nearside,0.0,Going ahead left-hand bend,1,109,Data missing or out of range,Data missing or out of range,2004
2004554E05726,16 - 20,,Rural,7.0,,,,Data missing or out of range,Data missing or out of range,SYM,DD 50,,Female,,No tow/articulation,Did not leave carriageway,0.0,Overtaking moving vehicle - offside,1,Motorcycle 50cc and under,Data missing or out of range,Front,2004
2004554E05732,16 - 20,12.0,Data missing or out of range,,249.0,,,Data missing or out of range,Data missing or out of range,HONDA,,Petrol,Male,,No tow/articulation,Did not leave carriageway,0.0,Going ahead other,2,106,Data missing or out of range,Front,2004
2004554P05282,46 - 55,2.0,Data missing or out of range,,1998.0,,,Data missing or out of range,Data missing or out of range,MERCEDES,CLK 200 ELEGANCE KOMP AUTO,Petrol,Female,,No tow/articulation,Did not leave carriageway,0.0,Slowing or stopping,3,109,Data missing or out of range,Back,2004
2004554W00372,46 - 55,2.0,Data missing or out of range,,11000.0,,,Data missing or out of range,Data missing or out of range,ERF,,Heavy oil,Male,,No tow/articulation,Did not leave carriageway,0.0,Going ahead other,2,Goods 7.5 tonnes mgw and over,Data missing or out of range,Did not impact,2004
2004554W00373,16 - 20,2.0,Small town,7.0,1998.0,,,Data missing or out of range,Data missing or out of range,FORD,MONDEO LX TDDI,Heavy oil,Male,,No tow/articulation,Did not leave carriageway,0.0,Turning right,1,109,Data missing or out of range,Offside,2004
2004554W00746,21 - 25,6.0,Data missing or out of range,,1124.0,,,Data missing or out of range,Data missing or out of range,PEUGEOT,106 XN ZEST 2,Petrol,Male,,No tow/articulation,Did not leave carriageway,0.0,Going ahead right-hand bend,1,109,Data missing or out of range,Front,2004