Accident_Index,Age_Band_of_Driver,Age_of_Vehicle,Driver_Home_Area_Type,Driver_IMD_Decile,Engine_Capacity_.CC.,Hit_Object_in_Carriageway,Hit_Object_off_Carriageway,Journey_Purpose_of_Driver,Junction_Location,make,model,Propulsion_Code,Sex_of_Driver,Skidding_and_Overturning,Towing_and_Articulation,Vehicle_Leaving_Carriageway,Vehicle_Location.Restricted_Lane,Vehicle_Manoeuvre,Vehicle_Reference,Vehicle_Type,Was_Vehicle_Left_Hand_Drive,X1st_Point_of_Impact,Year
2004554W01784,36 - 45,,Small town,,,,,Data missing or out of range,Data missing or out of range,BEDFORD,,,Male,,No tow/articulation,Did not leave carriageway,0.0,Going ahead other,1,109,Data missing or out of range,Front,2004
2004554W02102,16 - 20,1.0,Data missing or out of range,,49.0,,,Data missing or out of range,Data missing or out of range,APRILIA,,Petrol,Male,,No tow/articulation,Did not leave carriageway,0.0,Going ahead other,2,Motorcycle 50cc and under,Data missing or out of range,Nearside,2004
2004554W03439,26 - 35,5.0,Data missing or out of range,,749.0,,,Data missing or out of range,Data missing or out of range,KAWASAKI,ZX750-P4,Petrol,Male,,No tow/articulation,Did not leave carriageway,,Going ahead other,1,106,Data missing or out of range,Front,2004
2004554W03551,36 - 45,,Data missing or out of range,,,Kerb,Entered ditch,Data missing or out of range,Data missing or out of range,APRILIA,,,Male,Skidded and overturned,No tow/articulation,Nearside,,Going ahead left-hand bend,1,Motorcycle 125cc and under,Data missing or out of range,Nearside,2004
2004554W04353,56 - 65,1.0,Data missing or out of range,,1769.0,,,Data missing or out of range,Data missing or out of range,NISSAN,ALMERA TINO SE +,Petrol,Male,,No tow/articulation,Did not leave carriageway,0.0,Waiting to go - held up,4,109,Data missing or out of range,Front,2004
2004554W04361,16 - 20,,Urban area,3.0,,,,Data missing or out of range,Data missing or out of range,MOTOR HISPANIA,,,Female,,No tow/articulation,Did not leave carriageway,0.0,Overtaking static vehicle - offside,2,Motorcycle 50cc and under,Data missing or out of range,Front,2004
2004554W04385,26 - 35,9.0,Urban area,2.0,1299.0,,,Data missing or out of range,Data missing or out of range,FORD,FIESTA QUARTZ AUTO,Petrol,Female,,No tow/articulation,Did not leave carriageway,0.0,Overtaking static vehicle - offside,1,109,Data missing or out of range,Front,2004
2004554W05352,Data missing or out of range,11.0,Data missing or out of range,,1139.0,,,Data missing or out of range,Data missing or out of range,KIA,PRIDE L,Petrol,Not known,,No tow/articulation,Did not leave carriageway,0.0,Going ahead other,1,109,Data missing or out of range,Front,2004
2004554W05427,26 - 35,,Rural,7.0,1753.0,,,Data missing or out of range,Data missing or out of range,FORD,TRAN CONNECT LX TDCI LWB,Heavy oil,Female,,No tow/articulation,Did not leave carriageway,0.0,Going ahead other,2,Van / Goods 3.5 tonnes mgw or under,Data missing or out of range,Front,2004
2004554W05491,21 - 25,14.0,Data missing or out of range,,1124.0,,,Data missing or out of range,Data missing or out of range,CITROEN,AX 11 TGE CHICAGO,Petrol,Male,,No tow/articulation,Did not leave carriageway,0.0,Turning right,2,109,Data missing or out of range,Back,2004
2004600AN1074,16 - 20,12.0,Data missing or out of range,,1997.0,Other object,,Data missing or out of range,Data missing or out of range,HONDA,ACCORD COUPE A,Petrol,Male,,No tow/articulation,Did not leave carriageway,0.0,Going ahead other,2,109,Data missing or out of range,Front,2004
2004600CO1082,46 - 55,14.0,Small town,,1596.0,,,Data missing or out of range,Data missing or out of range,FORD,FIESTA XR2I,Petrol,Male,,No tow/articulation,Did not leave carriageway,0.0,Turning right,1,109,Data missing or out of range,Offside,2004
2004600CO1172,36 - 45,9.0,Urban area,,1769.0,,,Data missing or out of range,Data missing or out of range,ROVER,418 SD TURBO,Heavy oil,Male,,No tow/articulation,Did not leave carriageway,0.0,Turning right,1,109,Data missing or out of range,Back,2004
2004600CO2049,26 - 35,,Urban area,,1598.0,,,Data missing or out of range,Data missing or out of range,VAUXHALL,ASTRA DESIGN TWINPORT,Petrol,Male,,No tow/articulation,Did not leave carriageway,0.0,Going ahead other,2,109,Data missing or out of range,Back,2004
2004600CO3080,26 - 35,3.0,Rural,7.0,1686.0,,,Data missing or out of range,Data missing or out of range,VAUXHALL,ASTRA CLUB DTI,Heavy oil,Male,,No tow/articulation,Did not leave carriageway,0.0,Moving off,1,109,Data missing or out of range,Front,2004
2004600CO6014,16 - 20,11.0,Small town,4.0,954.0,,,Data missing or out of range,Data missing or out of range,PEUGEOT,106 KEY LARGO,Petrol,Male,Skidded,No tow/articulation,Did not leave carriageway,0.0,Slowing or stopping,1,109,Data missing or out of range,Front,2004
2004600CO6048,46 - 55,3.0,Data missing or out of range,,1600.0,,Tree,Data missing or out of range,Data missing or out of range,SUZUKI,,Petrol,Female,Skidded and overturned,No tow/articulation,Offside,0.0,Going ahead right-hand bend,1,109,Data missing or out of range,Offside,2004
2004600CO7126,36 - 45,10.0,Urban area,,1590.0,,,Data missing or out of range,Data missing or out of range,SUZUKI,VITARA JX,Petrol,Female,,No tow/articulation,Did not leave carriageway,0.0,Going ahead other,2,109,Data missing or out of range,Back,2004
2004600CO7191,66 - 75,3.0,Urban area,,1598.0,,,Data missing or out of range,Data missing or out of range,TOYOTA,COROLLA VVTI GS AUTO,Petrol,Male,,No tow/articulation,Did not leave carriageway,0.0,Overtaking - nearside,2,109,Data missing or out of range,Offside,2004
2004600CO9085,26 - 35,5.0,Data missing or out of range,,1997.0,,,Data missing or out of range,Data missing or out of range,HONDA,ACCORD LS AUTO,Petrol,Female,,No tow/articulation,Did not leave carriageway,0.0,Going ahead left-hand bend,2,109,Data missing or out of range,Offside,2004
2004600DE1070,36 - 45,7.0,Data missing or out of range,,1597.0,,,Data missing or out of range,Data missing or out of range,NISSAN,PRIMERA SI,Petrol,Male,Skidded,No tow/articulation,Did not leave carriageway,0.0,Slowing or stopping,1,109,Data missing or out of range,Front,2004
2004600DE2026,26 - 35,12.0,Urban area,,1118.0,,Other permanent object,Data missing or out of range,Data missing or out of range,FORD,FIESTA L AUTO,Petrol,Male,,No tow/articulation,Nearside,0.0,Going ahead left-hand bend,1,109,Data missing or out of range,Front,2004
2004600DE2101,56 - 65,5.0,Data missing or out of range,,1298.0,,,Data missing or out of range,Data missing or out of range,SUZUKI,SWIFT GLX AUTO,Petrol,Female,Skidded,No tow/articulation,Did not leave carriageway,0.0,Going ahead other,1,109,Data missing or out of range,Front,2004
2004600FL4063,46 - 55,15.0,Rural,,1721.0,,,Data missing or out of range,Data missing or out of range,VOLVO,480 TURBO S/R,Petrol,Male,,No tow/articulation,Did not leave carriageway,0.0,Waiting to go - held up,4,109,Data missing or out of range,Front,2004
2004600FL5179,16 - 20,9.0,Urban area,,1686.0,,,Data missing or out of range,Data missing or out of range,VAUXHALL,ASTRA LS TD,Heavy oil,Female,,No tow/articulation,Did not leave carriageway,0.0,Going ahead other,2,109,Data missing or out of range,Nearside,2004
2004600FL5193,26 - 35,,Urban area,3.0,1124.0,,,Data missing or out of range,Data missing or out of range,PEUGEOT,206 FEVER,Petrol,Female,Skidded,No tow/articulation,Did not leave carriageway,0.0,Going ahead left-hand bend,1,109,Data missing or out of range,Front,2004
2004600FL7047,36 - 45,12.0,Data missing or out of range,,1124.0,,,Data missing or out of range,Data missing or out of range,CITROEN,AX 11 ECHO,Petrol,Male,,No tow/articulation,Did not leave carriageway,0.0,Waiting to go - held up,3,109,Data missing or out of range,Back,2004
2004600FL8015,26 - 35,18.0,Urban area,,,,,Data missing or out of range,Data missing or out of range,LEYLAND,,Heavy oil,Male,,No tow/articulation,Did not leave carriageway,0.0,Turning right,2,Bus or coach (17 or more pass seats),Data missing or out of range,Front,2004
2004600FL8068,36 - 45,1.0,Urban area,,12130.0,,,Data missing or out of range,Data missing or out of range,VOLVO,,Heavy oil,Male,,Articulated vehicle,Did not leave carriageway,0.0,Going ahead left-hand bend,2,Goods 7.5 tonnes mgw and over,Data missing or out of range,Offside,2004
2004600FL9156,Over 75,7.0,Urban area,,2497.0,,,Data missing or out of range,Data missing or out of range,MERCEDES,C250 CLASSIC TD AUTO,Heavy oil,Male,,No tow/articulation,Did not leave carriageway,0.0,Going ahead other,1,109,Data missing or out of range,Front,2004
2004600GN2025,36 - 45,4.0,Small town,,1396.0,,Other permanent object,Data missing or out of range,Data missing or out of range,ROVER,45 IL 16V,Petrol,Female,,No tow/articulation,Nearside,0.0,Going ahead other,1,109,Data missing or out of range,Front,2004
2004600GN5037,46 - 55,12.0,Small town,,2765.0,,,Data missing or out of range,Data missing or out of range,DAIHATSU,FOURTRAK TDX,Heavy oil,Male,,No tow/articulation,Did not leave carriageway,0.0,Turning left,2,109,Data missing or out of range,Front,2004
2004600GN6031,46 - 55,13.0,Small town,,2986.0,,,Data missing or out of range,Data missing or out of range,BMW,730I AUTO,Petrol,Male,,No tow/articulation,Did not leave carriageway,0.0,Waiting to go - held up,2,109,Data missing or out of range,Back,2004
2004600GN7001,21 - 25,1.0,Rural,,2495.0,Kerb,,Data missing or out of range,Data missing or out of range,LAND ROVER,DISCOVERY METROPOLIS TD5A,Heavy oil,Male,Skidded and overturned,No tow/articulation,Nearside,0.0,Going ahead right-hand bend,1,109,Data missing or out of range,Nearside,2004
2004600GS1015,21 - 25,10.0,Rural,,1905.0,,,Data missing or out of range,Data missing or out of range,CITROEN,XANTIA SX TD,Heavy oil,Male,Skidded,No tow/articulation,Did not leave carriageway,0.0,Going ahead other,2,109,Data missing or out of range,Front,2004
2004600GS6006,26 - 35,14.0,Data missing or out of range,,1753.0,,,Data missing or out of range,Data missing or out of range,FORD,ESCORT LX DIESEL,Heavy oil,Male,,No tow/articulation,Did not leave carriageway,0.0,Going ahead other,2,109,Data missing or out of range,Front,2004
2004600WR1102,Data missing or out of range,5.0,Data missing or out of range,,1895.0,,,Data missing or out of range,Data missing or out of range,BMW,318 CI AUTO,Petrol,Not known,Skidded,No tow/articulation,Did not leave carriageway,0.0,Reversing,1,109,Data missing or out of range,Back,2004
2004600WR1135,36 - 45,,Urban area,,,,,Data missing or out of range,Data missing or out of range,LEYLAND DAF,400 SERIES DIESEL,,Male,,No tow/articulation,Did not leave carriageway,0.0,Slowing or stopping,1,109,Data missing or out of range,Front,2004
2004600WR3154,56 - 65,7.0,Urban area,,2299.0,,,Data missing or out of range,Data missing or out of range,MERCEDES,208D SWB,Heavy oil,Male,,No tow/articulation,Did not leave carriageway,0.0,Going ahead other,1,Van / Goods 3.5 tonnes mgw or under,Data missing or out of range,Offside,2004
2004600WR6046,46 - 55,2.0,Data missing or out of range,,805.0,,,Data missing or out of range,Data missing or out of range,KAWASAKI,VN800-B6,Petrol,Male,Skidded,No tow/articulation,Did not leave carriageway,0.0,Going ahead right-hand bend,3,106,Data missing or out of range,Offside,2004
2004600WR7006,26 - 35,10.0,Data missing or out of range,,1870.0,,,Data missing or out of range,Data missing or out of range,RENAULT,19 RN BIARRITZ D,Heavy oil,Female,,No tow/articulation,Did not leave carriageway,0.0,Waiting to turn right,2,109,Data missing or out of range,Back,2004
2004610003304,26 - 35,8.0,Data missing or out of range,,1998.0,,,Data missing or out of range,Data missing or out of range,RENAULT,MEGANE COUPE 2.0,Petrol,Male,,No tow/articulation,Did not leave carriageway,0.0,Reversing,1,109,Data missing or out of range,Back,2004
2004610006304,21 - 25,1.0,Data missing or out of range,,1149.0,,,Data missing or out of range,Data missing or out of range,RENAULT,,Petrol,Female,,No tow/articulation,Did not leave carriageway,0.0,Turning right,1,109,Data missing or out of range,Front,2004
2004610007704,36 - 45,9.0,Data missing or out of range,,1700.0,,,Data missing or out of range,Data missing or out of range,VAUXHALL,ASTRA MERIT,Heavy oil,Male,,No tow/articulation,Did not leave carriageway,0.0,Waiting to go - held up,3,109,Data missing or out of range,Front,2004
2004610008804,46 - 55,8.0,Data missing or out of range,,3972.0,,,Data missing or out of range,Data missing or out of range,MERCEDES,,Heavy oil,Male,,No tow/articulation,Did not leave carriageway,0.0,Turning left,2,Bus or coach (17 or more pass seats),Data missing or out of range,Front,2004
2004610010204,21 - 25,9.0,Data missing or out of range,,1527.0,,,Data missing or out of range,Data missing or out of range,CITROEN,AX ELATION,Heavy oil,Male,,No tow/articulation,Did not leave carriageway,0.0,Going ahead other,1,109,Data missing or out of range,Front,2004
2004610021004,Data missing or out of range,2.0,Data missing or out of range,,2496.0,,,Data missing or out of range,Data missing or out of range,AUDI,A6 2.5 TDI SPORT,Heavy oil,Not known,,No tow/articulation,Did not leave carriageway,0.0,Parked,2,109,Data missing or out of range,Offside,2004
2004610021804,21 - 25,8.0,Data missing or out of range,,1799.0,,,Data missing or out of range,Data missing or out of range,VAUXHALL,VECTRA GLS 16V,Petrol,Male,,No tow/articulation,Did not leave carriageway,0.0,Going ahead other,1,109,Data missing or out of range,Front,2004
2004610037204,66 - 75,4.0,Data missing or out of range,,2435.0,,,Data missing or out of range,Data missing or out of range,VOLVO,S80 2.4 AUTO,Petrol,Male,,No tow/articulation,Did not leave carriageway,0.0,Going ahead other,1,109,Data missing or out of range,Nearside,2004
2004610045104,66 - 75,3.0,Small town,,1598.0,,,Data missing or out of range,Data missing or out of range,TOYOTA,COROLLA VVTI GS AUTO,Petrol,Male,,No tow/articulation,Did not leave carriageway,0.0,Waiting to go - held up,2,109,Data missing or out of range,Back,2004
2004610047104,46 - 55,1.0,Data missing or out of range,,2148.0,,,Data missing or out of range,Data missing or out of range,MERCEDES,C220 CDI AVANTGDE SE A,Heavy oil,Male,,No tow/articulation,Did not leave carriageway,0.0,Going ahead other,5,109,Data missing or out of range,Front,2004
2004610047204,16 - 20,7.0,Data missing or out of range,,1324.0,,,Data missing or out of range,Data missing or out of range,KIA,PRIDE START,Petrol,Male,Skidded,No tow/articulation,Did not leave carriageway,0.0,Going ahead other,1,109,Data missing or out of range,Front,2004
2004610049404,36 - 45,17.0,Urban area,,1781.0,,,Data missing or out of range,Data missing or out of range,VOLKSWAGEN,GOLF GL 1.8 AUTO,Petrol,Male,,No tow/articulation,Did not leave carriageway,0.0,Going ahead other,2,109,Data missing or out of range,Front,2004
2004610049804,16 - 20,11.0,Data missing or out of range,,1389.0,,,Data missing or out of range,Data missing or out of range,VAUXHALL,ASTRA LS I,Petrol,Male,Skidded,No tow/articulation,Nearside,0.0,Going ahead other,1,109,Data missing or out of range,Front,2004
2004610053104,36 - 45,4.0,Data missing or out of range,,8270.0,,,Data missing or out of range,Data missing or out of range,DENNIS,,Heavy oil,Male,,No tow/articulation,Did not leave carriageway,0.0,Going ahead other,1,Bus or coach (17 or more pass seats),Data missing or out of range,Nearside,2004
2004610064004,26 - 35,5.0,Data missing or out of range,,1998.0,,,Data missing or out of range,Data missing or out of range,TOYOTA,RAV4 HEAT,Petrol,Female,,No tow/articulation,Did not leave carriageway,0.0,Going ahead other,2,109,Data missing or out of range,Nearside,2004
2004610065904,36 - 45,,Data missing or out of range,,,Parked vehicle,,Data missing or out of range,Data missing or out of range,IVECO-FORD,,,Male,,No tow/articulation,Did not leave carriageway,0.0,Reversing,1,Other vehicle,Data missing or out of range,Back,2004
2004610066104,26 - 35,2.0,Data missing or out of range,,599.0,,,Data missing or out of range,Data missing or out of range,KAWASAKI,ZX600-E10,Petrol,Male,,No tow/articulation,Did not leave carriageway,0.0,Waiting to go - held up,2,106,Data missing or out of range,Back,2004
2004610072404,46 - 55,8.0,Data missing or out of range,,1589.0,,,Data missing or out of range,Data missing or out of range,DAIHATSU,SPORTRAK XI SWB,Petrol,Male,,No tow/articulation,Did not leave carriageway,0.0,Turning right,1,109,Data missing or out of range,Front,2004
2004610074104,36 - 45,1.0,Data missing or out of range,,11967.0,,,Data missing or out of range,Data missing or out of range,MERCEDES,,Heavy oil,Male,,No tow/articulation,Did not leave carriageway,0.0,Changing lane to right,1,Goods 7.5 tonnes mgw and over,Data missing or out of range,Front,2004
2004610074604,26 - 35,,Data missing or out of range,,,Kerb,Central crash barrier,Data missing or out of range,Data missing or out of range,MERCEDES,,,Male,,No tow/articulation,Offside - crossed central reservation,0.0,Going ahead other,1,Goods over 3.5t. and under 7.5t,Data missing or out of range,Front,2004
2004610075804,46 - 55,1.0,Urban area,,2496.0,,,Data missing or out of range,Data missing or out of range,AUDI,A6 2.5 TDI SE CVT,Heavy oil,Male,,No tow/articulation,Did not leave carriageway,0.0,Turning right,2,109,Data missing or out of range,Front,2004
2004610079404,26 - 35,11.0,Data missing or out of range,,1905.0,,,Data missing or out of range,Data missing or out of range,CITROEN,XANTIA LX D,Heavy oil,Male,Skidded,No tow/articulation,Did not leave carriageway,0.0,Going ahead other,2,109,Data missing or out of range,Front,2004
2004610085904,46 - 55,,Data missing or out of range,,,,,Data missing or out of range,Data missing or out of range,HONDA,ACCORD 1.8I,,Male,Skidded,No tow/articulation,Did not leave carriageway,0.0,Going ahead other,1,108,Data missing or out of range,Front,2004
2004610094104,26 - 35,10.0,Data missing or out of range,,1985.0,,,Data missing or out of range,Data missing or out of range,SAAB,9000 CSE TURBO,Petrol,Male,,No tow/articulation,Did not leave carriageway,0.0,Going ahead other,4,109,Data missing or out of range,Back,2004
2004610094904,46 - 55,5.0,Data missing or out of range,,1242.0,,,Data missing or out of range,Data missing or out of range,FIAT,PUNTO 60 TEAM,Petrol,Male,Skidded,No tow/articulation,Did not leave carriageway,0.0,Going ahead other,3,109,Data missing or out of range,Front,2004
2004610097204,36 - 45,6.0,Data missing or out of range,,1396.0,,,Data missing or out of range,Data missing or out of range,ROVER,414S,Petrol,Male,,No tow/articulation,Did not leave carriageway,0.0,Going ahead other,2,109,Data missing or out of range,Offside,2004
2004610105404,26 - 35,9.0,Urban area,,1120.0,,,Data missing or out of range,Data missing or out of range,ROVER,111 GSI,Petrol,Male,Skidded,No tow/articulation,Did not leave carriageway,0.0,Going ahead left-hand bend,1,109,Data missing or out of range,Front,2004
2004610111004,16 - 20,11.0,Data missing or out of range,,1119.0,,,Data missing or out of range,Data missing or out of range,FORD,FIESTA I,Petrol,Male,Skidded,No tow/articulation,Did not leave carriageway,0.0,Going ahead other,2,109,Data missing or out of range,Front,2004
2004610112904,36 - 45,23.0,Data missing or out of range,,249.0,,,Data missing or out of range,Data missing or out of range,YAMAHA,,Petrol,Male,,No tow/articulation,Did not leave carriageway,0.0,Going ahead other,2,106,Data missing or out of range,Nearside,2004
2004610117804,26 - 35,,Data missing or out of range,,,,,Data missing or out of range,Data missing or out of range,IVECO-FORD,,,Male,,No tow/articulation,Did not leave carriageway,0.0,Going ahead other,2,Goods over 3.5t. and under 7.5t,Data missing or out of range,Front,2004
2004610120504,Over 75,5.0,Data missing or out of range,,1341.0,,,Data missing or out of range,Data missing or out of range,HYUNDAI,ACCENT COUPE I,Petrol,Male,,No tow/articulation,Did not leave carriageway,0.0,Going ahead other,1,109,Data missing or out of range,Front,2004
2004610124404,36 - 45,11.0,Data missing or out of range,,1905.0,,,Data missing or out of range,Data missing or out of range,PEUGEOT,405 GLD,Heavy oil,Male,,No tow/articulation,Did not leave carriageway,0.0,Going ahead other,2,109,Data missing or out of range,Back,2004
2004610124604,16 - 20,5.0,Data missing or out of range,,1124.0,,,Data missing or out of range,Data missing or out of range,CITROEN,SAXO STATESIDE,Petrol,Male,Skidded,No tow/articulation,Did not leave carriageway,0.0,Going ahead other,2,109,Data missing or out of range,Offside,2004
2004610129104,56 - 65,6.0,Data missing or out of range,,5900.0,Kerb,Lamp post,Data missing or out of range,Data missing or out of range,DENNIS,,Heavy oil,Male,Skidded,No tow/articulation,Nearside,0.0,Going ahead right-hand bend,2,Bus or coach (17 or more pass seats),Data missing or out of range,Offside,2004
2004610131804,26 - 35,2.0,Data missing or out of range,,1299.0,,,Data missing or out of range,Data missing or out of range,FORD,KA STYLE,Petrol,Female,,No tow/articulation,Did not leave carriageway,0.0,Waiting to go - held up,2,109,Data missing or out of range,Back,2004
2004610135104,46 - 55,1.0,Data missing or out of range,,1984.0,,,Data missing or out of range,Data missing or out of range,VOLKSWAGEN,PASSAT S 20V,Petrol,Female,,No tow/articulation,Did not leave carriageway,0.0,Going ahead other,2,109,Data missing or out of range,Front,2004
2004610140904,36 - 45,2.0,Data missing or out of range,,2496.0,,,Data missing or out of range,Data missing or out of range,JAGUAR,X-TYPE V6 SE,Petrol,Male,,No tow/articulation,Did not leave carriageway,0.0,Going ahead other,2,109,Data missing or out of range,Back,2004
2004610146704,26 - 35,9.0,Data missing or out of range,,1753.0,,,Data missing or out of range,Data missing or out of range,FORD,MONDEO VERONA,Heavy oil,Male,Skidded,No tow/articulation,Did not leave carriageway,0.0,Going ahead right-hand bend,2,109,Data missing or out of range,Front,2004
2004620100823,36 - 45,6.0,Urban area,,1489.0,,,Data missing or out of range,Data missing or out of range,MAZDA,323 INTRIGUE,Petrol,Male,,No tow/articulation,Did not leave carriageway,0.0,Going ahead other,1,109,Data missing or out of range,Front,2004
2004620100823,26 - 35,6.0,Urban area,,1753.0,,,Data missing or out of range,Data missing or out of range,FORD,FIESTA ENCORE DIESEL,Heavy oil,Male,,No tow/articulation,Did not leave carriageway,0.0,Going ahead other,2,109,Data missing or out of range,Nearside,2004
2004620100827,16 - 20,12.0,Urban area,,124.0,,,Data missing or out of range,Data missing or out of range,KAWASAKI,KMX200-A3,Petrol,Male,,No tow/articulation,Did not leave carriageway,0.0,Going ahead other,2,Motorcycle 125cc and under,Data missing or out of range,Front,2004
2004620101376,46 - 55,,Rural,,,,Road sign or traffic signal,Data missing or out of range,Data missing or out of range,VAUXHALL,VIVARO 2700 DI SWB,,Male,,No tow/articulation,Offside,0.0,Turning left,1,109,Data missing or out of range,Front,2004
2004620102019,36 - 45,12.0,Data missing or out of range,,748.0,,,Data missing or out of range,Data missing or out of range,SUZUKI,,Petrol,Male,,No tow/articulation,Did not leave carriageway,0.0,Overtaking static vehicle - offside,2,106,Data missing or out of range,Front,2004
2004620102803,Over 75,6.0,Urban area,,1598.0,,,Data missing or out of range,Data missing or out of range,RENAULT,MEGANE RT 1.6E SCENIC AUT,Petrol,Male,,No tow/articulation,Did not leave carriageway,0.0,Going ahead other,2,109,Data missing or out of range,Front,2004
2004620102812,26 - 35,5.0,Data missing or out of range,,2544.0,,,Data missing or out of range,Data missing or out of range,FORD,MONDEO ST 24 V6,Petrol,Male,,No tow/articulation,Did not leave carriageway,6.0,Parked,2,109,Data missing or out of range,Offside,2004
2004620103443,26 - 35,13.0,Urban area,,599.0,,,Data missing or out of range,Data missing or out of range,HONDA,,Petrol,Male,Skidded,No tow/articulation,Did not leave carriageway,0.0,Going ahead other,1,106,Data missing or out of range,Offside,2004
2004620103917,16 - 20,4.0,Urban area,,1997.0,,Central crash barrier,Data missing or out of range,Data missing or out of range,PEUGEOT,306 LX HDI,Heavy oil,Male,Skidded,No tow/articulation,Offside on to centrl res + rebounded,0.0,Going ahead left-hand bend,1,109,Data missing or out of range,Front,2004
2004620105072,26 - 35,9.0,Data missing or out of range,,599.0,,,Data missing or out of range,Data missing or out of range,YAMAHA,,Petrol,Male,,No tow/articulation,Did not leave carriageway,0.0,Changing lane to left,2,106,Data missing or out of range,Front,2004
2004620106389,21 - 25,15.0,Urban area,,1390.0,,,Data missing or out of range,Data missing or out of range,RENAULT,19 TS,Petrol,Male,,No tow/articulation,Did not leave carriageway,0.0,Waiting to turn left,1,109,Data missing or out of range,Offside,2004
2004620106847,16 - 20,11.0,Data missing or out of range,,1118.0,,Other permanent object,Data missing or out of range,Data missing or out of range,ROVER,METRO QUEST PLUS,Petrol,Male,Skidded,No tow/articulation,Nearside,0.0,Going ahead other,1,109,Data missing or out of range,Front,2004
2004620106871,36 - 45,1.0,Small town,,1997.0,,Central crash barrier,Data missing or out of range,Data missing or out of range,PEUGEOT,307 S HDI 90,Heavy oil,Male,,No tow/articulation,Offside on to central reservation,0.0,Going ahead left-hand bend,1,109,Data missing or out of range,Front,2004
2004620107245,16 - 20,13.0,Data missing or out of range,,1389.0,,,Data missing or out of range,Data missing or out of range,VAUXHALL,ASTRA LS I,Petrol,Male,,No tow/articulation,Did not leave carriageway,0.0,Going ahead other,1,109,Data missing or out of range,Nearside,2004
2004620107528,26 - 35,3.0,Data missing or out of range,,1996.0,,,Data missing or out of range,Data missing or out of range,CHRYSLER,PT CRUISER LIMITED EDITION,Petrol,Female,,No tow/articulation,Did not leave carriageway,9.0,Parked,2,109,Data missing or out of range,Did not impact,2004
2004620107658,26 - 35,16.0,Urban area,,1986.0,,,Data missing or out of range,Data missing or out of range,VOLVO,360 GLT S/R,Petrol,Male,,No tow/articulation,Did not leave carriageway,0.0,Turning right,2,109,Data missing or out of range,Offside,2004
2004620108139,21 - 25,10.0,Data missing or out of range,,1120.0,,,Data missing or out of range,Data missing or out of range,ROVER,METRO RIO GRANDE,Petrol,Female,,No tow/articulation,Did not leave carriageway,0.0,Reversing,2,109,Data missing or out of range,Back,2004
2004620108972,46 - 55,5.0,Rural,,1995.0,,,Data missing or out of range,Data missing or out of range,VAUXHALL,ASTRA CD DI 16V,Heavy oil,Female,Skidded,No tow/articulation,Did not leave carriageway,0.0,Going ahead other,2,109,Data missing or out of range,Front,2004
2004620109411,56 - 65,20.0,Urban area,,11100.0,,,Data missing or out of range,Data missing or out of range,LEYLAND,,Heavy oil,Male,,No tow/articulation,Did not leave carriageway,0.0,Turning right,2,Bus or coach (17 or more pass seats),Data missing or out of range,Did not impact,2004
2004620109683,21 - 25,,Urban area,,,,,Data missing or out of range,Data missing or out of range,IVECO-FORD,,,Male,,No tow/articulation,Did not leave carriageway,0.0,Overtaking static vehicle - offside,1,Agricultural vehicle,Data missing or out of range,Offside,2004
2004620110069,16 - 20,7.0,Small town,,1149.0,,,Data missing or out of range,Data missing or out of range,RENAULT,CLIO BIARRITZ,Petrol,Male,Skidded,No tow/articulation,Did not leave carriageway,0.0,Going ahead left-hand bend,1,109,Data missing or out of range,Front,2004