Accident_Index,Age_Band_of_Driver,Age_of_Vehicle,Driver_Home_Area_Type,Driver_IMD_Decile,Engine_Capacity_.CC.,Hit_Object_in_Carriageway,Hit_Object_off_Carriageway,Journey_Purpose_of_Driver,Junction_Location,make,model,Propulsion_Code,Sex_of_Driver,Skidding_and_Overturning,Towing_and_Articulation,Vehicle_Leaving_Carriageway,Vehicle_Location.Restricted_Lane,Vehicle_Manoeuvre,Vehicle_Reference,Vehicle_Type,Was_Vehicle_Left_Hand_Drive,X1st_Point_of_Impact,Year
200501BS70048,36 - 45,1.0,Urban area,7.0,124.0,,,Other/Not known (2005-10),Mid Junction - on roundabout or on main road,PIAGGIO,VESPA GT 125,Petrol,Female,,No tow/articulation,Did not leave carriageway,0.0,Going ahead other,1,Motorcycle 125cc and under,No,Nearside,2005
200501BS70048,36 - 45,4.0,Data missing or out of range,,2597.0,,,Other/Not known (2005-10),Mid Junction - on roundabout or on main road,MERCEDES,,Petrol,Male,,No tow/articulation,Did not leave carriageway,0.0,Turning right,2,Car,No,Did not impact,2005
200501BS70049,56 - 65,6.0,Urban area,10.0,2664.0,,,Other/Not known (2005-10),Mid Junction - on roundabout or on main road,LONDON TAXIS INT,TX1 SILVER AUTO,Heavy oil,Male,,No tow/articulation,Did not leave carriageway,0.0,Turning right,1,Taxi/Private hire car,No,Did not impact,2005
200501BS70088,46 - 55,3.0,Urban area,4.0,8268.0,,,Other/Not known (2005-10),Mid Junction - on roundabout or on main road,DENNIS,,Heavy oil,Male,,No tow/articulation,Did not leave carriageway,0.0,Waiting to go - held up,1,Bus or coach (17 or more pass seats),No,Did not impact,2005
200501BS70088,36 - 45,1.0,Urban area,9.0,5998.0,,,Other/Not known (2005-10),Mid Junction - on roundabout or on main road,BENTLEY,,Petrol,Male,,No tow/articulation,Did not leave carriageway,0.0,Going ahead other,2,Car,No,Front,2005
200501BS70110,16 - 20,1.0,Urban area,1.0,1598.0,,,Other/Not known (2005-10),Mid Junction - on roundabout or on main road,MINI,MINI ONE AUTO,Petrol,Male,,No tow/articulation,Did not leave carriageway,0.0,Going ahead other,2,Car,No,Front,2005
200501BS70115,66 - 75,1.0,Urban area,10.0,4398.0,,,Other/Not known (2005-10),Mid Junction - on roundabout or on main road,BMW,745 LI AUTO,Petrol,Male,,No tow/articulation,Did not leave carriageway,0.0,Going ahead left-hand bend,1,Car,No,Offside,2005
200501BS70158,Data missing or out of range,,Data missing or out of range,,,,,Other/Not known (2005-10),Approaching junction or waiting/parked at junction approach,VAUXHALL,VECTRA SXI DTI 16V,,Male,,No tow/articulation,Did not leave carriageway,0.0,Parked,2,Van / Goods 3.5 tonnes mgw or under,No,Offside,2005
200501BS70194,36 - 45,1.0,Urban area,2.0,7300.0,,,Other/Not known (2005-10),Mid Junction - on roundabout or on main road,VOLVO,,Heavy oil,Male,,No tow/articulation,Did not leave carriageway,0.0,Going ahead other,1,Bus or coach (17 or more pass seats),No,Front,2005
200501BS70268,46 - 55,1.0,Urban area,8.0,7300.0,,,Journey as part of work,Not at or within 20 metres of junction,VOLVO,,Heavy oil,Male,,No tow/articulation,Did not leave carriageway,0.0,Slowing or stopping,1,Bus or coach (17 or more pass seats),No,Nearside,2005
200501BS70312,46 - 55,4.0,Urban area,1.0,2461.0,,,Other/Not known (2005-10),Mid Junction - on roundabout or on main road,VOLKSWAGEN,LT 35 TDI LWB,Heavy oil,Male,,No tow/articulation,Did not leave carriageway,0.0,Going ahead other,1,Van / Goods 3.5 tonnes mgw or under,No,Front,2005
200501BS70332,26 - 35,3.0,Data missing or out of range,,2188.0,,,Other/Not known (2005-10),Approaching junction or waiting/parked at junction approach,RENAULT,VEL SATIS PRIVILEGE DCI,Heavy oil,Male,,No tow/articulation,Did not leave carriageway,0.0,U-turn,2,Car,No,Offside,2005
200501BS70371,26 - 35,,Urban area,5.0,49.0,,,Other/Not known (2005-10),Not at or within 20 metres of junction,APRILIA,SR 50 R,Petrol,Male,,No tow/articulation,Did not leave carriageway,0.0,Overtaking moving vehicle - offside,2,Motorcycle 50cc and under,No,Nearside,2005
200501BS70427,36 - 45,12.0,Data missing or out of range,,553.0,,,Other/Not known (2005-10),Mid Junction - on roundabout or on main road,KAWASAKI,,Petrol,Male,,No tow/articulation,Did not leave carriageway,0.0,Going ahead other,1,Motorcycle over 500cc,No,Front,2005
200501BS70514,Data missing or out of range,12.0,Data missing or out of range,,1590.0,,,Other/Not known (2005-10),Mid Junction - on roundabout or on main road,HONDA,CONCERTO 1.6I-16,Petrol,Not known,,No tow/articulation,Did not leave carriageway,0.0,Turning right,2,Car,No,Offside,2005
200501BS70605,21 - 25,6.0,Urban area,,1689.0,,,Other/Not known (2005-10),Mid Junction - on roundabout or on main road,MERCEDES,A170 CDI AVANTGARDE,Heavy oil,Male,,No tow/articulation,Did not leave carriageway,0.0,Going ahead other,1,Car,No,Front,2005
200501BS70697,21 - 25,2.0,Urban area,4.0,124.0,,,Other/Not known (2005-10),Not at or within 20 metres of junction,PIAGGIO,VESPA ET4,Petrol,Male,,No tow/articulation,Did not leave carriageway,0.0,Going ahead other,1,Motorcycle 125cc and under,No,Nearside,2005
200501BS70697,Data missing or out of range,10.0,Urban area,8.0,1275.0,,,Other/Not known (2005-10),Not at or within 20 metres of junction,ROVER,MINI MAYFAIR AUTO,Petrol,Female,,No tow/articulation,Did not leave carriageway,0.0,U-turn,2,Car,No,Offside,2005
200501BS70710,36 - 45,2.0,Urban area,7.0,11705.0,,,Journey as part of work,Mid Junction - on roundabout or on main road,SCANIA,,Heavy oil,Male,,No tow/articulation,Did not leave carriageway,0.0,Turning right,1,Goods 7.5 tonnes mgw and over,No,Front,2005
200501BS70728,Data missing or out of range,9.0,Urban area,4.0,1994.0,,,Other/Not known (2005-10),Cleared junction or waiting/parked at junction exit,ROVER,420 D TURBO,Heavy oil,Male,,No tow/articulation,Did not leave carriageway,0.0,Going ahead other,2,Car,No,Front,2005
200501BS70751,Data missing or out of range,1.0,Rural,10.0,1299.0,,,Other/Not known (2005-10),Not at or within 20 metres of junction,TOYOTA,YARIS T SPIRIT AUTO,Petrol,Male,,No tow/articulation,Did not leave carriageway,0.0,Going ahead other,2,Car,No,Front,2005
200501BS70767,21 - 25,,Urban area,4.0,49.0,,,Other/Not known (2005-10),Approaching junction or waiting/parked at junction approach,PEUGEOT,LUDIX 10 BLASTER,Petrol,Male,,No tow/articulation,Did not leave carriageway,0.0,Overtaking - nearside,1,Motorcycle 50cc and under,No,Offside,2005
200501CP00056,66 - 75,6.0,Urban area,6.0,2664.0,,,Journey as part of work,Approaching junction or waiting/parked at junction approach,LONDON TAXIS INT,TX1 BRONZE AUTO,Heavy oil,Male,,No tow/articulation,Did not leave carriageway,0.0,Going ahead other,1,Taxi/Private hire car,No,Front,2005
200501CP00122,26 - 35,7.0,Urban area,9.0,781.0,,,Other/Not known (2005-10),Approaching junction or waiting/parked at junction approach,HONDA,VFR800F,Petrol,Male,,No tow/articulation,Did not leave carriageway,0.0,Going ahead other,1,Motorcycle over 500cc,No,Front,2005
200501CP00210,36 - 45,1.0,Urban area,10.0,652.0,,,Other/Not known (2005-10),Not at or within 20 metres of junction,BMW,F 650 GS DAKAR 04,Petrol,Male,,No tow/articulation,Did not leave carriageway,0.0,Going ahead other,1,Motorcycle over 500cc,No,Offside,2005
200501CP00212,46 - 55,5.0,Urban area,4.0,2664.0,,,Other/Not known (2005-10),Mid Junction - on roundabout or on main road,LONDON TAXIS INT,TX1 SILVER AUTO,Heavy oil,Male,,No tow/articulation,Did not leave carriageway,0.0,Turning right,1,Taxi/Private hire car,No,Nearside,2005
200501CP00216,26 - 35,7.0,Urban area,8.0,900.0,,,Other/Not known (2005-10),Mid Junction - on roundabout or on main road,KAWASAKI,,Petrol,Male,,No tow/articulation,Did not leave carriageway,0.0,Going ahead other,2,Motorcycle over 500cc,No,Front,2005
200501CP00235,36 - 45,,Small town,5.0,600.0,,,Journey as part of work,Approaching junction or waiting/parked at junction approach,SUZUKI,GSF 600 K4,Petrol,Male,Skidded and overturned,No tow/articulation,Did not leave carriageway,0.0,Going ahead other,1,Motorcycle over 500cc,No,Nearside,2005
200501CP00269,26 - 35,3.0,Data missing or out of range,,1461.0,,,Journey as part of work,Entering from slip road,RENAULT,KANGOO SL19DCI 70,Heavy oil,Male,,No tow/articulation,Did not leave carriageway,0.0,Overtaking moving vehicle - offside,2,Van / Goods 3.5 tonnes mgw or under,No,Front,2005
200501CP00290,26 - 35,1.0,Urban area,1.0,49.0,,,Other/Not known (2005-10),Mid Junction - on roundabout or on main road,PIAGGIO,VESPA ET4,Petrol,Male,,No tow/articulation,Did not leave carriageway,0.0,Going ahead other,1,Motorcycle 50cc and under,No,Front,2005
200501CP00299,36 - 45,6.0,Urban area,10.0,2664.0,,,Journey as part of work,Mid Junction - on roundabout or on main road,LONDON TAXIS INT,TX1 SILVER AUTO,Heavy oil,Male,,No tow/articulation,Did not leave carriageway,0.0,Turning right,1,Taxi/Private hire car,No,Offside,2005
200501CP00304,36 - 45,8.0,Urban area,3.0,2180.0,,,Other/Not known (2005-10),Not at or within 20 metres of junction,TOYOTA,,Heavy oil,Male,,No tow/articulation,Did not leave carriageway,0.0,Slowing or stopping,1,Car,No,Front,2005
200501CP09007,Data missing or out of range,3.0,Data missing or out of range,,,,,Other/Not known (2005-10),Approaching junction or waiting/parked at junction approach,SCANIA,,Heavy oil,Male,,No tow/articulation,Did not leave carriageway,0.0,Moving off,2,Bus or coach (17 or more pass seats),No,Offside,2005
200501CW10109,46 - 55,3.0,Data missing or out of range,,2402.0,,,Journey as part of work,Entering main road,LONDON TAXIS INT,TXII SILVER AUTO,Heavy oil,Male,,No tow/articulation,Did not leave carriageway,0.0,Going ahead other,2,Taxi/Private hire car,No,Front,2005
200501CW10112,46 - 55,3.0,Urban area,8.0,1951.0,,,Other/Not known (2005-10),Approaching junction or waiting/parked at junction approach,LAND ROVER,FREELANDER TD4 ES,Heavy oil,Female,,No tow/articulation,Did not leave carriageway,0.0,Turning right,1,Car,No,Nearside,2005
200501CW10127,26 - 35,4.0,Urban area,3.0,599.0,,,Other/Not known (2005-10),Not at or within 20 metres of junction,HONDA,CB600 HORNET,Petrol,Male,,No tow/articulation,Did not leave carriageway,0.0,Going ahead other,2,Motorcycle over 500cc,No,Offside,2005
200501CW10252,36 - 45,7.0,Urban area,3.0,2664.0,,,Other/Not known (2005-10),Mid Junction - on roundabout or on main road,LONDON TAXIS INT,TX1 SILVER AUTO,Heavy oil,Male,,No tow/articulation,Did not leave carriageway,0.0,Turning right,2,Taxi/Private hire car,No,Nearside,2005
200501CW10262,Data missing or out of range,6.0,Data missing or out of range,,2544.0,,,Other/Not known (2005-10),Not at or within 20 metres of junction,FORD,COUGAR V6,Petrol,Male,,No tow/articulation,Did not leave carriageway,0.0,Moving off,1,Car,No,Front,2005
200501CW10381,46 - 55,6.0,Urban area,9.0,2254.0,,,Other/Not known (2005-10),Mid Junction - on roundabout or on main road,HONDA,SHUTTLE 2.3I LS AUTO,Petrol,Male,,No tow/articulation,Did not leave carriageway,0.0,Turning right,1,Car,No,Front,2005
200501CW10411,46 - 55,,Urban area,,1995.0,,,Other/Not known (2005-10),Mid Junction - on roundabout or on main road,TOYOTA,RAV4 XT3 D-4D,Heavy oil,Female,,No tow/articulation,Did not leave carriageway,0.0,Going ahead other,2,Car,No,Front,2005
200501CW10417,46 - 55,2.0,Urban area,2.0,7300.0,,,Journey as part of work,Approaching junction or waiting/parked at junction approach,VOLVO,,Heavy oil,Male,,No tow/articulation,Did not leave carriageway,0.0,Going ahead other,1,Bus or coach (17 or more pass seats),No,Front,2005
200501CW10417,46 - 55,2.0,Urban area,3.0,8268.0,,,Journey as part of work,Approaching junction or waiting/parked at junction approach,DENNIS,,Heavy oil,Male,,No tow/articulation,Did not leave carriageway,0.0,Waiting to go - held up,3,Bus or coach (17 or more pass seats),No,Offside,2005
200501CW10428,46 - 55,,Urban area,8.0,,,,Other/Not known (2005-10),Cleared junction or waiting/parked at junction exit,IVECO,,,Male,,No tow/articulation,Did not leave carriageway,0.0,Going ahead other,1,Goods over 3.5t. and under 7.5t,No,Nearside,2005
200501CW10446,Data missing or out of range,1.0,Data missing or out of range,,1951.0,,,Other/Not known (2005-10),Approaching junction or waiting/parked at junction approach,ROVER,75 CONNOISSEUR SE CDTI A,Heavy oil,Not known,,No tow/articulation,Did not leave carriageway,0.0,Going ahead other,1,Car,No,Front,2005
200501CW10475,36 - 45,1.0,Urban area,1.0,599.0,,,Other/Not known (2005-10),Mid Junction - on roundabout or on main road,HONDA,CBF 600 S-4,Petrol,Male,,No tow/articulation,Did not leave carriageway,0.0,Going ahead other,2,Motorcycle over 500cc,No,Front,2005
200501CW10520,36 - 45,2.0,Urban area,3.0,2499.0,,,Other/Not known (2005-10),Approaching junction or waiting/parked at junction approach,CHRYSLER,VOYAGER TOURING CRD,Heavy oil,Male,,No tow/articulation,Did not leave carriageway,0.0,Waiting to go - held up,1,Car,No,Back,2005
200501CW10521,46 - 55,8.0,Urban area,5.0,2494.0,,,Other/Not known (2005-10),Cleared junction or waiting/parked at junction exit,BMW,323I TOURING,Petrol,Male,,No tow/articulation,Did not leave carriageway,0.0,Going ahead other,1,Car,No,Offside,2005
200501CW10521,Over 75,2.0,Urban area,2.0,1868.0,,,Other/Not known (2005-10),Cleared junction or waiting/parked at junction exit,CITROEN,BERLINGO M-SPACE FORTE D,Heavy oil,Male,,No tow/articulation,Did not leave carriageway,0.0,U-turn,3,Car,No,Offside,2005
200501CW10529,56 - 65,4.0,Urban area,4.0,,,,Journey as part of work,Not at or within 20 metres of junction,LEYLAND AEC,,Heavy oil,Male,,No tow/articulation,Did not leave carriageway,0.0,Moving off,1,Bus or coach (17 or more pass seats),No,Did not impact,2005
200501CW10550,46 - 55,11.0,Urban area,6.0,1587.0,,,Other/Not known (2005-10),Mid Junction - on roundabout or on main road,TOYOTA,COROLLA EXECUTIVE A,Petrol,Male,,No tow/articulation,Did not leave carriageway,0.0,Turning left,2,Car,No,Offside,2005
200501CW10571,46 - 55,1.0,Data missing or out of range,,7300.0,,,Journey as part of work,Approaching junction or waiting/parked at junction approach,VOLVO,,Heavy oil,Male,,No tow/articulation,Did not leave carriageway,0.0,Going ahead other,1,Bus or coach (17 or more pass seats),No,Front,2005
200501CW10587,36 - 45,4.0,Urban area,,7300.0,,,Journey as part of work,Mid Junction - on roundabout or on main road,VOLVO,,Heavy oil,Male,,No tow/articulation,Did not leave carriageway,0.0,Going ahead left-hand bend,1,Bus or coach (17 or more pass seats),No,Offside,2005
200501CW10587,26 - 35,1.0,Urban area,8.0,3990.0,Kerb,Other permanent object,Journey as part of work,Mid Junction - on roundabout or on main road,JCB,,Heavy oil,Male,,No tow/articulation,Offside,0.0,Going ahead left-hand bend,2,Other vehicle,No,Nearside,2005
200501CW10667,46 - 55,,Urban area,6.0,9200.0,,,Journey as part of work,Mid Junction - on roundabout or on main road,DAF,,Heavy oil,Male,,No tow/articulation,Did not leave carriageway,0.0,Turning right,2,Bus or coach (17 or more pass seats),No,Front,2005
200501CW10677,36 - 45,6.0,Urban area,7.0,2793.0,,,Other/Not known (2005-10),Mid Junction - on roundabout or on main road,BMW,728I AUTO,Petrol,Male,,No tow/articulation,Did not leave carriageway,0.0,Turning right,1,Car,No,Nearside,2005
200501CW10699,Data missing or out of range,1.0,Urban area,2.0,1598.0,,,Other/Not known (2005-10),Cleared junction or waiting/parked at junction exit,VAUXHALL,MERIVA LIFE 16V,Petrol,Male,,No tow/articulation,Did not leave carriageway,0.0,Changing lane to right,1,Car,No,Offside,2005
200501CW10731,56 - 65,6.0,Urban area,2.0,2664.0,,,Other/Not known (2005-10),Not at or within 20 metres of junction,LONDON TAXIS INT,TX1 SILVER AUTO,Heavy oil,Male,,No tow/articulation,Did not leave carriageway,0.0,Going ahead other,1,Taxi/Private hire car,No,Nearside,2005
200501CW10789,36 - 45,6.0,Urban area,6.0,918.0,,,Other/Not known (2005-10),Mid Junction - on roundabout or on main road,HONDA,,Petrol,Male,,No tow/articulation,Did not leave carriageway,0.0,Going ahead other,2,Motorcycle over 500cc,No,Offside,2005
200501CW10790,36 - 45,40.0,Urban area,1.0,15000.0,,,Journey as part of work,Not at or within 20 metres of junction,LEYLAND AEC,,Heavy oil,Male,,No tow/articulation,Did not leave carriageway,0.0,Slowing or stopping,1,Bus or coach (17 or more pass seats),No,Did not impact,2005
200501CW10836,26 - 35,,Urban area,9.0,,,,Other/Not known (2005-10),Mid Junction - on roundabout or on main road,RENAULT,,,Male,,No tow/articulation,Did not leave carriageway,0.0,Going ahead other,2,Car,No,Front,2005
200501CW10911,56 - 65,,Urban area,8.0,2402.0,,,Journey as part of work,Cleared junction or waiting/parked at junction exit,LONDON TAXIS INT,TXII BRONZE AUTO,Heavy oil,Male,,No tow/articulation,Did not leave carriageway,0.0,Slowing or stopping,1,Taxi/Private hire car,No,Did not impact,2005
200501CW10927,36 - 45,5.0,Urban area,,49.0,,,Journey as part of work,Mid Junction - on roundabout or on main road,HONDA,SH50,Petrol,Male,,No tow/articulation,Did not leave carriageway,0.0,Turning left,1,Motorcycle 50cc and under,No,Offside,2005
200501CW10949,36 - 45,,Urban area,7.0,9200.0,,,Journey as part of work,Approaching junction or waiting/parked at junction approach,DAF,,Heavy oil,Male,,No tow/articulation,Did not leave carriageway,0.0,Slowing or stopping,1,Bus or coach (17 or more pass seats),No,Did not impact,2005
200501CW10963,46 - 55,,Urban area,5.0,1896.0,,,Other/Not known (2005-10),Mid Junction - on roundabout or on main road,SEAT,ALHAMBRA REFERENCE TDI,Heavy oil,Male,,No tow/articulation,Did not leave carriageway,0.0,Going ahead other,1,Car,No,Nearside,2005
200501CW10969,Data missing or out of range,1.0,Urban area,8.0,2685.0,Open door of vehicle,,Other/Not known (2005-10),Not at or within 20 metres of junction,MERCEDES,ML270 CDI SPECIAL EDTN A,Heavy oil,Male,,No tow/articulation,Did not leave carriageway,0.0,Going ahead other,1,Car,No,Front,2005
200501CW10971,Data missing or out of range,2.0,Urban area,1.0,8268.0,,,Other/Not known (2005-10),Mid Junction - on roundabout or on main road,DENNIS,,Heavy oil,Male,,No tow/articulation,Did not leave carriageway,0.0,Parked,1,Bus or coach (17 or more pass seats),No,Did not impact,2005
200501CW10995,36 - 45,,Urban area,7.0,487.0,,,Other/Not known (2005-10),Not at or within 20 metres of junction,SUZUKI,GS 500 K5,Petrol,Male,,No tow/articulation,Did not leave carriageway,0.0,Changing lane to left,2,Motorcycle over 125cc and up to 500cc,No,Offside,2005
200501CW11020,26 - 35,4.0,Rural,9.0,599.0,,,Other/Not known (2005-10),Approaching junction or waiting/parked at junction approach,KAWASAKI,,Petrol,Male,,No tow/articulation,Did not leave carriageway,0.0,Changing lane to right,1,Motorcycle over 500cc,No,Front,2005
200501CW11033,36 - 45,3.0,Urban area,7.0,2597.0,,,Other/Not known (2005-10),Mid Junction - on roundabout or on main road,MERCEDES,C240 ELEGANCE AUTO,Petrol,Female,,No tow/articulation,Did not leave carriageway,0.0,Turning right,1,Car,No,Front,2005
200501CW11040,26 - 35,9.0,Urban area,3.0,598.0,Open door of vehicle,Tree,Other/Not known (2005-10),Not at or within 20 metres of junction,YAMAHA,,Petrol,Male,,No tow/articulation,Nearside and rebounded,0.0,Going ahead other,2,Motorcycle over 500cc,No,Offside,2005
200501CW11087,46 - 55,6.0,Data missing or out of range,,2664.0,,,Journey as part of work,Mid Junction - on roundabout or on main road,LONDON TAXIS INT,TX1 SILVER AUTO,Heavy oil,Male,,No tow/articulation,Did not leave carriageway,0.0,Slowing or stopping,2,Taxi/Private hire car,No,Back,2005
200501CW11148,26 - 35,2.0,Urban area,4.0,125.0,,,Other/Not known (2005-10),Approaching junction or waiting/parked at junction approach,HONDA,SES 125-3,Petrol,Male,,No tow/articulation,Did not leave carriageway,0.0,Moving off,1,Motorcycle 125cc and under,No,Back,2005
200501CW11155,26 - 35,6.0,Urban area,2.0,600.0,,,Other/Not known (2005-10),Cleared junction or waiting/parked at junction exit,YAMAHA,,Petrol,Male,,No tow/articulation,Did not leave carriageway,0.0,Turning left,1,Motorcycle over 500cc,No,Nearside,2005
200501CW11191,46 - 55,1.0,Urban area,8.0,7300.0,,,Journey as part of work,Not at or within 20 metres of junction,VOLVO,,Heavy oil,Male,,No tow/articulation,Did not leave carriageway,0.0,Moving off,1,Bus or coach (17 or more pass seats),No,Did not impact,2005
200501CW11192,26 - 35,,Urban area,1.0,124.0,,,Other/Not known (2005-10),Mid Junction - on roundabout or on main road,HONDA,CG 125-4,Petrol,Male,,No tow/articulation,Did not leave carriageway,0.0,Going ahead other,2,Motorcycle 125cc and under,No,Front,2005
200501CW11237,66 - 75,2.0,Urban area,2.0,6370.0,,,Journey as part of work,Mid Junction - on roundabout or on main road,MERCEDES,,Heavy oil,Male,,No tow/articulation,Did not leave carriageway,0.0,Turning right,1,Bus or coach (17 or more pass seats),No,Front,2005
200501CW11240,21 - 25,,Urban area,5.0,1896.0,,,Other/Not known (2005-10),Not at or within 20 metres of junction,VOLKSWAGEN,POLO TWIST SDI,Heavy oil,Male,,No tow/articulation,Did not leave carriageway,0.0,Going ahead right-hand bend,1,Car,No,Front,2005
200501CW11346,36 - 45,2.0,Urban area,8.0,1995.0,,,Commuting to/from work,Mid Junction - on roundabout or on main road,VAUXHALL,ZAFIRA DESIGN DTI 16V A,Heavy oil,Male,,No tow/articulation,Did not leave carriageway,0.0,Turning left,2,Car,No,Front,2005
200501CW11357,26 - 35,2.0,Data missing or out of range,,8268.0,,,Journey as part of work,Approaching junction or waiting/parked at junction approach,DENNIS,,Heavy oil,Male,,No tow/articulation,Did not leave carriageway,0.0,Going ahead other,1,Bus or coach (17 or more pass seats),No,Front,2005
200501CW11390,36 - 45,3.0,Urban area,7.0,2324.0,,,Other/Not known (2005-10),Approaching junction or waiting/parked at junction approach,VOLKSWAGEN,GOLF V5,Petrol,Female,,No tow/articulation,Did not leave carriageway,0.0,Going ahead other,2,Car,No,Offside,2005
200501CW11396,Data missing or out of range,12.0,Urban area,3.0,1590.0,Kerb,Tree,Other/Not known (2005-10),Mid Junction - on roundabout or on main road,ROVER,416 GSI AUTO,Petrol,Female,,No tow/articulation,Offside,0.0,Changing lane to right,1,Car,No,Front,2005
200501CW11451,56 - 65,7.0,Urban area,,1985.0,,,Commuting to/from work,Not at or within 20 metres of junction,SAAB,9-3 SE AUTO,Petrol,Female,,No tow/articulation,Did not leave carriageway,0.0,Waiting to go - held up,2,Car,No,Nearside,2005
200501CW11505,26 - 35,,Urban area,2.0,102.0,,,Journey as part of work,Not at or within 20 metres of junction,HONDA,SCV100F-E,Petrol,Male,,No tow/articulation,Did not leave carriageway,0.0,Going ahead other,2,Motorcycle 125cc and under,No,Front,2005
200501CW11537,36 - 45,1.0,Urban area,7.0,998.0,,,Other/Not known (2005-10),Cleared junction or waiting/parked at junction exit,TOYOTA,YARIS T2,Petrol,Female,,No tow/articulation,Did not leave carriageway,0.0,Waiting to go - held up,1,Car,No,Back,2005
200501CW11558,26 - 35,8.0,Urban area,6.0,1762.0,,,Other/Not known (2005-10),Mid Junction - on roundabout or on main road,TOYOTA,CARINA E SI AUTO,Petrol,Male,,No tow/articulation,Did not leave carriageway,0.0,Turning right,1,Car,No,Offside,2005
200501CW11591,Data missing or out of range,5.0,Urban area,7.0,1796.0,,,Other/Not known (2005-10),Not at or within 20 metres of junction,VAUXHALL,ASTRA CDX 16V AUTO,Petrol,Male,,No tow/articulation,Did not leave carriageway,0.0,U-turn,2,Car,No,Offside,2005
200501CW11639,46 - 55,,Urban area,8.0,,,,Journey as part of work,Approaching junction or waiting/parked at junction approach,LONDON TAXIS INT,TXII SILVER AUTO,,Male,,No tow/articulation,Did not leave carriageway,0.0,Turning left,1,Car,No,Front,2005
200501CW11680,36 - 45,16.0,Urban area,3.0,6000.0,,,Journey as part of work,Cleared junction or waiting/parked at junction exit,IVECO-FORD,,Heavy oil,Male,,No tow/articulation,Did not leave carriageway,0.0,Slowing or stopping,1,Goods over 3.5t. and under 7.5t,No,Offside,2005
200501CW11758,36 - 45,,Urban area,7.0,9400.0,,,Journey as part of work,Cleared junction or waiting/parked at junction exit,SCANIA,,Heavy oil,Male,,No tow/articulation,Did not leave carriageway,0.0,Moving off,1,Bus or coach (17 or more pass seats),No,Did not impact,2005
200501CW11759,36 - 45,2.0,Urban area,8.0,7300.0,,,Journey as part of work,Approaching junction or waiting/parked at junction approach,VOLVO,,Heavy oil,Male,,No tow/articulation,Did not leave carriageway,0.0,Going ahead other,1,Bus or coach (17 or more pass seats),No,Front,2005
200501CW11762,36 - 45,,Urban area,10.0,,,,Other/Not known (2005-10),Mid Junction - on roundabout or on main road,TOYOTA,HILUX 2.4 TURBO-D4WD,,Male,,No tow/articulation,Did not leave carriageway,0.0,Going ahead right-hand bend,1,Car,No,Offside,2005
200501CW11781,26 - 35,1.0,Urban area,6.0,8268.0,,,Journey as part of work,Cleared junction or waiting/parked at junction exit,TRANSBUS INT,,Heavy oil,Male,,No tow/articulation,Did not leave carriageway,0.0,Going ahead other,1,Bus or coach (17 or more pass seats),No,Front,2005
200501CW11828,Data missing or out of range,9.0,Data missing or out of range,,1753.0,,,Other/Not known (2005-10),Mid Junction - on roundabout or on main road,FORD,FIESTA COURIER DIESEL,Heavy oil,Male,,No tow/articulation,Did not leave carriageway,0.0,Turning right,2,Van / Goods 3.5 tonnes mgw or under,No,Nearside,2005
200501CW11852,Data missing or out of range,8.0,Data missing or out of range,,2300.0,,,Other/Not known (2005-10),Not at or within 20 metres of junction,FORD,SCORPIO ULTIMA 16V AUTO,Petrol,Male,,No tow/articulation,Did not leave carriageway,0.0,Parked,3,Car,No,Offside,2005
200501CW11929,Data missing or out of range,,Data missing or out of range,,7300.0,,,Journey as part of work,Not at or within 20 metres of junction,VOLVO,,Heavy oil,Male,,No tow/articulation,Did not leave carriageway,0.0,Going ahead other,2,Bus or coach (17 or more pass seats),No,Front,2005
200501CW11936,36 - 45,1.0,Urban area,3.0,2463.0,,,Other/Not known (2005-10),Approaching junction or waiting/parked at junction approach,VAUXHALL,MOVANO DTI 3500 LWB,Heavy oil,Male,,No tow/articulation,Did not leave carriageway,0.0,Slowing or stopping,1,Van / Goods 3.5 tonnes mgw or under,No,Nearside,2005
200501CW11936,26 - 35,6.0,Urban area,5.0,599.0,,,Other/Not known (2005-10),Mid Junction - on roundabout or on main road,HONDA,CB600 HORNET,Petrol,Male,,No tow/articulation,Did not leave carriageway,0.0,Overtaking - nearside,3,Motorcycle over 500cc,No,Front,2005
200501CW11993,36 - 45,3.0,Data missing or out of range,,2151.0,,,Journey as part of work,Mid Junction - on roundabout or on main road,MERCEDES,E220 CDI ELEGANCE AUTO,Heavy oil,Male,,No tow/articulation,Did not leave carriageway,0.0,Turning right,1,Taxi/Private hire car,No,Did not impact,2005
200501EK40088,36 - 45,9.0,Data missing or out of range,,1781.0,,,Other/Not known (2005-10),Leaving roundabout,AUDI,A6 1.8,Petrol,Male,,No tow/articulation,Did not leave carriageway,0.0,Going ahead other,1,Car,No,Nearside,2005
200501EO00013,36 - 45,2.0,Urban area,2.0,2295.0,,,Other/Not known (2005-10),Mid Junction - on roundabout or on main road,FORD,TRANSIT 280 SWB BI-FUEL,Gas/Bi-fuel,Female,,No tow/articulation,Did not leave carriageway,0.0,Going ahead other,1,Van / Goods 3.5 tonnes mgw or under,No,Nearside,2005
200501EO00037,46 - 55,2.0,Urban area,4.0,1896.0,,,Other/Not known (2005-10),Approaching junction or waiting/parked at junction approach,VOLKSWAGEN,SHARAN CARAT TDI PD,Heavy oil,Male,,No tow/articulation,Did not leave carriageway,0.0,Parked,1,Car,No,Offside,2005
200501EO00049,46 - 55,3.0,Urban area,6.0,750.0,,,Other/Not known (2005-10),Not at or within 20 metres of junction,SUZUKI,GSX750 Y,Petrol,Male,,No tow/articulation,Did not leave carriageway,0.0,Going ahead other,1,Motorcycle over 500cc,No,Offside,2005