Accident_Index,Age_Band_of_Driver,Age_of_Vehicle,Driver_Home_Area_Type,Driver_IMD_Decile,Engine_Capacity_.CC.,Hit_Object_in_Carriageway,Hit_Object_off_Carriageway,Journey_Purpose_of_Driver,Junction_Location,make,model,Propulsion_Code,Sex_of_Driver,Skidding_and_Overturning,Towing_and_Articulation,Vehicle_Leaving_Carriageway,Vehicle_Location.Restricted_Lane,Vehicle_Manoeuvre,Vehicle_Reference,Vehicle_Type,Was_Vehicle_Left_Hand_Drive,X1st_Point_of_Impact,Year
200501KG70606,Data missing or out of range,,Data missing or out of range,,11946.0,,,Journey as part of work,Mid Junction - on roundabout or on main road,MERCEDES,,Heavy oil,Male,,Articulated vehicle,Did not leave carriageway,0.0,Changing lane to left,2,Goods 7.5 tonnes mgw and over,No,Nearside,2005
200501LX50042,26 - 35,6.0,Urban area,3.0,1997.0,,,Other/Not known (2005-10),Mid Junction - on roundabout or on main road,PEUGEOT,406 LX HDI(110),Heavy oil,Male,,No tow/articulation,Did not leave carriageway,0.0,Going ahead other,1,Car,No,Offside,2005
200501LX50066,46 - 55,1.0,Urban area,10.0,1198.0,,,Other/Not known (2005-10),Mid Junction - on roundabout or on main road,SEAT,IBIZA SX,Petrol,Female,,No tow/articulation,Did not leave carriageway,0.0,Going ahead other,2,Car,No,Nearside,2005
200501LX50120,46 - 55,7.0,Urban area,2.0,2664.0,,,Other/Not known (2005-10),Approaching junction or waiting/parked at junction approach,LONDON TAXIS INT,TX1 BRONZE AUTO,Heavy oil,Male,,No tow/articulation,Did not leave carriageway,0.0,Slowing or stopping,1,Taxi/Private hire car,No,Back,2005
200501LX50120,36 - 45,,Urban area,3.0,,,,Other/Not known (2005-10),Approaching junction or waiting/parked at junction approach,IVECO,,,Male,,No tow/articulation,Did not leave carriageway,0.0,Going ahead other,2,Car,No,Back,2005
200501LX50151,26 - 35,5.0,Urban area,5.0,249.0,,,Other/Not known (2005-10),Mid Junction - on roundabout or on main road,HONDA,FES 250,Petrol,Female,,No tow/articulation,Did not leave carriageway,0.0,Turning right,2,Motorcycle over 125cc and up to 500cc,No,Front,2005
200501LX50155,36 - 45,,Urban area,4.0,,,,Other/Not known (2005-10),Approaching junction or waiting/parked at junction approach,YAMAHA,YN 50 NEO'S,,Male,,No tow/articulation,Did not leave carriageway,0.0,Waiting to turn right,1,Motorcycle 125cc and under,No,Did not impact,2005
200501LX50319,21 - 25,4.0,Urban area,5.0,1686.0,,,Other/Not known (2005-10),Not at or within 20 metres of junction,VAUXHALL,ASTRA DTI 16V SPORTIVE,Heavy oil,Male,,No tow/articulation,Did not leave carriageway,0.0,Turning right,2,Van / Goods 3.5 tonnes mgw or under,No,Nearside,2005
200501LX50336,21 - 25,1.0,Urban area,1.0,1124.0,,,Other/Not known (2005-10),Mid Junction - on roundabout or on main road,PEUGEOT,206 FEVER,Petrol,Female,,No tow/articulation,Did not leave carriageway,0.0,Going ahead other,1,Car,No,Front,2005
200501LX50336,21 - 25,,Data missing or out of range,,1360.0,,,Other/Not known (2005-10),Mid Junction - on roundabout or on main road,PEUGEOT,206 S SEMI-AUTO,Petrol,Female,,No tow/articulation,Did not leave carriageway,0.0,Going ahead other,2,Car,No,Nearside,2005
200501LX50385,21 - 25,6.0,Urban area,8.0,,,,Journey as part of work,Approaching junction or waiting/parked at junction approach,DAF,,Heavy oil,Male,,No tow/articulation,Did not leave carriageway,0.0,Slowing or stopping,1,Bus or coach (17 or more pass seats),No,Did not impact,2005
200501LX50396,26 - 35,17.0,Urban area,5.0,1301.0,,,Other/Not known (2005-10),Approaching junction or waiting/parked at junction approach,FIAT,UNO 70 SX,Petrol,Male,,No tow/articulation,Did not leave carriageway,0.0,Slowing or stopping,2,Car,No,Back,2005
200501LX50404,36 - 45,3.0,Urban area,5.0,1261.0,,,Other/Not known (2005-10),Mid Junction - on roundabout or on main road,HONDA,ST1300 A,Petrol,Male,,No tow/articulation,Did not leave carriageway,0.0,Turning right,1,Motorcycle over 500cc,No,Nearside,2005
200501LX50434,26 - 35,5.0,Urban area,7.0,11500.0,,,Journey as part of work,Approaching junction or waiting/parked at junction approach,DENNIS,,Heavy oil,Male,,No tow/articulation,Did not leave carriageway,0.0,Going ahead other,1,Bus or coach (17 or more pass seats),No,Front,2005
200501LX50590,21 - 25,5.0,Urban area,3.0,7300.0,,,Journey as part of work,Approaching junction or waiting/parked at junction approach,VOLVO,,Heavy oil,Male,,No tow/articulation,Did not leave carriageway,0.0,Changing lane to right,1,Bus or coach (17 or more pass seats),No,Front,2005
200501LX50612,Data missing or out of range,,Data missing or out of range,,,,,Other/Not known (2005-10),Leaving roundabout,MERCEDES,SPRINTER 316 CDI MWB,,Male,,No tow/articulation,Did not leave carriageway,0.0,Moving off,1,Car,No,Nearside,2005
200501LX50630,56 - 65,1.0,Urban area,8.0,2393.0,,,Other/Not known (2005-10),Approaching junction or waiting/parked at junction approach,AUDI,A6 SE CVT,Petrol,Female,,No tow/articulation,Did not leave carriageway,0.0,Parked,1,Car,No,Did not impact,2005
200501LX50630,26 - 35,3.0,Urban area,2.0,1834.0,,,Other/Not known (2005-10),Approaching junction or waiting/parked at junction approach,VOLVO,S40 SPORT LUX PDI,Petrol,Male,,No tow/articulation,Did not leave carriageway,0.0,Reversing,2,Car,No,Did not impact,2005
200501LX50641,26 - 35,,Urban area,9.0,1396.0,,,Other/Not known (2005-10),Approaching junction or waiting/parked at junction approach,MG,ZR 105 TROPHY,Petrol,Female,,No tow/articulation,Did not leave carriageway,0.0,Waiting to go - held up,1,Car,No,Back,2005
200501LX50641,Data missing or out of range,9.0,Data missing or out of range,,2598.0,,,Other/Not known (2005-10),Approaching junction or waiting/parked at junction approach,AUDI,A6 2.6 SE AUTO,Petrol,Female,,No tow/articulation,Did not leave carriageway,0.0,Going ahead other,2,Car,No,Front,2005
200501LX50653,26 - 35,4.0,Urban area,2.0,,,,Journey as part of work,Mid Junction - on roundabout or on main road,VOLVO,,Heavy oil,Male,,No tow/articulation,Did not leave carriageway,0.0,Going ahead other,1,Bus or coach (17 or more pass seats),No,Front,2005
200501LX50678,21 - 25,7.0,Urban area,3.0,49.0,,,Other/Not known (2005-10),Approaching junction or waiting/parked at junction approach,DERBI,,Petrol,Male,,No tow/articulation,Did not leave carriageway,0.0,Overtaking moving vehicle - offside,1,Motorcycle 50cc and under,No,Nearside,2005
200501LX50728,46 - 55,6.0,Urban area,2.0,,,,Journey as part of work,Not at or within 20 metres of junction,DAF,,Heavy oil,Male,,No tow/articulation,Did not leave carriageway,0.0,Changing lane to left,1,Bus or coach (17 or more pass seats),No,Did not impact,2005
200501LX50759,46 - 55,2.0,Urban area,2.0,3920.0,,,Journey as part of work,Approaching junction or waiting/parked at junction approach,IVECO-FORD,,Heavy oil,Male,,No tow/articulation,Did not leave carriageway,0.0,Going ahead other,1,Goods 7.5 tonnes mgw and over,No,Offside,2005
200501LX50780,36 - 45,8.0,Urban area,2.0,600.0,,,Other/Not known (2005-10),Not at or within 20 metres of junction,SUZUKI,GSXR 600 V,Petrol,Male,,No tow/articulation,Did not leave carriageway,0.0,Going ahead other,1,Motorcycle over 500cc,No,Offside,2005
200501LX50818,26 - 35,12.0,Urban area,4.0,999.0,,,Other/Not known (2005-10),Mid Junction - on roundabout or on main road,FIAT,UNO IE MAMBO,Petrol,Male,,No tow/articulation,Did not leave carriageway,0.0,Going ahead other,2,Car,No,Nearside,2005
200501LX50827,66 - 75,5.0,Data missing or out of range,,1998.0,,,Other/Not known (2005-10),Cleared junction or waiting/parked at junction exit,MERCEDES,C180 ELEGANCE AUTO,Petrol,Male,,No tow/articulation,Did not leave carriageway,0.0,Waiting to go - held up,1,Car,No,Nearside,2005
200501LX50851,26 - 35,11.0,Urban area,8.0,1990.0,,,Other/Not known (2005-10),Approaching junction or waiting/parked at junction approach,MITSUBISHI,,Petrol,Male,,No tow/articulation,Did not leave carriageway,0.0,Going ahead other,1,Car,No,Front,2005
200501LX50910,36 - 45,4.0,Urban area,4.0,7300.0,,,Other/Not known (2005-10),Approaching junction or waiting/parked at junction approach,VOLVO,,Heavy oil,Male,,No tow/articulation,Did not leave carriageway,0.0,Going ahead other,1,Bus or coach (17 or more pass seats),No,Front,2005
200501LX50932,26 - 35,3.0,Urban area,4.0,1769.0,,,Other/Not known (2005-10),Not at or within 20 metres of junction,NISSAN,ALMERA E AUTO,Petrol,Male,,No tow/articulation,Did not leave carriageway,0.0,Going ahead other,1,Car,No,Nearside,2005
200501LX50964,Data missing or out of range,3.0,Data missing or out of range,,2402.0,,,Other/Not known (2005-10),Approaching junction or waiting/parked at junction approach,LONDON TAXIS INT,TXII SILVER AUTO,Heavy oil,Male,,No tow/articulation,Did not leave carriageway,0.0,Changing lane to left,2,Taxi/Private hire car,No,Nearside,2005
200501LX51039,36 - 45,6.0,Urban area,4.0,,,,Journey as part of work,Cleared junction or waiting/parked at junction exit,DAF,,Heavy oil,Male,,No tow/articulation,Did not leave carriageway,0.0,Slowing or stopping,1,Bus or coach (17 or more pass seats),No,Did not impact,2005
200501LX51064,Data missing or out of range,4.0,Data missing or out of range,,2362.0,,,Other/Not known (2005-10),Approaching junction or waiting/parked at junction approach,TOYOTA,PREVIA GS VVTI AUTO,Petrol,Male,,No tow/articulation,Did not leave carriageway,0.0,Going ahead other,2,Car,No,Front,2005
200501LX51083,26 - 35,,Data missing or out of range,,124.0,,,Other/Not known (2005-10),Mid Junction - on roundabout or on main road,YAMAHA,NXC 125 CYGNUS,Petrol,Male,,No tow/articulation,Did not leave carriageway,0.0,Overtaking - nearside,2,Motorcycle 125cc and under,No,Offside,2005
200501LX51104,26 - 35,5.0,Data missing or out of range,,599.0,,,Other/Not known (2005-10),Mid Junction - on roundabout or on main road,SUZUKI,GSX R600 K1,Petrol,Male,,No tow/articulation,Did not leave carriageway,0.0,Going ahead other,1,Motorcycle over 500cc,No,Front,2005
200501LX51134,36 - 45,7.0,Urban area,1.0,1597.0,,,Other/Not known (2005-10),Leaving roundabout,NISSAN,PRIMERA SI,Petrol,Male,,No tow/articulation,Did not leave carriageway,0.0,Overtaking static vehicle - offside,2,Car,No,Front,2005
200501LX51153,36 - 45,9.0,Urban area,4.0,1597.0,,,Taking pupil to/from school,Not at or within 20 metres of junction,FORD,ESCORT CABARET,Petrol,Female,,No tow/articulation,Did not leave carriageway,0.0,Going ahead other,1,Car,No,Front,2005
200501LX51161,66 - 75,2.0,Urban area,5.0,1598.0,,,Other/Not known (2005-10),Approaching junction or waiting/parked at junction approach,VAUXHALL,ASTRA CLUB 16V AUTO,Petrol,Male,,No tow/articulation,Did not leave carriageway,0.0,Going ahead other,2,Car,No,Offside,2005
200501LX51310,26 - 35,9.0,Urban area,3.0,1997.0,,,Other/Not known (2005-10),Mid Junction - on roundabout or on main road,HONDA,ACCORD LS COUPE AUTO,Petrol,Male,,No tow/articulation,Did not leave carriageway,0.0,Going ahead other,2,Car,No,Back,2005
200501LX51311,46 - 55,9.0,Urban area,1.0,1389.0,,,Other/Not known (2005-10),Not at or within 20 metres of junction,VAUXHALL,ASTRA MERIT,Petrol,Female,,No tow/articulation,Did not leave carriageway,0.0,Going ahead other,1,Car,No,Front,2005
200501LX51445,36 - 45,6.0,Urban area,4.0,49.0,,,Other/Not known (2005-10),Approaching junction or waiting/parked at junction approach,PIAGGIO,ET2,Petrol,Male,,No tow/articulation,Did not leave carriageway,0.0,Slowing or stopping,1,Motorcycle 50cc and under,No,Did not impact,2005
200501MM70050,36 - 45,3.0,Data missing or out of range,,7300.0,,,Journey as part of work,Approaching junction or waiting/parked at junction approach,VOLVO,,Heavy oil,Male,,No tow/articulation,Did not leave carriageway,0.0,Slowing or stopping,1,Bus or coach (17 or more pass seats),No,Did not impact,2005
200501MM70083,56 - 65,3.0,Data missing or out of range,,8268.0,,,Other/Not known (2005-10),Not at or within 20 metres of junction,DENNIS,,Heavy oil,Male,,No tow/articulation,Did not leave carriageway,0.0,Going ahead other,1,Bus or coach (17 or more pass seats),No,Front,2005
200501MM70096,36 - 45,3.0,Urban area,2.0,7300.0,,,Other/Not known (2005-10),Not at or within 20 metres of junction,VOLVO,,Heavy oil,Male,,No tow/articulation,Did not leave carriageway,0.0,Waiting to go - held up,1,Bus or coach (17 or more pass seats),No,Did not impact,2005
200501MM70132,26 - 35,5.0,Urban area,3.0,1390.0,,,Other/Not known (2005-10),Not at or within 20 metres of junction,RENAULT,CLIO S,Petrol,Female,,No tow/articulation,Did not leave carriageway,0.0,Going ahead other,1,Car,No,Back,2005
200501MM70167,26 - 35,5.0,Urban area,4.0,599.0,,,Other/Not known (2005-10),Approaching junction or waiting/parked at junction approach,KAWASAKI,ZX600-J1,Petrol,Male,,No tow/articulation,Did not leave carriageway,0.0,Going ahead other,1,Motorcycle over 500cc,No,Front,2005
200501MM70167,Data missing or out of range,12.0,Data missing or out of range,,1119.0,,,Other/Not known (2005-10),Approaching junction or waiting/parked at junction approach,FORD,FIESTA I,Petrol,Female,,No tow/articulation,Did not leave carriageway,0.0,Slowing or stopping,2,Car,No,Back,2005
200501MM70296,26 - 35,9.0,Urban area,3.0,1905.0,,,Other/Not known (2005-10),Cleared junction or waiting/parked at junction exit,CITROEN,ZX 1.9D ELATION,Heavy oil,Male,,No tow/articulation,Did not leave carriageway,0.0,Going ahead other,1,Car,No,Front,2005
200501MM70327,Data missing or out of range,2.0,Data missing or out of range,,124.0,,,Other/Not known (2005-10),Mid Junction - on roundabout or on main road,HYOSUNG,,Petrol,Male,,No tow/articulation,Did not leave carriageway,0.0,Turning right,1,Motorcycle 125cc and under,No,Did not impact,2005
200501MM70327,36 - 45,4.0,Urban area,3.0,2151.0,,,Other/Not known (2005-10),Approaching junction or waiting/parked at junction approach,MERCEDES,E220 CDI CLASSIC,Heavy oil,Male,,No tow/articulation,Did not leave carriageway,0.0,Going ahead other,2,Car,No,Did not impact,2005
200501MM70354,56 - 65,,Urban area,5.0,,,,Other/Not known (2005-10),Not at or within 20 metres of junction,VAUXHALL,CORSA SXI CDTI,,Male,,No tow/articulation,Did not leave carriageway,0.0,Going ahead other,2,Van / Goods 3.5 tonnes mgw or under,No,Front,2005
200501MM70379,26 - 35,7.0,Urban area,2.0,1598.0,,,Other/Not known (2005-10),Mid Junction - on roundabout or on main road,ALFA ROMEO,146 1.6 T.SPARK,Petrol,Male,,No tow/articulation,Did not leave carriageway,0.0,Going ahead other,2,Car,No,Offside,2005
200501MM70380,26 - 35,4.0,Urban area,7.0,599.0,,,Other/Not known (2005-10),Mid Junction - on roundabout or on main road,HONDA,CB600 HORNET,Petrol,Male,,No tow/articulation,Did not leave carriageway,0.0,Overtaking moving vehicle - offside,1,Motorcycle over 500cc,No,Nearside,2005
200501MM70431,26 - 35,11.0,Urban area,10.0,749.0,,,Other/Not known (2005-10),Mid Junction - on roundabout or on main road,KAWASAKI,,Petrol,Male,,No tow/articulation,Did not leave carriageway,0.0,Moving off,1,Motorcycle over 500cc,No,Did not impact,2005
200501MM70452,46 - 55,8.0,Urban area,3.0,2498.0,,,Other/Not known (2005-10),Approaching junction or waiting/parked at junction approach,VAUXHALL,OMEGA 2.5 V6 CDX,Petrol,Male,,No tow/articulation,Did not leave carriageway,0.0,Going ahead other,3,Car,No,Back,2005
200501MM70467,66 - 75,3.0,Urban area,3.0,,,,Journey as part of work,Not at or within 20 metres of junction,SCANIA,,Heavy oil,Male,,No tow/articulation,Did not leave carriageway,0.0,Going ahead other,1,Bus or coach (17 or more pass seats),No,Nearside,2005
200501MM70491,26 - 35,11.0,Urban area,3.0,1372.0,Parked vehicle,,Other/Not known (2005-10),Not at or within 20 metres of junction,FIAT,UNO 70 S IE,Petrol,Female,,No tow/articulation,Did not leave carriageway,0.0,Going ahead other,1,Car,No,Front,2005
200501MM70533,26 - 35,4.0,Urban area,4.0,1390.0,,,Other/Not known (2005-10),Leaving roundabout,SEAT,AROSA S AUTO,Petrol,Male,,No tow/articulation,Did not leave carriageway,0.0,Going ahead other,1,Car,No,Nearside,2005
200501MM70550,56 - 65,,Urban area,2.0,,,,Other/Not known (2005-10),Not at or within 20 metres of junction,RENAULT,TRAFIC T1000,,Male,,No tow/articulation,Did not leave carriageway,0.0,Going ahead other,1,Car,No,Front,2005
200501MM70568,56 - 65,5.0,Data missing or out of range,,9600.0,,,Journey as part of work,Approaching junction or waiting/parked at junction approach,VOLVO,,Heavy oil,Male,,No tow/articulation,Did not leave carriageway,0.0,Moving off,1,Bus or coach (17 or more pass seats),No,Did not impact,2005
200501MM70582,Data missing or out of range,3.0,Data missing or out of range,,1149.0,,,Other/Not known (2005-10),Cleared junction or waiting/parked at junction exit,RENAULT,CLIO EXPRESSION+ 16V,Petrol,Female,,No tow/articulation,Did not leave carriageway,0.0,U-turn,2,Car,No,Front,2005
200501MM70604,Data missing or out of range,9.0,Data missing or out of range,,2156.0,,,Other/Not known (2005-10),Not at or within 20 metres of junction,HONDA,ACCORD ES COUPE AUTO,Petrol,Male,,No tow/articulation,Did not leave carriageway,0.0,Going ahead other,2,Car,No,Front,2005
200501MM70637,26 - 35,9.0,Urban area,3.0,1108.0,,,Other/Not known (2005-10),Mid Junction - on roundabout or on main road,FIAT,PUNTO 55 SX,Petrol,Male,,No tow/articulation,Did not leave carriageway,0.0,Turning right,1,Car,No,Offside,2005
200501MM70669,26 - 35,4.0,Urban area,2.0,1998.0,,,Other/Not known (2005-10),Not at or within 20 metres of junction,FORD,MONDEO LX TDDI,Heavy oil,Male,,No tow/articulation,Did not leave carriageway,0.0,Parked,1,Car,No,Offside,2005
200501MM70709,Data missing or out of range,4.0,Data missing or out of range,,1998.0,,,Other/Not known (2005-10),Not at or within 20 metres of junction,FORD,TRANSIT 260 SWB TD,Heavy oil,Male,,No tow/articulation,Did not leave carriageway,0.0,Overtaking static vehicle - offside,1,Van / Goods 3.5 tonnes mgw or under,No,Nearside,2005
200501MM70725,Data missing or out of range,1.0,Data missing or out of range,,1794.0,,,Other/Not known (2005-10),Mid Junction - on roundabout or on main road,TOYOTA,COROLLA VSO VVTI TSPT S-A,Petrol,Male,,No tow/articulation,Did not leave carriageway,0.0,Going ahead right-hand bend,2,Car,No,Front,2005
200501MM70730,26 - 35,2.0,Urban area,3.0,1598.0,,,Other/Not known (2005-10),Not at or within 20 metres of junction,DAEWOO,TACUMA SE,Petrol,Male,,No tow/articulation,Did not leave carriageway,0.0,Slowing or stopping,1,Car,No,Back,2005
200501MM70731,21 - 25,4.0,Urban area,2.0,5883.0,,,Journey as part of work,Approaching junction or waiting/parked at junction approach,DENNIS,,Heavy oil,Male,,No tow/articulation,Did not leave carriageway,0.0,Turning left,1,Bus or coach (17 or more pass seats),No,Offside,2005
200501MM70734,46 - 55,,Urban area,5.0,,,,Journey as part of work,Not at or within 20 metres of junction,MAZDA,RX-8 231 PS,,Male,,No tow/articulation,Did not leave carriageway,0.0,Slowing or stopping,1,Bus or coach (17 or more pass seats),No,Did not impact,2005
200501MM70781,26 - 35,8.0,Urban area,2.0,1998.0,,,Other/Not known (2005-10),Not at or within 20 metres of junction,VAUXHALL,VECTRA GLS 16V,Petrol,Male,,No tow/articulation,Did not leave carriageway,0.0,Waiting to go - held up,1,Car,No,Back,2005
200501MM70809,36 - 45,14.0,Urban area,1.0,1991.0,,,Other/Not known (2005-10),Mid Junction - on roundabout or on main road,BMW,,Petrol,Male,,No tow/articulation,Did not leave carriageway,0.0,Turning right,1,Car,No,Offside,2005
200501MM70827,26 - 35,5.0,Urban area,3.0,9600.0,,,Journey as part of work,Not at or within 20 metres of junction,VOLVO,,Heavy oil,Male,,No tow/articulation,Did not leave carriageway,0.0,Moving off,1,Bus or coach (17 or more pass seats),No,Did not impact,2005
200501MM70846,21 - 25,13.0,Urban area,2.0,85.0,,,Other/Not known (2005-10),Not at or within 20 metres of junction,HONDA,C90MG,Petrol,Male,,No tow/articulation,Did not leave carriageway,0.0,Going ahead other,2,Motorcycle 125cc and under,No,Offside,2005
200501MM70869,46 - 55,,Urban area,1.0,,,,Journey as part of work,Approaching junction or waiting/parked at junction approach,VOLVO,,,Male,,No tow/articulation,Did not leave carriageway,0.0,Going ahead other,1,Bus or coach (17 or more pass seats),No,Nearside,2005
200501MM70891,26 - 35,,Urban area,3.0,1364.0,,,Other/Not known (2005-10),Not at or within 20 metres of junction,VAUXHALL,CORSA SRI 16V TWINPORT,Petrol,Male,,No tow/articulation,Did not leave carriageway,0.0,Slowing or stopping,2,Car,No,Back,2005
200501MM70916,26 - 35,4.0,Urban area,1.0,1794.0,,,Other/Not known (2005-10),Approaching junction or waiting/parked at junction approach,TOYOTA,AVENSIS CDX VVT-I,Petrol,Male,,No tow/articulation,Did not leave carriageway,0.0,Waiting to go - held up,1,Car,No,Back,2005
200501MM70944,Data missing or out of range,,Urban area,2.0,,,,Other/Not known (2005-10),Approaching junction or waiting/parked at junction approach,FORD,TRANSIT CONNECT L220 D,,Male,,No tow/articulation,Did not leave carriageway,0.0,Slowing or stopping,2,Car,No,Back,2005
200501MM70948,16 - 20,,Urban area,2.0,,,,Other/Not known (2005-10),Mid Junction - on roundabout or on main road,VOLVO,,,Male,,No tow/articulation,Did not leave carriageway,0.0,Going ahead left-hand bend,2,Car,No,Front,2005
200501MM70949,26 - 35,2.0,Urban area,6.0,599.0,,,Other/Not known (2005-10),Mid Junction - on roundabout or on main road,SUZUKI,GSXR 600 ZK3,Petrol,Female,,No tow/articulation,Did not leave carriageway,0.0,Going ahead other,2,Motorcycle over 500cc,No,Front,2005
200501MM70973,36 - 45,3.0,Urban area,3.0,7300.0,,,Journey as part of work,Cleared junction or waiting/parked at junction exit,VOLVO,,Heavy oil,Male,,No tow/articulation,Did not leave carriageway,0.0,Going ahead other,1,Bus or coach (17 or more pass seats),No,Front,2005
200501MM70973,26 - 35,4.0,Data missing or out of range,,1390.0,,,Other/Not known (2005-10),Cleared junction or waiting/parked at junction exit,VOLKSWAGEN,POLO SE AUTO,Petrol,Female,,No tow/articulation,Did not leave carriageway,0.0,Moving off,2,Car,No,Offside,2005
200501MM70996,26 - 35,3.0,Urban area,5.0,1796.0,,,Other/Not known (2005-10),Approaching junction or waiting/parked at junction approach,MERCEDES,C180 KOMPRESSOR SE AUTO,Petrol,Female,,No tow/articulation,Did not leave carriageway,0.0,Going ahead other,1,Car,No,Front,2005
200501MM70996,26 - 35,9.0,Urban area,7.0,1985.0,,,Other/Not known (2005-10),Approaching junction or waiting/parked at junction approach,SAAB,900 XS,Petrol,Male,,No tow/articulation,Did not leave carriageway,0.0,Slowing or stopping,2,Car,No,Back,2005
200501MM70996,36 - 45,,Urban area,6.0,1769.0,,,Other/Not known (2005-10),Approaching junction or waiting/parked at junction approach,NISSAN,PRIMERA S,Petrol,Male,,No tow/articulation,Did not leave carriageway,0.0,Slowing or stopping,3,Car,No,Back,2005
200501MM71033,36 - 45,5.0,Urban area,3.0,11100.0,,,Journey as part of work,Not at or within 20 metres of junction,DENNIS,,Heavy oil,Female,,No tow/articulation,Did not leave carriageway,0.0,Moving off,1,Bus or coach (17 or more pass seats),No,Did not impact,2005
200501MM71036,Data missing or out of range,,Data missing or out of range,,,Kerb,Bus stop or bus shelter,Other/Not known (2005-10),Approaching junction or waiting/parked at junction approach,SCANIA,,,Male,,No tow/articulation,Nearside,0.0,U-turn,1,Car,No,Front,2005
200501MM71163,36 - 45,4.0,Urban area,9.0,124.0,,,Other/Not known (2005-10),Mid Junction - on roundabout or on main road,PIAGGIO,VESPA ET4,Petrol,Male,Skidded,No tow/articulation,Did not leave carriageway,0.0,Going ahead other,1,Motorcycle 125cc and under,No,Front,2005
200501MM71169,36 - 45,1.0,Urban area,4.0,1753.0,,,Other/Not known (2005-10),Mid Junction - on roundabout or on main road,FORD,TRAN CONNECT L 200 TD SWB,Heavy oil,Male,,No tow/articulation,Did not leave carriageway,0.0,Going ahead other,2,Van / Goods 3.5 tonnes mgw or under,No,Front,2005
200501MM71205,56 - 65,4.0,Urban area,4.0,1769.0,,,Other/Not known (2005-10),Not at or within 20 metres of junction,NISSAN,ALMERA SE PLUS AUTO,Petrol,Female,,No tow/articulation,Did not leave carriageway,0.0,Going ahead other,2,Car,No,Front,2005
200501MM71207,Data missing or out of range,6.0,Urban area,3.0,1997.0,,,Other/Not known (2005-10),Approaching junction or waiting/parked at junction approach,HONDA,ACCORD ES,Petrol,Male,,No tow/articulation,Did not leave carriageway,0.0,Slowing or stopping,2,Car,No,Front,2005
200501MM71216,21 - 25,2.0,Urban area,4.0,1490.0,,,Other/Not known (2005-10),Approaching junction or waiting/parked at junction approach,SUZUKI,IGNIS SPORT,Petrol,Male,,No tow/articulation,Did not leave carriageway,0.0,Parked,2,Car,No,Back,2005
200501MM71225,66 - 75,6.0,Data missing or out of range,,1998.0,,,Other/Not known (2005-10),Mid Junction - on roundabout or on main road,DAEWOO,LEGANZA CDX AUTO,Petrol,Male,,No tow/articulation,Did not leave carriageway,0.0,Overtaking moving vehicle - offside,2,Car,No,Front,2005
200501MM71249,26 - 35,17.0,Data missing or out of range,,1116.0,,,Other/Not known (2005-10),Mid Junction - on roundabout or on main road,FIAT,UNO SELECTA CVT,Petrol,Female,,No tow/articulation,Did not leave carriageway,0.0,Turning right,2,Car,No,Offside,2005
200501MM71249,Data missing or out of range,,Urban area,4.0,,,,Other/Not known (2005-10),Approaching junction or waiting/parked at junction approach,PIAGGIO,VESPA LX 50,,Male,,No tow/articulation,Did not leave carriageway,0.0,Turning right,3,Motorcycle 125cc and under,No,Offside,2005
200501MM71280,26 - 35,5.0,Urban area,3.0,1995.0,,,Other/Not known (2005-10),Approaching junction or waiting/parked at junction approach,VAUXHALL,ASTRA CD DI 16V,Heavy oil,Male,,No tow/articulation,Did not leave carriageway,0.0,Slowing or stopping,2,Car,No,Back,2005
200501MM71295,36 - 45,9.0,Data missing or out of range,,1790.0,,,Other/Not known (2005-10),Not at or within 20 metres of junction,ROVER,,Petrol,Female,,No tow/articulation,Did not leave carriageway,0.0,Going ahead other,2,Car,No,Front,2005
200501MM71340,36 - 45,5.0,Urban area,9.0,1973.0,,,Other/Not known (2005-10),Mid Junction - on roundabout or on main road,HONDA,,Petrol,Female,,No tow/articulation,Did not leave carriageway,0.0,Turning right,2,Car,No,Nearside,2005
200501PL60095,46 - 55,12.0,Urban area,3.0,1468.0,,,Other/Not known (2005-10),Approaching junction or waiting/parked at junction approach,HYUNDAI,X2 PONY GSI AUTO,Petrol,Male,,No tow/articulation,Did not leave carriageway,0.0,Going ahead other,1,Car,No,Nearside,2005
200501PL60101,46 - 55,11.0,Data missing or out of range,,1998.0,,,Other/Not known (2005-10),Approaching junction or waiting/parked at junction approach,VAUXHALL,CAVALIER CDX AUTO,Petrol,Male,,No tow/articulation,Did not leave carriageway,0.0,Going ahead other,1,Car,No,Back,2005
200501PL60123,26 - 35,3.0,Data missing or out of range,,1668.0,,,Other/Not known (2005-10),Mid Junction - on roundabout or on main road,HONDA,STREAM SE,Petrol,Male,,No tow/articulation,Did not leave carriageway,0.0,Turning right,1,Car,No,Offside,2005
200501PL60124,36 - 45,2.0,Urban area,4.0,1870.0,,,Other/Not known (2005-10),Mid Junction - on roundabout or on main road,RENAULT,MEGANE SCENIC DYNAM+ DCI,Heavy oil,Female,,No tow/articulation,Did not leave carriageway,0.0,Going ahead other,1,Car,No,Front,2005
200501PL60129,36 - 45,4.0,Data missing or out of range,,2664.0,,,Journey as part of work,Not at or within 20 metres of junction,LONDON TAXIS INT,TX1 BRONZE AUTO,Heavy oil,Female,,No tow/articulation,Did not leave carriageway,0.0,U-turn,2,Taxi/Private hire car,No,Did not impact,2005
200501PL60160,26 - 35,4.0,Urban area,4.0,8268.0,,,Journey as part of work,Approaching junction or waiting/parked at junction approach,DENNIS,,Heavy oil,Female,,No tow/articulation,Did not leave carriageway,0.0,Going ahead other,1,Bus or coach (17 or more pass seats),No,Did not impact,2005