Accident_Index,Age_Band_of_Driver,Age_of_Vehicle,Driver_Home_Area_Type,Driver_IMD_Decile,Engine_Capacity_.CC.,Hit_Object_in_Carriageway,Hit_Object_off_Carriageway,Journey_Purpose_of_Driver,Junction_Location,make,model,Propulsion_Code,Sex_of_Driver,Skidding_and_Overturning,Towing_and_Articulation,Vehicle_Leaving_Carriageway,Vehicle_Location.Restricted_Lane,Vehicle_Manoeuvre,Vehicle_Reference,Vehicle_Type,Was_Vehicle_Left_Hand_Drive,X1st_Point_of_Impact,Year
200501PL60162,56 - 65,4.0,Data missing or out of range,,5883.0,,,Journey as part of work,Mid Junction - on roundabout or on main road,DENNIS,,Heavy oil,Male,,No tow/articulation,Did not leave carriageway,0.0,Going ahead other,1,Bus or coach (17 or more pass seats),No,Front,2005
200501PL60165,Data missing or out of range,9.0,Data missing or out of range,,1598.0,,,Other/Not known (2005-10),Mid Junction - on roundabout or on main road,RENAULT,MEGANE RT 1.6 AUTO,Petrol,Male,,No tow/articulation,Did not leave carriageway,0.0,Going ahead other,2,Car,No,Front,2005
200501PL60180,26 - 35,2.0,Urban area,4.0,3900.0,,,Journey as part of work,Not at or within 20 metres of junction,DENNIS,,Heavy oil,Male,,No tow/articulation,Did not leave carriageway,0.0,Parked,1,Bus or coach (17 or more pass seats),No,Back,2005
200501PL60201,Data missing or out of range,1.0,Data missing or out of range,,2616.0,,,Other/Not known (2005-10),Not at or within 20 metres of junction,MAZDA,RX-8 231 PS,Petrol,Male,,No tow/articulation,Did not leave carriageway,0.0,Parked,2,Car,No,Nearside,2005
200501PL60261,21 - 25,6.0,Urban area,5.0,49.0,,,Other/Not known (2005-10),Not at or within 20 metres of junction,APRILIA,,Petrol,Male,,No tow/articulation,Did not leave carriageway,0.0,Overtaking moving vehicle - offside,2,Motorcycle 50cc and under,No,Front,2005
200501PL60298,56 - 65,7.0,Data missing or out of range,,1753.0,,,Other/Not known (2005-10),Mid Junction - on roundabout or on main road,FORD,ESCORT CL TD,Heavy oil,Male,,No tow/articulation,Did not leave carriageway,0.0,Turning left,1,Car,No,Did not impact,2005
200501PL60298,26 - 35,4.0,Urban area,6.0,120.0,,,Commuting to/from work,Mid Junction - on roundabout or on main road,BMW,C1,Petrol,Female,Skidded,No tow/articulation,Did not leave carriageway,0.0,Going ahead other,2,Motorcycle 125cc and under,No,Front,2005
200501PL60298,26 - 35,8.0,Urban area,5.0,,,,Journey as part of work,Mid Junction - on roundabout or on main road,LEYLAND DAF,FT 75.270,Heavy oil,Male,,Articulated vehicle,Did not leave carriageway,0.0,Turning right,3,Goods 7.5 tonnes mgw and over,No,Nearside,2005
200501PL60324,21 - 25,9.0,Data missing or out of range,,1493.0,,,Other/Not known (2005-10),Mid Junction - on roundabout or on main road,HONDA,CIVIC 1.5I LS,Petrol,Male,,No tow/articulation,Did not leave carriageway,0.0,Going ahead other,1,Car,No,Front,2005
200501PL60382,56 - 65,,Urban area,7.0,1299.0,,,Other/Not known (2005-10),Mid Junction - on roundabout or on main road,TOYOTA,YARIS COLOUR COLLECTION,Petrol,Male,,No tow/articulation,Did not leave carriageway,0.0,Turning right,1,Car,No,Front,2005
200501PL60394,36 - 45,14.0,Data missing or out of range,,583.0,,,Other/Not known (2005-10),Entering main road,HONDA,,Petrol,Male,,No tow/articulation,Did not leave carriageway,0.0,Turning right,2,Motorcycle over 500cc,No,Offside,2005
200501PL60413,26 - 35,4.0,Data missing or out of range,,5883.0,,,Journey as part of work,Not at or within 20 metres of junction,DENNIS,,Heavy oil,Male,,No tow/articulation,Did not leave carriageway,0.0,Going ahead other,1,Bus or coach (17 or more pass seats),No,Nearside,2005
200501PL60419,66 - 75,1.0,Urban area,6.0,6370.0,,,Journey as part of work,Not at or within 20 metres of junction,MERCEDES,,Heavy oil,Male,,No tow/articulation,Did not leave carriageway,0.0,Slowing or stopping,1,Bus or coach (17 or more pass seats),No,Nearside,2005
200501PL60478,36 - 45,6.0,Urban area,2.0,,,,Journey as part of work,Approaching junction or waiting/parked at junction approach,DENNIS,,Heavy oil,Male,,No tow/articulation,Did not leave carriageway,0.0,Reversing,1,Bus or coach (17 or more pass seats),No,Did not impact,2005
200501PL60480,36 - 45,10.0,Urban area,2.0,2963.0,,,Other/Not known (2005-10),Not at or within 20 metres of junction,RENAULT,LAGUNA BACCARA V6 AUTO,Petrol,Female,,No tow/articulation,Did not leave carriageway,0.0,Parked,2,Car,No,Back,2005
200501PL60485,36 - 45,,Urban area,3.0,,,,Other/Not known (2005-10),Not at or within 20 metres of junction,LAND ROVER,"88"" - 4 CYL",,Male,,No tow/articulation,Did not leave carriageway,0.0,Going ahead other,1,Car,No,Front,2005
200501PL60563,56 - 65,6.0,Urban area,2.0,1300.0,Open door of vehicle,,Other/Not known (2005-10),Not at or within 20 metres of junction,YAMAHA,,Petrol,Male,,No tow/articulation,Did not leave carriageway,0.0,Overtaking static vehicle - offside,1,Motorcycle over 500cc,No,Nearside,2005
200501PL60723,26 - 35,7.0,Urban area,5.0,598.0,,,Other/Not known (2005-10),Approaching junction or waiting/parked at junction approach,SUZUKI,,Petrol,Male,,No tow/articulation,Did not leave carriageway,0.0,Going ahead other,1,Motorcycle over 500cc,No,Did not impact,2005
200501PL60772,Data missing or out of range,1.0,Data missing or out of range,,2000.0,,,Other/Not known (2005-10),Not at or within 20 metres of junction,VOLKSWAGEN,GOLF GT TDI AUTO,Heavy oil,Not known,,No tow/articulation,Did not leave carriageway,0.0,Parked,3,Car,No,Offside,2005
200501PL60774,26 - 35,5.0,Urban area,7.0,1598.0,,,Other/Not known (2005-10),Mid Junction - on roundabout or on main road,ALFA ROMEO,145 T-SPARK 16V,Petrol,Male,,No tow/articulation,Did not leave carriageway,0.0,Going ahead other,2,Car,No,Front,2005
200501PL60781,Data missing or out of range,2.0,Data missing or out of range,,1596.0,,,Other/Not known (2005-10),Approaching junction or waiting/parked at junction approach,FORD,FOCUS GHIA AUTO,Petrol,Female,,No tow/articulation,Did not leave carriageway,0.0,Going ahead other,2,Car,No,Front,2005
200501PL60793,56 - 65,3.0,Urban area,8.0,8268.0,,,Journey as part of work,Mid Junction - on roundabout or on main road,DENNIS,,Heavy oil,Male,,No tow/articulation,Did not leave carriageway,0.0,Moving off,1,Bus or coach (17 or more pass seats),No,Did not impact,2005
200501PL60797,36 - 45,8.0,Urban area,2.0,1799.0,,,Other/Not known (2005-10),Mid Junction - on roundabout or on main road,MERCEDES,C180 ELEGANCE AUTO,Petrol,Male,,No tow/articulation,Did not leave carriageway,0.0,Turning right,2,Car,No,Offside,2005
200501PL60801,46 - 55,4.0,Urban area,1.0,8268.0,,,Other/Not known (2005-10),Not at or within 20 metres of junction,DENNIS,,Heavy oil,Male,,No tow/articulation,Did not leave carriageway,0.0,Slowing or stopping,1,Bus or coach (17 or more pass seats),No,Did not impact,2005
200501PL60824,36 - 45,1.0,Data missing or out of range,,1988.0,,,Other/Not known (2005-10),Not at or within 20 metres of junction,FORD,FOCUS ST170,Petrol,Male,,No tow/articulation,Did not leave carriageway,0.0,Slowing or stopping,1,Car,No,Back,2005
200501PL60824,36 - 45,3.0,Urban area,7.0,2402.0,,,Other/Not known (2005-10),Not at or within 20 metres of junction,LONDON TAXIS INT,TXII SILVER AUTO,Heavy oil,Male,,No tow/articulation,Did not leave carriageway,0.0,Slowing or stopping,2,Taxi/Private hire car,No,Back,2005
200501PL60833,56 - 65,5.0,Urban area,,1870.0,,,Other/Not known (2005-10),Approaching junction or waiting/parked at junction approach,RENAULT,KANGOO 665 1.9D,Heavy oil,Male,,No tow/articulation,Did not leave carriageway,0.0,Going ahead other,1,Van / Goods 3.5 tonnes mgw or under,No,Front,2005
200501PL60873,Data missing or out of range,13.0,Data missing or out of range,,1389.0,,,Other/Not known (2005-10),Mid Junction - on roundabout or on main road,VAUXHALL,ASTRA SI,Petrol,Female,,No tow/articulation,Did not leave carriageway,0.0,Going ahead other,2,Car,No,Front,2005
200501PL60958,46 - 55,12.0,Urban area,3.0,,,,Journey as part of work,Not at or within 20 metres of junction,VOLVO,,Heavy oil,Female,,No tow/articulation,Did not leave carriageway,0.0,Going ahead other,1,Bus or coach (17 or more pass seats),No,Front,2005
200501PL60982,21 - 25,,Urban area,5.0,124.0,,,Other/Not known (2005-10),Approaching junction or waiting/parked at junction approach,YAMAHA,,Petrol,Male,,No tow/articulation,Did not leave carriageway,0.0,Overtaking moving vehicle - offside,1,Motorcycle 125cc and under,No,Front,2005
200501PL60990,16 - 20,,Urban area,4.0,1149.0,Parked vehicle,,Other/Not known (2005-10),Not at or within 20 metres of junction,RENAULT,CLIO DYNAMIQUE 16V,Petrol,Female,Overturned,No tow/articulation,Did not leave carriageway,0.0,Going ahead other,1,Car,No,Nearside,2005
200501PL61024,16 - 20,,Urban area,2.0,,,,Other/Not known (2005-10),Approaching junction or waiting/parked at junction approach,CITROEN,XSARA PICASSO SX HDI,,Male,,No tow/articulation,Did not leave carriageway,0.0,Going ahead other,1,Motorcycle 50cc and under,No,Did not impact,2005
200501PL61033,26 - 35,7.0,Urban area,2.0,900.0,,,Other/Not known (2005-10),Mid Junction - on roundabout or on main road,HONDA,,Petrol,Male,,No tow/articulation,Did not leave carriageway,0.0,Waiting to go - held up,1,Motorcycle over 500cc,No,Nearside,2005
200501PL61070,Data missing or out of range,10.0,Urban area,7.0,1242.0,,,Other/Not known (2005-10),Not at or within 20 metres of junction,FIAT,PUNTO 60 SX SELECTA,Petrol,Male,,No tow/articulation,Did not leave carriageway,0.0,Slowing or stopping,1,Car,No,Back,2005
200501PL61077,36 - 45,7.0,Data missing or out of range,,1998.0,,,Other/Not known (2005-10),Mid Junction - on roundabout or on main road,ROVER,820 VITESSE,Petrol,Male,Skidded,No tow/articulation,Did not leave carriageway,0.0,Turning right,1,Car,No,Nearside,2005
200501PL69030,46 - 55,,Urban area,7.0,499.0,,,Other/Not known (2005-10),Approaching junction or waiting/parked at junction approach,HONDA,CBF 500 A-4,Petrol,Male,Skidded,No tow/articulation,Did not leave carriageway,0.0,Going ahead other,1,Motorcycle over 125cc and up to 500cc,No,Front,2005
200501PL69090,36 - 45,1.0,Urban area,4.0,2295.0,,,Other/Not known (2005-10),Mid Junction - on roundabout or on main road,FORD,TRANSIT 350 MWB BI-FUEL,Gas/Bi-fuel,Male,,No tow/articulation,Did not leave carriageway,0.0,Going ahead other,1,Van / Goods 3.5 tonnes mgw or under,No,Nearside,2005
200501PL69090,26 - 35,,Urban area,3.0,124.0,,,Other/Not known (2005-10),Mid Junction - on roundabout or on main road,PIAGGIO,VESPA GT 125,Petrol,Female,,No tow/articulation,Did not leave carriageway,0.0,Turning left,2,Motorcycle 125cc and under,No,Front,2005
200501PY20007,21 - 25,10.0,Urban area,4.0,1996.0,,Other permanent object,Other/Not known (2005-10),Not at or within 20 metres of junction,HONDA,ACCORD ES,Petrol,Male,Overturned,No tow/articulation,Offside,0.0,Going ahead left-hand bend,1,Car,No,Did not impact,2005
200501PY20082,26 - 35,5.0,Data missing or out of range,,,,,Journey as part of work,Not at or within 20 metres of junction,DENNIS,,Heavy oil,Male,,No tow/articulation,Did not leave carriageway,0.0,Parked,1,Bus or coach (17 or more pass seats),No,Did not impact,2005
200501PY20115,46 - 55,5.0,Urban area,3.0,1589.0,,,Other/Not known (2005-10),Mid Junction - on roundabout or on main road,ROVER,216I E 16V AUTO,Petrol,Female,,No tow/articulation,Offside,0.0,Going ahead other,1,Car,No,Nearside,2005
200501PY20119,56 - 65,15.0,Urban area,8.0,1714.0,,,Other/Not known (2005-10),Not at or within 20 metres of junction,SEAT,IBIZA SPECIAL DIESEL,Heavy oil,Male,,No tow/articulation,Did not leave carriageway,0.0,Overtaking static vehicle - offside,1,Car,No,Front,2005
200501PY20119,Over 75,5.0,Urban area,9.0,1850.0,,,Other/Not known (2005-10),Not at or within 20 metres of junction,HONDA,ACCORD VTEC SE EXEC AUTO,Petrol,Male,,No tow/articulation,Did not leave carriageway,0.0,Moving off,2,Car,No,Front,2005
200501PY20123,16 - 20,,Urban area,3.0,,,Lamp post,Other/Not known (2005-10),Cleared junction or waiting/parked at junction exit,VAUXHALL,ASTRA LS DTI,,Male,,No tow/articulation,Nearside,0.0,Turning right,1,Car,No,Nearside,2005
200501PY20154,56 - 65,3.0,Urban area,5.0,7300.0,,,Other/Not known (2005-10),Mid Junction - on roundabout or on main road,VOLVO,,Heavy oil,Male,,No tow/articulation,Did not leave carriageway,0.0,Going ahead other,2,Bus or coach (17 or more pass seats),No,Front,2005
200501PY20155,16 - 20,6.0,Urban area,2.0,125.0,,,Other/Not known (2005-10),Approaching junction or waiting/parked at junction approach,APRILIA,,Petrol,Male,,No tow/articulation,Did not leave carriageway,0.0,Going ahead other,2,Motorcycle 125cc and under,No,Back,2005
200501PY20189,36 - 45,13.0,Urban area,10.0,2494.0,,,Other/Not known (2005-10),Not at or within 20 metres of junction,BMW,325 I SE AUTO,Petrol,Female,,No tow/articulation,Did not leave carriageway,0.0,Slowing or stopping,2,Car,No,Back,2005
200501PY20206,21 - 25,1.0,Urban area,2.0,49.0,,,Other/Not known (2005-10),Approaching junction or waiting/parked at junction approach,TAISHAN,,Petrol,Male,Skidded,No tow/articulation,Did not leave carriageway,0.0,Overtaking static vehicle - offside,1,Motorcycle 50cc and under,No,Did not impact,2005
200501PY20261,56 - 65,,Urban area,9.0,,,,Other/Not known (2005-10),Not at or within 20 metres of junction,VOLKSWAGEN,TRANSPORTER 57 D SWB,,Female,,No tow/articulation,Did not leave carriageway,0.0,Parked,2,Van / Goods 3.5 tonnes mgw or under,No,Front,2005
200501PY20291,56 - 65,2.0,Data missing or out of range,,2494.0,,,Other/Not known (2005-10),Approaching junction or waiting/parked at junction approach,TOYOTA,HIACE 300 GS LWB 88 BHP,Heavy oil,Male,,No tow/articulation,Did not leave carriageway,0.0,Going ahead other,2,Van / Goods 3.5 tonnes mgw or under,No,Front,2005
200501PY20331,26 - 35,4.0,Urban area,9.0,5883.0,,,Journey as part of work,Approaching junction or waiting/parked at junction approach,DENNIS,,Heavy oil,Male,,No tow/articulation,Did not leave carriageway,0.0,Going ahead other,1,Bus or coach (17 or more pass seats),No,Did not impact,2005
200501PY20397,26 - 35,,Urban area,2.0,1360.0,,,Other/Not known (2005-10),Mid Junction - on roundabout or on main road,PEUGEOT,206 SPORT,Petrol,Female,,No tow/articulation,Did not leave carriageway,0.0,Slowing or stopping,1,Car,No,Front,2005
200501PY20435,36 - 45,9.0,Urban area,10.0,937.0,,,Other/Not known (2005-10),Not at or within 20 metres of junction,SUZUKI,RF900 RV,Petrol,Male,,No tow/articulation,Did not leave carriageway,0.0,Going ahead other,1,Motorcycle over 500cc,No,Did not impact,2005
200501PY20465,36 - 45,,Urban area,8.0,1968.0,,,Other/Not known (2005-10),Mid Junction - on roundabout or on main road,VOLKSWAGEN,TOURAN SPORT TDI,Heavy oil,Female,,No tow/articulation,Did not leave carriageway,0.0,Slowing or stopping,1,Car,No,Back,2005
200501PY20470,Data missing or out of range,4.0,Urban area,6.0,2799.0,,,Journey as part of work,Approaching junction or waiting/parked at junction approach,RENAULT,MASTER T33 2.8TDI MWB,Heavy oil,Male,,No tow/articulation,Did not leave carriageway,0.0,Waiting to turn right,2,Van / Goods 3.5 tonnes mgw or under,No,Front,2005
200501PY20477,36 - 45,1.0,Urban area,4.0,3900.0,,,Journey as part of work,Not at or within 20 metres of junction,TRANSBUS INT,,Heavy oil,Male,,No tow/articulation,Did not leave carriageway,0.0,Parked,1,Bus or coach (17 or more pass seats),No,Did not impact,2005
200501PY20614,26 - 35,2.0,Urban area,4.0,9000.0,,,Other/Not known (2005-10),Approaching junction or waiting/parked at junction approach,SCANIA,,Heavy oil,Male,,No tow/articulation,Did not leave carriageway,0.0,Moving off,1,Bus or coach (17 or more pass seats),No,Did not impact,2005
200501PY20628,36 - 45,5.0,Urban area,10.0,1396.0,,,Other/Not known (2005-10),Not at or within 20 metres of junction,ROVER,45 IL 16V,Petrol,Female,,No tow/articulation,Did not leave carriageway,0.0,Going ahead left-hand bend,2,Car,No,Front,2005
200501PY20638,21 - 25,8.0,Urban area,5.0,599.0,,,Other/Not known (2005-10),Mid Junction - on roundabout or on main road,SUZUKI,,Petrol,Male,,No tow/articulation,Did not leave carriageway,0.0,Overtaking moving vehicle - offside,1,Motorcycle over 500cc,No,Front,2005
200501PY20638,Data missing or out of range,7.0,Urban area,4.0,1834.0,,,Other/Not known (2005-10),Mid Junction - on roundabout or on main road,MITSUBISHI,CARISMA GLX GDI AUTO,Petrol,Female,,No tow/articulation,Did not leave carriageway,0.0,Turning right,2,Car,No,Offside,2005
200501PY20648,16 - 20,16.0,Urban area,8.0,399.0,,,Other/Not known (2005-10),Mid Junction - on roundabout or on main road,HONDA,,Petrol,Male,,No tow/articulation,Did not leave carriageway,0.0,Going ahead other,2,Motorcycle over 125cc and up to 500cc,No,Front,2005
200501PY20711,Data missing or out of range,1.0,Urban area,2.0,1360.0,,,Other/Not known (2005-10),Not at or within 20 metres of junction,PEUGEOT,206 S,Petrol,Female,,No tow/articulation,Did not leave carriageway,0.0,Going ahead other,1,Car,No,Nearside,2005
200501PY20725,16 - 20,1.0,Urban area,9.0,1360.0,Parked vehicle,Road sign or traffic signal,Other/Not known (2005-10),Not at or within 20 metres of junction,PEUGEOT,206 SE,Petrol,Male,,No tow/articulation,Nearside,0.0,Going ahead left-hand bend,1,Car,No,Front,2005
200501PY20765,46 - 55,10.0,Urban area,7.0,1796.0,,,Taking pupil to/from school,Not at or within 20 metres of junction,FORD,MONDEO VERONA,Petrol,Male,,No tow/articulation,Did not leave carriageway,0.0,Going ahead other,1,Car,No,Nearside,2005
200501PY20787,26 - 35,1.0,Urban area,3.0,487.0,,,Other/Not known (2005-10),Mid Junction - on roundabout or on main road,SUZUKI,GS 500 K4,Petrol,Male,,No tow/articulation,Did not leave carriageway,0.0,Overtaking moving vehicle - offside,1,Motorcycle over 125cc and up to 500cc,No,Nearside,2005
200501PY20801,36 - 45,2.0,Urban area,8.0,9000.0,,,Journey as part of work,Not at or within 20 metres of junction,SCANIA,,Heavy oil,Female,,No tow/articulation,Did not leave carriageway,0.0,Slowing or stopping,1,Bus or coach (17 or more pass seats),No,Back,2005
200501PY20801,26 - 35,2.0,Urban area,2.0,9364.0,,,Other/Not known (2005-10),Not at or within 20 metres of junction,VOLVO,,Heavy oil,Male,,No tow/articulation,Did not leave carriageway,0.0,Going ahead other,2,Goods 7.5 tonnes mgw and over,No,Front,2005
200501PY20804,56 - 65,9.0,Urban area,,1905.0,,,Other/Not known (2005-10),Mid Junction - on roundabout or on main road,CITROEN,XANTIA SX TD,Heavy oil,Male,,No tow/articulation,Did not leave carriageway,0.0,Waiting to turn right,3,Car,No,Front,2005
200501PY20833,46 - 55,4.0,Urban area,7.0,1360.0,,,Other/Not known (2005-10),Approaching junction or waiting/parked at junction approach,PEUGEOT,206 LX AUTO,Petrol,Male,,No tow/articulation,Did not leave carriageway,0.0,Slowing or stopping,1,Car,No,Back,2005
200501PY20870,46 - 55,5.0,Data missing or out of range,,1600.0,,,Journey as part of work,Not at or within 20 metres of junction,RENAULT,MEGANE SCENIC 16V,Petrol,Male,,No tow/articulation,Did not leave carriageway,0.0,Going ahead other,1,Car,No,Front,2005
200501PY20870,26 - 35,2.0,Urban area,10.0,9000.0,,,Other/Not known (2005-10),Not at or within 20 metres of junction,SCANIA,,Heavy oil,Male,,No tow/articulation,Did not leave carriageway,0.0,Parked,2,Bus or coach (17 or more pass seats),No,Back,2005
200501PY20878,36 - 45,2.0,Urban area,10.0,599.0,,,Other/Not known (2005-10),Approaching junction or waiting/parked at junction approach,HONDA,CB 600 F-2,Petrol,Male,,No tow/articulation,Did not leave carriageway,0.0,Going ahead other,1,Motorcycle over 500cc,No,Offside,2005
200501PY20906,46 - 55,8.0,Urban area,10.0,1389.0,,,Other/Not known (2005-10),Not at or within 20 metres of junction,VAUXHALL,ASTRA MERIT,Petrol,Male,,No tow/articulation,Did not leave carriageway,0.0,Moving off,2,Car,No,Nearside,2005
200501PY20911,26 - 35,,Urban area,6.0,,,,Other/Not known (2005-10),Approaching junction or waiting/parked at junction approach,IVECO,DAILY 35 S12 MWB,,Male,,No tow/articulation,Did not leave carriageway,0.0,Going ahead left-hand bend,1,Car,No,Front,2005
200501PY20911,66 - 75,6.0,Urban area,10.0,1298.0,,,Other/Not known (2005-10),Approaching junction or waiting/parked at junction approach,NISSAN,MICRA GX,Petrol,Female,,No tow/articulation,Did not leave carriageway,0.0,Waiting to turn left,2,Car,No,Back,2005
200501PY20971,46 - 55,,Urban area,10.0,1364.0,Bollard or refuge,,Other/Not known (2005-10),Cleared junction or waiting/parked at junction exit,VAUXHALL,TIGRA SPORT,Petrol,Female,,No tow/articulation,Did not leave carriageway,0.0,Turning right,1,Car,No,Front,2005
200501PY20981,26 - 35,5.0,Urban area,3.0,,,,Other/Not known (2005-10),Leaving roundabout,DENNIS,,Heavy oil,Male,,No tow/articulation,Did not leave carriageway,0.0,Slowing or stopping,1,Bus or coach (17 or more pass seats),No,Back,2005
200501PY20990,46 - 55,1.0,Data missing or out of range,,1796.0,,,Journey as part of work,Cleared junction or waiting/parked at junction exit,ROVER,45 IXS 16V AUTO,Petrol,Male,,No tow/articulation,Did not leave carriageway,0.0,Going ahead other,2,Car,No,Back,2005
200501PY20991,36 - 45,4.0,Small town,9.0,,,,Journey as part of work,Not at or within 20 metres of junction,DENNIS,,Heavy oil,Male,,No tow/articulation,Did not leave carriageway,0.0,Going ahead other,1,Bus or coach (17 or more pass seats),No,Front,2005
200501PY29090,66 - 75,14.0,Data missing or out of range,,1998.0,,,Other/Not known (2005-10),Mid Junction - on roundabout or on main road,FORD,SIERRA GLS I,Petrol,Male,,No tow/articulation,Did not leave carriageway,0.0,Going ahead other,1,Car,No,Front,2005
200501PY29090,Data missing or out of range,3.0,Data missing or out of range,,1149.0,,,Other/Not known (2005-10),Mid Junction - on roundabout or on main road,RENAULT,CLIO EXPRESSION+ 16V,Petrol,Female,,No tow/articulation,Did not leave carriageway,0.0,Turning right,2,Car,No,Nearside,2005
200501QA10111,46 - 55,2.0,Urban area,10.0,3199.0,,,Other/Not known (2005-10),Mid Junction - on roundabout or on main road,MERCEDES,E320 ELEGANCE AUTO,Petrol,Male,,No tow/articulation,Did not leave carriageway,0.0,Turning right,1,Car,No,Offside,2005
200501QA10111,46 - 55,8.0,Urban area,6.0,1597.0,,,Other/Not known (2005-10),Mid Junction - on roundabout or on main road,NISSAN,ALMERA 1.6 SLX AUTO,Petrol,Male,,No tow/articulation,Did not leave carriageway,0.0,Going ahead other,2,Car,No,Front,2005
200501QA10144,Data missing or out of range,5.0,Urban area,6.0,3226.0,,,Other/Not known (2005-10),Mid Junction - on roundabout or on main road,MERCEDES,E320 CDI AVANTGARDE AUTO,Heavy oil,Male,,No tow/articulation,Did not leave carriageway,0.0,Going ahead right-hand bend,1,Car,No,Back,2005
200501QA10152,Over 75,3.0,Urban area,9.0,1339.0,,,Other/Not known (2005-10),Cleared junction or waiting/parked at junction exit,HONDA,JAZZ SE CVT,Petrol,Male,,No tow/articulation,Did not leave carriageway,0.0,Parked,1,Car,No,Back,2005
200501QA10159,26 - 35,3.0,Urban area,3.0,7300.0,,,Other/Not known (2005-10),Approaching junction or waiting/parked at junction approach,VOLVO,,Heavy oil,Male,,No tow/articulation,Did not leave carriageway,0.0,Going ahead other,1,Bus or coach (17 or more pass seats),No,Nearside,2005
200501QA10166,16 - 20,6.0,Urban area,2.0,1242.0,,,Other/Not known (2005-10),Not at or within 20 metres of junction,FIAT,BRAVO 80 SX,Petrol,Male,,No tow/articulation,Did not leave carriageway,0.0,Going ahead other,1,Car,No,Offside,2005
200501QA10197,36 - 45,9.0,Urban area,5.0,1840.0,Kerb,Tree,Other/Not known (2005-10),Mid Junction - on roundabout or on main road,MAZDA,323 EXECUTIVE,Petrol,Female,,No tow/articulation,Offside,0.0,Overtaking moving vehicle - offside,1,Car,No,Nearside,2005
200501QA10197,36 - 45,12.0,Urban area,7.0,1598.0,,,Other/Not known (2005-10),Mid Junction - on roundabout or on main road,VAUXHALL,CAVALIER ENVOY,Petrol,Female,,No tow/articulation,Did not leave carriageway,0.0,Turning right,2,Car,No,Offside,2005
200501QA10208,26 - 35,15.0,Urban area,7.0,1985.0,,,Other/Not known (2005-10),Not at or within 20 metres of junction,SAAB,900 TURBO 16 CONV,Petrol,Female,,No tow/articulation,Did not leave carriageway,0.0,Slowing or stopping,2,Car,No,Offside,2005
200501QA10236,66 - 75,10.0,Urban area,9.0,1796.0,,,Other/Not known (2005-10),Approaching junction or waiting/parked at junction approach,VAUXHALL,CAVALIER CLASSIC,Petrol,Female,,No tow/articulation,Did not leave carriageway,0.0,Going ahead other,1,Car,No,Front,2005
200501QA10249,Over 75,1.0,Urban area,8.0,1998.0,,,Other/Not known (2005-10),Not at or within 20 metres of junction,HONDA,,Petrol,Male,,No tow/articulation,Did not leave carriageway,0.0,Going ahead other,1,Car,No,Back,2005
200501QA10268,56 - 65,3.0,Urban area,9.0,582.0,,,Other/Not known (2005-10),Not at or within 20 metres of junction,HONDA,FJS 600,Petrol,Male,,No tow/articulation,Did not leave carriageway,0.0,Going ahead other,2,Motorcycle over 500cc,No,Front,2005
200501QA10372,66 - 75,4.0,Urban area,6.0,1948.0,,,Other/Not known (2005-10),Mid Junction - on roundabout or on main road,VOLVO,V40 SE AUTO,Petrol,Male,,No tow/articulation,Did not leave carriageway,0.0,Turning right,2,Car,No,Offside,2005
200501QA10451,16 - 20,,Urban area,10.0,998.0,Kerb,Other permanent object,Other/Not known (2005-10),Cleared junction or waiting/parked at junction exit,VAUXHALL,CORSA ENERGY TWINPORT,Petrol,Female,,No tow/articulation,Nearside and rebounded,0.0,Going ahead other,1,Car,No,Front,2005
200501QA10480,16 - 20,5.0,Urban area,8.0,124.0,,,Other/Not known (2005-10),Mid Junction - on roundabout or on main road,HONDA,,Petrol,Male,,No tow/articulation,Did not leave carriageway,0.0,Overtaking moving vehicle - offside,1,Motorcycle 125cc and under,No,Nearside,2005
200501QA10485,56 - 65,,Urban area,9.0,1339.0,,,Other/Not known (2005-10),Leaving roundabout,HONDA,JAZZ SE,Petrol,Male,,No tow/articulation,Did not leave carriageway,0.0,Going ahead other,1,Car,No,Front,2005
200501QA10522,Over 75,1.0,Urban area,10.0,1240.0,,,Other/Not known (2005-10),Mid Junction - on roundabout or on main road,NISSAN,MICRA S AUTO,Petrol,Female,,No tow/articulation,Did not leave carriageway,0.0,Turning right,2,Car,No,Front,2005
200501QA10526,26 - 35,2.0,Urban area,9.0,1995.0,,,Other/Not known (2005-10),Mid Junction - on roundabout or on main road,TOYOTA,AVENSIS T SPIRIT D-4D,Heavy oil,Male,,No tow/articulation,Did not leave carriageway,0.0,Turning right,1,Car,No,Offside,2005
200501QK00016,Data missing or out of range,1.0,Data missing or out of range,,7300.0,,,Other/Not known (2005-10),Cleared junction or waiting/parked at junction exit,VOLVO,,Heavy oil,Male,,No tow/articulation,Did not leave carriageway,0.0,Going ahead other,1,Bus or coach (17 or more pass seats),No,Did not impact,2005
200501QK00026,56 - 65,13.0,Urban area,8.0,,,,Other/Not known (2005-10),Not at or within 20 metres of junction,SCANIA,,Heavy oil,Male,,No tow/articulation,Did not leave carriageway,0.0,Going ahead other,1,Bus or coach (17 or more pass seats),No,Back,2005
200501QK00068,21 - 25,9.0,Urban area,7.0,1120.0,,,Other/Not known (2005-10),Not at or within 20 metres of junction,ROVER,100 KENSINGTON,Petrol,Female,,No tow/articulation,Did not leave carriageway,0.0,Going ahead right-hand bend,2,Car,No,Front,2005
200501QK00103,21 - 25,16.0,Data missing or out of range,,1985.0,,,Other/Not known (2005-10),Leaving roundabout,SAAB,9000 CDI S,Petrol,Male,,No tow/articulation,Did not leave carriageway,0.0,Turning left,1,Car,No,Nearside,2005
200501QK50037,36 - 45,5.0,Urban area,5.0,1598.0,Kerb,Near/Offside crash barrier,Other/Not known (2005-10),Not at or within 20 metres of junction,TOYOTA,COROLLA VVTI S AUTO,Petrol,Female,,No tow/articulation,Nearside,0.0,Going ahead other,1,Car,No,Front,2005
200501QK50072,56 - 65,17.0,Urban area,1.0,2226.0,,,Other/Not known (2005-10),Approaching junction or waiting/parked at junction approach,AUDI,100 AVANT QUATTRO,Petrol,Female,,No tow/articulation,Did not leave carriageway,0.0,Moving off,1,Car,No,Front,2005