Accident_Index,Age_Band_of_Driver,Age_of_Vehicle,Driver_Home_Area_Type,Driver_IMD_Decile,Engine_Capacity_.CC.,Hit_Object_in_Carriageway,Hit_Object_off_Carriageway,Journey_Purpose_of_Driver,Junction_Location,make,model,Propulsion_Code,Sex_of_Driver,Skidding_and_Overturning,Towing_and_Articulation,Vehicle_Leaving_Carriageway,Vehicle_Location.Restricted_Lane,Vehicle_Manoeuvre,Vehicle_Reference,Vehicle_Type,Was_Vehicle_Left_Hand_Drive,X1st_Point_of_Impact,Year
200501QK50089,Data missing or out of range,18.0,Data missing or out of range,,2299.0,,,Other/Not known (2005-10),Approaching junction or waiting/parked at junction approach,MERCEDES,230 TE AUTO,Petrol,Male,,No tow/articulation,Did not leave carriageway,0.0,Going ahead other,1,Car,No,Front,2005
200501QK50104,26 - 35,1.0,Urban area,6.0,102.0,,,Other/Not known (2005-10),Mid Junction - on roundabout or on main road,HONDA,SCV100F-E,Petrol,Male,,No tow/articulation,Did not leave carriageway,0.0,Turning right,1,Motorcycle 125cc and under,No,Front,2005
200501QK50139,46 - 55,14.0,Urban area,6.0,2500.0,,,Other/Not known (2005-10),Approaching junction or waiting/parked at junction approach,MITSUBISHI,,Heavy oil,Male,,No tow/articulation,Did not leave carriageway,0.0,Going ahead other,2,Car,No,Front,2005
200501QK50143,21 - 25,1.0,Data missing or out of range,,1753.0,,,Journey as part of work,Not at or within 20 metres of junction,FORD,TRAN CONNECT L 200 TD SWB,Heavy oil,Male,,No tow/articulation,Did not leave carriageway,0.0,Overtaking static vehicle - offside,1,Van / Goods 3.5 tonnes mgw or under,No,Back,2005
200501QK50143,11 - 15,3.0,Urban area,1.0,124.0,,,Other/Not known (2005-10),Not at or within 20 metres of junction,ITALJET,DRAGSTER D125LC,Petrol,Male,,No tow/articulation,Did not leave carriageway,0.0,Going ahead other,2,Motorcycle 125cc and under,No,Front,2005
200501QK50152,16 - 20,1.0,Urban area,4.0,1397.0,,,Other/Not known (2005-10),Approaching junction or waiting/parked at junction approach,MERCEDES,A140 CLASSIC SE SWB,Petrol,Female,,No tow/articulation,Did not leave carriageway,0.0,Going ahead other,1,Car,No,Offside,2005
200501QK50165,21 - 25,1.0,Urban area,7.0,1360.0,,,Other/Not known (2005-10),Mid Junction - on roundabout or on main road,PEUGEOT,206 S,Petrol,Female,,No tow/articulation,Did not leave carriageway,0.0,Moving off,1,Car,No,Back,2005
200501QK50173,16 - 20,7.0,Urban area,2.0,1124.0,,Bus stop or bus shelter,Other/Not known (2005-10),Cleared junction or waiting/parked at junction exit,PEUGEOT,106 XN ZEST 2,Petrol,Male,,No tow/articulation,Nearside and rebounded,0.0,Going ahead other,1,Car,No,Front,2005
200501QK50192,21 - 25,5.0,Rural,8.0,2299.0,,,Other/Not known (2005-10),Mid Junction - on roundabout or on main road,MERCEDES,308D SWB,Heavy oil,Male,,No tow/articulation,Did not leave carriageway,0.0,Going ahead left-hand bend,2,Van / Goods 3.5 tonnes mgw or under,No,Front,2005
200501QK50201,21 - 25,2.0,Urban area,4.0,1149.0,,,Other/Not known (2005-10),Mid Junction - on roundabout or on main road,RENAULT,CLIO EXTREME 2 16V,Petrol,Female,,No tow/articulation,Did not leave carriageway,0.0,Turning right,1,Car,No,Nearside,2005
200501QK50433,Data missing or out of range,13.0,Urban area,3.0,2494.0,,,Other/Not known (2005-10),Mid Junction - on roundabout or on main road,BMW,325 I SE AUTO,Petrol,Female,,No tow/articulation,Did not leave carriageway,0.0,Reversing,2,Car,No,Back,2005
200501QK50438,Over 75,12.0,Data missing or out of range,,1118.0,,,Other/Not known (2005-10),Not at or within 20 metres of junction,ROVER,METRO L,Petrol,Female,,No tow/articulation,Did not leave carriageway,0.0,Going ahead other,1,Car,No,Offside,2005
200501QK50453,26 - 35,11.0,Urban area,5.0,748.0,,,Other/Not known (2005-10),Approaching junction or waiting/parked at junction approach,HONDA,,Petrol,Male,,No tow/articulation,Did not leave carriageway,0.0,Going ahead right-hand bend,1,Motorcycle over 500cc,No,Did not impact,2005
200501QK50572,Data missing or out of range,6.0,Data missing or out of range,,1199.0,,,Other/Not known (2005-10),Not at or within 20 metres of junction,VAUXHALL,CORSA 16V,Petrol,Female,,No tow/articulation,Did not leave carriageway,0.0,Moving off,2,Car,No,Back,2005
200501QK50655,66 - 75,1.0,Data missing or out of range,,1783.0,,,Other/Not known (2005-10),Approaching junction or waiting/parked at junction approach,RENAULT,LAGUNA EXPRESSION 16V A,Petrol,Female,,No tow/articulation,Did not leave carriageway,0.0,Slowing or stopping,1,Car,No,Back,2005
200501QK50718,66 - 75,,Urban area,1.0,,,,Other/Not known (2005-10),Mid Junction - on roundabout or on main road,MERCEDES,,,Male,,No tow/articulation,Did not leave carriageway,0.0,Turning right,2,Car,No,Offside,2005
200501QK50740,56 - 65,2.0,Urban area,3.0,1339.0,,,Other/Not known (2005-10),Mid Junction - on roundabout or on main road,HONDA,JAZZ SE CVT,Petrol,Male,,No tow/articulation,Did not leave carriageway,0.0,U-turn,1,Car,No,Offside,2005
200501QK50789,36 - 45,1.0,Urban area,6.0,7300.0,,,Journey as part of work,Not at or within 20 metres of junction,VOLVO,,Heavy oil,Male,,No tow/articulation,Did not leave carriageway,2.0,Going ahead other,1,Bus or coach (17 or more pass seats),No,Did not impact,2005
200501QK50806,Data missing or out of range,,Data missing or out of range,,,,,Other/Not known (2005-10),Not at or within 20 metres of junction,FORD,TRAN CONNECT L 200 TD SWB,,Male,,No tow/articulation,Did not leave carriageway,0.0,Going ahead other,2,Car,No,Front,2005
200501QK50816,26 - 35,8.0,Urban area,3.0,1389.0,,,Other/Not known (2005-10),Not at or within 20 metres of junction,VAUXHALL,CORSA LS 1.4I AUTO,Petrol,Male,,No tow/articulation,Did not leave carriageway,0.0,Going ahead other,1,Car,No,Offside,2005
200501QK50910,16 - 20,,Data missing or out of range,,49.0,,,Other/Not known (2005-10),Mid Junction - on roundabout or on main road,YAMAHA,WHY (YH50),Petrol,Male,,No tow/articulation,Did not leave carriageway,0.0,Going ahead other,1,Motorcycle 50cc and under,No,Front,2005
200501QK59021,66 - 75,9.0,Urban area,3.0,1799.0,,,Other/Not known (2005-10),Mid Junction - on roundabout or on main road,MERCEDES,C180 ELEGANCE AUTO,Petrol,Female,,No tow/articulation,Did not leave carriageway,0.0,Going ahead other,1,Car,No,Front,2005
200501QK59105,Data missing or out of range,4.0,Urban area,10.0,2671.0,,,Other/Not known (2005-10),Not at or within 20 metres of junction,AUDI,RS4 QUATTRO,Petrol,Male,,No tow/articulation,Did not leave carriageway,0.0,Going ahead other,2,Car,No,Front,2005
200501RG40004,46 - 55,8.0,Urban area,8.0,2299.0,,,Other/Not known (2005-10),Not at or within 20 metres of junction,MERCEDES,208D SWB,Heavy oil,Male,,No tow/articulation,Did not leave carriageway,0.0,Going ahead other,1,Van / Goods 3.5 tonnes mgw or under,No,Back,2005
200501RG40077,56 - 65,9.0,Data missing or out of range,,1905.0,,,Other/Not known (2005-10),Mid Junction - on roundabout or on main road,CITROEN,ZX 1.9D ELATION,Heavy oil,Male,,No tow/articulation,Did not leave carriageway,0.0,Going ahead other,1,Car,No,Nearside,2005
200501RG40077,21 - 25,8.0,Urban area,6.0,1396.0,,,Other/Not known (2005-10),Mid Junction - on roundabout or on main road,HONDA,CIVIC 1.4I TORNADO,Petrol,Male,,No tow/articulation,Did not leave carriageway,0.0,Going ahead other,2,Car,No,Front,2005
200501RG40080,21 - 25,5.0,Urban area,4.0,124.0,,,Other/Not known (2005-10),Leaving main road,CAGIVA,PLANET 125,Petrol,Male,,No tow/articulation,Did not leave carriageway,0.0,Turning left,1,Motorcycle 125cc and under,No,Front,2005
200501RG40082,16 - 20,6.0,Urban area,5.0,124.0,,,Other/Not known (2005-10),Mid Junction - on roundabout or on main road,PIAGGIO,VESPA ET4,Petrol,Male,,No tow/articulation,Did not leave carriageway,0.0,Going ahead other,1,Motorcycle 125cc and under,No,Front,2005
200501RG40088,46 - 55,2.0,Urban area,10.0,1896.0,,,Other/Not known (2005-10),Not at or within 20 metres of junction,VOLKSWAGEN,BORA TDI SE,Heavy oil,Male,,No tow/articulation,Did not leave carriageway,0.0,Slowing or stopping,1,Car,No,Back,2005
200501RG40110,21 - 25,1.0,Urban area,7.0,1360.0,,,Other/Not known (2005-10),Approaching junction or waiting/parked at junction approach,PEUGEOT,206 ZEST,Petrol,Male,,No tow/articulation,Did not leave carriageway,0.0,Going ahead other,1,Car,No,Front,2005
200501RG40115,46 - 55,2.0,Urban area,8.0,1870.0,,,Other/Not known (2005-10),Mid Junction - on roundabout or on main road,MITSUBISHI,CARISMA ELEGANCE DI-D,Heavy oil,Male,,No tow/articulation,Did not leave carriageway,0.0,Turning right,1,Car,No,Offside,2005
200501RG40140,Data missing or out of range,,Urban area,5.0,,,,Other/Not known (2005-10),Approaching junction or waiting/parked at junction approach,MERCEDES,VITO 112 CDI,,Male,,No tow/articulation,Did not leave carriageway,0.0,Slowing or stopping,1,Car,No,Back,2005
200501RG40140,Data missing or out of range,13.0,Urban area,5.0,1118.0,,,Other/Not known (2005-10),Approaching junction or waiting/parked at junction approach,ROVER,METRO C,Petrol,Male,,No tow/articulation,Did not leave carriageway,0.0,Going ahead other,2,Car,No,Front,2005
200501RG40140,Data missing or out of range,1.0,Urban area,3.0,1199.0,,,Other/Not known (2005-10),Approaching junction or waiting/parked at junction approach,VAUXHALL,CORSA SXI 16V SEMI-AUTO,Petrol,Female,,No tow/articulation,Did not leave carriageway,0.0,Going ahead other,3,Car,No,Front,2005
200501RG40162,36 - 45,1.0,Urban area,2.0,599.0,,,Other/Not known (2005-10),Not at or within 20 metres of junction,HONDA,,Petrol,Male,,No tow/articulation,Did not leave carriageway,0.0,Slowing or stopping,1,Motorcycle over 500cc,No,Offside,2005
200501RG40214,36 - 45,7.0,Urban area,7.0,348.0,,,Other/Not known (2005-10),Approaching junction or waiting/parked at junction approach,SUZUKI,DR 350 SEW,Petrol,Male,,No tow/articulation,Did not leave carriageway,0.0,Going ahead other,1,Motorcycle over 125cc and up to 500cc,No,Front,2005
200501RG40332,Data missing or out of range,8.0,Data missing or out of range,,1799.0,,,Other/Not known (2005-10),Mid Junction - on roundabout or on main road,VAUXHALL,VECTRA ARCTIC 16V,Petrol,Male,,No tow/articulation,Did not leave carriageway,0.0,Going ahead other,4,Car,No,Front,2005
200501RG40333,11 - 15,10.0,Urban area,2.0,79.0,Kerb,Near/Offside crash barrier,Other/Not known (2005-10),Approaching junction or waiting/parked at junction approach,YAMAHA,T 80,Petrol,Male,,No tow/articulation,Nearside,0.0,Going ahead right-hand bend,1,Motorcycle 125cc and under,No,Front,2005
200501RG40366,46 - 55,,Urban area,3.0,,,,Other/Not known (2005-10),Not at or within 20 metres of junction,DENNIS,,,Male,,No tow/articulation,Did not leave carriageway,0.0,Going ahead other,1,Car,No,Front,2005
200501RG40412,26 - 35,11.0,Data missing or out of range,,1275.0,,,Other/Not known (2005-10),Approaching junction or waiting/parked at junction approach,NISSAN,MICRA SLX AUTO,Petrol,Male,,No tow/articulation,Did not leave carriageway,0.0,Waiting to turn right,2,Car,No,Offside,2005
200501RG40427,46 - 55,5.0,Urban area,3.0,,,,Journey as part of work,Cleared junction or waiting/parked at junction exit,DENNIS,,Heavy oil,Male,,No tow/articulation,Did not leave carriageway,0.0,Waiting to go - held up,1,Bus or coach (17 or more pass seats),No,Back,2005
200501RG40428,36 - 45,3.0,Urban area,4.0,1794.0,,,Other/Not known (2005-10),Mid Junction - on roundabout or on main road,TOYOTA,CELICA VVTI,Petrol,Male,,No tow/articulation,Did not leave carriageway,0.0,Turning right,2,Car,No,Front,2005
200501RG40552,36 - 45,1.0,Urban area,8.0,1422.0,,,Other/Not known (2005-10),Not at or within 20 metres of junction,VOLKSWAGEN,POLO TWIST TDI,Heavy oil,Male,,No tow/articulation,Did not leave carriageway,0.0,Changing lane to left,1,Car,No,Back,2005
200501RG40566,66 - 75,10.0,Urban area,3.0,2199.0,,,Other/Not known (2005-10),Approaching junction or waiting/parked at junction approach,MERCEDES,E220 AUTO,Petrol,Male,,No tow/articulation,Did not leave carriageway,0.0,Slowing or stopping,3,Car,No,Back,2005
200501RG40628,36 - 45,16.0,Data missing or out of range,,79.0,,,Other/Not known (2005-10),Mid Junction - on roundabout or on main road,YAMAHA,,Petrol,Male,,No tow/articulation,Did not leave carriageway,0.0,Overtaking moving vehicle - offside,1,Motorcycle 125cc and under,No,Front,2005
200501RG40635,36 - 45,1.0,Data missing or out of range,,749.0,,,Other/Not known (2005-10),Not at or within 20 metres of junction,SUZUKI,GSXR 750 K4,Petrol,Male,,No tow/articulation,Did not leave carriageway,0.0,Going ahead other,1,Motorcycle over 500cc,No,Back,2005
200501RG40668,46 - 55,9.0,Urban area,5.0,1589.0,,,Other/Not known (2005-10),Not at or within 20 metres of junction,ROVER,216 SI AUTO,Petrol,Male,,No tow/articulation,Did not leave carriageway,0.0,Going ahead other,1,Car,No,Front,2005
200501RG40674,26 - 35,2.0,Urban area,3.0,1396.0,,,Other/Not known (2005-10),Not at or within 20 metres of junction,MG,ZR+,Petrol,Male,,No tow/articulation,Did not leave carriageway,0.0,Overtaking static vehicle - offside,1,Car,No,Nearside,2005
200501RG40692,26 - 35,,Urban area,4.0,600.0,,,Other/Not known (2005-10),Not at or within 20 metres of junction,SUZUKI,GSF 600 ZK4,Petrol,Male,Skidded,No tow/articulation,Did not leave carriageway,0.0,Going ahead other,1,Motorcycle over 500cc,No,Front,2005
200501RG40703,26 - 35,1.0,Urban area,9.0,2979.0,,,Other/Not known (2005-10),Not at or within 20 metres of junction,BMW,330 CI SPORT AUTO,Petrol,Male,,No tow/articulation,Did not leave carriageway,0.0,Changing lane to left,2,Car,No,Nearside,2005
200501RG40709,36 - 45,6.0,Urban area,5.0,1242.0,,,Other/Not known (2005-10),Mid Junction - on roundabout or on main road,FIAT,PUNTO SX 60 SELECTA,Petrol,Female,,No tow/articulation,Did not leave carriageway,0.0,Turning right,1,Car,No,Front,2005
200501RG40764,Data missing or out of range,,Data missing or out of range,,1910.0,,,Other/Not known (2005-10),Not at or within 20 metres of junction,VAUXHALL,VECTRA LIFE CDTI 120,Heavy oil,Male,,No tow/articulation,Did not leave carriageway,0.0,Going ahead other,2,Car,No,Front,2005
200501RG40781,16 - 20,,Urban area,10.0,1124.0,,,Other/Not known (2005-10),Mid Junction - on roundabout or on main road,PEUGEOT,206 S,Petrol,Male,,No tow/articulation,Did not leave carriageway,0.0,Going ahead other,1,Car,No,Offside,2005
200501RG40781,56 - 65,7.0,Small town,8.0,1598.0,,,Other/Not known (2005-10),Approaching junction or waiting/parked at junction approach,RENAULT,MEGANE RT 1.6E SCENIC AUT,Petrol,Female,,No tow/articulation,Did not leave carriageway,0.0,Parked,4,Car,No,Front,2005
200501RG40803,26 - 35,9.0,Urban area,4.0,1597.0,,,Other/Not known (2005-10),Mid Junction - on roundabout or on main road,FORD,ESCORT SERENADE 16V,Petrol,Male,,No tow/articulation,Did not leave carriageway,0.0,Going ahead other,2,Car,No,Front,2005
200501RG40847,36 - 45,11.0,Urban area,3.0,2498.0,,,Other/Not known (2005-10),Cleared junction or waiting/parked at junction exit,VAUXHALL,OMEGA 2.5 TD CDX,Heavy oil,Male,,No tow/articulation,Did not leave carriageway,0.0,Going ahead other,1,Car,No,Front,2005
200501RG40864,Data missing or out of range,7.0,Data missing or out of range,,1996.0,,,Other/Not known (2005-10),Not at or within 20 metres of junction,CHRYSLER,NEON GLX AUTO,Petrol,Not known,,No tow/articulation,Did not leave carriageway,0.0,Going ahead other,1,Car,No,Did not impact,2005
200501RG49126,26 - 35,2.0,Small town,3.0,1363.0,,,Other/Not known (2005-10),Mid Junction - on roundabout or on main road,TOYOTA,YARIS CDX D-4D,Heavy oil,Male,,No tow/articulation,Did not leave carriageway,0.0,Turning right,1,Car,No,Nearside,2005
200501RG49132,26 - 35,3.0,Urban area,5.0,1796.0,,,Journey as part of work,Not at or within 20 metres of junction,VAUXHALL,VECTRA LS DUALFUEL,Gas/Bi-fuel,Male,,No tow/articulation,Did not leave carriageway,0.0,Reversing,1,Taxi/Private hire car,No,Back,2005
200501RY10090,16 - 20,2.0,Urban area,5.0,652.0,Parked vehicle,Other permanent object,Other/Not known (2005-10),Not at or within 20 metres of junction,BMW,F650 CS,Petrol,Male,Skidded,No tow/articulation,Nearside,0.0,Going ahead other,1,Motorcycle over 500cc,No,Front,2005
200501RY10093,36 - 45,11.0,Data missing or out of range,,1988.0,Kerb,Lamp post,Other/Not known (2005-10),Not at or within 20 metres of junction,FORD,MONDEO GHIA A,Petrol,Male,,No tow/articulation,Nearside,0.0,Going ahead other,2,Car,No,Offside,2005
200501RY10111,56 - 65,5.0,Urban area,4.0,1598.0,,,Other/Not known (2005-10),Approaching junction or waiting/parked at junction approach,RENAULT,LAGUNA ALIZE,Petrol,Female,,No tow/articulation,Did not leave carriageway,0.0,Turning right,1,Car,No,Back,2005
200501RY10111,Data missing or out of range,7.0,Urban area,3.0,4580.0,,,Journey as part of work,Approaching junction or waiting/parked at junction approach,MAN,,Heavy oil,Male,,No tow/articulation,Did not leave carriageway,0.0,Going ahead other,2,Goods 7.5 tonnes mgw and over,No,Front,2005
200501RY10124,Data missing or out of range,13.0,Data missing or out of range,,2959.0,,,Other/Not known (2005-10),Not at or within 20 metres of junction,TOYOTA,CAMRY GX V6 INJ A,Petrol,Male,,No tow/articulation,Did not leave carriageway,0.0,Going ahead other,2,Car,No,Front,2005
200501RY10161,56 - 65,,Data missing or out of range,,1402.0,,,Other/Not known (2005-10),Mid Junction - on roundabout or on main road,SUZUKI,GSX 1400 K3,Petrol,Male,,No tow/articulation,Did not leave carriageway,0.0,Going ahead other,1,Motorcycle over 500cc,No,Front,2005
200501RY10167,Data missing or out of range,2.0,Data missing or out of range,,1796.0,,,Other/Not known (2005-10),Approaching junction or waiting/parked at junction approach,MERCEDES,C230 KOMPRESSOR SE A,Petrol,Male,,No tow/articulation,Did not leave carriageway,0.0,U-turn,2,Car,No,Offside,2005
200501RY10186,26 - 35,,Urban area,7.0,1997.0,,,Other/Not known (2005-10),Not at or within 20 metres of junction,PEUGEOT,407 SW SE LUXURY PACK HDI,Heavy oil,Male,,No tow/articulation,Did not leave carriageway,0.0,Going ahead other,1,Car,No,Front,2005
200501RY10235,26 - 35,,Data missing or out of range,,2198.0,,,Other/Not known (2005-10),Not at or within 20 metres of junction,FORD,MONDEO ST TDCI,Heavy oil,Male,,No tow/articulation,Did not leave carriageway,0.0,Going ahead left-hand bend,2,Car,No,Back,2005
200501RY10271,16 - 20,11.0,Urban area,4.0,1124.0,,,Other/Not known (2005-10),Mid Junction - on roundabout or on main road,PEUGEOT,106 XN GRADUATE,Petrol,Female,,No tow/articulation,Did not leave carriageway,0.0,Turning left,1,Car,No,Did not impact,2005
200501RY10360,16 - 20,,Urban area,3.0,124.0,,,Other/Not known (2005-10),Not at or within 20 metres of junction,HONDA,XR 125 L-4,Petrol,Male,,No tow/articulation,Did not leave carriageway,0.0,Going ahead other,1,Motorcycle 125cc and under,No,Front,2005
200501RY10381,26 - 35,6.0,Urban area,5.0,1360.0,,,Other/Not known (2005-10),Mid Junction - on roundabout or on main road,PEUGEOT,206 LX AUTO,Petrol,Male,,No tow/articulation,Did not leave carriageway,0.0,Turning right,1,Car,No,Offside,2005
200501RY10383,Data missing or out of range,1.0,Data missing or out of range,,2300.0,,,Journey as part of work,Mid Junction - on roundabout or on main road,IVECO,,Heavy oil,Male,,No tow/articulation,Did not leave carriageway,0.0,Reversing,1,Goods 7.5 tonnes mgw and over,No,Back,2005
200501RY10406,36 - 45,1.0,Urban area,2.0,1560.0,,,Other/Not known (2005-10),Not at or within 20 metres of junction,FORD,FOCUS C-MAX LX TDCI AUTO,Heavy oil,Male,,No tow/articulation,Did not leave carriageway,0.0,Slowing or stopping,1,Car,No,Back,2005
200501RY10463,26 - 35,2.0,Data missing or out of range,,1769.0,,,Other/Not known (2005-10),Not at or within 20 metres of junction,NISSAN,ALMERA TINO SE,Petrol,Female,,No tow/articulation,Did not leave carriageway,0.0,Waiting to go - held up,1,Car,No,Back,2005
200501RY10463,56 - 65,4.0,Urban area,2.0,1360.0,,,Other/Not known (2005-10),Not at or within 20 metres of junction,PEUGEOT,307 LX,Petrol,Male,,No tow/articulation,Did not leave carriageway,0.0,Waiting to go - held up,3,Car,No,Back,2005
200501RY10470,46 - 55,5.0,Urban area,9.0,9600.0,,,Journey as part of work,Cleared junction or waiting/parked at junction exit,VOLVO,,Heavy oil,Male,,No tow/articulation,Did not leave carriageway,0.0,Going ahead other,1,Bus or coach (17 or more pass seats),No,Front,2005
200501RY10474,66 - 75,1.0,Urban area,8.0,1364.0,,,Other/Not known (2005-10),Mid Junction - on roundabout or on main road,VAUXHALL,ASTRA BREEZE,Petrol,Male,,No tow/articulation,Did not leave carriageway,0.0,Turning right,1,Car,No,Nearside,2005
200501RY10493,26 - 35,5.0,Urban area,7.0,125.0,,,Other/Not known (2005-10),Mid Junction - on roundabout or on main road,APRILIA,,Petrol,Male,,No tow/articulation,Did not leave carriageway,0.0,Overtaking - nearside,1,Motorcycle 125cc and under,No,Front,2005
200501RY10532,26 - 35,11.0,Urban area,7.0,398.0,,,Other/Not known (2005-10),Cleared junction or waiting/parked at junction exit,HONDA,,Petrol,Male,,No tow/articulation,Did not leave carriageway,0.0,Going ahead other,1,Motorcycle over 125cc and up to 500cc,No,Front,2005
200501RY10552,16 - 20,9.0,Urban area,4.0,1597.0,,,Other/Not known (2005-10),Mid Junction - on roundabout or on main road,FORD,ESCORT CABARET,Petrol,Male,,No tow/articulation,Did not leave carriageway,0.0,Turning right,1,Car,No,Front,2005
200501RY10573,16 - 20,11.0,Urban area,10.0,1171.0,,,Other/Not known (2005-10),Not at or within 20 metres of junction,RENAULT,CLIO RN LIBERTE,Petrol,Male,,No tow/articulation,Did not leave carriageway,0.0,Going ahead other,1,Car,No,Front,2005
200501RY10573,46 - 55,4.0,Urban area,10.0,1686.0,,,Other/Not known (2005-10),Not at or within 20 metres of junction,VAUXHALL,COMBO EPIC 775 1.7D,Heavy oil,Male,,No tow/articulation,Did not leave carriageway,0.0,Slowing or stopping,2,Van / Goods 3.5 tonnes mgw or under,No,Back,2005
200501RY10610,36 - 45,6.0,Urban area,10.0,998.0,,,Other/Not known (2005-10),Approaching junction or waiting/parked at junction approach,NISSAN,MICRA PROFILE 16V,Petrol,Female,,No tow/articulation,Did not leave carriageway,0.0,Going ahead other,1,Car,No,Back,2005
200501RY10627,36 - 45,4.0,Urban area,6.0,2664.0,,,Journey as part of work,Not at or within 20 metres of junction,LONDON TAXIS INT,TX1 SILVER AUTO,Heavy oil,Male,Skidded,No tow/articulation,Did not leave carriageway,0.0,Slowing or stopping,2,Taxi/Private hire car,No,Back,2005
200501RY10635,16 - 20,5.0,Urban area,8.0,1390.0,,,Other/Not known (2005-10),Leaving roundabout,RENAULT,CLIO ALIZE,Petrol,Male,,No tow/articulation,Did not leave carriageway,0.0,Turning left,1,Car,No,Offside,2005
200501SX00035,Data missing or out of range,,Urban area,4.0,,,,Other/Not known (2005-10),Not at or within 20 metres of junction,VOLKSWAGEN,LT28 TDI MWB,,Male,,No tow/articulation,Did not leave carriageway,0.0,Going ahead other,2,Car,No,Front,2005
200501SX00043,36 - 45,3.0,Small town,5.0,2494.0,,,Other/Not known (2005-10),Approaching junction or waiting/parked at junction approach,BMW,325 I SPORT TOURING AUTO,Petrol,Female,,No tow/articulation,Did not leave carriageway,0.0,Going ahead other,1,Car,No,Back,2005
200501SX00056,36 - 45,2.0,Urban area,4.0,1399.0,,,Other/Not known (2005-10),Mid Junction - on roundabout or on main road,DAEWOO,KALOS SE,Petrol,Female,,No tow/articulation,Did not leave carriageway,0.0,Turning left,1,Car,No,Offside,2005
200501SX00091,21 - 25,,Data missing or out of range,,,Kerb,,Other/Not known (2005-10),Mid Junction - on roundabout or on main road,FORD,TRAN CONNECT L 200 TD SWB,,Male,,No tow/articulation,Did not leave carriageway,0.0,Going ahead other,1,Minibus (8 - 16 passenger seats),No,Front,2005
200501SX00101,46 - 55,4.0,Urban area,10.0,7300.0,,,Other/Not known (2005-10),Not at or within 20 metres of junction,VOLVO,,Heavy oil,Male,,No tow/articulation,Did not leave carriageway,0.0,Slowing or stopping,1,Bus or coach (17 or more pass seats),No,Did not impact,2005
200501SX00112,Data missing or out of range,3.0,Data missing or out of range,,2171.0,,,Other/Not known (2005-10),Not at or within 20 metres of junction,BMW,320I SE TOURING AUTO,Petrol,Female,,No tow/articulation,Did not leave carriageway,0.0,Turning left,2,Car,No,Front,2005
200501SX20012,Data missing or out of range,2.0,Small town,8.0,1997.0,,,Other/Not known (2005-10),Cleared junction or waiting/parked at junction exit,PEUGEOT,307 D TURBO HDI,Heavy oil,Male,,No tow/articulation,Did not leave carriageway,0.0,Going ahead other,2,Car,No,Front,2005
200501SX20058,21 - 25,4.0,Data missing or out of range,,5883.0,,,Journey as part of work,Not at or within 20 metres of junction,DENNIS,,Heavy oil,Male,,No tow/articulation,Did not leave carriageway,0.0,Slowing or stopping,2,Bus or coach (17 or more pass seats),No,Back,2005
200501SX20103,26 - 35,1.0,Urban area,6.0,1397.0,,,Other/Not known (2005-10),Not at or within 20 metres of junction,MERCEDES,A140 CL PICCADILLY SWB A,Petrol,Male,Skidded and overturned,No tow/articulation,Did not leave carriageway,0.0,Going ahead other,1,Car,No,Front,2005
200501SX20114,26 - 35,,Data missing or out of range,,,,,Other/Not known (2005-10),Leaving roundabout,RENAULT,KANGOO SL19DCI 70,,Male,,No tow/articulation,Did not leave carriageway,0.0,Turning left,1,Car,No,Front,2005
200501SX20119,26 - 35,,Urban area,3.0,,,,Other/Not known (2005-10),Mid Junction - on roundabout or on main road,FORD,TRANSIT 80 POP D SWB,,Male,,No tow/articulation,Did not leave carriageway,0.0,Going ahead other,2,Car,No,Front,2005
200501SX20129,26 - 35,9.0,Urban area,5.0,11700.0,,,Other/Not known (2005-10),Approaching junction or waiting/parked at junction approach,SCANIA,,Heavy oil,Male,,No tow/articulation,Did not leave carriageway,0.0,Slowing or stopping,3,Goods 7.5 tonnes mgw and over,No,Front,2005
200501SX20170,Data missing or out of range,15.0,Urban area,7.0,398.0,,,Other/Not known (2005-10),Not at or within 20 metres of junction,SUZUKI,,Petrol,Male,,No tow/articulation,Did not leave carriageway,0.0,Going ahead right-hand bend,2,Motorcycle over 125cc and up to 500cc,No,Offside,2005
200501SX20192,26 - 35,12.0,Urban area,6.0,1590.0,,,Other/Not known (2005-10),Not at or within 20 metres of junction,HONDA,CIVIC ESI AUTO,Petrol,Male,,No tow/articulation,Did not leave carriageway,0.0,Going ahead other,1,Car,No,Front,2005
200501SX20247,Data missing or out of range,2.0,Data missing or out of range,,,,,Other/Not known (2005-10),Approaching junction or waiting/parked at junction approach,IVECO-FORD,,Heavy oil,Not known,,No tow/articulation,Did not leave carriageway,0.0,Turning right,1,Goods over 3.5t. and under 7.5t,No,Front,2005
200501SX20266,56 - 65,1.0,Urban area,8.0,1339.0,,,Other/Not known (2005-10),Mid Junction - on roundabout or on main road,HONDA,JAZZ SE CVT,Petrol,Female,,No tow/articulation,Did not leave carriageway,0.0,Going ahead other,2,Car,No,Front,2005
200501SX20387,21 - 25,5.0,Urban area,3.0,244.0,,,Other/Not known (2005-10),Approaching junction or waiting/parked at junction approach,PIAGGIO,X9 250,Petrol,Male,,No tow/articulation,Did not leave carriageway,0.0,Going ahead other,2,Motorcycle over 125cc and up to 500cc,No,Front,2005
200501SX20409,26 - 35,12.0,Urban area,7.0,398.0,,,Other/Not known (2005-10),Not at or within 20 metres of junction,KAWASAKI,,Petrol,Male,,No tow/articulation,Did not leave carriageway,0.0,Going ahead other,1,Motorcycle over 125cc and up to 500cc,No,Offside,2005
200501SX20443,16 - 20,7.0,Urban area,4.0,1242.0,,,Other/Not known (2005-10),Mid Junction - on roundabout or on main road,FIAT,PUNTO SX 60,Petrol,Male,,No tow/articulation,Did not leave carriageway,0.0,Going ahead other,2,Car,No,Front,2005
200501SX20585,36 - 45,7.0,Data missing or out of range,,12130.0,,,Journey as part of work,Not at or within 20 metres of junction,VOLVO,,Heavy oil,Male,,Articulated vehicle,Did not leave carriageway,0.0,Parked,4,Goods 7.5 tonnes mgw and over,No,Offside,2005