Accident_Index,Age_Band_of_Driver,Age_of_Vehicle,Driver_Home_Area_Type,Driver_IMD_Decile,Engine_Capacity_.CC.,Hit_Object_in_Carriageway,Hit_Object_off_Carriageway,Journey_Purpose_of_Driver,Junction_Location,make,model,Propulsion_Code,Sex_of_Driver,Skidding_and_Overturning,Towing_and_Articulation,Vehicle_Leaving_Carriageway,Vehicle_Location.Restricted_Lane,Vehicle_Manoeuvre,Vehicle_Reference,Vehicle_Type,Was_Vehicle_Left_Hand_Drive,X1st_Point_of_Impact,Year
200501SX20607,16 - 20,1.0,Urban area,6.0,124.0,,,Other/Not known (2005-10),Mid Junction - on roundabout or on main road,YAMAHA,NXC 125 CYGNUS,Petrol,Female,,No tow/articulation,Did not leave carriageway,0.0,Overtaking moving vehicle - offside,1,Motorcycle 125cc and under,No,Front,2005
200501SX20610,21 - 25,9.0,Urban area,8.0,1997.0,,,Other/Not known (2005-10),Approaching junction or waiting/parked at junction approach,ROVER,620 GSI AUTO,Petrol,Male,,No tow/articulation,Did not leave carriageway,0.0,Waiting to go - held up,1,Car,No,Back,2005
200501SX20616,16 - 20,11.0,Urban area,5.0,1242.0,,,Other/Not known (2005-10),Mid Junction - on roundabout or on main road,FIAT,PUNTO 75 SX,Petrol,Male,,No tow/articulation,Did not leave carriageway,0.0,Turning right,1,Car,No,Offside,2005
200501SX20627,Data missing or out of range,4.0,Rural,3.0,1998.0,,,Other/Not known (2005-10),Approaching junction or waiting/parked at junction approach,FORD,MONDEO LX TDDI,Heavy oil,Male,,No tow/articulation,Did not leave carriageway,0.0,Turning left,3,Car,No,Front,2005
200501SX20693,21 - 25,,Urban area,,2198.0,,,Other/Not known (2005-10),Cleared junction or waiting/parked at junction exit,VAUXHALL,VECTRA DESIGN AUTO,Petrol,Male,,No tow/articulation,Did not leave carriageway,0.0,Going ahead other,1,Car,No,Front,2005
200501SX20721,46 - 55,,Urban area,4.0,,,,Other/Not known (2005-10),Mid Junction - on roundabout or on main road,NISSAN,,,Male,,No tow/articulation,Did not leave carriageway,0.0,Going ahead other,1,Car,No,Front,2005
200501SX20745,36 - 45,1.0,Urban area,4.0,3920.0,,,Other/Not known (2005-10),Not at or within 20 metres of junction,IVECO,,Heavy oil,Male,,No tow/articulation,Did not leave carriageway,0.0,Parked,2,Goods over 3.5t. and under 7.5t,No,Back,2005
200501SX20806,Data missing or out of range,13.0,Data missing or out of range,,1196.0,,,Other/Not known (2005-10),Approaching junction or waiting/parked at junction approach,VAUXHALL,NOVA SX,Petrol,Male,,No tow/articulation,Did not leave carriageway,0.0,Going ahead other,2,Car,No,Front,2005
200501SX20821,26 - 35,1.0,Urban area,9.0,2494.0,,,Other/Not known (2005-10),Not at or within 20 metres of junction,BMW,X3 SPORT AUTO,Petrol,Female,,No tow/articulation,Did not leave carriageway,0.0,Moving off,2,Car,No,Front,2005
200501SX20835,Data missing or out of range,12.0,Data missing or out of range,,1796.0,,,Other/Not known (2005-10),Mid Junction - on roundabout or on main road,VAUXHALL,CAVALIER COLORADO,Petrol,Male,,No tow/articulation,Did not leave carriageway,0.0,Turning left,2,Car,No,Back,2005
200501SX20863,56 - 65,1.0,Urban area,6.0,1240.0,,,Other/Not known (2005-10),Mid Junction - on roundabout or on main road,NISSAN,MICRA SE AUTO,Petrol,Female,,No tow/articulation,Did not leave carriageway,0.0,Going ahead other,1,Car,No,Offside,2005
200501SX20925,36 - 45,12.0,Urban area,3.0,1700.0,,,Other/Not known (2005-10),Not at or within 20 metres of junction,VAUXHALL,ASTRA MERIT,Heavy oil,Male,,No tow/articulation,Did not leave carriageway,0.0,Going ahead other,2,Car,No,Offside,2005
200501SX20934,Data missing or out of range,,Urban area,2.0,,,,Other/Not known (2005-10),Leaving roundabout,MAN,,,Male,,No tow/articulation,Did not leave carriageway,0.0,Changing lane to right,2,Car,No,Front,2005
200501SX20945,16 - 20,,Urban area,8.0,1229.0,,,Other/Not known (2005-10),Leaving roundabout,VAUXHALL,CORSA SXI TWINPORT,Petrol,Male,,No tow/articulation,Did not leave carriageway,0.0,Going ahead other,1,Car,No,Front,2005
200501SX20952,36 - 45,,Urban area,2.0,,,,Other/Not known (2005-10),Not at or within 20 metres of junction,IVECO,,,Male,,No tow/articulation,Did not leave carriageway,0.0,Going ahead other,1,Car,No,Back,2005
200501SX20989,Data missing or out of range,5.0,Data missing or out of range,,1997.0,,,Journey as part of work,Not at or within 20 metres of junction,PEUGEOT,406 LX HDI(90),Heavy oil,Male,,No tow/articulation,Did not leave carriageway,0.0,Moving off,1,Taxi/Private hire car,No,Did not impact,2005
200501SX21009,26 - 35,6.0,Urban area,4.0,1998.0,,,Other/Not known (2005-10),Approaching junction or waiting/parked at junction approach,DAEWOO,LEGANZA CDX,Petrol,Male,,No tow/articulation,Did not leave carriageway,0.0,Turning right,2,Car,No,Nearside,2005
200501SX21037,46 - 55,1.0,Urban area,5.0,1999.0,,,Other/Not known (2005-10),Approaching junction or waiting/parked at junction approach,MAZDA,6 TS AUTO,Petrol,Female,,No tow/articulation,Did not leave carriageway,0.0,Slowing or stopping,1,Car,No,Nearside,2005
200501SX21069,36 - 45,14.0,Urban area,7.0,1388.0,,,Other/Not known (2005-10),Mid Junction - on roundabout or on main road,VAUXHALL,ASTRA MERIT,Petrol,Male,,No tow/articulation,Did not leave carriageway,0.0,Waiting to turn right,2,Car,No,Offside,2005
200501SX21100,66 - 75,9.0,Urban area,9.0,1762.0,,,Other/Not known (2005-10),Approaching junction or waiting/parked at junction approach,TOYOTA,CARINA E CD AUTO,Petrol,Male,,No tow/articulation,Did not leave carriageway,0.0,Overtaking moving vehicle - offside,2,Car,No,Offside,2005
200501SX21112,36 - 45,12.0,Urban area,4.0,1998.0,,,Other/Not known (2005-10),Not at or within 20 metres of junction,VAUXHALL,CAVALIER CD,Petrol,Male,,No tow/articulation,Did not leave carriageway,0.0,Going ahead other,2,Car,No,Offside,2005
200501TA00024,36 - 45,2.0,Urban area,2.0,1242.0,Kerb,Other permanent object,Other/Not known (2005-10),Mid Junction - on roundabout or on main road,FIAT,PUNTO ACTIVE SPORT,Petrol,Female,,No tow/articulation,Nearside,0.0,Going ahead other,2,Car,No,Did not impact,2005
200501TA00093,26 - 35,10.0,Urban area,3.0,1389.0,,,Other/Not known (2005-10),Not at or within 20 metres of junction,VAUXHALL,ASTRA LS (HI-TORQ),Petrol,Male,,No tow/articulation,Did not leave carriageway,0.0,Going ahead other,1,Car,No,Did not impact,2005
200501TA00111,Data missing or out of range,5.0,Data missing or out of range,,1998.0,,,Other/Not known (2005-10),Cleared junction or waiting/parked at junction exit,MERCEDES,C200 ELEGANCE AUTO,Petrol,Not known,,No tow/articulation,Did not leave carriageway,0.0,Parked,3,Car,No,Did not impact,2005
200501TA00140,26 - 35,2.0,Urban area,2.0,3724.0,,,Other/Not known (2005-10),Not at or within 20 metres of junction,MERCEDES,S350 LIMOUSINE A,Petrol,Male,,No tow/articulation,Did not leave carriageway,0.0,Going ahead other,1,Car,No,Did not impact,2005
200501TA00143,21 - 25,3.0,Urban area,4.0,1299.0,,,Other/Not known (2005-10),Mid Junction - on roundabout or on main road,FORD,KA SUN COLLECTION,Petrol,Female,,No tow/articulation,Did not leave carriageway,0.0,Slowing or stopping,1,Car,No,Did not impact,2005
200501TA00143,36 - 45,2.0,Urban area,2.0,6370.0,,,Journey as part of work,Mid Junction - on roundabout or on main road,MERCEDES,,Heavy oil,Male,,No tow/articulation,Did not leave carriageway,0.0,Going ahead other,2,Goods 7.5 tonnes mgw and over,No,Did not impact,2005
200501TA00182,16 - 20,3.0,Urban area,2.0,1390.0,,,Other/Not known (2005-10),Approaching junction or waiting/parked at junction approach,AUDI,A2 SE,Petrol,Male,,No tow/articulation,Did not leave carriageway,0.0,Going ahead right-hand bend,1,Car,No,Did not impact,2005
200501TA00213,36 - 45,6.0,Urban area,8.0,,,,Journey as part of work,Not at or within 20 metres of junction,FODEN,,Heavy oil,Male,,No tow/articulation,Did not leave carriageway,0.0,Going ahead other,5,Goods 7.5 tonnes mgw and over,No,Front,2005
200501TA00213,21 - 25,1.0,Urban area,4.0,49.0,,,Other/Not known (2005-10),Not at or within 20 metres of junction,PIAGGIO,,Petrol,Male,,No tow/articulation,Did not leave carriageway,0.0,Waiting to go - held up,6,Motorcycle 50cc and under,No,Back,2005
200501TA00221,26 - 35,6.0,Urban area,4.0,499.0,Kerb,Other permanent object,Other/Not known (2005-10),Mid Junction - on roundabout or on main road,HONDA,,Petrol,Male,Skidded,No tow/articulation,Offside,0.0,Going ahead other,1,Motorcycle over 125cc and up to 500cc,No,Offside,2005
200501TA00283,46 - 55,,Urban area,3.0,6370.0,,,Journey as part of work,Approaching junction or waiting/parked at junction approach,MERCEDES,,Heavy oil,Male,,No tow/articulation,Did not leave carriageway,0.0,Going ahead other,1,Bus or coach (17 or more pass seats),No,Front,2005
200501TB00055,21 - 25,2.0,Urban area,3.0,8268.0,,,Other/Not known (2005-10),Approaching junction or waiting/parked at junction approach,DENNIS,,Heavy oil,Male,,No tow/articulation,Did not leave carriageway,0.0,Going ahead other,1,Bus or coach (17 or more pass seats),No,Did not impact,2005
200501TB00155,26 - 35,4.0,Urban area,7.0,7300.0,,,Journey as part of work,Not at or within 20 metres of junction,VOLVO,,Heavy oil,Male,,No tow/articulation,Did not leave carriageway,0.0,Going ahead other,1,Bus or coach (17 or more pass seats),No,Did not impact,2005
200501TB00205,36 - 45,11.0,Urban area,3.0,1998.0,,,Other/Not known (2005-10),Mid Junction - on roundabout or on main road,NISSAN,PRIMERA SLX A,Petrol,Male,,No tow/articulation,Did not leave carriageway,0.0,Going ahead other,2,Car,No,Did not impact,2005
200501TB00237,46 - 55,3.0,Urban area,7.0,2461.0,,,Journey as part of work,Not at or within 20 metres of junction,VOLKSWAGEN,LT 35 TDI LWB,Heavy oil,Male,,No tow/articulation,Did not leave carriageway,0.0,Slowing or stopping,2,Van / Goods 3.5 tonnes mgw or under,No,Did not impact,2005
200501TB00261,16 - 20,5.0,Data missing or out of range,,124.0,,,Other/Not known (2005-10),Cleared junction or waiting/parked at junction exit,ITALJET,DRAGSTER D125LC,Petrol,Male,,No tow/articulation,Did not leave carriageway,0.0,Overtaking - nearside,1,Motorcycle 125cc and under,No,Did not impact,2005
200501TB00300,66 - 75,19.0,Urban area,3.0,1781.0,,,Other/Not known (2005-10),Approaching junction or waiting/parked at junction approach,VOLKSWAGEN,GOLF GL 1.8 AUTO,Petrol,Male,,No tow/articulation,Did not leave carriageway,0.0,Going ahead other,1,Car,No,Offside,2005
200501TB00319,46 - 55,5.0,Urban area,6.0,1298.0,,,Other/Not known (2005-10),Mid Junction - on roundabout or on main road,SUZUKI,JIMNY JLX AUTO,Petrol,Female,,No tow/articulation,Did not leave carriageway,0.0,Waiting to go - held up,1,Car,No,Did not impact,2005
200501TB00319,Data missing or out of range,16.0,Data missing or out of range,,1297.0,Central island of roundabout,,Other/Not known (2005-10),Mid Junction - on roundabout or on main road,FORD,ESCORT L 5SPD,Petrol,Male,Skidded,No tow/articulation,Did not leave carriageway,0.0,Overtaking static vehicle - offside,2,Car,No,Did not impact,2005
200501TB00325,21 - 25,4.0,Urban area,7.0,1199.0,,,Other/Not known (2005-10),Cleared junction or waiting/parked at junction exit,VAUXHALL,CORSA COMFORT 16V,Petrol,Female,,No tow/articulation,Did not leave carriageway,0.0,Going ahead other,1,Car,No,Offside,2005
200501TB00334,26 - 35,12.0,Data missing or out of range,,1389.0,,,Other/Not known (2005-10),Not at or within 20 metres of junction,VAUXHALL,ASTRA LS I,Petrol,Male,,No tow/articulation,Did not leave carriageway,0.0,Going ahead other,1,Car,No,Front,2005
200501TB00343,36 - 45,5.0,Urban area,6.0,14190.0,,,Journey as part of work,Cleared junction or waiting/parked at junction exit,SCANIA,,Heavy oil,Male,,Single trailer,Did not leave carriageway,0.0,Going ahead other,1,Goods 7.5 tonnes mgw and over,No,Front,2005
200501TB00360,Data missing or out of range,6.0,Data missing or out of range,,1275.0,Kerb,,Other/Not known (2005-10),Mid Junction - on roundabout or on main road,NISSAN,MICRA INSPIRATION 16V,Petrol,Male,Skidded,No tow/articulation,Nearside,0.0,Turning right,1,Car,No,Front,2005
200501TB09038,46 - 55,2.0,Urban area,7.0,1997.0,,,Other/Not known (2005-10),Mid Junction - on roundabout or on main road,PEUGEOT,406 S HDI(110),Heavy oil,Male,,No tow/articulation,Did not leave carriageway,0.0,Turning right,1,Car,No,Nearside,2005
200501TC00012,26 - 35,7.0,Urban area,1.0,1389.0,,,Other/Not known (2005-10),Cleared junction or waiting/parked at junction exit,VAUXHALL,CORSA BREEZE HI-TORQ,Petrol,Male,,No tow/articulation,Did not leave carriageway,0.0,Changing lane to right,1,Car,No,Did not impact,2005
200501TC00054,21 - 25,5.0,Urban area,3.0,5861.0,,,Journey as part of work,Not at or within 20 metres of junction,IVECO-FORD,,Heavy oil,Male,,No tow/articulation,Did not leave carriageway,0.0,Going ahead other,1,Goods 7.5 tonnes mgw and over,No,Did not impact,2005
200501TC00152,Data missing or out of range,11.0,Data missing or out of range,,1905.0,Parked vehicle,,Other/Not known (2005-10),Mid Junction - on roundabout or on main road,CITROEN,XANTIA SX TD,Heavy oil,Male,,No tow/articulation,Did not leave carriageway,0.0,Reversing,1,Car,No,Did not impact,2005
200501TC00210,36 - 45,1.0,Data missing or out of range,,2993.0,Parked vehicle,,Other/Not known (2005-10),Mid Junction - on roundabout or on main road,BMW,,Heavy oil,Male,,No tow/articulation,Did not leave carriageway,0.0,Turning left,1,Car,No,Did not impact,2005
200501TC00233,36 - 45,1.0,Urban area,4.0,4116.0,,,Journey as part of work,Mid Junction - on roundabout or on main road,RENAULT,,Heavy oil,Male,,No tow/articulation,Did not leave carriageway,0.0,Reversing,1,Goods 7.5 tonnes mgw and over,No,Did not impact,2005
200501TC00261,46 - 55,10.0,Urban area,5.0,1108.0,,,Other/Not known (2005-10),Not at or within 20 metres of junction,FIAT,PUNTO 55 SX,Petrol,Male,,No tow/articulation,Did not leave carriageway,0.0,Going ahead other,2,Car,No,Did not impact,2005
200501TC00284,Data missing or out of range,1.0,Data missing or out of range,,1596.0,,,Other/Not known (2005-10),Approaching junction or waiting/parked at junction approach,FORD,FOCUS FLIGHT,Petrol,Male,,No tow/articulation,Did not leave carriageway,0.0,Reversing,2,Car,No,Did not impact,2005
200501TC00297,Data missing or out of range,16.0,Data missing or out of range,,1597.0,,,Other/Not known (2005-10),Not at or within 20 metres of junction,FORD,SIERRA SAPPHIRE GL,Petrol,Not known,,No tow/articulation,Did not leave carriageway,0.0,Parked,3,Car,No,Did not impact,2005
200501TC00330,36 - 45,2.0,Urban area,10.0,955.0,,,Other/Not known (2005-10),Mid Junction - on roundabout or on main road,TRIUMPH,DAYTONA 955I SS,Petrol,Male,,No tow/articulation,Did not leave carriageway,0.0,Going ahead other,2,Motorcycle over 500cc,No,Front,2005
200501TC00412,36 - 45,4.0,Urban area,5.0,1998.0,,,Other/Not known (2005-10),Cleared junction or waiting/parked at junction exit,FORD,MONDEO LX TDDI,Heavy oil,Male,,No tow/articulation,Did not leave carriageway,0.0,Turning right,2,Car,No,Nearside,2005
200501TC00427,21 - 25,10.0,Data missing or out of range,,499.0,,,Other/Not known (2005-10),Approaching junction or waiting/parked at junction approach,HONDA,,Petrol,Female,,No tow/articulation,Did not leave carriageway,0.0,Overtaking static vehicle - offside,1,Motorcycle over 125cc and up to 500cc,No,Front,2005
200501TC00452,36 - 45,6.0,Data missing or out of range,,1795.0,,,Other/Not known (2005-10),Not at or within 20 metres of junction,LAND ROVER,FREELANDER XEI S-WAGON 50,Petrol,Male,,No tow/articulation,Did not leave carriageway,0.0,Going ahead other,1,Car,No,Nearside,2005
200501TC00467,26 - 35,8.0,Urban area,4.0,1781.0,,,Other/Not known (2005-10),Mid Junction - on roundabout or on main road,VOLKSWAGEN,PASSAT SPORT 20V AUTO,Petrol,Male,,No tow/articulation,Did not leave carriageway,0.0,Turning right,2,Car,No,Front,2005
200501TC09005,11 - 15,,Urban area,3.0,125.0,,,Other/Not known (2005-10),Mid Junction - on roundabout or on main road,HONDA,SES 125-4,Petrol,Male,,No tow/articulation,Did not leave carriageway,0.0,Going ahead other,1,Motorcycle 125cc and under,No,Front,2005
200501TD00029,21 - 25,17.0,Data missing or out of range,,1998.0,,,Other/Not known (2005-10),Mid Junction - on roundabout or on main road,MAZDA,626 GLX EXEC AUTO,Petrol,Male,,No tow/articulation,Did not leave carriageway,0.0,Going ahead other,2,Car,No,Did not impact,2005
200501TD00064,26 - 35,3.0,Urban area,10.0,1590.0,,,Other/Not known (2005-10),Mid Junction - on roundabout or on main road,HONDA,HR-V AUTO,Petrol,Male,,No tow/articulation,Did not leave carriageway,0.0,Going ahead other,1,Car,No,Did not impact,2005
200501TD00126,36 - 45,3.0,Urban area,1.0,7300.0,,,Journey as part of work,Cleared junction or waiting/parked at junction exit,VOLVO,,Heavy oil,Male,,No tow/articulation,Did not leave carriageway,0.0,Slowing or stopping,1,Bus or coach (17 or more pass seats),No,Did not impact,2005
200501TD00190,46 - 55,4.0,Urban area,2.0,1596.0,,,Other/Not known (2005-10),Approaching junction or waiting/parked at junction approach,FORD,FOCUS GHIA AUTO,Petrol,Male,,No tow/articulation,Did not leave carriageway,0.0,Going ahead other,2,Car,No,Did not impact,2005
200501TD00235,Data missing or out of range,16.0,Data missing or out of range,,1905.0,,,Other/Not known (2005-10),Approaching junction or waiting/parked at junction approach,PEUGEOT,405 GTX INJECTION AUTO,Petrol,Not known,,No tow/articulation,Did not leave carriageway,0.0,Parked,2,Car,No,Offside,2005
200501TD00267,46 - 55,8.0,Urban area,7.0,1799.0,,,Other/Not known (2005-10),Mid Junction - on roundabout or on main road,VAUXHALL,VECTRA GLS 16V,Petrol,Male,,No tow/articulation,Did not leave carriageway,0.0,Going ahead other,2,Car,No,Offside,2005
200501TE00033,26 - 35,3.0,Urban area,4.0,1598.0,,,Other/Not known (2005-10),Cleared junction or waiting/parked at junction exit,MINI,MINI COOPER AUTO,Petrol,Male,,No tow/articulation,Did not leave carriageway,0.0,Slowing or stopping,1,Car,No,Did not impact,2005
200501TE00227,36 - 45,7.0,Urban area,8.0,1995.0,,,Other/Not known (2005-10),Not at or within 20 metres of junction,MAZDA,323 ZXI V6,Petrol,Male,,No tow/articulation,Did not leave carriageway,0.0,Going ahead other,1,Car,No,Did not impact,2005
200501TE00242,21 - 25,,Urban area,5.0,,,,Other/Not known (2005-10),Mid Junction - on roundabout or on main road,VAUXHALL,ASTRAVAN ENVOY CDTI,,Male,Skidded,No tow/articulation,Did not leave carriageway,0.0,Going ahead other,1,Car,No,Did not impact,2005
200501TE00248,36 - 45,2.0,Urban area,9.0,1998.0,,,Other/Not known (2005-10),Mid Junction - on roundabout or on main road,HONDA,CIVIC TYPE-R,Petrol,Male,,No tow/articulation,Did not leave carriageway,0.0,Going ahead other,2,Car,No,Did not impact,2005
200501TE00278,46 - 55,2.0,Urban area,5.0,1399.0,,,Other/Not known (2005-10),Approaching junction or waiting/parked at junction approach,FORD,FIESTA FINESSE TDCI,Heavy oil,Male,,No tow/articulation,Did not leave carriageway,0.0,Waiting to go - held up,1,Car,No,Did not impact,2005
200501TE00280,26 - 35,8.0,Urban area,6.0,1108.0,,,Other/Not known (2005-10),Mid Junction - on roundabout or on main road,FIAT,PUNTO 55 SX,Petrol,Male,,No tow/articulation,Did not leave carriageway,0.0,Turning right,1,Car,No,Did not impact,2005
200501TE00294,16 - 20,3.0,Urban area,2.0,636.0,,,Other/Not known (2005-10),Approaching junction or waiting/parked at junction approach,KAWASAKI,,Petrol,Male,Skidded,No tow/articulation,Did not leave carriageway,0.0,Going ahead other,1,Motorcycle over 500cc,No,Did not impact,2005
200501TE00391,36 - 45,1.0,Urban area,9.0,998.0,,,Other/Not known (2005-10),Mid Junction - on roundabout or on main road,HONDA,CBR 1000 RR-4,Petrol,Male,,No tow/articulation,Did not leave carriageway,0.0,Going ahead other,1,Motorcycle over 500cc,No,Nearside,2005
200501TE00426,36 - 45,5.0,Urban area,5.0,1997.0,,,Other/Not known (2005-10),Not at or within 20 metres of junction,PEUGEOT,306 MERIDIAN HDI (90),Heavy oil,Male,,No tow/articulation,Did not leave carriageway,0.0,Going ahead other,1,Car,No,Front,2005
200501TE00428,16 - 20,10.0,Urban area,9.0,1590.0,Kerb,Bus stop or bus shelter,Other/Not known (2005-10),Not at or within 20 metres of junction,ROVER,416 SLI 16V TOURER,Petrol,Male,Skidded,No tow/articulation,Nearside,0.0,Going ahead other,1,Car,No,Nearside,2005
200501TW60025,36 - 45,4.0,Urban area,7.0,1124.0,Kerb,Other permanent object,Other/Not known (2005-10),Mid Junction - on roundabout or on main road,CITROEN,SAXO FORTE,Petrol,Female,,No tow/articulation,Nearside,0.0,Going ahead other,1,Car,No,Front,2005
200501TW60042,Data missing or out of range,3.0,Data missing or out of range,,5883.0,,,Journey as part of work,Approaching junction or waiting/parked at junction approach,DENNIS,,Heavy oil,Male,,No tow/articulation,Did not leave carriageway,0.0,Slowing or stopping,1,Bus or coach (17 or more pass seats),No,Front,2005
200501TW60049,56 - 65,6.0,Data missing or out of range,,1994.0,,,Other/Not known (2005-10),Approaching junction or waiting/parked at junction approach,ROVER,420I L D,Heavy oil,Male,,No tow/articulation,Did not leave carriageway,0.0,U-turn,1,Car,No,Front,2005
200501TW60055,26 - 35,8.0,Urban area,7.0,1598.0,,,Other/Not known (2005-10),Mid Junction - on roundabout or on main road,VAUXHALL,ASTRA ARCTIC 8V,Petrol,Female,,No tow/articulation,Did not leave carriageway,0.0,Waiting to go - held up,1,Car,No,Back,2005
200501TW60082,66 - 75,15.0,Urban area,5.0,1781.0,,,Other/Not known (2005-10),Mid Junction - on roundabout or on main road,AUDI,80 S,Petrol,Male,Skidded,No tow/articulation,Did not leave carriageway,0.0,Waiting to go - held up,1,Car,No,Front,2005
200501TW60121,21 - 25,10.0,Data missing or out of range,,1990.0,Kerb,Other permanent object,Other/Not known (2005-10),Not at or within 20 metres of junction,MITSUBISHI,,Petrol,Male,Skidded and overturned,No tow/articulation,Offside,0.0,Going ahead other,1,Car,No,Nearside,2005
200501TW60124,36 - 45,5.0,Urban area,8.0,3500.0,,,Other/Not known (2005-10),Not at or within 20 metres of junction,DENNIS,,Heavy oil,Male,,No tow/articulation,Did not leave carriageway,0.0,Slowing or stopping,1,Bus or coach (17 or more pass seats),No,Front,2005
200501TW60144,Data missing or out of range,11.0,Data missing or out of range,,1794.0,,,Other/Not known (2005-10),Not at or within 20 metres of junction,VOLVO,440 LI,Petrol,Male,,No tow/articulation,Did not leave carriageway,0.0,Going ahead other,1,Car,No,Front,2005
200501TW60197,26 - 35,3.0,Urban area,9.0,1796.0,,,Other/Not known (2005-10),Mid Junction - on roundabout or on main road,BMW,316TI COMPACT,Petrol,Female,,No tow/articulation,Did not leave carriageway,0.0,Changing lane to left,1,Car,No,Nearside,2005
200501TW60243,21 - 25,,Urban area,6.0,499.0,,,Other/Not known (2005-10),Approaching junction or waiting/parked at junction approach,HONDA,CBF 500 A-4,Petrol,Male,,No tow/articulation,Did not leave carriageway,0.0,Waiting to go - held up,1,Motorcycle over 125cc and up to 500cc,No,Nearside,2005
200501TW60277,26 - 35,3.0,Urban area,5.0,1422.0,,,Other/Not known (2005-10),Mid Junction - on roundabout or on main road,VOLKSWAGEN,POLO S TDI,Heavy oil,Female,,No tow/articulation,Did not leave carriageway,0.0,Parked,1,Car,No,Offside,2005
200501TW60281,26 - 35,2.0,Data missing or out of range,,2926.0,,,Other/Not known (2005-10),Not at or within 20 metres of junction,BMW,X5 D SPORT AUTO,Heavy oil,Female,,No tow/articulation,Did not leave carriageway,0.0,Waiting to turn right,2,Car,No,Back,2005
200501TW60308,Data missing or out of range,2.0,Data missing or out of range,,3900.0,,,Journey as part of work,Not at or within 20 metres of junction,DENNIS,,Heavy oil,Not known,,No tow/articulation,Did not leave carriageway,0.0,Going ahead other,1,Bus or coach (17 or more pass seats),No,Nearside,2005
200501TW60317,36 - 45,8.0,Urban area,6.0,2544.0,,,Other/Not known (2005-10),Mid Junction - on roundabout or on main road,FORD,MONDEO GHIA X AUTO,Petrol,Female,,No tow/articulation,Did not leave carriageway,0.0,Waiting to go - held up,2,Car,No,Back,2005
200501TW60341,Data missing or out of range,6.0,Data missing or out of range,,,,,Journey as part of work,Not at or within 20 metres of junction,DENNIS,,Heavy oil,Not known,,No tow/articulation,Did not leave carriageway,0.0,Going ahead other,1,Bus or coach (17 or more pass seats),No,Back,2005
200501TW60397,26 - 35,3.0,Urban area,5.0,1398.0,Kerb,,Other/Not known (2005-10),Not at or within 20 metres of junction,TOYOTA,COROLLA T2 VVTI,Petrol,Male,Overturned,No tow/articulation,Did not leave carriageway,0.0,Going ahead other,1,Car,No,Offside,2005
200501TW60398,36 - 45,,Urban area,5.0,,,,Other/Not known (2005-10),Mid Junction - on roundabout or on main road,VAUXHALL,VIVARO 2700 DI SWB,,Male,,No tow/articulation,Did not leave carriageway,0.0,Turning right,1,Car,No,Front,2005
200501TW60424,36 - 45,1.0,Urban area,8.0,998.0,,,Other/Not known (2005-10),Mid Junction - on roundabout or on main road,YAMAHA,YZF R1 04,Petrol,Male,,No tow/articulation,Did not leave carriageway,0.0,Turning right,1,Motorcycle over 500cc,No,Offside,2005
200501TW60441,26 - 35,,Urban area,6.0,102.0,,,Other/Not known (2005-10),Mid Junction - on roundabout or on main road,HONDA,SCV100F-E,Petrol,Female,,No tow/articulation,Did not leave carriageway,0.0,Going ahead other,1,Motorcycle 125cc and under,No,Front,2005
200501TW60458,36 - 45,8.0,Urban area,8.0,1753.0,,,Other/Not known (2005-10),Not at or within 20 metres of junction,FORD,FIESTA ENCORE DIESEL,Heavy oil,Male,,No tow/articulation,Did not leave carriageway,0.0,Going ahead other,1,Car,No,Front,2005
200501TX00047,Data missing or out of range,8.0,Urban area,5.0,487.0,,,Other/Not known (2005-10),Mid Junction - on roundabout or on main road,SUZUKI,GS 500 EW,Petrol,Male,,No tow/articulation,Did not leave carriageway,0.0,Going ahead other,1,Motorcycle over 125cc and up to 500cc,No,Did not impact,2005
200501TX20002,26 - 35,2.0,Data missing or out of range,,1388.0,Bollard or refuge,Other permanent object,Other/Not known (2005-10),Not at or within 20 metres of junction,FORD,FUSION 1 16V,Petrol,Male,,No tow/articulation,Nearside,0.0,Going ahead other,1,Car,No,Front,2005
200501TX20010,46 - 55,1.0,Urban area,8.0,2000.0,,,Other/Not known (2005-10),Mid Junction - on roundabout or on main road,SAAB,9-3 AERO 210 BHP S-A,Petrol,Male,,No tow/articulation,Did not leave carriageway,0.0,Going ahead other,1,Car,No,Front,2005
200501TX20042,26 - 35,,Urban area,6.0,,,,Other/Not known (2005-10),Approaching junction or waiting/parked at junction approach,VAUXHALL,ASTRAVAN ENVOY CDTI,,Male,,No tow/articulation,Did not leave carriageway,0.0,Waiting to go - held up,1,Car,No,Back,2005
200501TX20097,26 - 35,,Urban area,4.0,,,,Other/Not known (2005-10),Approaching junction or waiting/parked at junction approach,NISSAN,CABSTAR E95 SWB,,Male,,No tow/articulation,Did not leave carriageway,0.0,U-turn,1,Car,No,Offside,2005
200501TX20103,36 - 45,4.0,Urban area,4.0,2151.0,,,Other/Not known (2005-10),Mid Junction - on roundabout or on main road,MERCEDES,E220 CDI CLASSIC AUTO,Heavy oil,Male,,No tow/articulation,Did not leave carriageway,0.0,Going ahead other,2,Car,No,Front,2005
200501TX20111,56 - 65,8.0,Urban area,5.0,1998.0,,,Other/Not known (2005-10),Mid Junction - on roundabout or on main road,VAUXHALL,VECTRA GLS 16V,Petrol,Male,,No tow/articulation,Did not leave carriageway,0.0,Waiting to go - held up,1,Car,No,Back,2005
200501TX20174,36 - 45,12.0,Urban area,3.0,999.0,,,Other/Not known (2005-10),Approaching junction or waiting/parked at junction approach,FIAT,PANDA 1000 CLX IE,Petrol,Male,,No tow/articulation,Did not leave carriageway,0.0,Waiting to go - held up,1,Car,No,Back,2005