Accident_Index,Age_Band_of_Driver,Age_of_Vehicle,Driver_Home_Area_Type,Driver_IMD_Decile,Engine_Capacity_.CC.,Hit_Object_in_Carriageway,Hit_Object_off_Carriageway,Journey_Purpose_of_Driver,Junction_Location,make,model,Propulsion_Code,Sex_of_Driver,Skidding_and_Overturning,Towing_and_Articulation,Vehicle_Leaving_Carriageway,Vehicle_Location.Restricted_Lane,Vehicle_Manoeuvre,Vehicle_Reference,Vehicle_Type,Was_Vehicle_Left_Hand_Drive,X1st_Point_of_Impact,Year
200501XD80465,26 - 35,6.0,Urban area,3.0,1289.0,,,Other/Not known (2005-10),Approaching junction or waiting/parked at junction approach,SKODA,FELICIA L,Petrol,Female,,No tow/articulation,Nearside,0.0,Going ahead other,1,Car,No,Nearside,2005
200501XD80526,16 - 20,12.0,Urban area,2.0,954.0,,,Other/Not known (2005-10),Not at or within 20 metres of junction,PEUGEOT,106 KEY LARGO,Petrol,Female,,No tow/articulation,Did not leave carriageway,0.0,Changing lane to right,1,Car,No,Back,2005
200501XD80527,Data missing or out of range,15.0,Urban area,1.0,1324.0,,,Other/Not known (2005-10),Mid Junction - on roundabout or on main road,MAZDA,323 SE,Petrol,Female,,No tow/articulation,Did not leave carriageway,0.0,Going ahead other,2,Car,No,Back,2005
200501XD80538,Data missing or out of range,1.0,Data missing or out of range,,1975.0,,,Other/Not known (2005-10),Not at or within 20 metres of junction,HYUNDAI,TRAJET SE,Petrol,Not known,,No tow/articulation,Did not leave carriageway,0.0,Waiting to go - held up,3,Car,No,Nearside,2005
200501XD80618,Data missing or out of range,6.0,Data missing or out of range,,1598.0,,,Other/Not known (2005-10),Approaching junction or waiting/parked at junction approach,VAUXHALL,ASTRA ENVOY 8V,Petrol,Not known,,No tow/articulation,Did not leave carriageway,0.0,Going ahead other,2,Car,No,Front,2005
200501XD80641,Data missing or out of range,12.0,Data missing or out of range,,1997.0,,,Other/Not known (2005-10),Not at or within 20 metres of junction,NISSAN,,Petrol,Male,,No tow/articulation,Did not leave carriageway,0.0,Going ahead other,2,Car,No,Front,2005
200501XD80666,Data missing or out of range,1.0,Data missing or out of range,,2656.0,,,Other/Not known (2005-10),Mid Junction - on roundabout or on main road,HYUNDAI,SANTA FE V6 AUTO,Petrol,Male,,No tow/articulation,Did not leave carriageway,0.0,U-turn,1,Car,No,Offside,2005
200501XD80671,Data missing or out of range,1.0,Data missing or out of range,,599.0,,,Other/Not known (2005-10),Not at or within 20 metres of junction,HONDA,CBR 600 F-3,Petrol,Male,,No tow/articulation,Did not leave carriageway,0.0,Going ahead other,2,Motorcycle over 500cc,No,Offside,2005
200501XD80673,26 - 35,,Data missing or out of range,,,,,Journey as part of work,Mid Junction - on roundabout or on main road,SEDDON/ATKINSON,,,Male,,No tow/articulation,Did not leave carriageway,0.0,Going ahead other,2,Goods 7.5 tonnes mgw and over,No,Offside,2005
200501XD80704,26 - 35,,Urban area,6.0,,,,Other/Not known (2005-10),Not at or within 20 metres of junction,FODEN,,,Male,,No tow/articulation,Did not leave carriageway,0.0,Going ahead other,3,Car,No,Front,2005
200501XD80731,26 - 35,4.0,Urban area,2.0,1998.0,,,Other/Not known (2005-10),Mid Junction - on roundabout or on main road,MERCEDES,C200 KOMP.CLASSIC AUTO,Gas/Bi-fuel,Male,,No tow/articulation,Did not leave carriageway,0.0,Turning left,1,Car,No,Front,2005
200501XD80770,46 - 55,7.0,Urban area,3.0,1834.0,,,Other/Not known (2005-10),Not at or within 20 metres of junction,MITSUBISHI,CARISMA GLXI,Petrol,Male,,No tow/articulation,Did not leave carriageway,0.0,Going ahead other,1,Car,No,Front,2005
200501XD80775,Data missing or out of range,4.0,Urban area,5.0,1794.0,,,Other/Not known (2005-10),Mid Junction - on roundabout or on main road,TOYOTA,AVENSIS GLS VVT-I,Petrol,Male,,No tow/articulation,Did not leave carriageway,0.0,Turning right,2,Car,No,Nearside,2005
200501XD80791,26 - 35,3.0,Urban area,,1299.0,,,Other/Not known (2005-10),Mid Junction - on roundabout or on main road,FORD,KA LUXURY,Petrol,Female,,No tow/articulation,Did not leave carriageway,0.0,Turning right,1,Car,No,Nearside,2005
200501XD80795,Data missing or out of range,3.0,Data missing or out of range,,1360.0,,,Other/Not known (2005-10),Mid Junction - on roundabout or on main road,PEUGEOT,206 LX AUTO,Petrol,Female,,No tow/articulation,Did not leave carriageway,0.0,Turning right,2,Car,No,Front,2005
200501XD80806,36 - 45,3.0,Urban area,4.0,998.0,,,Other/Not known (2005-10),Mid Junction - on roundabout or on main road,NISSAN,MICRA S AUTO,Petrol,Female,,No tow/articulation,Did not leave carriageway,0.0,Going ahead other,1,Car,No,Back,2005
200501XD80816,36 - 45,2.0,Urban area,5.0,2402.0,,,Other/Not known (2005-10),Mid Junction - on roundabout or on main road,FORD,TRANSIT 350 LWB TD,Heavy oil,Male,,No tow/articulation,Did not leave carriageway,0.0,Going ahead other,1,Van / Goods 3.5 tonnes mgw or under,No,Nearside,2005
200501XD80858,Data missing or out of range,16.0,Data missing or out of range,,998.0,,,Other/Not known (2005-10),Cleared junction or waiting/parked at junction exit,AUSTIN,METRO CITY,Petrol,Male,,No tow/articulation,Did not leave carriageway,0.0,Going ahead other,2,Car,No,Front,2005
200501XD80931,26 - 35,,Urban area,6.0,865.0,,,Other/Not known (2005-10),Approaching junction or waiting/parked at junction approach,TRIUMPH,THRUXTON,Petrol,Male,,No tow/articulation,Did not leave carriageway,0.0,Going ahead other,1,Motorcycle over 500cc,No,Nearside,2005
200501XD80947,26 - 35,8.0,Urban area,3.0,1396.0,Parked vehicle,,Other/Not known (2005-10),Not at or within 20 metres of junction,ROVER,114 SLI AUTO,Petrol,Female,,No tow/articulation,Did not leave carriageway,6.0,Moving off,1,Car,No,Front,2005
200501XD81001,26 - 35,1.0,Urban area,3.0,1390.0,,,Commuting to/from work,Entering main road,VOLKSWAGEN,POLO TWIST AUTO,Petrol,Male,,No tow/articulation,Did not leave carriageway,0.0,Turning left,1,Car,No,Front,2005
200501XD81033,26 - 35,,Urban area,4.0,,,,Other/Not known (2005-10),Approaching junction or waiting/parked at junction approach,HONDA,XL 125 V-5,,Male,,No tow/articulation,Did not leave carriageway,0.0,Turning right,1,Car,No,Front,2005
200501XD81076,36 - 45,13.0,Urban area,1.0,1389.0,,,Other/Not known (2005-10),Approaching junction or waiting/parked at junction approach,VAUXHALL,ASTRA LS I,Petrol,Female,,No tow/articulation,Did not leave carriageway,0.0,Slowing or stopping,2,Car,No,Back,2005
200501XD81101,Data missing or out of range,2.0,Data missing or out of range,,1984.0,,,Other/Not known (2005-10),Mid Junction - on roundabout or on main road,AUDI,A4 FSI SE,Petrol,Male,,No tow/articulation,Did not leave carriageway,0.0,Turning left,1,Car,No,Back,2005
200501XD89104,Data missing or out of range,12.0,Urban area,4.0,2500.0,,,Other/Not known (2005-10),Approaching junction or waiting/parked at junction approach,TOYOTA,,Heavy oil,Male,,No tow/articulation,Did not leave carriageway,0.0,Going ahead other,2,Car,No,Front,2005
200501XD89114,36 - 45,1.0,Urban area,10.0,2148.0,,,Other/Not known (2005-10),Mid Junction - on roundabout or on main road,MERCEDES,VITO 109 CDI LONG,Heavy oil,Male,,No tow/articulation,Did not leave carriageway,0.0,Turning right,1,Van / Goods 3.5 tonnes mgw or under,No,Front,2005
200501XH00006,46 - 55,5.0,Small town,10.0,1998.0,,,Other/Not known (2005-10),Not at or within 20 metres of junction,MERCEDES,E200 ELEGANCE A,Petrol,Male,,No tow/articulation,Did not leave carriageway,0.0,Waiting to turn left,1,Car,No,Back,2005
200501XH00046,26 - 35,11.0,Urban area,5.0,1488.0,,,Other/Not known (2005-10),Mid Junction - on roundabout or on main road,VAUXHALL,CORSA GLS TD,Heavy oil,Female,,No tow/articulation,Did not leave carriageway,0.0,Going ahead other,1,Car,No,Back,2005
200501XH30017,66 - 75,2.0,Data missing or out of range,,1998.0,,,Other/Not known (2005-10),Leaving roundabout,TOYOTA,AVENSIS T SPIRIT SEMI-AUTO,Petrol,Male,,No tow/articulation,Did not leave carriageway,0.0,Turning right,1,Car,No,Front,2005
200501XH30018,21 - 25,,Urban area,10.0,,,,Other/Not known (2005-10),Cleared junction or waiting/parked at junction exit,FORD,TRAN CONNECT L 200 TD SWB,,Male,,No tow/articulation,Did not leave carriageway,0.0,Turning right,1,Car,No,Offside,2005
200501XH30040,Over 75,11.0,Urban area,3.0,1171.0,,,Other/Not known (2005-10),Mid Junction - on roundabout or on main road,RENAULT,CLIO RL CAMPUS,Petrol,Male,,No tow/articulation,Did not leave carriageway,0.0,Going ahead other,1,Car,No,Front,2005
200501XH30091,Data missing or out of range,3.0,Urban area,5.0,1124.0,,,Other/Not known (2005-10),Mid Junction - on roundabout or on main road,PEUGEOT,206 LOOK,Petrol,Male,,No tow/articulation,Did not leave carriageway,0.0,Going ahead other,2,Car,No,Offside,2005
200501XH30131,26 - 35,2.0,Urban area,3.0,8268.0,,,Journey as part of work,Not at or within 20 metres of junction,DENNIS,,Heavy oil,Male,,No tow/articulation,Did not leave carriageway,0.0,Going ahead other,1,Bus or coach (17 or more pass seats),No,Front,2005
200501XH30134,36 - 45,6.0,Small town,10.0,2461.0,,,Other/Not known (2005-10),Mid Junction - on roundabout or on main road,VOLKSWAGEN,LT 35 TDI MWB,Heavy oil,Male,,No tow/articulation,Did not leave carriageway,0.0,Going ahead other,2,Van / Goods 3.5 tonnes mgw or under,No,Offside,2005
200501XH30196,Data missing or out of range,4.0,Data missing or out of range,,1794.0,,,Other/Not known (2005-10),Mid Junction - on roundabout or on main road,TOYOTA,AVENSIS CDX VVT-I,Petrol,Male,,No tow/articulation,Did not leave carriageway,0.0,Going ahead other,2,Car,No,Front,2005
200501XH30198,66 - 75,2.0,Data missing or out of range,,1298.0,Central island of roundabout,Near/Offside crash barrier,Other/Not known (2005-10),Approaching junction or waiting/parked at junction approach,SUZUKI,WAGON R+ S-LIMITED,Petrol,Female,,No tow/articulation,Nearside,2.0,Going ahead other,1,Car,No,Front,2005
200501XH30232,Data missing or out of range,,Urban area,3.0,,,,Other/Not known (2005-10),Not at or within 20 metres of junction,DAF TRUCKS,FT CF85.430,,Male,,No tow/articulation,Did not leave carriageway,0.0,Going ahead other,2,Car,No,Front,2005
200501XH30244,26 - 35,1.0,Urban area,4.0,9000.0,,,Other/Not known (2005-10),Not at or within 20 metres of junction,SCANIA,,Heavy oil,Male,,No tow/articulation,Did not leave carriageway,0.0,Going ahead other,1,Bus or coach (17 or more pass seats),No,Did not impact,2005
200501XH30305,21 - 25,5.0,Urban area,,1796.0,,,Other/Not known (2005-10),Not at or within 20 metres of junction,FORD,MONDEO VERONA,Petrol,Male,,No tow/articulation,Did not leave carriageway,0.0,Going ahead other,1,Car,No,Front,2005
200501XH30344,Data missing or out of range,6.0,Data missing or out of range,,1598.0,,,Other/Not known (2005-10),Not at or within 20 metres of junction,RENAULT,MEGANE RT AUTO,Petrol,Male,,No tow/articulation,Did not leave carriageway,0.0,Parked,2,Car,No,Front,2005
200501XH30386,36 - 45,,Urban area,3.0,1868.0,,,Other/Not known (2005-10),Not at or within 20 metres of junction,CITROEN,BERLINGO 800D LX,Heavy oil,Male,,No tow/articulation,Did not leave carriageway,0.0,Turning right,1,Van / Goods 3.5 tonnes mgw or under,No,Offside,2005
200501XH30398,56 - 65,2.0,Data missing or out of range,,2402.0,,,Other/Not known (2005-10),Cleared junction or waiting/parked at junction exit,LONDON TAXIS INT,TXII SILVER AUTO,Heavy oil,Male,,No tow/articulation,Did not leave carriageway,0.0,Going ahead other,1,Taxi/Private hire car,No,Nearside,2005
200501XH30403,Data missing or out of range,6.0,Urban area,3.0,1598.0,,,Other/Not known (2005-10),Mid Junction - on roundabout or on main road,RENAULT,MEGANE SPORT ALIZE AUTO,Petrol,Female,,No tow/articulation,Did not leave carriageway,0.0,Turning right,1,Car,No,Nearside,2005
200501XH30404,Data missing or out of range,1.0,Data missing or out of range,,1870.0,,,Other/Not known (2005-10),Approaching junction or waiting/parked at junction approach,VAUXHALL,VIVARO 2700 DTI SWB,Heavy oil,Male,,No tow/articulation,Did not leave carriageway,0.0,Going ahead other,2,Van / Goods 3.5 tonnes mgw or under,No,Front,2005
200501XH30429,16 - 20,5.0,Urban area,2.0,2499.0,,Lamp post,Other/Not known (2005-10),Cleared junction or waiting/parked at junction exit,RENAULT,MASTER T33 2.5D SWB,Heavy oil,Male,,No tow/articulation,Nearside,0.0,Going ahead other,1,Van / Goods 3.5 tonnes mgw or under,No,Offside,2005
200501XH30444,46 - 55,8.0,Urban area,4.0,1799.0,,,Other/Not known (2005-10),Mid Junction - on roundabout or on main road,MERCEDES,C180 ESPRIT,Petrol,Male,,No tow/articulation,Did not leave carriageway,0.0,Going ahead other,1,Car,No,Nearside,2005
200501XH30453,Over 75,2.0,Data missing or out of range,,1240.0,,,Other/Not known (2005-10),Leaving roundabout,NISSAN,MICRA SE AUTO,Petrol,Male,,No tow/articulation,Did not leave carriageway,0.0,Turning left,1,Car,No,Front,2005
200501XH30469,16 - 20,10.0,Urban area,5.0,1108.0,,,Other/Not known (2005-10),Mid Junction - on roundabout or on main road,FIAT,PUNTO 55 SX,Petrol,Female,,No tow/articulation,Did not leave carriageway,0.0,Going ahead other,2,Car,No,Nearside,2005
200501XH30470,36 - 45,12.0,Urban area,8.0,125.0,,,Journey as part of work,Mid Junction - on roundabout or on main road,CAGIVA,,Petrol,Male,,No tow/articulation,Did not leave carriageway,0.0,Going ahead other,1,Motorcycle 125cc and under,No,Front,2005
200501XH30556,26 - 35,5.0,Small town,4.0,7685.0,,,Journey as part of work,Approaching junction or waiting/parked at junction approach,IVECO-FORD,,Heavy oil,Male,,No tow/articulation,Did not leave carriageway,0.0,Turning left,1,Goods 7.5 tonnes mgw and over,No,Front,2005
200501XH30556,36 - 45,1.0,Urban area,9.0,1997.0,,,Other/Not known (2005-10),Approaching junction or waiting/parked at junction approach,PEUGEOT,307 CC,Petrol,Male,,No tow/articulation,Did not leave carriageway,0.0,Waiting to turn left,3,Car,No,Back,2005
200501XH30586,26 - 35,5.0,Urban area,3.0,,,,Journey as part of work,Not at or within 20 metres of junction,DENNIS,,Heavy oil,Male,,No tow/articulation,Did not leave carriageway,0.0,Going ahead other,1,Bus or coach (17 or more pass seats),No,Did not impact,2005
200501XH30590,66 - 75,3.0,Urban area,9.0,1896.0,,,Other/Not known (2005-10),Not at or within 20 metres of junction,FORD,GALAXY LX TDI,Heavy oil,Male,,No tow/articulation,Did not leave carriageway,0.0,Going ahead other,2,Car,No,Front,2005
200501XH30620,46 - 55,4.0,Rural,9.0,2295.0,,,Other/Not known (2005-10),Approaching junction or waiting/parked at junction approach,MERCEDES,CLK230 AVANTGARDE KOMP A,Petrol,Female,,No tow/articulation,Did not leave carriageway,0.0,Slowing or stopping,1,Car,No,Back,2005
200501XH30666,26 - 35,,Urban area,10.0,,,,Other/Not known (2005-10),Mid Junction - on roundabout or on main road,VOLKSWAGEN,CADDY C20 TDI 104,,Male,,No tow/articulation,Did not leave carriageway,0.0,Going ahead other,3,Car,No,Nearside,2005
200501XH30670,36 - 45,8.0,Urban area,1.0,1849.0,,,Other/Not known (2005-10),Mid Junction - on roundabout or on main road,HONDA,ACCORD 1.8I,Petrol,Male,,No tow/articulation,Did not leave carriageway,0.0,Going ahead other,1,Car,No,Offside,2005
200501XH30690,26 - 35,,Urban area,3.0,124.0,,,Other/Not known (2005-10),Leaving roundabout,PIAGGIO,ZIP 125,Petrol,Female,,No tow/articulation,Did not leave carriageway,0.0,Going ahead other,1,Motorcycle 125cc and under,No,Offside,2005
200501XH30692,46 - 55,,Urban area,3.0,,,,Other/Not known (2005-10),Mid Junction - on roundabout or on main road,VOLVO,,,Male,,No tow/articulation,Did not leave carriageway,0.0,Going ahead other,1,Car,No,Nearside,2005
200501XH30742,26 - 35,8.0,Urban area,10.0,1149.0,,,Other/Not known (2005-10),Not at or within 20 metres of junction,RENAULT,CLIO RL PANACHE 1.2,Petrol,Male,,No tow/articulation,Did not leave carriageway,0.0,Going ahead other,1,Car,No,Front,2005
200501XH30744,26 - 35,9.0,Data missing or out of range,,2180.0,,,Other/Not known (2005-10),Approaching junction or waiting/parked at junction approach,TOYOTA,,Heavy oil,Male,Skidded,No tow/articulation,Did not leave carriageway,0.0,Going ahead other,2,Car,No,Front,2005
200501XH30755,26 - 35,7.0,Urban area,4.0,998.0,,,Other/Not known (2005-10),Mid Junction - on roundabout or on main road,NISSAN,MICRA TWISTER,Petrol,Female,,No tow/articulation,Did not leave carriageway,0.0,Going ahead other,1,Car,No,Offside,2005
200501XH30768,21 - 25,,Urban area,,125.0,,,Other/Not known (2005-10),Mid Junction - on roundabout or on main road,HONDA,SES 125-4,Petrol,Male,,No tow/articulation,Did not leave carriageway,0.0,Overtaking moving vehicle - offside,1,Motorcycle 125cc and under,No,Nearside,2005
200501XH30780,16 - 20,1.0,Urban area,5.0,1600.0,,,Other/Not known (2005-10),Approaching junction or waiting/parked at junction approach,VOLKSWAGEN,GOLF FSI SE,Petrol,Male,,No tow/articulation,Did not leave carriageway,0.0,Turning right,2,Car,No,Did not impact,2005
200501XH30812,26 - 35,,Urban area,4.0,,,,Other/Not known (2005-10),Cleared junction or waiting/parked at junction exit,NISSAN,PATHFINDER SVE DCI 174,,Male,,No tow/articulation,Did not leave carriageway,0.0,Going ahead other,1,Motorcycle over 500cc,No,Did not impact,2005
200501XH30832,Data missing or out of range,1.0,Data missing or out of range,,1796.0,,,Other/Not known (2005-10),Mid Junction - on roundabout or on main road,FORD,TRAN CONNECT L200 BI-FUEL,Gas/Bi-fuel,Male,,No tow/articulation,Did not leave carriageway,0.0,Turning right,1,Van / Goods 3.5 tonnes mgw or under,No,Back,2005
200501XH30832,Data missing or out of range,15.0,Data missing or out of range,,1796.0,,,Other/Not known (2005-10),Mid Junction - on roundabout or on main road,BMW,518 I,Petrol,Not known,,No tow/articulation,Did not leave carriageway,0.0,Going ahead other,2,Car,No,Front,2005
200501XS00069,46 - 55,18.0,Urban area,6.0,2316.0,,,Other/Not known (2005-10),Not at or within 20 metres of junction,VOLVO,740 GLE AUTO,Petrol,Male,,No tow/articulation,Did not leave carriageway,0.0,Going ahead other,1,Car,No,Back,2005
200501YE80093,16 - 20,8.0,Data missing or out of range,,1195.0,,,Other/Not known (2005-10),Mid Junction - on roundabout or on main road,VAUXHALL,CORSA MERIT 1.2,Petrol,Male,,No tow/articulation,Did not leave carriageway,0.0,Going ahead other,1,Car,No,Offside,2005
200501YE80108,36 - 45,1.0,Data missing or out of range,,1896.0,,,Other/Not known (2005-10),Not at or within 20 metres of junction,VOLKSWAGEN,TOURAN S TDI,Heavy oil,Female,,No tow/articulation,Did not leave carriageway,0.0,Parked,2,Car,No,Back,2005
200501YE80135,36 - 45,4.0,Urban area,8.0,1348.0,,,Other/Not known (2005-10),Mid Junction - on roundabout or on main road,NISSAN,MICRA SE+,Petrol,Male,,No tow/articulation,Did not leave carriageway,0.0,Parked,3,Car,No,Front,2005
200501YE80166,Data missing or out of range,9.0,Data missing or out of range,,1998.0,,,Other/Not known (2005-10),Mid Junction - on roundabout or on main road,TOYOTA,,Petrol,Male,,No tow/articulation,Did not leave carriageway,0.0,Turning right,2,Car,No,Front,2005
200501YE80168,46 - 55,16.0,Data missing or out of range,,1589.0,,,Other/Not known (2005-10),Mid Junction - on roundabout or on main road,TOYOTA,CARINA GL AUTO,Petrol,Female,,No tow/articulation,Did not leave carriageway,0.0,Turning left,1,Car,No,Offside,2005
200501YE80229,46 - 55,9.0,Urban area,6.0,1996.0,,,Other/Not known (2005-10),Not at or within 20 metres of junction,MERCEDES,C200 ELEGANCE AUTO,Petrol,Male,,No tow/articulation,Did not leave carriageway,0.0,Going ahead other,1,Car,No,Back,2005
200501YE80255,21 - 25,1.0,Urban area,2.0,1299.0,,,Other/Not known (2005-10),Approaching junction or waiting/parked at junction approach,TOYOTA,YARIS T SPIRIT AUTO,Petrol,Female,,No tow/articulation,Did not leave carriageway,0.0,Going ahead other,1,Car,No,Offside,2005
200501YE80270,36 - 45,3.0,Urban area,6.0,2979.0,,,Other/Not known (2005-10),Not at or within 20 metres of junction,BMW,330 CI SPORT AUTO,Petrol,Male,,No tow/articulation,Did not leave carriageway,0.0,Parked,1,Car,No,Front,2005
200501YE80270,Data missing or out of range,7.0,Urban area,4.0,3301.0,,,Other/Not known (2005-10),Not at or within 20 metres of junction,CHRYSLER,GRAND VOYAGER LE AUTO,Petrol,Female,,No tow/articulation,Did not leave carriageway,0.0,Reversing,2,Car,No,Back,2005
200501YE80366,46 - 55,6.0,Urban area,7.0,1598.0,,,Other/Not known (2005-10),Mid Junction - on roundabout or on main road,RENAULT,CLIO RN AUTO,Petrol,Female,,No tow/articulation,Did not leave carriageway,0.0,Going ahead other,3,Car,No,Back,2005
200501YE80412,36 - 45,10.0,Data missing or out of range,,1905.0,,Near/Offside crash barrier,Other/Not known (2005-10),Not at or within 20 metres of junction,CITROEN,ZX MEMPHIS TD,Heavy oil,Female,,No tow/articulation,Nearside,0.0,Going ahead other,2,Car,No,Offside,2005
200501YE80418,46 - 55,1.0,Urban area,8.0,1560.0,,,Other/Not known (2005-10),Leaving main road,PEUGEOT,307 SW SE HDI,Heavy oil,Male,,No tow/articulation,Did not leave carriageway,0.0,Turning right,1,Car,No,Offside,2005
200501YE80482,Data missing or out of range,,Data missing or out of range,,,,,Other/Not known (2005-10),Mid Junction - on roundabout or on main road,FORD,FIESTA COURIER DIESEL,,Male,,No tow/articulation,Did not leave carriageway,0.0,Turning right,2,Car,No,Front,2005
200501YE80484,36 - 45,3.0,Urban area,5.0,1870.0,,,Other/Not known (2005-10),Approaching junction or waiting/parked at junction approach,RENAULT,MEGANE SCENIC DYNAM DCI,Heavy oil,Female,,No tow/articulation,Did not leave carriageway,0.0,Waiting to go - held up,1,Car,No,Back,2005
200501YE80560,Data missing or out of range,,Data missing or out of range,,,,,Other/Not known (2005-10),Not at or within 20 metres of junction,NISSAN,CABSTAR 34.10 SWB,,Not known,,No tow/articulation,Did not leave carriageway,0.0,Going ahead other,1,Goods over 3.5t. and under 7.5t,No,Front,2005
200501YE80572,Data missing or out of range,3.0,Urban area,8.0,1596.0,,,Other/Not known (2005-10),Approaching junction or waiting/parked at junction approach,FORD,,Petrol,Female,,No tow/articulation,Did not leave carriageway,0.0,Waiting to go - held up,4,Car,No,Back,2005
200501YE80581,Data missing or out of range,5.0,Data missing or out of range,,599.0,,,Other/Not known (2005-10),Approaching junction or waiting/parked at junction approach,MCC,SMART PURE SEMI-AUTO(LHD),Petrol,Male,,No tow/articulation,Did not leave carriageway,0.0,Going ahead other,2,Car,No,Front,2005
200501YE80622,26 - 35,1.0,Urban area,5.0,11967.0,,,Other/Not known (2005-10),Not at or within 20 metres of junction,MERCEDES,,Heavy oil,Male,,No tow/articulation,Did not leave carriageway,0.0,Overtaking moving vehicle - offside,1,Goods 7.5 tonnes mgw and over,No,Front,2005
200501YE80667,Data missing or out of range,2.0,Data missing or out of range,,8268.0,,,Other/Not known (2005-10),Not at or within 20 metres of junction,DENNIS,,Heavy oil,Male,,No tow/articulation,Did not leave carriageway,0.0,Going ahead other,1,Bus or coach (17 or more pass seats),No,Did not impact,2005
200501YE80672,56 - 65,4.0,Urban area,3.0,1598.0,,,Other/Not known (2005-10),Mid Junction - on roundabout or on main road,RENAULT,MEGANE SCENIC EXPRESSION+,Petrol,Female,,No tow/articulation,Did not leave carriageway,0.0,Going ahead other,1,Car,No,Back,2005
200501YE80697,Data missing or out of range,5.0,Data missing or out of range,,1997.0,,,Other/Not known (2005-10),Mid Junction - on roundabout or on main road,PEUGEOT,406 LX HDI (90),Heavy oil,Male,,No tow/articulation,Did not leave carriageway,0.0,Turning right,2,Car,No,Nearside,2005
200501YE80834,46 - 55,,Small town,1.0,,,,Other/Not known (2005-10),Not at or within 20 metres of junction,VOLVO,,,Male,,No tow/articulation,Did not leave carriageway,0.0,Waiting to go - held up,1,Car,No,Back,2005
200501YE80836,26 - 35,6.0,Urban area,2.0,1796.0,,,Other/Not known (2005-10),Mid Junction - on roundabout or on main road,MG,MGF 75TH ANNIVERSARY,Petrol,Male,,No tow/articulation,Did not leave carriageway,0.0,Turning right,1,Car,No,Nearside,2005
200501YE80841,26 - 35,10.0,Urban area,4.0,899.0,,,Other/Not known (2005-10),Not at or within 20 metres of junction,KAWASAKI,,Petrol,Male,,No tow/articulation,Did not leave carriageway,0.0,Going ahead other,2,Motorcycle over 500cc,No,Back,2005
200501YE80910,36 - 45,1.0,Urban area,10.0,2993.0,,,Other/Not known (2005-10),Not at or within 20 metres of junction,BMW,330D SPORT AUTO,Heavy oil,Female,,No tow/articulation,Did not leave carriageway,0.0,Going ahead other,1,Car,No,Back,2005
200501YE80941,16 - 20,9.0,Urban area,4.0,954.0,,,Other/Not known (2005-10),Not at or within 20 metres of junction,PEUGEOT,106 ESCAPADE,Petrol,Male,,No tow/articulation,Did not leave carriageway,0.0,Going ahead other,1,Car,No,Back,2005
200501YE80954,Data missing or out of range,6.0,Urban area,2.0,3230.0,,,Other/Not known (2005-10),Leaving roundabout,BMW,,Petrol,Male,,No tow/articulation,Did not leave carriageway,0.0,Going ahead other,2,Car,No,Front,2005
200501YE81037,46 - 55,8.0,Urban area,9.0,1910.0,,,Other/Not known (2005-10),Approaching junction or waiting/parked at junction approach,FIAT,MAREA TD75 SX WEEKEND,Heavy oil,Male,,No tow/articulation,Did not leave carriageway,0.0,Waiting to go - held up,1,Car,No,Back,2005
200501YE81066,Data missing or out of range,9.0,Urban area,1.0,1596.0,,,Other/Not known (2005-10),Not at or within 20 metres of junction,BMW,316 I AUTO,Petrol,Female,,No tow/articulation,Did not leave carriageway,0.0,Slowing or stopping,2,Car,No,Front,2005
200501YE81071,26 - 35,8.0,Data missing or out of range,,1590.0,,,Other/Not known (2005-10),Approaching junction or waiting/parked at junction approach,HONDA,CIVIC 1.6I LS,Petrol,Female,,No tow/articulation,Did not leave carriageway,0.0,Turning right,2,Car,No,Nearside,2005
200501YE81083,26 - 35,3.0,Urban area,4.0,1796.0,,,Other/Not known (2005-10),Mid Junction - on roundabout or on main road,TOYOTA,CELICA T SPORT VVTLI,Petrol,Female,,No tow/articulation,Did not leave carriageway,0.0,Turning left,2,Car,No,Offside,2005
200501YE81103,Data missing or out of range,10.0,Data missing or out of range,,1587.0,,,Other/Not known (2005-10),Cleared junction or waiting/parked at junction exit,TOYOTA,CARINA E SOLAIR AIR CON,Petrol,Male,,No tow/articulation,Did not leave carriageway,0.0,U-turn,2,Car,No,Back,2005
200501YR90040,26 - 35,4.0,Urban area,2.0,5883.0,,,Other/Not known (2005-10),Leaving roundabout,DENNIS,,Heavy oil,Male,,No tow/articulation,Did not leave carriageway,0.0,Going ahead other,1,Bus or coach (17 or more pass seats),No,Nearside,2005
200501YR90096,46 - 55,5.0,Data missing or out of range,,998.0,,,Other/Not known (2005-10),Approaching junction or waiting/parked at junction approach,NISSAN,MICRA PROFILE 16V,Petrol,Female,,No tow/articulation,Offside on to central reservation,0.0,Turning right,2,Car,No,Back,2005
200501YR90110,21 - 25,1.0,Data missing or out of range,,49.0,,,Other/Not known (2005-10),Mid Junction - on roundabout or on main road,TAIWAN GOLDEN BEE,DELIVERY,Petrol,Male,,No tow/articulation,Did not leave carriageway,0.0,Overtaking moving vehicle - offside,1,Motorcycle 50cc and under,No,Nearside,2005
200501YR90110,26 - 35,1.0,Data missing or out of range,,1124.0,,,Other/Not known (2005-10),Mid Junction - on roundabout or on main road,PEUGEOT,206 FEVER,Petrol,Male,,No tow/articulation,Did not leave carriageway,0.0,Turning right,2,Car,No,Offside,2005
200501YR90132,Data missing or out of range,5.0,Urban area,4.0,1997.0,,,Other/Not known (2005-10),Mid Junction - on roundabout or on main road,PEUGEOT,406 GLX HDI(110),Heavy oil,Male,,No tow/articulation,Did not leave carriageway,0.0,Reversing,2,Car,No,Back,2005
200501YR90160,36 - 45,4.0,Data missing or out of range,,1299.0,,,Other/Not known (2005-10),Mid Junction - on roundabout or on main road,FORD,FIESTA FUN,Petrol,Male,,No tow/articulation,Did not leave carriageway,0.0,Going ahead other,1,Car,No,Front,2005