Accident_Index,Age_Band_of_Driver,Age_of_Vehicle,Driver_Home_Area_Type,Driver_IMD_Decile,Engine_Capacity_.CC.,Hit_Object_in_Carriageway,Hit_Object_off_Carriageway,Journey_Purpose_of_Driver,Junction_Location,make,model,Propulsion_Code,Sex_of_Driver,Skidding_and_Overturning,Towing_and_Articulation,Vehicle_Leaving_Carriageway,Vehicle_Location.Restricted_Lane,Vehicle_Manoeuvre,Vehicle_Reference,Vehicle_Type,Was_Vehicle_Left_Hand_Drive,X1st_Point_of_Impact,Year
200504FL05085,46 - 55,2.0,Urban area,3.0,1995.0,,,Other/Not known (2005-10),Mid Junction - on roundabout or on main road,TOYOTA,AVENSIS T4 D-4D,Heavy oil,Male,,No tow/articulation,Did not leave carriageway,0.0,Going ahead other,2,Car,No,Offside,2005
200504FL05089,36 - 45,2.0,Small town,9.0,11967.0,,,Journey as part of work,Not at or within 20 metres of junction,MAN,,Heavy oil,Male,,No tow/articulation,Did not leave carriageway,0.0,Going ahead other,2,Goods 7.5 tonnes mgw and over,No,Offside,2005
200504FL05120,56 - 65,1.0,Urban area,3.0,2497.0,,,Commuting to/from work,Not at or within 20 metres of junction,BMW,525D SE AUTO,Heavy oil,Male,Skidded,No tow/articulation,Did not leave carriageway,0.0,Slowing or stopping,1,Car,No,Front,2005
200504TA05028,26 - 35,4.0,Small town,9.0,1124.0,,,Commuting to/from work,Not at or within 20 metres of junction,PEUGEOT,106 XN ZEST 2,Petrol,Female,Skidded,No tow/articulation,Did not leave carriageway,0.0,Going ahead other,2,Car,No,Nearside,2005
200504TA05049,46 - 55,,Small town,9.0,4116.0,,,Journey as part of work,Not at or within 20 metres of junction,RENAULT,,Heavy oil,Male,,No tow/articulation,Did not leave carriageway,0.0,Going ahead other,1,Goods over 3.5t. and under 7.5t,No,Front,2005
200504TA05049,46 - 55,7.0,Urban area,2.0,12600.0,,,Journey as part of work,Not at or within 20 metres of junction,LEYLAND DAF,FTG 85CF 340,Heavy oil,Male,,No tow/articulation,Did not leave carriageway,0.0,Going ahead other,2,Goods 7.5 tonnes mgw and over,No,Back,2005
200504TA05074,36 - 45,4.0,Urban area,8.0,1896.0,Kerb,,Journey as part of work,Not at or within 20 metres of junction,AUDI,A3 TDI,Heavy oil,Female,Skidded,No tow/articulation,Did not leave carriageway,0.0,Going ahead other,3,Car,No,Back,2005
200504TA05074,Data missing or out of range,2.0,Urban area,,1598.0,Kerb,Central crash barrier,Journey as part of work,Not at or within 20 metres of junction,VAUXHALL,ASTRA ENVOY 8V,Petrol,Female,Skidded,No tow/articulation,Offside on to central reservation,0.0,Going ahead other,7,Car,No,Offside,2005
200504TA05104,16 - 20,16.0,Urban area,7.0,400.0,,,Other/Not known (2005-10),Not at or within 20 metres of junction,HONDA,,Petrol,Male,,No tow/articulation,Did not leave carriageway,0.0,Going ahead other,1,Motorcycle over 125cc and up to 500cc,No,Front,2005
200504TA05104,16 - 20,2.0,Urban area,9.0,1242.0,,,Other/Not known (2005-10),Not at or within 20 metres of junction,FIAT,PUNTO ACTIVE SPORT,Petrol,Female,,No tow/articulation,Did not leave carriageway,0.0,Going ahead other,2,Car,No,Front,2005
200504TA05107,36 - 45,,Small town,7.0,,,,Journey as part of work,Approaching junction or waiting/parked at junction approach,FORD,TRAN CONNECT 200 D SWB,,Male,,No tow/articulation,Did not leave carriageway,0.0,Going ahead other,2,Car,No,Nearside,2005
200504TA05115,56 - 65,,Urban area,5.0,15607.0,,,Journey as part of work,Not at or within 20 metres of junction,SCANIA,,Heavy oil,Male,Skidded,Articulated vehicle,Did not leave carriageway,0.0,Slowing or stopping,2,Goods 7.5 tonnes mgw and over,No,Back,2005
200504TA05115,56 - 65,3.0,Rural,,2499.0,,,Other/Not known (2005-10),Not at or within 20 metres of junction,ISUZU,,Heavy oil,Male,,No tow/articulation,Did not leave carriageway,0.0,Waiting to go - held up,3,Van / Goods 3.5 tonnes mgw or under,No,Back,2005
200504TA05115,26 - 35,2.0,Data missing or out of range,,12130.0,,,Journey as part of work,Not at or within 20 metres of junction,VOLVO,,Heavy oil,Male,,Articulated vehicle,Did not leave carriageway,0.0,Waiting to go - held up,4,Goods 7.5 tonnes mgw and over,No,Back,2005
200504TA05124,36 - 45,3.0,Urban area,8.0,1497.0,,,Commuting to/from work,Not at or within 20 metres of junction,NISSAN,ALMERA TWISTER,Petrol,Female,Skidded,No tow/articulation,Did not leave carriageway,0.0,Going ahead other,2,Car,No,Front,2005
200504TA05137,36 - 45,4.0,Urban area,2.0,1997.0,,,Commuting to/from work,Not at or within 20 metres of junction,CITROEN,XSARA LX HDI,Heavy oil,Male,,No tow/articulation,Did not leave carriageway,0.0,Slowing or stopping,5,Car,No,Back,2005
200504TA05141,26 - 35,3.0,Small town,7.0,1999.0,,,Other/Not known (2005-10),Not at or within 20 metres of junction,VOLKSWAGEN,PASSAT S 20V,Petrol,Male,,No tow/articulation,Did not leave carriageway,0.0,Waiting to go - held up,2,Car,No,Offside,2005
200504TA05148,46 - 55,2.0,Urban area,10.0,2685.0,,,Journey as part of work,Not at or within 20 metres of junction,MERCEDES,CLK270 CDI ELEGANCE A,Heavy oil,Male,,No tow/articulation,Did not leave carriageway,0.0,Slowing or stopping,4,Car,No,Back,2005
200505AA02009,46 - 55,8.0,Urban area,6.0,1994.0,,,Other/Not known (2005-10),Approaching junction or waiting/parked at junction approach,ROVER,420 D TURBO,Heavy oil,Male,,No tow/articulation,Did not leave carriageway,0.0,Waiting to turn right,1,Car,No,Did not impact,2005
200505AA02225,66 - 75,11.0,Urban area,2.0,1120.0,,,Other/Not known (2005-10),Approaching junction or waiting/parked at junction approach,ROVER,METRO RIO,Petrol,Female,,No tow/articulation,Did not leave carriageway,0.0,Going ahead other,1,Car,No,Nearside,2005
200505AA02299,26 - 35,,Urban area,5.0,,,,Other/Not known (2005-10),Approaching junction or waiting/parked at junction approach,SUZUKI,GSX R600 K1,,Male,,No tow/articulation,Did not leave carriageway,0.0,Going ahead other,2,Car,No,Nearside,2005
200505AA02634,46 - 55,8.0,Urban area,,1498.0,,,Other/Not known (2005-10),Mid Junction - on roundabout or on main road,DAEWOO,NEXIA GLXI AUTO,Petrol,Male,,No tow/articulation,Did not leave carriageway,0.0,Waiting to go - held up,1,Car,No,Back,2005
200505AA02634,26 - 35,2.0,Data missing or out of range,,2400.0,,,Other/Not known (2005-10),Mid Junction - on roundabout or on main road,FORD,,Heavy oil,Male,,No tow/articulation,Did not leave carriageway,0.0,Slowing or stopping,2,Van / Goods 3.5 tonnes mgw or under,No,Front,2005
200505AA02675,Data missing or out of range,12.0,Data missing or out of range,,1597.0,,,Other/Not known (2005-10),Cleared junction or waiting/parked at junction exit,FORD,SIERRA SAPPHIRE AZURA I,Petrol,Not known,,No tow/articulation,Did not leave carriageway,0.0,Parked,3,Car,No,Back,2005
200505AA02890,21 - 25,6.0,Urban area,9.0,1242.0,,Tree,Other/Not known (2005-10),Not at or within 20 metres of junction,FIAT,PUNTO SX 60,Petrol,Male,,No tow/articulation,Nearside and rebounded,0.0,Going ahead left-hand bend,1,Car,No,Front,2005
200505AA02969,36 - 45,5.0,Urban area,1.0,2402.0,,,Journey as part of work,Mid Junction - on roundabout or on main road,FORD,TRANSIT 350 LWB TD,Heavy oil,Male,,No tow/articulation,Did not leave carriageway,0.0,Going ahead other,2,Van / Goods 3.5 tonnes mgw or under,No,Offside,2005
200505AA03238,46 - 55,3.0,Urban area,1.0,1124.0,,,Other/Not known (2005-10),Approaching junction or waiting/parked at junction approach,PEUGEOT,206 LOOK,Petrol,Female,,No tow/articulation,Did not leave carriageway,0.0,Waiting to go - held up,2,Car,No,Front,2005
200505AA03238,Data missing or out of range,,Data missing or out of range,,4701.0,,,Other/Not known (2005-10),Approaching junction or waiting/parked at junction approach,JEEP,GRD CHEROKEE PLNM V8 HO A,Petrol,Male,,No tow/articulation,Did not leave carriageway,0.0,Waiting to go - held up,3,Car,No,Back,2005
200505AA03967,46 - 55,4.0,Urban area,8.0,2495.0,,,Other/Not known (2005-10),Not at or within 20 metres of junction,LAND ROVER,DISCOVERY TD5 GS AUTO,Heavy oil,Male,,No tow/articulation,Did not leave carriageway,0.0,Going ahead other,1,Car,No,Front,2005
200505AA04445,46 - 55,4.0,Urban area,3.0,1598.0,,Other permanent object,Other/Not known (2005-10),Approaching junction or waiting/parked at junction approach,TOYOTA,COROLLA VVTI S AUTO,Petrol,Male,Skidded,No tow/articulation,Offside,0.0,Going ahead other,2,Car,No,Front,2005
200505AW00071,56 - 65,4.0,Urban area,8.0,1595.0,,,Journey as part of work,Mid Junction - on roundabout or on main road,VOLKSWAGEN,,Petrol,Male,,No tow/articulation,Did not leave carriageway,0.0,Turning right,1,Car,No,Front,2005
200505AW00091,16 - 20,10.0,Data missing or out of range,,1343.0,,,Other/Not known (2005-10),Not at or within 20 metres of junction,HONDA,CIVIC MARLIN,Petrol,Male,,No tow/articulation,Did not leave carriageway,0.0,Overtaking - nearside,2,Car,No,Nearside,2005
200505AW00170,21 - 25,12.0,Urban area,1.0,1389.0,,,Other/Not known (2005-10),Approaching junction or waiting/parked at junction approach,VAUXHALL,ASTRA LSI,Petrol,Female,,No tow/articulation,Did not leave carriageway,0.0,Slowing or stopping,1,Car,No,Did not impact,2005
200505AW00181,36 - 45,1.0,Data missing or out of range,,1997.0,,,Commuting to/from work,Not at or within 20 metres of junction,PEUGEOT,307 CC,Petrol,Female,,No tow/articulation,Did not leave carriageway,0.0,Going ahead other,2,Car,No,Back,2005
200505AW00263,36 - 45,1.0,Urban area,9.0,1686.0,,,Other/Not known (2005-10),Approaching junction or waiting/parked at junction approach,VAUXHALL,MERIVA ENJOY CDTI,Heavy oil,Female,,No tow/articulation,Did not leave carriageway,0.0,Slowing or stopping,1,Car,No,Back,2005
200505AW00340,16 - 20,9.0,Urban area,6.0,1124.0,,,Other/Not known (2005-10),Approaching junction or waiting/parked at junction approach,PEUGEOT,106 ESCAPADE,Petrol,Male,Skidded,No tow/articulation,Did not leave carriageway,0.0,Going ahead other,1,Car,No,Front,2005
200505AW00346,Data missing or out of range,6.0,Urban area,3.0,1995.0,,,Journey as part of work,Approaching junction or waiting/parked at junction approach,VAUXHALL,VECTRA TOURER DTI,Heavy oil,Male,,No tow/articulation,Did not leave carriageway,0.0,Waiting to turn right,1,Taxi/Private hire car,No,Back,2005
200505AW00476,16 - 20,8.0,Data missing or out of range,,899.0,,,Other/Not known (2005-10),Cleared junction or waiting/parked at junction exit,FIAT,CINQUECENTO S,Petrol,Female,,No tow/articulation,Did not leave carriageway,0.0,Turning right,2,Car,No,Front,2005
200505AW00575,Data missing or out of range,9.0,Data missing or out of range,,1753.0,,,Other/Not known (2005-10),Approaching junction or waiting/parked at junction approach,FORD,ESCORT L D,Heavy oil,Not known,Skidded,No tow/articulation,Did not leave carriageway,0.0,Going ahead other,1,Car,No,Front,2005
200505AW00606,36 - 45,11.0,Urban area,10.0,1043.0,,,Other/Not known (2005-10),Mid Junction - on roundabout or on main road,VOLKSWAGEN,POLO PARADE COUPE,Petrol,Male,,No tow/articulation,Did not leave carriageway,0.0,Overtaking moving vehicle - offside,2,Car,No,Nearside,2005
200505AW00637,46 - 55,3.0,Urban area,2.0,1988.0,,,Other/Not known (2005-10),Cleared junction or waiting/parked at junction exit,FORD,FOCUS ST170,Petrol,Male,,No tow/articulation,Did not leave carriageway,0.0,Going ahead other,1,Car,No,Back,2005
200505AW00685,21 - 25,8.0,Data missing or out of range,,1998.0,,,Other/Not known (2005-10),Not at or within 20 metres of junction,RENAULT,LAGUNA EXECUTIVE AUTO,Petrol,Male,,No tow/articulation,Did not leave carriageway,0.0,Going ahead other,2,Car,No,Front,2005
200505AW00699,36 - 45,11.0,Data missing or out of range,,1905.0,,,Other/Not known (2005-10),Not at or within 20 metres of junction,CITROEN,XANTIA LX D,Heavy oil,Male,,No tow/articulation,Did not leave carriageway,0.0,Going ahead other,1,Car,No,Front,2005
200505AW00699,21 - 25,9.0,Urban area,3.0,9600.0,,,Journey as part of work,Not at or within 20 metres of junction,VOLVO,,Heavy oil,Male,,No tow/articulation,Did not leave carriageway,0.0,Going ahead other,2,Bus or coach (17 or more pass seats),No,Nearside,2005
200505AW00890,56 - 65,2.0,Urban area,3.0,1686.0,,,Journey as part of work,Approaching junction or waiting/parked at junction approach,VAUXHALL,COMBO 1700 DI,Heavy oil,Male,,No tow/articulation,Did not leave carriageway,0.0,Waiting to go - held up,4,Van / Goods 3.5 tonnes mgw or under,No,Back,2005
200505AW00984,36 - 45,4.0,Urban area,10.0,2926.0,,,Other/Not known (2005-10),Not at or within 20 metres of junction,BMW,330 D SE TOURING AUTO,Heavy oil,Female,,No tow/articulation,Did not leave carriageway,0.0,Going ahead other,2,Car,No,Back,2005
200505AW01072,46 - 55,10.0,Urban area,7.0,5900.0,,,Journey as part of work,Mid Junction - on roundabout or on main road,DENNIS,,Heavy oil,Male,,No tow/articulation,Did not leave carriageway,0.0,Turning right,1,Bus or coach (17 or more pass seats),No,Nearside,2005
200505AW01115,16 - 20,,Urban area,9.0,1229.0,,Near/Offside crash barrier,Other/Not known (2005-10),Approaching junction or waiting/parked at junction approach,VAUXHALL,CORSA SXI TWINPORT,Petrol,Male,Skidded,No tow/articulation,Did not leave carriageway,0.0,Slowing or stopping,1,Car,No,Front,2005
200505AW01115,36 - 45,12.0,Urban area,7.0,954.0,,,Other/Not known (2005-10),Approaching junction or waiting/parked at junction approach,CITROEN,AX JIVE,Petrol,Male,,No tow/articulation,Did not leave carriageway,0.0,Waiting to go - held up,2,Car,No,Back,2005
200505AW01122,36 - 45,,Data missing or out of range,,1986.0,,,Other/Not known (2005-10),Not at or within 20 metres of junction,AUDI,A4 SE TDI,Heavy oil,Male,,No tow/articulation,Did not leave carriageway,0.0,Parked,1,Car,No,Back,2005
200505AW01180,26 - 35,3.0,Urban area,5.0,1840.0,Kerb,Other permanent object,Other/Not known (2005-10),Not at or within 20 metres of junction,MAZDA,MX-5 S-VT SPORT,Petrol,Male,Skidded,No tow/articulation,Offside and rebounded,0.0,Going ahead other,1,Car,No,Nearside,2005
200505AW01309,Data missing or out of range,,Data missing or out of range,,1242.0,,,Other/Not known (2005-10),Entering main road,FIAT,PANDA DYNAMIC,Petrol,Female,,No tow/articulation,Did not leave carriageway,0.0,Moving off,1,Car,No,Offside,2005
200505AW01400,56 - 65,7.0,Urban area,5.0,1389.0,,,Other/Not known (2005-10),Approaching junction or waiting/parked at junction approach,VAUXHALL,CORSA GLS 1.4I,Petrol,Female,,No tow/articulation,Did not leave carriageway,0.0,Going ahead other,1,Car,No,Front,2005
200505AW01400,36 - 45,,Urban area,1.0,1086.0,,,Other/Not known (2005-10),Approaching junction or waiting/parked at junction approach,KIA,PICANTO LX,Petrol,Female,,No tow/articulation,Did not leave carriageway,0.0,Waiting to go - held up,2,Car,No,Back,2005
200505AW01557,21 - 25,2.0,Urban area,7.0,998.0,,,Other/Not known (2005-10),Approaching junction or waiting/parked at junction approach,VAUXHALL,CORSA ACTIVE TWINPORT,Petrol,Female,,No tow/articulation,Did not leave carriageway,0.0,Reversing,1,Car,No,Offside,2005
200505AW01568,46 - 55,1.0,Urban area,,1240.0,,,Other/Not known (2005-10),Cleared junction or waiting/parked at junction exit,NISSAN,MICRA S AUTO,Petrol,Female,,No tow/articulation,Did not leave carriageway,0.0,Waiting to turn right,1,Car,No,Did not impact,2005
200505AW02370,16 - 20,13.0,Urban area,4.0,998.0,,,Other/Not known (2005-10),Approaching junction or waiting/parked at junction approach,ROVER,MINI 1000 CITY E,Petrol,Male,,No tow/articulation,Did not leave carriageway,0.0,Slowing or stopping,2,Car,No,Back,2005
200505BB02396,16 - 20,2.0,Data missing or out of range,,50.0,,,Other/Not known (2005-10),Approaching junction or waiting/parked at junction approach,APRILIA,,Petrol,Male,,No tow/articulation,Did not leave carriageway,0.0,Overtaking moving vehicle - offside,2,Motorcycle 50cc and under,No,Nearside,2005
200505BB02489,36 - 45,7.0,Urban area,3.0,9600.0,,,Other/Not known (2005-10),Not at or within 20 metres of junction,VOLVO,,Heavy oil,Male,,No tow/articulation,Did not leave carriageway,8.0,Going ahead other,1,Bus or coach (17 or more pass seats),No,Did not impact,2005
200505BB02620,36 - 45,1.0,Urban area,5.0,1997.0,,,Commuting to/from work,Entering roundabout,PEUGEOT,,Petrol,Female,,No tow/articulation,Did not leave carriageway,0.0,Waiting to go - held up,1,Car,No,Back,2005
200505BB03520,26 - 35,,Urban area,3.0,2000.0,,,Other/Not known (2005-10),Approaching junction or waiting/parked at junction approach,VOLKSWAGEN,GOLF GTI AUTO,Petrol,Male,,No tow/articulation,Did not leave carriageway,0.0,Going ahead other,3,Car,No,Offside,2005
200505BB03946,21 - 25,,Data missing or out of range,,,,,Journey as part of work,Approaching junction or waiting/parked at junction approach,LINCOLN,,,Male,,No tow/articulation,Did not leave carriageway,0.0,Slowing or stopping,1,Taxi/Private hire car,No,Front,2005
200505BS00568,21 - 25,5.0,Urban area,2.0,1242.0,,,Commuting to/from work,Approaching junction or waiting/parked at junction approach,FIAT,PUNTO ELX 8V,Petrol,Female,,No tow/articulation,Did not leave carriageway,0.0,Slowing or stopping,2,Car,No,Front,2005
200505BS00663,Over 75,9.0,Urban area,2.0,1998.0,,,Other/Not known (2005-10),Mid Junction - on roundabout or on main road,FORD,SCORPIO ULTIMA 16V AUTO,Petrol,Male,,No tow/articulation,Did not leave carriageway,0.0,Waiting to go - held up,2,Car,No,Back,2005
200505BS00692,56 - 65,7.0,Data missing or out of range,,2664.0,,,Journey as part of work,Not at or within 20 metres of junction,LONDON TAXIS INT,TX1 BRONZE,Heavy oil,Male,,No tow/articulation,Did not leave carriageway,0.0,Going ahead other,1,Taxi/Private hire car,No,Did not impact,2005
200505BS00711,21 - 25,17.0,Urban area,2.0,,,,Taking pupil to/from school,Not at or within 20 metres of junction,LEYLAND,,Heavy oil,Male,Skidded,No tow/articulation,Did not leave carriageway,0.0,Slowing or stopping,1,Bus or coach (17 or more pass seats),No,Did not impact,2005
200505BS00713,36 - 45,7.0,Rural,4.0,1994.0,,,Journey as part of work,Approaching junction or waiting/parked at junction approach,ROVER,220 DI TURBO,Heavy oil,Male,,No tow/articulation,Did not leave carriageway,0.0,Going ahead other,2,Car,No,Front,2005
200505BS00746,66 - 75,5.0,Data missing or out of range,,1597.0,,,Other/Not known (2005-10),Not at or within 20 metres of junction,NISSAN,PRIMERA 1.6E,Petrol,Female,,No tow/articulation,Did not leave carriageway,0.0,Waiting to go - held up,2,Car,No,Front,2005
200505BS00746,36 - 45,9.0,Urban area,1.0,4185.0,,,Other/Not known (2005-10),Not at or within 20 metres of junction,TVR,CERBERA,Petrol,Male,,No tow/articulation,Did not leave carriageway,0.0,Waiting to go - held up,3,Car,No,Back,2005
200505BS00846,Data missing or out of range,6.0,Urban area,1.0,1997.0,,,Other/Not known (2005-10),Approaching junction or waiting/parked at junction approach,PEUGEOT,406 LX HDI(90),Heavy oil,Male,,No tow/articulation,Did not leave carriageway,0.0,Going ahead other,2,Taxi/Private hire car,No,Did not impact,2005
200505BS00896,36 - 45,7.0,Data missing or out of range,,1948.0,,,Other/Not known (2005-10),Mid Junction - on roundabout or on main road,RENAULT,LAGUNA EXECUTIVE,Petrol,Male,,No tow/articulation,Did not leave carriageway,0.0,Going ahead other,1,Car,No,Front,2005
200505BS00896,36 - 45,2.0,Urban area,3.0,1598.0,,,Other/Not known (2005-10),Mid Junction - on roundabout or on main road,VAUXHALL,ASTRA ACTIVE,Petrol,Male,,No tow/articulation,Did not leave carriageway,0.0,Going ahead other,2,Car,No,Nearside,2005
200505BS01062,46 - 55,2.0,Data missing or out of range,,1839.0,,,Journey as part of work,Approaching junction or waiting/parked at junction approach,MAZDA,MX-5 S-VT SPORT,Petrol,Female,,No tow/articulation,Did not leave carriageway,0.0,Going ahead other,1,Car,No,Front,2005
200505BS01098,36 - 45,,Data missing or out of range,,,,,Other/Not known (2005-10),Leaving roundabout,JOHN DEERE,,,Female,,No tow/articulation,Did not leave carriageway,0.0,Turning left,2,Motorcycle 50cc and under,No,Back,2005
200505BS01178,56 - 65,6.0,Data missing or out of range,,3248.0,,,Other/Not known (2005-10),Approaching junction or waiting/parked at junction approach,JAGUAR,XJ SPORT V8 AUTO,Petrol,Male,,No tow/articulation,Did not leave carriageway,0.0,Going ahead other,1,Car,No,Front,2005
200505BS01206,46 - 55,5.0,Urban area,8.0,1124.0,,,Other/Not known (2005-10),Mid Junction - on roundabout or on main road,CITROEN,SAXO FORTE,Petrol,Female,,No tow/articulation,Did not leave carriageway,0.0,Waiting to turn right,2,Car,No,Front,2005
200505BS01257,36 - 45,7.0,Urban area,6.0,1392.0,,,Other/Not known (2005-10),Approaching junction or waiting/parked at junction approach,NISSAN,ALMERA PREMIUM,Petrol,Female,,No tow/articulation,Did not leave carriageway,0.0,Going ahead other,2,Car,No,Offside,2005
200505BS01298,36 - 45,2.0,Rural,7.0,2902.0,,,Journey as part of work,Entering main road,KIA,SEDONA L AUTO,Heavy oil,Male,,No tow/articulation,Did not leave carriageway,0.0,Turning right,1,Car,No,Front,2005
200505BS01357,36 - 45,1.0,Urban area,1.0,1137.0,,,Journey as part of work,Mid Junction - on roundabout or on main road,HONDA,CBR 1100 X-4,Petrol,Male,,No tow/articulation,Did not leave carriageway,0.0,Going ahead other,1,Motorcycle over 500cc,No,Did not impact,2005
200505BS01435,26 - 35,6.0,Urban area,2.0,1799.0,,,Commuting to/from work,Approaching junction or waiting/parked at junction approach,VAUXHALL,VECTRA ARCTIC 16V,Petrol,Female,,No tow/articulation,Did not leave carriageway,0.0,U-turn,1,Car,No,Offside,2005
200505CC01953,36 - 45,,Urban area,2.0,1910.0,,,Other/Not known (2005-10),Mid Junction - on roundabout or on main road,VAUXHALL,VECTRA SRI CDTI,Heavy oil,Female,,No tow/articulation,Did not leave carriageway,0.0,Going ahead other,2,Car,No,Nearside,2005
200505CC02071,26 - 35,,Urban area,1.0,,,,Journey as part of work,Not at or within 20 metres of junction,HYUNDAI,H100 TURBO STD LWB,,Male,,No tow/articulation,Did not leave carriageway,0.0,Going ahead other,1,Car,No,Front,2005
200505CC02846,56 - 65,1.0,Urban area,9.0,1910.0,,,Journey as part of work,Not at or within 20 metres of junction,VAUXHALL,VECTRA ENERGY CDTI,Heavy oil,Male,Skidded,No tow/articulation,Did not leave carriageway,0.0,Going ahead other,2,Car,No,Front,2005
200505CC03031,36 - 45,2.0,Urban area,9.0,1149.0,,,Journey as part of work,Approaching junction or waiting/parked at junction approach,RENAULT,CLIO DYNAMIQUE 16V,Petrol,Female,,No tow/articulation,Did not leave carriageway,0.0,Going ahead other,2,Car,No,Front,2005
200505CC03752,21 - 25,3.0,Data missing or out of range,,1998.0,,,Journey as part of work,Not at or within 20 metres of junction,FORD,MONDEO LX TDDI,Heavy oil,Female,,No tow/articulation,Did not leave carriageway,9.0,Going ahead other,1,Car,No,Front,2005
200505CC03926,26 - 35,4.0,Urban area,5.0,1896.0,,,Other/Not known (2005-10),Approaching junction or waiting/parked at junction approach,VOLKSWAGEN,BORA SPORT TDI,Heavy oil,Male,,No tow/articulation,Did not leave carriageway,0.0,Waiting to go - held up,1,Car,No,Back,2005
200505CC05796,Data missing or out of range,,Urban area,3.0,1390.0,,,Other/Not known (2005-10),Not at or within 20 metres of junction,SEAT,IBIZA REFERENCE,Petrol,Female,,No tow/articulation,Did not leave carriageway,0.0,Going ahead other,2,Car,No,Front,2005
200505CH00049,36 - 45,3.0,Urban area,6.0,1596.0,,,Commuting to/from work,Approaching junction or waiting/parked at junction approach,FIAT,STILO 16V DYNAMIC,Petrol,Female,,No tow/articulation,Did not leave carriageway,0.0,Going ahead other,2,Car,No,Front,2005
200505CH00086,46 - 55,8.0,Urban area,5.0,1597.0,,,Other/Not known (2005-10),Not at or within 20 metres of junction,NISSAN,PRIMERA EQUATION,Petrol,Male,,No tow/articulation,Did not leave carriageway,0.0,Going ahead other,1,Car,No,Front,2005
200505CH00106,16 - 20,19.0,Data missing or out of range,,1955.0,,,Other/Not known (2005-10),Approaching junction or waiting/parked at junction approach,HONDA,ACCORD 4AD II 2.0,Petrol,Male,,No tow/articulation,Did not leave carriageway,0.0,Waiting to go - held up,1,Car,No,Front,2005
200505CH00106,46 - 55,,Urban area,7.0,1769.0,,,Data missing or out of range,Approaching junction or waiting/parked at junction approach,NISSAN,PRIMERA S,Petrol,Female,,No tow/articulation,Did not leave carriageway,0.0,Going ahead other,2,Car,No,Back,2005
200505CH00285,36 - 45,5.0,Small town,5.0,899.0,,,Commuting to/from work,Approaching junction or waiting/parked at junction approach,FIAT,SEICENTO MIA,Petrol,Female,,No tow/articulation,Did not leave carriageway,0.0,Going ahead other,2,Car,No,Front,2005
200505CH00364,36 - 45,5.0,Urban area,1.0,1910.0,,,Journey as part of work,Approaching junction or waiting/parked at junction approach,FIAT,BRAVA 105 SX JTD,Heavy oil,Female,,No tow/articulation,Did not leave carriageway,0.0,Slowing or stopping,2,Car,No,Back,2005
200505CH00367,21 - 25,2.0,Urban area,6.0,1242.0,,,Commuting to/from work,Mid Junction - on roundabout or on main road,FIAT,PUNTO ACTIVE SPORT 8V,Petrol,Female,,No tow/articulation,Did not leave carriageway,0.0,Going ahead other,2,Car,No,Front,2005
200505CH00391,56 - 65,1.0,Urban area,2.0,1997.0,,,Commuting to/from work,Approaching junction or waiting/parked at junction approach,PEUGEOT,407 SV HDI,Heavy oil,Male,,No tow/articulation,Did not leave carriageway,0.0,Going ahead other,4,Car,No,Back,2005
200505CH00399,66 - 75,1.0,Urban area,5.0,1149.0,,,Other/Not known (2005-10),Mid Junction - on roundabout or on main road,RENAULT,CLIO DYNAMIQUE 16V,Petrol,Female,,No tow/articulation,Nearside,0.0,Waiting to turn right,2,Car,No,Nearside,2005
200505CH00422,26 - 35,7.0,Urban area,1.0,1799.0,,,Commuting to/from work,Mid Junction - on roundabout or on main road,VAUXHALL,VECTRA ARCTIC 16V,Petrol,Male,,No tow/articulation,Did not leave carriageway,0.0,Going ahead other,1,Car,No,Front,2005
200505CH00539,21 - 25,8.0,Urban area,2.0,,,,Journey as part of work,Not at or within 20 metres of junction,DENNIS,,Heavy oil,Male,,No tow/articulation,Did not leave carriageway,0.0,Going ahead other,1,Bus or coach (17 or more pass seats),No,Front,2005
200505CH00598,26 - 35,4.0,Urban area,1.0,1588.0,,,Other/Not known (2005-10),Approaching junction or waiting/parked at junction approach,VOLVO,S40 I,Petrol,Male,,No tow/articulation,Did not leave carriageway,0.0,Going ahead other,2,Car,No,Front,2005
200505CH00609,Data missing or out of range,2.0,Small town,9.0,1686.0,,,Other/Not known (2005-10),Approaching junction or waiting/parked at junction approach,VAUXHALL,ASTRA CLUB DTI,Heavy oil,Male,,No tow/articulation,Did not leave carriageway,0.0,Waiting to turn right,1,Taxi/Private hire car,No,Did not impact,2005
200505CH00609,21 - 25,,Urban area,8.0,1753.0,,,Other/Not known (2005-10),Approaching junction or waiting/parked at junction approach,FORD,FOCUS EDGE DIESEL,Heavy oil,Female,,No tow/articulation,Did not leave carriageway,0.0,Waiting to turn right,2,Car,No,Back,2005
200505CH00758,16 - 20,,Urban area,8.0,1242.0,,,Other/Not known (2005-10),Entering roundabout,FORD,FIESTA STUDIO,Petrol,Female,,No tow/articulation,Did not leave carriageway,0.0,Moving off,1,Car,No,Front,2005
200505CH00796,Over 75,2.0,Urban area,1.0,1360.0,,,Other/Not known (2005-10),Entering main road,PEUGEOT,307 ENVY 90,Petrol,Male,,No tow/articulation,Did not leave carriageway,0.0,Going ahead other,2,Car,No,Front,2005
200505DD01634,56 - 65,9.0,Urban area,2.0,1581.0,,,Other/Not known (2005-10),Mid Junction - on roundabout or on main road,FIAT,BRAVA 1.6 SX,Petrol,Male,,No tow/articulation,Did not leave carriageway,0.0,Going ahead other,2,Car,No,Front,2005
200505DD01908,16 - 20,1.0,Urban area,1.0,1390.0,,,Other/Not known (2005-10),Mid Junction - on roundabout or on main road,RENAULT,CLIO DYNAMIQUE 16V,Petrol,Female,,No tow/articulation,Did not leave carriageway,0.0,Going ahead other,1,Car,No,Front,2005