Accident_Index,Age_Band_of_Driver,Age_of_Vehicle,Driver_Home_Area_Type,Driver_IMD_Decile,Engine_Capacity_.CC.,Hit_Object_in_Carriageway,Hit_Object_off_Carriageway,Journey_Purpose_of_Driver,Junction_Location,make,model,Propulsion_Code,Sex_of_Driver,Skidding_and_Overturning,Towing_and_Articulation,Vehicle_Leaving_Carriageway,Vehicle_Location.Restricted_Lane,Vehicle_Manoeuvre,Vehicle_Reference,Vehicle_Type,Was_Vehicle_Left_Hand_Drive,X1st_Point_of_Impact,Year
200505DD01908,Data missing or out of range,12.0,Urban area,1.0,954.0,,,Other/Not known (2005-10),Entering main road,CITROEN,AX JIVE,Petrol,Male,,No tow/articulation,Did not leave carriageway,0.0,Reversing,2,Car,No,Back,2005
200505DD01965,21 - 25,6.0,Urban area,3.0,1998.0,,,Other/Not known (2005-10),Approaching junction or waiting/parked at junction approach,VAUXHALL,VECTRA GLS 16V,Petrol,Male,,No tow/articulation,Did not leave carriageway,0.0,Going ahead other,2,Car,No,Front,2005
200505DD02529,46 - 55,13.0,Data missing or out of range,,2180.0,,,Other/Not known (2005-10),Approaching junction or waiting/parked at junction approach,TOYOTA,,Heavy oil,Male,,No tow/articulation,Did not leave carriageway,0.0,Going ahead left-hand bend,1,Car,No,Did not impact,2005
200505DD02764,Over 75,6.0,Rural,7.0,1598.0,,,Other/Not known (2005-10),Mid Junction - on roundabout or on main road,RENAULT,CLIO RXE,Petrol,Female,,No tow/articulation,Did not leave carriageway,0.0,Turning right,1,Car,No,Offside,2005
200505DD02828,Data missing or out of range,5.0,Data missing or out of range,,998.0,,,Other/Not known (2005-10),Approaching junction or waiting/parked at junction approach,NISSAN,MICRA CELEBRATION 16V,Petrol,Male,,No tow/articulation,Did not leave carriageway,0.0,Going ahead other,1,Car,No,Back,2005
200505DD02884,46 - 55,7.0,Urban area,1.0,2664.0,,,Journey as part of work,Not at or within 20 metres of junction,LONDON TAXIS INT,TX1 BRONZE,Heavy oil,Male,,No tow/articulation,Did not leave carriageway,0.0,Waiting to turn right,2,Taxi/Private hire car,No,Nearside,2005
200505DD03191,26 - 35,,Urban area,5.0,1995.0,,,Other/Not known (2005-10),Approaching junction or waiting/parked at junction approach,BMW,118I SPORT,Petrol,Male,,No tow/articulation,Did not leave carriageway,0.0,Going ahead other,1,Car,No,Front,2005
200505DD03551,26 - 35,,Urban area,8.0,1998.0,,,Other/Not known (2005-10),Approaching junction or waiting/parked at junction approach,HONDA,CIVIC TYPE-R,Petrol,Male,,No tow/articulation,Did not leave carriageway,0.0,Going ahead other,1,Car,No,Front,2005
200505DD03551,26 - 35,,Urban area,1.0,1995.0,,,Other/Not known (2005-10),Approaching junction or waiting/parked at junction approach,BMW,320 CD SPORT,Heavy oil,Male,,No tow/articulation,Did not leave carriageway,0.0,Going ahead other,2,Car,No,Back,2005
200505DD03838,26 - 35,12.0,Data missing or out of range,,1590.0,,,Other/Not known (2005-10),Approaching junction or waiting/parked at junction approach,ROVER,416 GSI,Petrol,Female,,No tow/articulation,Did not leave carriageway,0.0,Going ahead other,2,Car,No,Front,2005
200505DD03840,21 - 25,8.0,Data missing or out of range,,1985.0,,,Other/Not known (2005-10),Approaching junction or waiting/parked at junction approach,SAAB,900 XS,Petrol,Male,,No tow/articulation,Did not leave carriageway,0.0,Going ahead other,1,Car,No,Front,2005
200505DD03840,56 - 65,2.0,Urban area,6.0,1796.0,,,Other/Not known (2005-10),Approaching junction or waiting/parked at junction approach,VAUXHALL,VECTRA ACTIVE,Petrol,Male,,No tow/articulation,Did not leave carriageway,0.0,Going ahead other,2,Car,No,Back,2005
200505DD03973,26 - 35,2.0,Urban area,6.0,1995.0,,,Other/Not known (2005-10),Approaching junction or waiting/parked at junction approach,BMW,320 D SE TOURING,Heavy oil,Female,,No tow/articulation,Did not leave carriageway,0.0,Waiting to go - held up,3,Car,No,Back,2005
200505DD04162,26 - 35,4.0,Urban area,1.0,1497.0,,,Other/Not known (2005-10),Mid Junction - on roundabout or on main road,NISSAN,,Petrol,Male,,No tow/articulation,Did not leave carriageway,0.0,Going ahead other,1,Car,No,Front,2005
200505DD04162,26 - 35,,Urban area,2.0,,,,Other/Not known (2005-10),Mid Junction - on roundabout or on main road,RENAULT,KANGOO SL17DCI 70,,Female,,No tow/articulation,Did not leave carriageway,0.0,Going ahead other,2,Car,No,Nearside,2005
200505DD05768,21 - 25,15.0,Urban area,1.0,124.0,,,Other/Not known (2005-10),Mid Junction - on roundabout or on main road,KAWASAKI,,Petrol,Male,,No tow/articulation,Did not leave carriageway,0.0,Going ahead other,2,Motorcycle 125cc and under,No,Front,2005
200505DH00030,26 - 35,6.0,Urban area,2.0,1747.0,,,Commuting to/from work,Approaching junction or waiting/parked at junction approach,FIAT,BRAVO 115 HLX,Petrol,Male,,No tow/articulation,Did not leave carriageway,0.0,Waiting to go - held up,1,Car,No,Front,2005
200505DH00075,66 - 75,2.0,Urban area,2.0,1598.0,,,Other/Not known (2005-10),Cleared junction or waiting/parked at junction exit,VAUXHALL,MERIVA LIFE 8V,Petrol,Male,,No tow/articulation,Did not leave carriageway,0.0,Turning right,1,Car,No,Front,2005
200505DH00181,36 - 45,12.0,Urban area,4.0,748.0,,,Journey as part of work,Mid Junction - on roundabout or on main road,HONDA,CB750-F2N,Petrol,Male,,No tow/articulation,Did not leave carriageway,0.0,Turning right,1,Motorcycle over 500cc,No,Offside,2005
200505DH00292,36 - 45,3.0,Small town,9.0,1985.0,,,Other/Not known (2005-10),Cleared junction or waiting/parked at junction exit,SAAB,9-5 VECTOR,Petrol,Male,,No tow/articulation,Did not leave carriageway,0.0,Turning right,2,Car,No,Back,2005
200505DH00564,26 - 35,14.0,Urban area,1.0,1597.0,,,Commuting to/from work,Not at or within 20 metres of junction,NISSAN,PRIMERA LSX,Petrol,Female,,No tow/articulation,Did not leave carriageway,0.0,Overtaking - nearside,1,Car,No,Front,2005
200505DH00588,56 - 65,8.0,Data missing or out of range,,848.0,,,Other/Not known (2005-10),Not at or within 20 metres of junction,RELIANT,RIALTO ESTATE SE,Petrol,Male,,No tow/articulation,Did not leave carriageway,0.0,Going ahead other,2,Car,No,Front,2005
200505DH00606,26 - 35,6.0,Urban area,5.0,1242.0,,,Other/Not known (2005-10),Not at or within 20 metres of junction,FIAT,PUNTO SX 60,Petrol,Female,Skidded,No tow/articulation,Did not leave carriageway,0.0,Going ahead other,1,Car,No,Front,2005
200505DH00609,66 - 75,7.0,Urban area,4.0,1597.0,,,Other/Not known (2005-10),Not at or within 20 metres of junction,FORD,ESCORT FINESSE 16V,Petrol,Male,,No tow/articulation,Did not leave carriageway,0.0,Going ahead right-hand bend,1,Car,No,Nearside,2005
200505DH00629,16 - 20,4.0,Urban area,10.0,1149.0,,,Other/Not known (2005-10),Approaching junction or waiting/parked at junction approach,RENAULT,CLIO DYNAMIQUE 16V,Petrol,Female,,No tow/articulation,Did not leave carriageway,0.0,Turning right,1,Car,No,Front,2005
200505DH00629,36 - 45,5.0,Small town,5.0,1590.0,,,Other/Not known (2005-10),Approaching junction or waiting/parked at junction approach,HONDA,HR-V,Petrol,Female,,No tow/articulation,Did not leave carriageway,0.0,Going ahead other,2,Car,No,Offside,2005
200505DH00647,Data missing or out of range,7.0,Data missing or out of range,,,,,Journey as part of work,Cleared junction or waiting/parked at junction exit,DENNIS,,Heavy oil,Male,Skidded,No tow/articulation,Did not leave carriageway,0.0,Going ahead other,1,Bus or coach (17 or more pass seats),No,Front,2005
200505DH00713,36 - 45,10.0,Urban area,2.0,1597.0,,,Other/Not known (2005-10),Approaching junction or waiting/parked at junction approach,FORD,ESCORT CABARET,Petrol,Female,,No tow/articulation,Did not leave carriageway,0.0,Going ahead other,2,Car,No,Front,2005
200505DH00771,36 - 45,5.0,Urban area,1.0,2295.0,,,Other/Not known (2005-10),Approaching junction or waiting/parked at junction approach,MERCEDES,CLK230 AVANTGARDE KOMP A,Petrol,Male,,No tow/articulation,Did not leave carriageway,0.0,Going ahead other,2,Car,No,Nearside,2005
200505DH00776,26 - 35,1.0,Data missing or out of range,,1149.0,,,Other/Not known (2005-10),Cleared junction or waiting/parked at junction exit,RENAULT,CLIO EXTREME 3 16V,Petrol,Female,,No tow/articulation,Did not leave carriageway,0.0,Going ahead other,1,Car,No,Offside,2005
200505EE01186,46 - 55,8.0,Data missing or out of range,,1984.0,,,Other/Not known (2005-10),Mid Junction - on roundabout or on main road,SEAT,ALHAMBRA 2.0,Petrol,Male,,No tow/articulation,Did not leave carriageway,0.0,Turning right,2,Car,No,Front,2005
200505EE01260,36 - 45,8.0,Urban area,2.0,59.0,,,Journey as part of work,Approaching junction or waiting/parked at junction approach,DENNIS,,Heavy oil,Male,,No tow/articulation,Did not leave carriageway,0.0,Going ahead other,1,Bus or coach (17 or more pass seats),No,Offside,2005
200505EE01349,46 - 55,7.0,Urban area,10.0,1108.0,,,Other/Not known (2005-10),Entering main road,FIAT,SEICENTO SPORTING,Petrol,Female,,No tow/articulation,Did not leave carriageway,0.0,Turning right,1,Car,No,Front,2005
200505EE01359,16 - 20,12.0,Urban area,1.0,1390.0,Kerb,Telegraph or electricity pole,Other/Not known (2005-10),Cleared junction or waiting/parked at junction exit,RENAULT,19 RN I,Petrol,Male,Skidded,No tow/articulation,Offside and rebounded,0.0,Going ahead other,1,Car,No,Front,2005
200505EE01542,36 - 45,23.0,Urban area,1.0,,,,Journey as part of work,Mid Junction - on roundabout or on main road,LEYLAND NATIONAL,,Heavy oil,Male,,No tow/articulation,Did not leave carriageway,0.0,Going ahead other,2,Bus or coach (17 or more pass seats),No,Front,2005
200505EE01550,26 - 35,7.0,Data missing or out of range,,1597.0,,,Other/Not known (2005-10),Approaching junction or waiting/parked at junction approach,NISSAN,PRIMERA PROFILE 16V,Petrol,Male,,No tow/articulation,Did not leave carriageway,0.0,Going ahead other,2,Car,No,Front,2005
200505EE01710,26 - 35,5.0,Urban area,10.0,1589.0,,,Other/Not known (2005-10),Not at or within 20 metres of junction,ROVER,45 IL 16V,Petrol,Male,,No tow/articulation,Did not leave carriageway,0.0,Turning right,1,Car,No,Offside,2005
200505EE01718,Data missing or out of range,3.0,Data missing or out of range,,1783.0,,,Other/Not known (2005-10),Mid Junction - on roundabout or on main road,RENAULT,MEGANE SCENIC PRIVILEGE+,Petrol,Male,,No tow/articulation,Did not leave carriageway,0.0,Turning right,1,Car,No,Front,2005
200505EE01813,46 - 55,,Urban area,2.0,1598.0,,,Other/Not known (2005-10),Approaching junction or waiting/parked at junction approach,RENAULT,MEGANE DYNAMIQUE VVT 115,Petrol,Female,,No tow/articulation,Did not leave carriageway,0.0,Slowing or stopping,2,Car,No,Nearside,2005
200505EE01830,46 - 55,,Data missing or out of range,,,,,Journey as part of work,Approaching junction or waiting/parked at junction approach,MERCEDES,,,Male,,No tow/articulation,Did not leave carriageway,0.0,Parked,2,Goods 7.5 tonnes mgw and over,No,Back,2005
200505EE01958,36 - 45,3.0,Urban area,2.0,1587.0,,,Other/Not known (2005-10),Not at or within 20 metres of junction,CITROEN,XSARA PICASSO LX 8V,Petrol,Female,,No tow/articulation,Did not leave carriageway,0.0,Parked,2,Car,No,Back,2005
200505EE01979,26 - 35,4.0,Urban area,1.0,1896.0,,,Commuting to/from work,Cleared junction or waiting/parked at junction exit,VOLKSWAGEN,BORA TDI S,Heavy oil,Male,,No tow/articulation,Did not leave carriageway,0.0,U-turn,2,Car,No,Did not impact,2005
200505EE02101,36 - 45,15.0,Urban area,2.0,1990.0,Kerb,,Other/Not known (2005-10),Not at or within 20 metres of junction,BMW,320I AUTO,Petrol,Male,,No tow/articulation,Did not leave carriageway,0.0,Going ahead other,1,Car,No,Front,2005
200505EE02162,21 - 25,11.0,Data missing or out of range,,1390.0,,,Other/Not known (2005-10),Approaching junction or waiting/parked at junction approach,RENAULT,5 CAMPUS PRIMA,Petrol,Male,,No tow/articulation,Offside on to central reservation,0.0,Going ahead other,1,Car,No,Front,2005
200505EE02248,46 - 55,6.0,Urban area,1.0,1242.0,,,Other/Not known (2005-10),Cleared junction or waiting/parked at junction exit,FIAT,PUNTO SX 60 SELECTA,Petrol,Female,,No tow/articulation,Did not leave carriageway,0.0,Moving off,1,Car,No,Front,2005
200505EE02499,26 - 35,4.0,Data missing or out of range,,2979.0,,,Journey as part of work,Approaching junction or waiting/parked at junction approach,BMW,330I SE AUTO,Petrol,Male,,No tow/articulation,Did not leave carriageway,0.0,Going ahead other,2,Car,No,Front,2005
200505EE02701,46 - 55,3.0,Urban area,4.0,2402.0,,,Journey as part of work,Mid Junction - on roundabout or on main road,LONDON TAXIS INT,TXII SILVER,Heavy oil,Male,,No tow/articulation,Did not leave carriageway,0.0,Going ahead left-hand bend,2,Taxi/Private hire car,No,Nearside,2005
200505EE02991,56 - 65,7.0,Urban area,7.0,599.0,,,Other/Not known (2005-10),Approaching junction or waiting/parked at junction approach,HONDA,CB600 HORNET,Petrol,Male,,No tow/articulation,Did not leave carriageway,0.0,Going ahead other,1,Motorcycle over 500cc,No,Offside,2005
200505EE03025,26 - 35,4.0,Urban area,1.0,2664.0,,,Journey as part of work,Approaching junction or waiting/parked at junction approach,LONDON TAXIS INT,TX1 BRONZE,Heavy oil,Male,,No tow/articulation,Did not leave carriageway,0.0,Going ahead other,1,Taxi/Private hire car,No,Offside,2005
200505EE03108,46 - 55,8.0,Urban area,1.0,5861.0,,,Other/Not known (2005-10),Cleared junction or waiting/parked at junction exit,IVECO-FORD,,Heavy oil,Male,,No tow/articulation,Did not leave carriageway,0.0,Parked,2,Goods 7.5 tonnes mgw and over,No,Nearside,2005
200505EE03444,26 - 35,,Urban area,2.0,1995.0,,,Other/Not known (2005-10),Mid Junction - on roundabout or on main road,TOYOTA,AVENSIS T3-S D-4D,Heavy oil,Female,Skidded,No tow/articulation,Did not leave carriageway,0.0,Going ahead other,1,Car,No,Nearside,2005
200505EE03471,26 - 35,4.0,Urban area,1.0,1242.0,,,Other/Not known (2005-10),Mid Junction - on roundabout or on main road,FIAT,PUNTO ELX 8V,Petrol,Male,,No tow/articulation,Did not leave carriageway,0.0,Slowing or stopping,1,Car,No,Front,2005
200505EE03596,26 - 35,1.0,Data missing or out of range,,1998.0,,,Other/Not known (2005-10),Approaching junction or waiting/parked at junction approach,DAEWOO,TACUMA CDX,Petrol,Male,,No tow/articulation,Did not leave carriageway,0.0,Going ahead other,2,Car,No,Front,2005
200505EE03687,46 - 55,,Urban area,2.0,,,,Commuting to/from work,Approaching junction or waiting/parked at junction approach,HONDA,,,Male,,No tow/articulation,Did not leave carriageway,0.0,Overtaking moving vehicle - offside,1,Car,No,Front,2005
200505EE03687,36 - 45,,Urban area,1.0,1299.0,,,Commuting to/from work,Approaching junction or waiting/parked at junction approach,TOYOTA,YARIS T SPIRIT AUTO,Petrol,Female,,No tow/articulation,Offside,0.0,Turning right,2,Car,No,Offside,2005
200505EE03879,26 - 35,16.0,Data missing or out of range,,1796.0,,,Other/Not known (2005-10),Approaching junction or waiting/parked at junction approach,VAUXHALL,ASTRA BELMONT CDI,Petrol,Male,,No tow/articulation,Did not leave carriageway,0.0,Going ahead other,2,Car,No,Front,2005
200505EE04296,26 - 35,,Data missing or out of range,,1229.0,,,Taking pupil to/from school,Not at or within 20 metres of junction,VAUXHALL,CORSA SXI TWINPORT,Petrol,Female,,No tow/articulation,Did not leave carriageway,0.0,Going ahead other,2,Car,No,Front,2005
200505EE04608,26 - 35,9.0,Urban area,1.0,,,,Journey as part of work,Not at or within 20 metres of junction,SCANIA,,Heavy oil,Male,Skidded,No tow/articulation,Did not leave carriageway,0.0,Going ahead other,1,Bus or coach (17 or more pass seats),No,Front,2005
200505ET00019,46 - 55,23.0,Urban area,3.0,,,,Journey as part of work,Mid Junction - on roundabout or on main road,LEYLAND NATIONAL,,Heavy oil,Male,,No tow/articulation,Did not leave carriageway,0.0,Going ahead other,1,Bus or coach (17 or more pass seats),No,Did not impact,2005
200505ET00021,Data missing or out of range,8.0,Urban area,6.0,1985.0,,,Other/Not known (2005-10),Leaving main road,SAAB,9000 CSE ANNIVERSARY AUTO,Petrol,Male,,No tow/articulation,Did not leave carriageway,0.0,Turning left,2,Car,No,Front,2005
200505ET00066,46 - 55,6.0,Urban area,5.0,1590.0,,,Other/Not known (2005-10),Approaching junction or waiting/parked at junction approach,HONDA,HR-V,Petrol,Male,,No tow/articulation,Did not leave carriageway,0.0,Waiting to go - held up,2,Car,No,Back,2005
200505ET00079,36 - 45,6.0,Urban area,,1242.0,,,Commuting to/from work,Approaching junction or waiting/parked at junction approach,FIAT,PUNTO SX 60,Petrol,Male,,No tow/articulation,Did not leave carriageway,0.0,Going ahead other,2,Car,No,Front,2005
200505ET00126,46 - 55,4.0,Urban area,4.0,1679.0,,,Other/Not known (2005-10),Mid Junction - on roundabout or on main road,FORD,PUMA THUNDER,Petrol,Female,,No tow/articulation,Did not leave carriageway,0.0,Going ahead other,2,Car,No,Front,2005
200505ET00138,36 - 45,1.0,Small town,9.0,1598.0,,,Commuting to/from work,Mid Junction - on roundabout or on main road,VAUXHALL,MERIVA LIFE 8V,Petrol,Female,,No tow/articulation,Did not leave carriageway,0.0,Going ahead other,2,Car,No,Front,2005
200505ET00196,21 - 25,8.0,Urban area,2.0,,,,Journey as part of work,Approaching junction or waiting/parked at junction approach,DENNIS,,Heavy oil,Male,Skidded,No tow/articulation,Did not leave carriageway,0.0,Going ahead other,1,Bus or coach (17 or more pass seats),No,Front,2005
200505ET00215,36 - 45,8.0,Urban area,9.0,1108.0,,,Other/Not known (2005-10),Entering roundabout,FIAT,PUNTO 55 SX,Petrol,Female,,No tow/articulation,Did not leave carriageway,0.0,Going ahead other,2,Car,No,Back,2005
200505ET00245,16 - 20,1.0,Urban area,1.0,1149.0,,,Other/Not known (2005-10),Approaching junction or waiting/parked at junction approach,RENAULT,CLIO DYNAMIQUE 16V,Petrol,Male,,No tow/articulation,Did not leave carriageway,0.0,Going ahead other,1,Car,No,Front,2005
200505ET00421,26 - 35,4.0,Urban area,3.0,1998.0,,,Journey as part of work,Mid Junction - on roundabout or on main road,FORD,MONDEO LX TDDI,Heavy oil,Male,,No tow/articulation,Did not leave carriageway,0.0,Going ahead other,1,Car,No,Nearside,2005
200505ET00489,36 - 45,3.0,Urban area,1.0,2400.0,,,Journey as part of work,Not at or within 20 metres of junction,FORD,TRANSIT 350 LWB TD,Heavy oil,Male,,No tow/articulation,Did not leave carriageway,0.0,Going ahead other,1,Van / Goods 3.5 tonnes mgw or under,No,Front,2005
200505ET00654,36 - 45,3.0,Urban area,9.0,600.0,,,Commuting to/from work,Not at or within 20 metres of junction,SUZUKI,GSF 600S K2,Petrol,Male,Skidded,No tow/articulation,Did not leave carriageway,0.0,Going ahead other,1,Motorcycle over 500cc,No,Nearside,2005
200505ET00773,46 - 55,15.0,Urban area,3.0,1235.0,,,Other/Not known (2005-10),Approaching junction or waiting/parked at junction approach,NISSAN,MICRA GSX AUTO,Petrol,Male,,No tow/articulation,Did not leave carriageway,0.0,Going ahead other,1,Car,No,Back,2005
200505ET00833,21 - 25,7.0,Urban area,1.0,1998.0,,,Other/Not known (2005-10),Cleared junction or waiting/parked at junction exit,CITROEN,XANTIA 2.0I DESIRE,Petrol,Male,,No tow/articulation,Did not leave carriageway,0.0,Slowing or stopping,2,Car,No,Offside,2005
200505ET01012,26 - 35,5.0,Urban area,1.0,1781.0,,Bus stop or bus shelter,Other/Not known (2005-10),Approaching junction or waiting/parked at junction approach,AUDI,A3 1.8T SPORT,Petrol,Male,Skidded,No tow/articulation,Nearside,0.0,Changing lane to left,1,Car,No,Nearside,2005
200505ET01015,36 - 45,5.0,Urban area,1.0,1598.0,,,Other/Not known (2005-10),Approaching junction or waiting/parked at junction approach,RENAULT,,Petrol,Male,,No tow/articulation,Did not leave carriageway,0.0,Going ahead other,2,Car,No,Nearside,2005
200505ET01041,46 - 55,9.0,Urban area,1.0,,,,Journey as part of work,Approaching junction or waiting/parked at junction approach,SCANIA,,Heavy oil,Male,,No tow/articulation,Did not leave carriageway,0.0,Going ahead other,1,Bus or coach (17 or more pass seats),No,Did not impact,2005
200505ET01062,Data missing or out of range,6.0,Urban area,10.0,12130.0,,,Other/Not known (2005-10),Approaching junction or waiting/parked at junction approach,VOLVO,,Heavy oil,Male,,No tow/articulation,Did not leave carriageway,0.0,Moving off,2,Goods 7.5 tonnes mgw and over,No,Front,2005
200505ET01189,Data missing or out of range,16.0,Data missing or out of range,,1580.0,,,Other/Not known (2005-10),Approaching junction or waiting/parked at junction approach,PEUGEOT,205 AUTOMATIC,Petrol,Not known,,No tow/articulation,Did not leave carriageway,0.0,Reversing,1,Car,No,Back,2005
200505ET01196,26 - 35,,Urban area,3.0,,,,Journey as part of work,Cleared junction or waiting/parked at junction exit,NISSAN,CABSTAR PICKUP DIESEL,,Male,,No tow/articulation,Did not leave carriageway,0.0,Going ahead other,1,Bus or coach (17 or more pass seats),No,Front,2005
200505ET01354,36 - 45,7.0,Urban area,1.0,1396.0,,,Other/Not known (2005-10),Entering roundabout,ROVER,114 SLI,Petrol,Female,,No tow/articulation,Did not leave carriageway,0.0,Waiting to turn right,1,Car,No,Back,2005
200505ET01476,56 - 65,12.0,Urban area,1.0,5900.0,,,Journey as part of work,Approaching junction or waiting/parked at junction approach,DENNIS,,Heavy oil,Male,,No tow/articulation,Did not leave carriageway,0.0,Moving off,1,Bus or coach (17 or more pass seats),No,Front,2005
200505ET01479,26 - 35,4.0,Urban area,2.0,,,,Journey as part of work,Mid Junction - on roundabout or on main road,DAF TRUCKS,,Heavy oil,Male,,No tow/articulation,Did not leave carriageway,0.0,Turning left,1,Bus or coach (17 or more pass seats),No,Front,2005
200505ET01526,46 - 55,,Urban area,5.0,2402.0,,,Journey as part of work,Approaching junction or waiting/parked at junction approach,LONDON TAXIS INT,TXII BRONZE AUTO,Heavy oil,Male,,No tow/articulation,Did not leave carriageway,0.0,Turning left,1,Taxi/Private hire car,No,Nearside,2005
200505ET01544,46 - 55,1.0,Urban area,1.0,1405.0,,,Other/Not known (2005-10),Approaching junction or waiting/parked at junction approach,ROVER,CITYROVER STYLE,Petrol,Female,,No tow/articulation,Did not leave carriageway,0.0,Going ahead other,1,Car,No,Front,2005
200505ET01578,36 - 45,1.0,Urban area,2.0,1261.0,,,Journey as part of work,Not at or within 20 metres of junction,HONDA,ST1300 A,Petrol,Male,,No tow/articulation,Did not leave carriageway,0.0,Going ahead other,2,Motorcycle over 500cc,No,Back,2005
200505ET01646,26 - 35,10.0,Urban area,1.0,,,,Journey as part of work,Approaching junction or waiting/parked at junction approach,DENNIS,,Heavy oil,Male,,No tow/articulation,Did not leave carriageway,0.0,Waiting to go - held up,1,Bus or coach (17 or more pass seats),No,Offside,2005
200505ET01655,16 - 20,9.0,Urban area,3.0,1686.0,,,Other/Not known (2005-10),Not at or within 20 metres of junction,VAUXHALL,ASTRA MERIT 1.7D TURBO,Heavy oil,Male,,No tow/articulation,Did not leave carriageway,0.0,Going ahead other,1,Car,No,Front,2005
200505ET01668,Data missing or out of range,7.0,Data missing or out of range,,2319.0,,,Other/Not known (2005-10),Approaching junction or waiting/parked at junction approach,VOLVO,S70 SE T5,Petrol,Male,,No tow/articulation,Did not leave carriageway,0.0,Going ahead other,1,Car,No,Back,2005
200505FF00596,21 - 25,4.0,Urban area,3.0,1870.0,,,Journey as part of work,Mid Junction - on roundabout or on main road,RENAULT,KANGOO 665 1.9D,Heavy oil,Male,,No tow/articulation,Did not leave carriageway,0.0,Going ahead other,1,Van / Goods 3.5 tonnes mgw or under,No,Front,2005
200505FF00596,56 - 65,13.0,Urban area,1.0,1796.0,,,Other/Not known (2005-10),Mid Junction - on roundabout or on main road,FORD,ORION LX I,Petrol,Male,,No tow/articulation,Did not leave carriageway,0.0,Turning right,2,Car,No,Nearside,2005
200505FF01005,46 - 55,2.0,Urban area,7.0,1149.0,,,Other/Not known (2005-10),Not at or within 20 metres of junction,RENAULT,CLIO DYNAMIQUE 16V,Petrol,Male,,No tow/articulation,Did not leave carriageway,0.0,Going ahead other,1,Car,No,Did not impact,2005
200505FF01236,46 - 55,3.0,Urban area,2.0,2402.0,,,Journey as part of work,Not at or within 20 metres of junction,LONDON TAXIS INT,TXII BRONZE AUTO,Heavy oil,Male,,No tow/articulation,Did not leave carriageway,0.0,Going ahead other,2,Taxi/Private hire car,No,Front,2005
200505FF01357,Data missing or out of range,6.0,Data missing or out of range,,1970.0,,,Other/Not known (2005-10),Cleared junction or waiting/parked at junction exit,ALFA ROMEO,156 2.0 T SPARK,Petrol,Not known,,No tow/articulation,Did not leave carriageway,0.0,Parked,5,Car,No,Back,2005
200505FF01420,36 - 45,8.0,Urban area,1.0,1999.0,,,Other/Not known (2005-10),Approaching junction or waiting/parked at junction approach,CHRYSLER,,Petrol,Male,,No tow/articulation,Did not leave carriageway,0.0,Turning right,2,Car,No,Offside,2005
200505FF01768,46 - 55,8.0,Data missing or out of range,,1598.0,,,Other/Not known (2005-10),Approaching junction or waiting/parked at junction approach,RENAULT,MEGANE RT SPORT 1.6E,Petrol,Male,,No tow/articulation,Did not leave carriageway,9.0,Turning right,1,Car,No,Front,2005
200505FF01819,26 - 35,,Urban area,4.0,,,,Commuting to/from work,Approaching junction or waiting/parked at junction approach,HONDA,,,Female,,No tow/articulation,Did not leave carriageway,0.0,Going ahead other,1,Car,No,Offside,2005
200505FF01820,26 - 35,3.0,Urban area,5.0,1360.0,,,Other/Not known (2005-10),Not at or within 20 metres of junction,PEUGEOT,307 LX,Petrol,Male,,No tow/articulation,Did not leave carriageway,0.0,Waiting to go - held up,1,Car,No,Back,2005
200505FF02420,Data missing or out of range,,Data missing or out of range,,1124.0,,,Other/Not known (2005-10),Mid Junction - on roundabout or on main road,PEUGEOT,206 ZEST,Petrol,Female,,No tow/articulation,Did not leave carriageway,0.0,Going ahead other,2,Car,No,Nearside,2005
200505FF02599,26 - 35,,Data missing or out of range,,1399.0,,,Journey as part of work,Approaching junction or waiting/parked at junction approach,FORD,FIESTA FINESSE TDCI,Heavy oil,Male,,No tow/articulation,Did not leave carriageway,0.0,Going ahead other,1,Car,No,Did not impact,2005
200505FF03066,46 - 55,2.0,Urban area,8.0,1596.0,,,Other/Not known (2005-10),Mid Junction - on roundabout or on main road,FORD,FOCUS EBONY,Petrol,Male,,No tow/articulation,Did not leave carriageway,0.0,Going ahead other,3,Car,No,Back,2005
200505FF03104,21 - 25,2.0,Urban area,2.0,1870.0,,,Other/Not known (2005-10),Approaching junction or waiting/parked at junction approach,RENAULT,MEGANE DYNAMIQUE DCI 120,Heavy oil,Male,Skidded,No tow/articulation,Did not leave carriageway,0.0,Turning left,1,Car,No,Front,2005
200505FF03149,Data missing or out of range,8.0,Data missing or out of range,,1389.0,,,Other/Not known (2005-10),Entering main road,VAUXHALL,TIGRA BLUE,Petrol,Female,,No tow/articulation,Did not leave carriageway,0.0,Going ahead other,1,Car,No,Front,2005
200505FF03717,Data missing or out of range,,Urban area,7.0,1598.0,,,Journey as part of work,Approaching junction or waiting/parked at junction approach,TOYOTA,COROLLA COLOUR COL-N VVTI,Petrol,Male,,No tow/articulation,Did not leave carriageway,0.0,Going ahead other,2,Car,No,Front,2005
200505FF04137,46 - 55,4.0,Urban area,2.0,1997.0,,,Journey as part of work,Not at or within 20 metres of junction,CITROEN,C5 HDI LX,Heavy oil,Male,,No tow/articulation,Did not leave carriageway,0.0,Going ahead other,1,Taxi/Private hire car,No,Did not impact,2005
200505FF04468,36 - 45,1.0,Urban area,1.0,1397.0,,,Other/Not known (2005-10),Approaching junction or waiting/parked at junction approach,MERCEDES,A140 CLASSIC SE LWB,Petrol,Male,,No tow/articulation,Did not leave carriageway,0.0,Turning left,1,Car,No,Front,2005
200505FF04517,26 - 35,4.0,Data missing or out of range,,2597.0,,,Other/Not known (2005-10),Approaching junction or waiting/parked at junction approach,VAUXHALL,OMEGA CDX V6,Petrol,Female,,No tow/articulation,Offside,0.0,Moving off,2,Car,No,Back,2005