Accident_Index,Age_Band_of_Driver,Age_of_Vehicle,Driver_Home_Area_Type,Driver_IMD_Decile,Engine_Capacity_.CC.,Hit_Object_in_Carriageway,Hit_Object_off_Carriageway,Journey_Purpose_of_Driver,Junction_Location,make,model,Propulsion_Code,Sex_of_Driver,Skidding_and_Overturning,Towing_and_Articulation,Vehicle_Leaving_Carriageway,Vehicle_Location.Restricted_Lane,Vehicle_Manoeuvre,Vehicle_Reference,Vehicle_Type,Was_Vehicle_Left_Hand_Drive,X1st_Point_of_Impact,Year
200506K035404,21 - 25,2.0,Urban area,6.0,449.0,,,Other/Not known (2005-10),Approaching junction or waiting/parked at junction approach,HONDA,,Petrol,Male,,No tow/articulation,Did not leave carriageway,0.0,Going ahead other,1,Motorcycle over 125cc and up to 500cc,No,Front,2005
200506K035404,56 - 65,2.0,Urban area,6.0,1587.0,,,Other/Not known (2005-10),Approaching junction or waiting/parked at junction approach,CITROEN,XSARA PICASSO LX 8V,Petrol,Female,,No tow/articulation,Did not leave carriageway,0.0,Turning right,2,Car,No,Nearside,2005
200506K036492,36 - 45,8.0,Data missing or out of range,,805.0,,,Other/Not known (2005-10),Mid Junction - on roundabout or on main road,SUZUKI,VZ 800 V,Petrol,Male,,No tow/articulation,Did not leave carriageway,0.0,Going ahead other,2,Motorcycle over 500cc,No,Front,2005
200506K036552,16 - 20,8.0,Data missing or out of range,,1149.0,,,Other/Not known (2005-10),Not at or within 20 metres of junction,RENAULT,CLIO RL PANACHE 1.2,Petrol,Male,,No tow/articulation,Did not leave carriageway,0.0,Slowing or stopping,1,Car,No,Front,2005
200506K038417,56 - 65,,Urban area,2.0,7300.0,,,Journey as part of work,Cleared junction or waiting/parked at junction exit,VOLVO,,Heavy oil,Male,,No tow/articulation,Did not leave carriageway,2.0,Parked,1,Bus or coach (17 or more pass seats),No,Did not impact,2005
200506K041198,26 - 35,5.0,Urban area,5.0,1396.0,,,Other/Not known (2005-10),Approaching junction or waiting/parked at junction approach,ROVER,45 ADVANTAGE,Petrol,Female,,No tow/articulation,Did not leave carriageway,0.0,Going ahead other,2,Car,No,Offside,2005
200506K041532,26 - 35,8.0,Urban area,2.0,1195.0,,,Other/Not known (2005-10),Approaching junction or waiting/parked at junction approach,VAUXHALL,CORSA MERIT 1.2,Petrol,Male,,No tow/articulation,Did not leave carriageway,0.0,Going ahead other,1,Car,No,Front,2005
200506K043459,26 - 35,,Urban area,7.0,1299.0,,,Journey as part of work,Entering main road,FORD,KA DESIGN,Petrol,Male,,No tow/articulation,Did not leave carriageway,0.0,Turning left,1,Car,No,Nearside,2005
200506K918765,26 - 35,2.0,Data missing or out of range,,1988.0,,,Data missing or out of range,Approaching junction or waiting/parked at junction approach,FORD,FOCUS ST170,Petrol,Female,,No tow/articulation,Did not leave carriageway,0.0,Waiting to go - held up,3,Car,Data missing or out of range,Front,2005
200506K918874,26 - 35,7.0,Urban area,2.0,1242.0,,,Data missing or out of range,Mid Junction - on roundabout or on main road,FIAT,PUNTO SX 60,Petrol,Female,,No tow/articulation,Did not leave carriageway,0.0,Waiting to go - held up,2,Car,Data missing or out of range,Back,2005
200506K918874,46 - 55,1.0,Urban area,9.0,1339.0,,,Data missing or out of range,Mid Junction - on roundabout or on main road,HONDA,JAZZ S,Petrol,Female,,No tow/articulation,Did not leave carriageway,0.0,Waiting to go - held up,3,Car,Data missing or out of range,Back,2005
200506K918874,36 - 45,12.0,Urban area,7.0,1468.0,,,Data missing or out of range,Mid Junction - on roundabout or on main road,PROTON,PERSONA GLI,Petrol,Male,,No tow/articulation,Did not leave carriageway,0.0,Waiting to go - held up,4,Car,Data missing or out of range,Back,2005
200506K921336,46 - 55,5.0,Data missing or out of range,,1794.0,,,Data missing or out of range,Not at or within 20 metres of junction,TOYOTA,AVENSIS GS VVT-I AUTO,Petrol,Male,,No tow/articulation,Did not leave carriageway,0.0,Going ahead other,1,Car,Data missing or out of range,Front,2005
200506L023690,46 - 55,1.0,Urban area,8.0,1753.0,,,Journey as part of work,Not at or within 20 metres of junction,FORD,TRAN CONNECT L 200 TD SWB,Heavy oil,Male,,No tow/articulation,Did not leave carriageway,0.0,Going ahead right-hand bend,2,Van / Goods 3.5 tonnes mgw or under,No,Front,2005
200506L024042,26 - 35,6.0,Urban area,6.0,1840.0,,,Other/Not known (2005-10),Not at or within 20 metres of junction,MAZDA,323F GSI,Petrol,Female,,No tow/articulation,Did not leave carriageway,0.0,Waiting to go - held up,2,Car,No,Back,2005
200506L025641,36 - 45,2.0,Urban area,4.0,1461.0,,,Journey as part of work,Mid Junction - on roundabout or on main road,RENAULT,KANGOO SL19DCI 70,Heavy oil,Male,Skidded,No tow/articulation,Did not leave carriageway,0.0,Going ahead other,2,Van / Goods 3.5 tonnes mgw or under,No,Front,2005
200506L026161,21 - 25,8.0,Data missing or out of range,,1796.0,,,Other/Not known (2005-10),Approaching junction or waiting/parked at junction approach,FORD,MONDEO VERONA,Petrol,Male,,No tow/articulation,Did not leave carriageway,0.0,Going ahead other,1,Car,No,Front,2005
200506L026481,36 - 45,8.0,Data missing or out of range,,124.0,,,Other/Not known (2005-10),Not at or within 20 metres of junction,PIAGGIO,T5 125,Petrol,Male,,No tow/articulation,Did not leave carriageway,0.0,Going ahead other,2,Motorcycle 125cc and under,No,Back,2005
200506L029209,36 - 45,5.0,Urban area,8.0,1470.0,,,Journey as part of work,Not at or within 20 metres of junction,KAWASAKI,VN1500-J1,Petrol,Male,,No tow/articulation,Did not leave carriageway,0.0,Going ahead other,2,Motorcycle over 500cc,No,Offside,2005
200506L029473,66 - 75,3.0,Urban area,6.0,1998.0,,,Other/Not known (2005-10),Not at or within 20 metres of junction,NISSAN,PRIMERA SVE CVT,Petrol,Male,,No tow/articulation,Did not leave carriageway,0.0,Going ahead other,2,Car,No,Front,2005
200506L031525,56 - 65,8.0,Urban area,7.0,1360.0,,,Other/Not known (2005-10),Not at or within 20 metres of junction,CITROEN,ZX 1.4I SX,Petrol,Male,Skidded,No tow/articulation,Did not leave carriageway,0.0,Going ahead other,2,Car,No,Front,2005
200506L032799,26 - 35,4.0,Data missing or out of range,,12000.0,,,Journey as part of work,Approaching junction or waiting/parked at junction approach,FODEN,,Heavy oil,Male,,No tow/articulation,Did not leave carriageway,0.0,Slowing or stopping,1,Van / Goods 3.5 tonnes mgw or under,No,Front,2005
200506L032964,36 - 45,,Urban area,7.0,,,,Other/Not known (2005-10),Mid Junction - on roundabout or on main road,DAF,,,Female,,No tow/articulation,Did not leave carriageway,0.0,Going ahead other,2,Other vehicle,No,Offside,2005
200506L034699,26 - 35,4.0,Data missing or out of range,,1396.0,,,Other/Not known (2005-10),Approaching junction or waiting/parked at junction approach,HONDA,CIVIC MAX,Petrol,Male,,No tow/articulation,Did not leave carriageway,0.0,Going ahead other,1,Car,No,Front,2005
200506L034941,21 - 25,9.0,Urban area,1.0,2188.0,,,Commuting to/from work,Mid Junction - on roundabout or on main road,RENAULT,LAGUNA RN-D,Heavy oil,Male,,No tow/articulation,Did not leave carriageway,0.0,Going ahead other,2,Car,No,Nearside,2005
200506L035201,46 - 55,1.0,Urban area,1.0,1149.0,Any animal (except ridden horse),,Journey as part of work,Not at or within 20 metres of junction,RENAULT,CLIO DYNAMIQUE 16V,Petrol,Male,,No tow/articulation,Did not leave carriageway,0.0,Going ahead other,1,Car,No,Front,2005
200506L035201,26 - 35,6.0,Urban area,2.0,1324.0,,,Other/Not known (2005-10),Not at or within 20 metres of junction,MAZDA,323F LXI AEGEAN,Petrol,Male,,No tow/articulation,Did not leave carriageway,0.0,Going ahead other,2,Car,No,Front,2005
200506L035209,26 - 35,11.0,Data missing or out of range,,1905.0,,,Other/Not known (2005-10),Not at or within 20 metres of junction,PEUGEOT,405 STYLE D,Heavy oil,Not known,,No tow/articulation,Did not leave carriageway,0.0,Parked,2,Car,No,Back,2005
200506L035231,26 - 35,,Urban area,9.0,1951.0,,,Commuting to/from work,Cleared junction or waiting/parked at junction exit,LAND ROVER,FREELANDER ADVENTURER TD,Heavy oil,Female,,No tow/articulation,Did not leave carriageway,0.0,Moving off,1,Car,No,Front,2005
200506L035475,26 - 35,4.0,Urban area,8.0,9000.0,,,Journey as part of work,Not at or within 20 metres of junction,SCANIA,,Heavy oil,Male,,No tow/articulation,Did not leave carriageway,0.0,Going ahead other,2,Bus or coach (17 or more pass seats),No,Did not impact,2005
200506L038221,46 - 55,2.0,Small town,10.0,11705.0,,,Journey as part of work,Not at or within 20 metres of junction,SCANIA,,Heavy oil,Male,,Articulated vehicle,Did not leave carriageway,0.0,Going ahead other,2,Goods 7.5 tonnes mgw and over,No,Nearside,2005
200506L038962,21 - 25,5.0,Small town,10.0,1590.0,,,Other/Not known (2005-10),Approaching junction or waiting/parked at junction approach,SUZUKI,BALENO GS,Petrol,Male,,No tow/articulation,Did not leave carriageway,0.0,Going ahead other,2,Car,No,Offside,2005
200506L040010,36 - 45,3.0,Urban area,1.0,1998.0,,,Commuting to/from work,Mid Junction - on roundabout or on main road,FORD,MONDEO GHIA X TDDI,Heavy oil,Male,,No tow/articulation,Did not leave carriageway,0.0,Going ahead other,2,Car,No,Front,2005
200506L918218,26 - 35,11.0,Urban area,3.0,1391.0,,,Data missing or out of range,Not at or within 20 metres of junction,FORD,ESCORT AZURA,Petrol,Male,,No tow/articulation,Did not leave carriageway,0.0,Going ahead other,1,Car,Data missing or out of range,Front,2005
200506L920250,21 - 25,11.0,Urban area,3.0,1389.0,,,Data missing or out of range,Cleared junction or waiting/parked at junction exit,VAUXHALL,ASTRA LS I,Petrol,Male,Skidded,No tow/articulation,Did not leave carriageway,0.0,Going ahead other,1,Car,Data missing or out of range,Front,2005
200506L920386,26 - 35,3.0,Urban area,7.0,1995.0,,,Data missing or out of range,Approaching junction or waiting/parked at junction approach,BMW,320 TD SE COMPACT,Heavy oil,Male,,No tow/articulation,Did not leave carriageway,0.0,Parked,2,Car,Data missing or out of range,Back,2005
200506L920442,36 - 45,,Urban area,9.0,,,,Data missing or out of range,Mid Junction - on roundabout or on main road,TOYOTA,YARIS T2,,Male,,No tow/articulation,Did not leave carriageway,0.0,Slowing or stopping,1,Van / Goods 3.5 tonnes mgw or under,Data missing or out of range,Front,2005
200506L920489,26 - 35,7.0,Data missing or out of range,,1000.0,,,Data missing or out of range,Mid Junction - on roundabout or on main road,HONDA,,Petrol,Male,,No tow/articulation,Offside,0.0,Overtaking static vehicle - offside,1,Motorcycle over 500cc,Data missing or out of range,Front,2005
200506L920489,26 - 35,6.0,Urban area,1.0,1834.0,,Other permanent object,Data missing or out of range,Leaving main road,PROTON,PERSONA COUPE,Petrol,Female,,No tow/articulation,Offside,0.0,Turning right,2,Car,Data missing or out of range,Offside,2005
200506L922203,26 - 35,4.0,Urban area,5.0,1598.0,,,Data missing or out of range,Mid Junction - on roundabout or on main road,RENAULT,MEGANE SCENIC EXP+ AUTO,Petrol,Female,,No tow/articulation,Did not leave carriageway,0.0,Going ahead other,2,Car,Data missing or out of range,Offside,2005
200506M024559,66 - 75,9.0,Urban area,9.0,2156.0,,,Other/Not known (2005-10),Not at or within 20 metres of junction,HONDA,ACCORD ES COUPE AUTO,Petrol,Male,,No tow/articulation,Did not leave carriageway,0.0,Slowing or stopping,2,Car,No,Front,2005
200506M025209,Data missing or out of range,18.0,Data missing or out of range,,1117.0,,,Other/Not known (2005-10),Mid Junction - on roundabout or on main road,FORD,FIESTA FESTIVAL,Petrol,Male,,No tow/articulation,Did not leave carriageway,0.0,Going ahead other,1,Car,No,Front,2005
200506M025209,46 - 55,4.0,Urban area,10.0,1794.0,,,Other/Not known (2005-10),Mid Junction - on roundabout or on main road,TOYOTA,AVENSIS GS VVT-I,Petrol,Male,,No tow/articulation,Did not leave carriageway,0.0,Going ahead other,2,Car,No,Nearside,2005
200506M025481,36 - 45,2.0,Urban area,2.0,2393.0,,,Journey as part of work,Approaching junction or waiting/parked at junction approach,AUDI,A4 SPORT CABRIOLET AUTO,Petrol,Male,,No tow/articulation,Did not leave carriageway,0.0,Going ahead other,1,Car,No,Front,2005
200506M027393,21 - 25,10.0,Urban area,9.0,954.0,,,Other/Not known (2005-10),Mid Junction - on roundabout or on main road,PEUGEOT,106 ESCAPADE,Petrol,Female,,No tow/articulation,Did not leave carriageway,0.0,Turning right,2,Car,No,Front,2005
200506M028966,56 - 65,9.0,Urban area,10.0,1389.0,,,Commuting to/from work,Mid Junction - on roundabout or on main road,VAUXHALL,ASTRA MERIT AUTO,Petrol,Female,,No tow/articulation,Did not leave carriageway,0.0,Turning right,1,Car,No,Front,2005
200506M029072,Over 75,8.0,Urban area,10.0,998.0,,,Other/Not known (2005-10),Approaching junction or waiting/parked at junction approach,NISSAN,MICRA GX,Petrol,Female,,No tow/articulation,Did not leave carriageway,0.0,Going ahead other,1,Car,No,Front,2005
200506M029588,21 - 25,1.0,Urban area,5.0,1360.0,,,Journey as part of work,Approaching junction or waiting/parked at junction approach,PEUGEOT,206 FEVER,Petrol,Female,,No tow/articulation,Did not leave carriageway,0.0,Waiting to go - held up,2,Car,No,Back,2005
200506M029838,21 - 25,,Urban area,6.0,,,,Other/Not known (2005-10),Approaching junction or waiting/parked at junction approach,VAUXHALL,ASTRA LS DTI,,Male,,No tow/articulation,Did not leave carriageway,0.0,Going ahead other,2,Car,No,Front,2005
200506M030083,36 - 45,4.0,Urban area,5.0,1998.0,,Lamp post,Other/Not known (2005-10),Cleared junction or waiting/parked at junction exit,FORD,MONDEO LX TDDI,Heavy oil,Male,,No tow/articulation,Did not leave carriageway,0.0,Going ahead other,1,Car,No,Front,2005
200506M030888,16 - 20,4.0,Urban area,9.0,1299.0,,,Other/Not known (2005-10),Not at or within 20 metres of junction,TOYOTA,YARIS SR,Petrol,Male,,No tow/articulation,Did not leave carriageway,0.0,Going ahead other,2,Car,No,Front,2005
200506M036302,36 - 45,5.0,Data missing or out of range,,1781.0,,,Commuting to/from work,Approaching junction or waiting/parked at junction approach,AUDI,A6 1.8 T SE,Petrol,Male,,No tow/articulation,Did not leave carriageway,0.0,Turning left,1,Car,No,Nearside,2005
200506M036414,56 - 65,,Urban area,5.0,,,,Journey as part of work,Mid Junction - on roundabout or on main road,MERCEDES,,,Male,,No tow/articulation,Did not leave carriageway,0.0,Going ahead other,1,Car,No,Front,2005
200506M037024,21 - 25,1.0,Urban area,2.0,1149.0,,,Journey as part of work,Approaching junction or waiting/parked at junction approach,RENAULT,CLIO DYNAMIQUE 16V,Petrol,Female,,No tow/articulation,Did not leave carriageway,0.0,Going ahead other,1,Car,No,Front,2005
200506M037030,46 - 55,4.0,Data missing or out of range,,1794.0,,,Other/Not known (2005-10),Cleared junction or waiting/parked at junction exit,TOYOTA,AVENSIS GS VVT-I,Petrol,Female,,No tow/articulation,Did not leave carriageway,0.0,Moving off,2,Car,No,Nearside,2005
200506M037634,21 - 25,11.0,Data missing or out of range,,1108.0,,,Other/Not known (2005-10),Mid Junction - on roundabout or on main road,FIAT,PUNTO 55 SX,Petrol,Female,Overturned,No tow/articulation,Did not leave carriageway,0.0,Turning right,1,Car,No,Offside,2005
200506M039740,26 - 35,,Urban area,4.0,,,,Other/Not known (2005-10),Not at or within 20 metres of junction,IVECO,,,Male,,No tow/articulation,Did not leave carriageway,0.0,Parked,2,Car,No,Front,2005
200506M041463,46 - 55,,Urban area,5.0,1896.0,,,Other/Not known (2005-10),Not at or within 20 metres of junction,AUDI,A4 SE TDI,Heavy oil,Female,,No tow/articulation,Did not leave carriageway,0.0,Going ahead other,1,Car,No,Front,2005
200506M917655,36 - 45,2.0,Urban area,4.0,1398.0,,,Data missing or out of range,Mid Junction - on roundabout or on main road,TOYOTA,COROLLA T2 VVTI,Petrol,Female,,No tow/articulation,Did not leave carriageway,0.0,U-turn,1,Car,Data missing or out of range,Front,2005
200506M919517,46 - 55,1.0,Urban area,4.0,1896.0,,,Data missing or out of range,Cleared junction or waiting/parked at junction exit,SKODA,OCTAVIA CLASIC TDI,Heavy oil,Male,,No tow/articulation,Did not leave carriageway,0.0,Parked,2,Car,Data missing or out of range,Back,2005
200506M919539,36 - 45,10.0,Data missing or out of range,,1493.0,,,Data missing or out of range,Approaching junction or waiting/parked at junction approach,HONDA,CIVIC BEL AIR,Petrol,Male,,No tow/articulation,Straight ahead at junction,0.0,Going ahead other,1,Car,Data missing or out of range,Front,2005
200506M921631,66 - 75,9.0,Urban area,,1994.0,,,Data missing or out of range,Approaching junction or waiting/parked at junction approach,ROVER,220 SD,Heavy oil,Male,,No tow/articulation,Did not leave carriageway,0.0,Parked,1,Car,Data missing or out of range,Offside,2005
200506N023415,46 - 55,,Urban area,3.0,,,Lamp post,Commuting to/from work,Cleared junction or waiting/parked at junction exit,FORD,ESCORT BONUS DIESEL,,Male,,No tow/articulation,Nearside,0.0,Going ahead other,1,Car,No,Front,2005
200506N023498,36 - 45,8.0,Urban area,6.0,1324.0,,,Other/Not known (2005-10),Mid Junction - on roundabout or on main road,KIA,PRIDE LX,Petrol,Male,,No tow/articulation,Did not leave carriageway,0.0,Going ahead other,1,Car,No,Nearside,2005
200506N024022,66 - 75,3.0,Urban area,8.0,1341.0,,,Other/Not known (2005-10),Mid Junction - on roundabout or on main road,HYUNDAI,ACCENT 1,Petrol,Female,,No tow/articulation,Did not leave carriageway,0.0,Turning right,1,Car,No,Front,2005
200506N024641,46 - 55,2.0,Urban area,6.0,1405.0,Bollard or refuge,,Other/Not known (2005-10),Cleared junction or waiting/parked at junction exit,ROVER,CITYROVER SELECT,Petrol,Female,,No tow/articulation,Did not leave carriageway,0.0,Going ahead other,1,Car,No,Front,2005
200506N026015,36 - 45,4.0,Urban area,9.0,1998.0,,,Other/Not known (2005-10),Not at or within 20 metres of junction,RENAULT,MEGANE SCENIC PRIV MONACO,Petrol,Female,,No tow/articulation,Did not leave carriageway,0.0,Overtaking moving vehicle - offside,1,Car,No,Nearside,2005
200506N027498,21 - 25,5.0,Urban area,2.0,996.0,,,Other/Not known (2005-10),Mid Junction - on roundabout or on main road,SUZUKI,TL 1000 RY,Petrol,Male,Skidded,No tow/articulation,Did not leave carriageway,0.0,Going ahead other,1,Motorcycle over 500cc,No,Front,2005
200506N028593,26 - 35,15.0,Data missing or out of range,,1596.0,,,Other/Not known (2005-10),Approaching junction or waiting/parked at junction approach,FORD,FIESTA XR2I,Petrol,Female,,No tow/articulation,Did not leave carriageway,0.0,Turning left,1,Car,No,Front,2005
200506N028798,36 - 45,5.0,Urban area,7.0,1242.0,,,Other/Not known (2005-10),Not at or within 20 metres of junction,FIAT,BRAVO 80 SX,Petrol,Male,,No tow/articulation,Did not leave carriageway,0.0,Going ahead other,1,Car,No,Front,2005
200506N028802,56 - 65,13.0,Urban area,5.0,1998.0,,,Other/Not known (2005-10),Approaching junction or waiting/parked at junction approach,FORD,GRANADA GLX I AUTO,Petrol,Male,,No tow/articulation,Did not leave carriageway,0.0,Slowing or stopping,2,Car,No,Back,2005
200506N030615,26 - 35,8.0,Urban area,4.0,1896.0,,,Commuting to/from work,Not at or within 20 metres of junction,VOLKSWAGEN,800 SPECIAL TD SWB,Heavy oil,Male,,No tow/articulation,Did not leave carriageway,0.0,Going ahead other,1,Van / Goods 3.5 tonnes mgw or under,No,Offside,2005
200506N032634,21 - 25,9.0,Data missing or out of range,,2299.0,,,Other/Not known (2005-10),Approaching junction or waiting/parked at junction approach,MERCEDES,208D SWB,Heavy oil,Male,Skidded,No tow/articulation,Did not leave carriageway,0.0,Going ahead other,1,Van / Goods 3.5 tonnes mgw or under,No,Front,2005
200506N032634,46 - 55,2.0,Urban area,4.0,1461.0,,,Journey as part of work,Approaching junction or waiting/parked at junction approach,RENAULT,CLIO AUTHENTIQUE DCI 65,Heavy oil,Male,,No tow/articulation,Did not leave carriageway,0.0,Going ahead other,3,Car,No,Back,2005
200506N034374,36 - 45,,Urban area,1.0,,,,Other/Not known (2005-10),Mid Junction - on roundabout or on main road,RENAULT,KANGOO 660 1.2P,,Male,,No tow/articulation,Did not leave carriageway,0.0,Going ahead other,2,Car,No,Offside,2005
200506N036315,56 - 65,7.0,Urban area,10.0,2164.0,,,Journey as part of work,Cleared junction or waiting/parked at junction exit,TOYOTA,CAMRY 2.2I AUTO,Petrol,Male,,No tow/articulation,Did not leave carriageway,0.0,Waiting to go - held up,3,Car,No,Nearside,2005
200506N037229,21 - 25,8.0,Urban area,10.0,1242.0,,,Other/Not known (2005-10),Not at or within 20 metres of junction,FIAT,PUNTO SX 60,Petrol,Male,,No tow/articulation,Did not leave carriageway,0.0,Going ahead other,1,Car,No,Nearside,2005
200506N037251,36 - 45,5.0,Urban area,8.0,1998.0,,,Other/Not known (2005-10),Cleared junction or waiting/parked at junction exit,TOYOTA,PICNIC GS,Petrol,Female,,No tow/articulation,Did not leave carriageway,0.0,Waiting to turn right,1,Car,No,Front,2005
200506N037329,16 - 20,6.0,Urban area,8.0,125.0,,,Other/Not known (2005-10),Entering roundabout,KTM,125 EXC,Petrol,Male,,No tow/articulation,Did not leave carriageway,0.0,Going ahead other,1,Motorcycle 125cc and under,No,Front,2005
200506N042164,26 - 35,,Urban area,10.0,1998.0,,,Journey as part of work,Mid Junction - on roundabout or on main road,RENAULT,CLIO RENAULTSPORT 182 16V,Petrol,Male,,No tow/articulation,Did not leave carriageway,0.0,Going ahead other,2,Car,No,Nearside,2005
200506N919318,26 - 35,2.0,Urban area,4.0,1343.0,,,Data missing or out of range,Mid Junction - on roundabout or on main road,KIA,RIO L,Petrol,Female,,No tow/articulation,Did not leave carriageway,0.0,Going ahead other,1,Car,Data missing or out of range,Offside,2005
200506N922283,Data missing or out of range,8.0,Urban area,5.0,2497.0,Parked vehicle,,Data missing or out of range,Mid Junction - on roundabout or on main road,MERCEDES,C250 CLASSIC TD AUTO,Heavy oil,Not known,,No tow/articulation,Nearside,0.0,Parked,2,Car,Data missing or out of range,Front,2005
200506P024489,21 - 25,10.0,Urban area,2.0,1389.0,,,Other/Not known (2005-10),Entering main road,VAUXHALL,CORSA MERIT AUTO,Petrol,Female,,No tow/articulation,Did not leave carriageway,0.0,Turning right,1,Car,No,Offside,2005
200506P025174,36 - 45,10.0,Urban area,1.0,1761.0,,,Journey as part of work,Cleared junction or waiting/parked at junction exit,CITROEN,XANTIA DIMENSION II 16V,Petrol,Female,,No tow/articulation,Did not leave carriageway,0.0,Going ahead other,2,Car,No,Offside,2005
200506P025638,26 - 35,5.0,Urban area,2.0,1199.0,,,Other/Not known (2005-10),Mid Junction - on roundabout or on main road,VAUXHALL,CORSA 16V,Petrol,Female,Skidded,No tow/articulation,Did not leave carriageway,0.0,Going ahead other,1,Car,No,Front,2005
200506P025638,36 - 45,2.0,Urban area,4.0,1124.0,,,Other/Not known (2005-10),Mid Junction - on roundabout or on main road,PEUGEOT,206 LOOK,Petrol,Female,,No tow/articulation,Did not leave carriageway,0.0,Waiting to go - held up,2,Car,No,Back,2005
200506P025655,56 - 65,3.0,Urban area,9.0,1689.0,,,Other/Not known (2005-10),Entering main road,MERCEDES,A170 CDI AVANTGARDE,Heavy oil,Female,,No tow/articulation,Did not leave carriageway,0.0,Turning right,1,Car,No,Front,2005
200506P025683,26 - 35,9.0,Urban area,4.0,1747.0,,,Commuting to/from work,Mid Junction - on roundabout or on main road,FIAT,BRAVA 1.8 ELX,Petrol,Male,,No tow/articulation,Did not leave carriageway,0.0,Slowing or stopping,2,Car,No,Back,2005
200506P027055,36 - 45,1.0,Urban area,8.0,1242.0,,Lamp post,Other/Not known (2005-10),Cleared junction or waiting/parked at junction exit,FIAT,PUNTO ACTIVE 8V,Petrol,Male,,No tow/articulation,Nearside,0.0,Going ahead right-hand bend,1,Car,No,Front,2005
200506P028199,46 - 55,3.0,Urban area,8.0,1689.0,,,Other/Not known (2005-10),Cleared junction or waiting/parked at junction exit,MERCEDES,A170 CDI AVANTGARDE,Heavy oil,Male,,No tow/articulation,Did not leave carriageway,0.0,Turning right,1,Car,No,Front,2005
200506P029194,21 - 25,2.0,Data missing or out of range,,1998.0,,,Other/Not known (2005-10),Approaching junction or waiting/parked at junction approach,FORD,TRANSIT 280 SWB TD,Heavy oil,Male,,No tow/articulation,Did not leave carriageway,0.0,Going ahead other,1,Van / Goods 3.5 tonnes mgw or under,No,Front,2005
200506P029850,Data missing or out of range,2.0,Data missing or out of range,,2461.0,,,Other/Not known (2005-10),Approaching junction or waiting/parked at junction approach,VOLKSWAGEN,LT 35 TDI LWB,Heavy oil,Not known,,No tow/articulation,Did not leave carriageway,0.0,Going ahead other,1,Van / Goods 3.5 tonnes mgw or under,No,Front,2005
200506P030043,46 - 55,,Urban area,7.0,,,,Journey as part of work,Approaching junction or waiting/parked at junction approach,HONDA,,,Male,,No tow/articulation,Did not leave carriageway,0.0,Going ahead other,2,Van / Goods 3.5 tonnes mgw or under,No,Nearside,2005
200506P030632,46 - 55,13.0,Urban area,1.0,1998.0,,,Other/Not known (2005-10),Approaching junction or waiting/parked at junction approach,FORD,SIERRA GT,Petrol,Male,,No tow/articulation,Did not leave carriageway,0.0,Waiting to go - held up,2,Car,No,Offside,2005
200506P030635,26 - 35,10.0,Urban area,1.0,1985.0,,,Other/Not known (2005-10),Entering main road,SAAB,900 XS,Petrol,Male,,No tow/articulation,Did not leave carriageway,0.0,Turning right,1,Car,No,Offside,2005
200506P032830,36 - 45,7.0,Urban area,2.0,9600.0,,,Journey as part of work,Not at or within 20 metres of junction,VOLVO,,Heavy oil,Male,,No tow/articulation,Did not leave carriageway,0.0,Parked,2,Bus or coach (17 or more pass seats),No,Back,2005
200506P034166,Data missing or out of range,3.0,Data missing or out of range,,1598.0,,,Other/Not known (2005-10),Entering main road,SEAT,LEON S 16V,Petrol,Male,,No tow/articulation,Did not leave carriageway,0.0,Turning right,1,Car,No,Front,2005
200506P035425,56 - 65,1.0,Urban area,3.0,1998.0,,,Other/Not known (2005-10),Mid Junction - on roundabout or on main road,RENAULT,ESPACE EXPRESSION,Petrol,Male,,No tow/articulation,Did not leave carriageway,0.0,Turning right,1,Car,No,Front,2005
200506P037365,26 - 35,8.0,Urban area,1.0,1753.0,,,Other/Not known (2005-10),Approaching junction or waiting/parked at junction approach,FORD,FIESTA CLASSIC DIESEL,Heavy oil,Male,,No tow/articulation,Did not leave carriageway,0.0,Overtaking static vehicle - offside,1,Car,No,Front,2005
200506P037365,36 - 45,8.0,Urban area,1.0,1998.0,,,Other/Not known (2005-10),Approaching junction or waiting/parked at junction approach,TOYOTA,PICNIC GL,Petrol,Male,,No tow/articulation,Did not leave carriageway,0.0,Going ahead other,2,Car,No,Front,2005
200506P037837,26 - 35,3.0,Urban area,1.0,1995.0,,,Journey as part of work,Not at or within 20 metres of junction,TOYOTA,AVENSIS GS D4-D,Heavy oil,Male,,No tow/articulation,Did not leave carriageway,0.0,Going ahead other,1,Car,No,Front,2005
200506P038531,36 - 45,6.0,Data missing or out of range,,1108.0,,,Other/Not known (2005-10),Approaching junction or waiting/parked at junction approach,FIAT,SEICENTO SPORTING,Petrol,Female,,No tow/articulation,Did not leave carriageway,0.0,Waiting to go - held up,3,Car,No,Back,2005
200506P038882,36 - 45,3.0,Urban area,3.0,1390.0,Parked vehicle,Other permanent object,Other/Not known (2005-10),Not at or within 20 metres of junction,SEAT,IBIZA SE,Petrol,Not known,,No tow/articulation,Nearside,0.0,Parked,2,Car,No,Front,2005
200506P038882,56 - 65,6.0,Urban area,3.0,998.0,,,Other/Not known (2005-10),Not at or within 20 metres of junction,NISSAN,MICRA ALLY,Petrol,Not known,,No tow/articulation,Did not leave carriageway,0.0,Parked,3,Car,No,Front,2005
200506P039187,46 - 55,6.0,Urban area,8.0,1598.0,,,Other/Not known (2005-10),Approaching junction or waiting/parked at junction approach,RENAULT,LAGUNA SPORT,Petrol,Female,,No tow/articulation,Did not leave carriageway,0.0,Going ahead other,1,Car,No,Nearside,2005
200506P039187,26 - 35,,Rural,9.0,1229.0,,,Other/Not known (2005-10),Approaching junction or waiting/parked at junction approach,VAUXHALL,CORSA DESIGN TWINPORT S-A,Petrol,Female,,No tow/articulation,Did not leave carriageway,0.0,Parked,3,Car,No,Back,2005