Accident_Index,Age_Band_of_Driver,Age_of_Vehicle,Driver_Home_Area_Type,Driver_IMD_Decile,Engine_Capacity_.CC.,Hit_Object_in_Carriageway,Hit_Object_off_Carriageway,Journey_Purpose_of_Driver,Junction_Location,make,model,Propulsion_Code,Sex_of_Driver,Skidding_and_Overturning,Towing_and_Articulation,Vehicle_Leaving_Carriageway,Vehicle_Location.Restricted_Lane,Vehicle_Manoeuvre,Vehicle_Reference,Vehicle_Type,Was_Vehicle_Left_Hand_Drive,X1st_Point_of_Impact,Year
2005100321105,16 - 20,17.0,Urban area,2.0,1997.0,Bollard or refuge,Road sign or traffic signal,Other/Not known (2005-10),Not at or within 20 metres of junction,MERCEDES,190 MK2,Petrol,Male,,No tow/articulation,Nearside,0.0,Going ahead other,1,Car,No,Front,2005
2005100324005,56 - 65,3.0,Urban area,2.0,11021.0,,,Journey as part of work,Approaching junction or waiting/parked at junction approach,SCANIA,,Heavy oil,Male,,No tow/articulation,Did not leave carriageway,0.0,Changing lane to left,1,Goods 7.5 tonnes mgw and over,No,Nearside,2005
2005100327505,46 - 55,1.0,Urban area,2.0,1870.0,,,Journey as part of work,Not at or within 20 metres of junction,RENAULT,LL29 DCI 100,Heavy oil,Male,,No tow/articulation,Did not leave carriageway,0.0,Going ahead other,1,Van / Goods 3.5 tonnes mgw or under,No,Front,2005
2005100327505,36 - 45,7.0,Urban area,8.0,1783.0,,,Other/Not known (2005-10),Not at or within 20 metres of junction,RENAULT,LAGUNA RN 1.8,Petrol,Female,,No tow/articulation,Did not leave carriageway,0.0,Going ahead other,2,Car,No,Back,2005
2005100327505,26 - 35,2.0,Urban area,4.0,1997.0,,,Other/Not known (2005-10),Not at or within 20 metres of junction,CITROEN,XSARA PICASSO SX HDI,Heavy oil,Female,,No tow/articulation,Did not leave carriageway,0.0,Going ahead other,3,Car,No,Back,2005
2005100334805,21 - 25,1.0,Urban area,8.0,1149.0,,,Other/Not known (2005-10),Leaving roundabout,RENAULT,CLIO DYNAMIQUE 16V,Petrol,Female,,No tow/articulation,Did not leave carriageway,0.0,Going ahead left-hand bend,1,Car,No,Front,2005
2005100339505,46 - 55,10.0,Data missing or out of range,,9600.0,,,Journey as part of work,Cleared junction or waiting/parked at junction exit,VOLVO,,Heavy oil,Male,,No tow/articulation,Did not leave carriageway,0.0,Going ahead other,1,Bus or coach (17 or more pass seats),No,Front,2005
2005100344305,36 - 45,1.0,Urban area,5.0,15607.0,,,Journey as part of work,Not at or within 20 metres of junction,SCANIA,,Heavy oil,Male,,No tow/articulation,Did not leave carriageway,0.0,Going ahead other,3,Goods 7.5 tonnes mgw and over,No,Back,2005
2005100346705,36 - 45,1.0,Urban area,1.0,1896.0,,,Journey as part of work,Mid Junction - on roundabout or on main road,SKODA,SUPERB CLASSIC 100 TDI,Heavy oil,Male,,No tow/articulation,Did not leave carriageway,0.0,Going ahead other,2,Car,No,Offside,2005
2005100361305,46 - 55,3.0,Urban area,4.0,1390.0,,Entered ditch,Journey as part of work,Not at or within 20 metres of junction,RENAULT,MEGANE SCENIC EXPRESSION,Petrol,Female,Skidded and overturned,No tow/articulation,Nearside,0.0,Going ahead other,1,Car,No,Front,2005
2005100362605,36 - 45,6.0,Rural,7.0,2494.0,,Near/Offside crash barrier,Other/Not known (2005-10),Cleared junction or waiting/parked at junction exit,BMW,323I SE,Petrol,Female,,No tow/articulation,Did not leave carriageway,0.0,Going ahead other,1,Car,No,Nearside,2005
2005100372005,46 - 55,3.0,Rural,9.0,1998.0,,,Other/Not known (2005-10),Approaching junction or waiting/parked at junction approach,HONDA,CIVIC TYPE-R,Petrol,Female,,No tow/articulation,Nearside,0.0,Waiting to turn left,2,Car,No,Back,2005
2005100377505,46 - 55,14.0,Data missing or out of range,,2384.0,,,Journey as part of work,Approaching junction or waiting/parked at junction approach,VOLKSWAGEN,LT 35 E DIESEL,Heavy oil,Male,,No tow/articulation,Did not leave carriageway,0.0,Going ahead other,1,Van / Goods 3.5 tonnes mgw or under,No,Front,2005
2005100386105,46 - 55,4.0,Urban area,9.0,1910.0,,,Other/Not known (2005-10),Approaching junction or waiting/parked at junction approach,FIAT,MULTIPLA 110 SX JTD,Heavy oil,Male,,No tow/articulation,Did not leave carriageway,0.0,Going ahead other,2,Car,No,Front,2005
2005100388705,36 - 45,10.0,Urban area,8.0,1984.0,,,Commuting to/from work,Approaching junction or waiting/parked at junction approach,VOLVO,850,Petrol,Female,,No tow/articulation,Did not leave carriageway,0.0,Going ahead other,1,Car,No,Front,2005
2005100388705,56 - 65,1.0,Urban area,3.0,1339.0,,,Other/Not known (2005-10),Approaching junction or waiting/parked at junction approach,HONDA,JAZZ SE,Petrol,Female,,No tow/articulation,Did not leave carriageway,0.0,Waiting to go - held up,2,Car,No,Back,2005
2005100388705,26 - 35,1.0,Urban area,6.0,1560.0,,,Journey as part of work,Approaching junction or waiting/parked at junction approach,PEUGEOT,407 SE HDI,Heavy oil,Male,,No tow/articulation,Did not leave carriageway,0.0,Waiting to turn right,3,Car,No,Back,2005
2005100388805,Data missing or out of range,,Urban area,3.0,,,,Commuting to/from work,Not at or within 20 metres of junction,RENAULT,MEGANE SCENIC PRIVILEGE+,,Male,,No tow/articulation,Did not leave carriageway,0.0,Waiting to go - held up,4,Van / Goods 3.5 tonnes mgw or under,No,Back,2005
2005100390005,46 - 55,8.0,Small town,7.0,1589.0,,,Other/Not known (2005-10),Approaching junction or waiting/parked at junction approach,ROVER,216 SI AUTO,Petrol,Male,,No tow/articulation,Did not leave carriageway,0.0,Going ahead other,2,Car,No,Front,2005
2005100408305,26 - 35,4.0,Small town,2.0,1753.0,,,Commuting to/from work,Not at or within 20 metres of junction,FORD,FIESTA ENCORE TD,Heavy oil,Male,Skidded,No tow/articulation,Did not leave carriageway,0.0,Overtaking - nearside,1,Car,No,Nearside,2005
2005100414005,36 - 45,1.0,Urban area,3.0,1149.0,,,Other/Not known (2005-10),Approaching junction or waiting/parked at junction approach,RENAULT,CLIO EXTREME 3 16V,Petrol,Male,,No tow/articulation,Did not leave carriageway,0.0,Waiting to go - held up,2,Car,No,Back,2005
2005100418405,46 - 55,,Urban area,7.0,,,,Other/Not known (2005-10),Entering main road,FORD,FIESTA COURIER DIESEL,,Male,,No tow/articulation,Did not leave carriageway,0.0,Turning left,1,Car,No,Front,2005
2005100422805,26 - 35,8.0,Urban area,7.0,1753.0,,,Other/Not known (2005-10),Approaching junction or waiting/parked at junction approach,FORD,FIESTA CLASSIC DIESEL,Heavy oil,Male,,No tow/articulation,Did not leave carriageway,0.0,Going ahead other,2,Car,No,Back,2005
2005100432305,36 - 45,8.0,Urban area,1.0,918.0,,,Other/Not known (2005-10),Mid Junction - on roundabout or on main road,HONDA,,Petrol,Male,,No tow/articulation,Did not leave carriageway,0.0,Going ahead other,2,Motorcycle over 500cc,No,Front,2005
2005100441205,46 - 55,2.0,Urban area,9.0,1587.0,,,Journey as part of work,Approaching junction or waiting/parked at junction approach,PEUGEOT,206 ALLURE,Petrol,Female,,No tow/articulation,Did not leave carriageway,0.0,Waiting to go - held up,2,Car,No,Back,2005
2005100445105,36 - 45,6.0,Urban area,3.0,6871.0,,,Journey as part of work,Approaching junction or waiting/parked at junction approach,MAN,,Heavy oil,Male,,No tow/articulation,Did not leave carriageway,2.0,Moving off,1,Bus or coach (17 or more pass seats),No,Front,2005
2005100446305,26 - 35,1.0,Urban area,,198.0,,,Journey as part of work,Not at or within 20 metres of junction,PIAGGIO,VESPA GT 200,Petrol,Male,Skidded and overturned,No tow/articulation,Did not leave carriageway,0.0,Going ahead other,3,Motorcycle over 125cc and up to 500cc,No,Front,2005
2005100454805,16 - 20,1.0,Urban area,2.0,1124.0,,,Other/Not known (2005-10),Not at or within 20 metres of junction,PEUGEOT,206 S,Petrol,Male,,No tow/articulation,Did not leave carriageway,0.0,Going ahead other,1,Car,No,Front,2005
2005100455605,66 - 75,,Urban area,3.0,1364.0,,,Other/Not known (2005-10),Leaving main road,VAUXHALL,MERIVA LIFE TWINPORT,Petrol,Male,,No tow/articulation,Did not leave carriageway,0.0,Turning right,1,Car,No,Front,2005
2005100455605,56 - 65,4.0,Urban area,9.0,49.0,,,Other/Not known (2005-10),Approaching junction or waiting/parked at junction approach,HONDA,SGX50,Petrol,Male,,No tow/articulation,Did not leave carriageway,0.0,Waiting to turn right,2,Motorcycle 50cc and under,No,Offside,2005
2005100462205,46 - 55,1.0,Urban area,10.0,1796.0,,,Commuting to/from work,Approaching junction or waiting/parked at junction approach,TOYOTA,COROLLA TSPORT VVTLI,Petrol,Male,,No tow/articulation,Did not leave carriageway,0.0,Waiting to go - held up,2,Car,No,Back,2005
2005100466405,16 - 20,,Data missing or out of range,,,,,Commuting to/from work,Mid Junction - on roundabout or on main road,CITROEN,RELAY 1000 TD HDI SWB,,Male,,No tow/articulation,Did not leave carriageway,0.0,Turning right,1,Car,No,Front,2005
2005100473405,26 - 35,2.0,Urban area,10.0,1999.0,,,Other/Not known (2005-10),Entering main road,MAZDA,3 SPORT,Petrol,Female,,No tow/articulation,Did not leave carriageway,0.0,Turning right,1,Car,No,Offside,2005
2005100478505,36 - 45,1.0,Urban area,7.0,2497.0,,,Commuting to/from work,Approaching junction or waiting/parked at junction approach,BMW,525D SE,Heavy oil,Male,,No tow/articulation,Did not leave carriageway,0.0,Turning left,2,Car,No,Nearside,2005
2005100480405,36 - 45,1.0,Urban area,10.0,1328.0,,,Commuting to/from work,Approaching junction or waiting/parked at junction approach,SUZUKI,JIMNY MODE,Petrol,Female,,No tow/articulation,Did not leave carriageway,0.0,Waiting to go - held up,2,Car,No,Back,2005
2005100484105,56 - 65,12.0,Data missing or out of range,,1389.0,,,Other/Not known (2005-10),Entering roundabout,VAUXHALL,ASTRA LS I,Petrol,Male,,No tow/articulation,Did not leave carriageway,0.0,Turning right,1,Car,No,Offside,2005
2005100484305,26 - 35,7.0,Urban area,2.0,1120.0,,,Other/Not known (2005-10),Approaching junction or waiting/parked at junction approach,ROVER,100 ASCOT,Petrol,Male,,No tow/articulation,Did not leave carriageway,0.0,Going ahead other,3,Car,No,Offside,2005
2005100488605,36 - 45,8.0,Urban area,5.0,1389.0,,,Commuting to/from work,Entering roundabout,VAUXHALL,ASTRA MERIT,Petrol,Female,,No tow/articulation,Did not leave carriageway,0.0,Going ahead other,2,Car,No,Back,2005
2005100492805,56 - 65,11.0,Urban area,2.0,1396.0,,,Other/Not known (2005-10),Leaving main road,ROVER,414 SI,Petrol,Male,,No tow/articulation,Did not leave carriageway,0.0,Turning right,1,Car,No,Offside,2005
2005100493205,36 - 45,2.0,Data missing or out of range,,1461.0,,,Other/Not known (2005-10),Not at or within 20 metres of junction,RENAULT,MEGANE DYNAMIQUE DCI 80,Heavy oil,Male,,No tow/articulation,Did not leave carriageway,0.0,Going ahead other,1,Car,No,Front,2005
2005100494605,46 - 55,4.0,Urban area,8.0,1137.0,Kerb,,Other/Not known (2005-10),Leaving roundabout,HONDA,CB1100 SF,Petrol,Male,,No tow/articulation,Did not leave carriageway,0.0,Going ahead other,1,Motorcycle over 500cc,No,Front,2005
2005100496105,16 - 20,,Urban area,7.0,,,,Commuting to/from work,Mid Junction - on roundabout or on main road,MERCEDES,SPRINTER 208 CDI SWB,,Male,,No tow/articulation,Did not leave carriageway,0.0,Going ahead other,1,Car,No,Offside,2005
2005100501905,36 - 45,13.0,Urban area,1.0,1468.0,,,Other/Not known (2005-10),Mid Junction - on roundabout or on main road,PROTON,SE,Petrol,Female,,No tow/articulation,Did not leave carriageway,0.0,Going ahead other,2,Car,No,Offside,2005
2005100504605,26 - 35,2.0,Urban area,7.0,1997.0,,,Journey as part of work,Approaching junction or waiting/parked at junction approach,PEUGEOT,807 LX HDI,Heavy oil,Male,,No tow/articulation,Did not leave carriageway,0.0,Turning left,1,Car,No,Nearside,2005
2005100513505,56 - 65,3.0,Urban area,7.0,1783.0,,Other permanent object,Other/Not known (2005-10),Not at or within 20 metres of junction,VOLVO,V40 S,Petrol,Female,Overturned,No tow/articulation,Nearside and rebounded,0.0,Going ahead other,1,Car,No,Front,2005
2005100515305,26 - 35,,Urban area,9.0,,,,Other/Not known (2005-10),Mid Junction - on roundabout or on main road,CITROEN,SAXO FORTE,,Male,,No tow/articulation,Did not leave carriageway,0.0,Going ahead other,1,Bus or coach (17 or more pass seats),No,Offside,2005
2005100536505,46 - 55,1.0,Data missing or out of range,,1995.0,,,Other/Not known (2005-10),Not at or within 20 metres of junction,TOYOTA,AVENSIS T SPIRIT D-4D,Heavy oil,Female,Skidded,No tow/articulation,Nearside,0.0,Going ahead other,2,Car,No,Front,2005
2005100552905,16 - 20,1.0,Urban area,1.0,102.0,,,Other/Not known (2005-10),Not at or within 20 metres of junction,HONDA,SCV100F-E,Petrol,Male,,No tow/articulation,Did not leave carriageway,0.0,Going ahead other,1,Motorcycle 125cc and under,No,Front,2005
2005100555005,66 - 75,1.0,Urban area,,1998.0,,,Other/Not known (2005-10),Cleared junction or waiting/parked at junction exit,MAZDA,6 SPORT DIESEL,Heavy oil,Male,,No tow/articulation,Did not leave carriageway,0.0,Going ahead other,1,Car,No,Offside,2005
2005100555305,Data missing or out of range,7.0,Data missing or out of range,,1599.0,,,Other/Not known (2005-10),Entering main road,HYUNDAI,LANTRA 1.6 LSI,Petrol,Male,,No tow/articulation,Did not leave carriageway,0.0,Turning right,2,Car,No,Back,2005
2005100562705,36 - 45,1.0,Urban area,2.0,6871.0,,,Journey as part of work,Mid Junction - on roundabout or on main road,MAN,,Heavy oil,Male,,No tow/articulation,Did not leave carriageway,0.0,Going ahead other,2,Bus or coach (17 or more pass seats),No,Did not impact,2005
2005100564905,56 - 65,,Data missing or out of range,,7300.0,,,Journey as part of work,Cleared junction or waiting/parked at junction exit,VOLVO,,Heavy oil,Male,,No tow/articulation,Did not leave carriageway,0.0,Going ahead other,1,Bus or coach (17 or more pass seats),No,Did not impact,2005
2005100566805,56 - 65,6.0,Urban area,3.0,5900.0,,,Journey as part of work,Approaching junction or waiting/parked at junction approach,DENNIS,,Heavy oil,Male,,No tow/articulation,Did not leave carriageway,0.0,Slowing or stopping,1,Bus or coach (17 or more pass seats),No,Nearside,2005
2005100569605,21 - 25,9.0,Urban area,1.0,1581.0,,,Other/Not known (2005-10),Not at or within 20 metres of junction,FIAT,BRAVA 1.6 SX,Petrol,Male,,No tow/articulation,Did not leave carriageway,0.0,Going ahead other,1,Car,No,Front,2005
2005100569605,46 - 55,5.0,Urban area,9.0,1984.0,,,Other/Not known (2005-10),Not at or within 20 metres of junction,SKODA,OCTAVIA GLXI,Petrol,Female,,No tow/articulation,Did not leave carriageway,0.0,Going ahead other,2,Car,No,Back,2005
2005100571505,46 - 55,4.0,Urban area,2.0,8268.0,,,Journey as part of work,Approaching junction or waiting/parked at junction approach,DENNIS,,Heavy oil,Male,,No tow/articulation,Did not leave carriageway,0.0,Going ahead other,2,Bus or coach (17 or more pass seats),No,Did not impact,2005
2005100573705,36 - 45,2.0,Urban area,8.0,1360.0,,,Other/Not known (2005-10),Entering main road,CITROEN,C3 SX,Petrol,Female,,No tow/articulation,Did not leave carriageway,0.0,Turning right,2,Car,No,Offside,2005
2005100578405,46 - 55,7.0,Small town,,1781.0,,,Other/Not known (2005-10),Not at or within 20 metres of junction,AUDI,A3 1.8T SPORT,Petrol,Male,Skidded,No tow/articulation,Nearside,0.0,Going ahead other,1,Car,No,Offside,2005
2005100580605,Data missing or out of range,5.0,Urban area,1.0,1910.0,,,Other/Not known (2005-10),Not at or within 20 metres of junction,FIAT,PUNTO ELX JTD,Heavy oil,Male,,No tow/articulation,Did not leave carriageway,0.0,Going ahead other,1,Car,No,Front,2005
2005100593805,46 - 55,3.0,Urban area,9.0,1398.0,Kerb,Other permanent object,Commuting to/from work,Not at or within 20 metres of junction,CITROEN,C3 HDI SX,Heavy oil,Female,,No tow/articulation,Offside on to central reservation,0.0,Going ahead other,2,Car,No,Offside,2005
2005100604105,26 - 35,2.0,Data missing or out of range,,636.0,,,Other/Not known (2005-10),Approaching junction or waiting/parked at junction approach,KAWASAKI,ZX636 B1H,Petrol,Male,,No tow/articulation,Did not leave carriageway,0.0,Waiting to go - held up,2,Motorcycle over 500cc,No,Back,2005
2005100610605,21 - 25,2.0,Data missing or out of range,,1149.0,,,Commuting to/from work,Entering main road,RENAULT,CLIO EXTREME 2 16V,Petrol,Female,,No tow/articulation,Did not leave carriageway,0.0,Turning right,1,Car,No,Front,2005
2005100610605,26 - 35,,Data missing or out of range,,2477.0,,,Commuting to/from work,Mid Junction - on roundabout or on main road,MITSUBISHI,SHOGUN SPORT WARRIOR TD,Heavy oil,Male,,No tow/articulation,Did not leave carriageway,0.0,Going ahead other,2,Car,No,Front,2005
2005100611305,56 - 65,1.0,Data missing or out of range,,1998.0,,Central crash barrier,Journey as part of work,Not at or within 20 metres of junction,FORD,MONDEO ZETEC TDCI 130,Heavy oil,Male,,No tow/articulation,Offside on to central reservation,0.0,Going ahead other,2,Car,No,Offside,2005
2005100613605,26 - 35,5.0,Small town,9.0,1997.0,Kerb,,Other/Not known (2005-10),Not at or within 20 metres of junction,PEUGEOT,406 GLX HDI(110),Heavy oil,Male,,No tow/articulation,Nearside,0.0,Going ahead other,1,Car,No,Nearside,2005
2005100617705,36 - 45,1.0,Urban area,9.0,1988.0,,,Other/Not known (2005-10),Cleared junction or waiting/parked at junction exit,JAGUAR,X-TYPE CLASSIC D,Heavy oil,Male,,No tow/articulation,Did not leave carriageway,0.0,U-turn,1,Car,No,Offside,2005
2005100617705,36 - 45,,Urban area,9.0,599.0,,,Other/Not known (2005-10),Cleared junction or waiting/parked at junction exit,HONDA,CBR 600 RR-5,Petrol,Male,,No tow/articulation,Did not leave carriageway,0.0,Overtaking moving vehicle - offside,2,Motorcycle over 500cc,No,Front,2005
2005100619705,16 - 20,1.0,Data missing or out of range,,1590.0,,,Other/Not known (2005-10),Not at or within 20 metres of junction,HONDA,CIVIC SPORT,Petrol,Female,,No tow/articulation,Did not leave carriageway,0.0,Going ahead other,1,Car,No,Front,2005
2005100640405,36 - 45,6.0,Urban area,5.0,1747.0,,,Other/Not known (2005-10),Approaching junction or waiting/parked at junction approach,ALFA ROMEO,156 1.8 T SPARK,Petrol,Male,,No tow/articulation,Did not leave carriageway,0.0,Waiting to go - held up,2,Car,No,Back,2005
2005100642005,46 - 55,1.0,Urban area,7.0,1997.0,,,Other/Not known (2005-10),Mid Junction - on roundabout or on main road,CITROEN,XSARA PICASSO DESIRE 2HDI,Heavy oil,Male,,No tow/articulation,Did not leave carriageway,0.0,Going ahead other,2,Car,No,Offside,2005
2005100643005,Data missing or out of range,2.0,Rural,,1753.0,,,Other/Not known (2005-10),Cleared junction or waiting/parked at junction exit,FORD,TRAN CONNECT LX TDCI SWB,Heavy oil,Male,,No tow/articulation,Did not leave carriageway,0.0,Going ahead other,1,Van / Goods 3.5 tonnes mgw or under,No,Front,2005
2005100643005,46 - 55,,Urban area,7.0,,,,Other/Not known (2005-10),Cleared junction or waiting/parked at junction exit,RENAULT,KANGOO 665 1.9D,,Male,,No tow/articulation,Did not leave carriageway,0.0,Waiting to go - held up,2,Car,No,Back,2005
2005100646205,21 - 25,4.0,Urban area,,2172.0,,,Journey as part of work,Mid Junction - on roundabout or on main road,VAUXHALL,VECTRA SRI 130 DTI,Heavy oil,Male,,No tow/articulation,Did not leave carriageway,0.0,Turning right,2,Car,No,Back,2005
2005100647405,21 - 25,,Urban area,8.0,,,,Other/Not known (2005-10),Not at or within 20 metres of junction,CITROEN,BERLINGO 800D LX,,Male,,No tow/articulation,Did not leave carriageway,0.0,Going ahead other,1,Car,No,Front,2005
2005100660005,Data missing or out of range,1.0,Data missing or out of range,,1995.0,,,Other/Not known (2005-10),Not at or within 20 metres of junction,VAUXHALL,ZAFIRA DESIGN DTI 16V,Heavy oil,Not known,,No tow/articulation,Did not leave carriageway,0.0,Changing lane to right,1,Car,No,Did not impact,2005
2005100661005,36 - 45,9.0,Data missing or out of range,,,,,Journey as part of work,Mid Junction - on roundabout or on main road,DENNIS,,Heavy oil,Male,,No tow/articulation,Did not leave carriageway,0.0,Going ahead other,1,Bus or coach (17 or more pass seats),No,Front,2005
2005100667805,21 - 25,14.0,Small town,2.0,954.0,,,Commuting to/from work,Mid Junction - on roundabout or on main road,CITROEN,AX 10 DEBUT,Petrol,Male,Skidded,No tow/articulation,Did not leave carriageway,0.0,Going ahead other,2,Car,No,Front,2005
2005100686205,36 - 45,2.0,Rural,5.0,1995.0,,Road sign or traffic signal,Journey as part of work,Mid Junction - on roundabout or on main road,VAUXHALL,VECTRA CLUB DTI 16V,Heavy oil,Male,,No tow/articulation,Offside,0.0,Going ahead other,2,Car,No,Front,2005
2005100692405,16 - 20,14.0,Data missing or out of range,,1600.0,,,Other/Not known (2005-10),Mid Junction - on roundabout or on main road,MAZDA,,Petrol,Male,,No tow/articulation,Did not leave carriageway,0.0,Changing lane to left,1,Car,No,Front,2005
2005100698405,46 - 55,2.0,Rural,9.0,1984.0,,,Commuting to/from work,Mid Junction - on roundabout or on main road,AUDI,A4 SPORT AUTO,Petrol,Male,,No tow/articulation,Did not leave carriageway,0.0,Moving off,2,Car,No,Back,2005
2005100702505,26 - 35,2.0,Urban area,8.0,1794.0,,,Journey as part of work,Mid Junction - on roundabout or on main road,TOYOTA,AVENSIS T3-S SEMI-AUTO,Petrol,Female,,No tow/articulation,Did not leave carriageway,0.0,Going ahead other,1,Car,No,Front,2005
2005100721705,26 - 35,6.0,Urban area,2.0,6871.0,,,Journey as part of work,Not at or within 20 metres of junction,MAN,,Heavy oil,Male,,No tow/articulation,Did not leave carriageway,0.0,Going ahead other,1,Bus or coach (17 or more pass seats),No,Front,2005
2005100724305,36 - 45,1.0,Urban area,1.0,1997.0,,,Journey as part of work,Leaving main road,CITROEN,BERLINGO M-SPACE DES HDI,Heavy oil,Male,,No tow/articulation,Did not leave carriageway,0.0,Turning left,1,Car,No,Front,2005
2005100726105,26 - 35,,Rural,7.0,1910.0,,,Journey as part of work,Approaching junction or waiting/parked at junction approach,VAUXHALL,VECTRA DESIGN CDTI 8V,Heavy oil,Male,,No tow/articulation,Did not leave carriageway,0.0,Waiting to go - held up,2,Car,No,Back,2005
2005100726105,36 - 45,,Data missing or out of range,,1248.0,,,Journey as part of work,Approaching junction or waiting/parked at junction approach,VAUXHALL,CORSA SXI CDTI,Heavy oil,Female,,No tow/articulation,Did not leave carriageway,0.0,Waiting to go - held up,3,Car,No,Back,2005
2005100730105,36 - 45,5.0,Urban area,1.0,9600.0,,,Journey as part of work,Approaching junction or waiting/parked at junction approach,VOLVO,,Heavy oil,Male,,No tow/articulation,Did not leave carriageway,0.0,Going ahead other,1,Bus or coach (17 or more pass seats),No,Front,2005
2005100734405,26 - 35,7.0,Urban area,2.0,9600.0,Parked vehicle,,Journey as part of work,Not at or within 20 metres of junction,VOLVO,,Heavy oil,Male,,No tow/articulation,Did not leave carriageway,0.0,Overtaking static vehicle - offside,1,Bus or coach (17 or more pass seats),No,Nearside,2005
2005100753705,16 - 20,9.0,Data missing or out of range,,1598.0,,,Commuting to/from work,Not at or within 20 metres of junction,VOLKSWAGEN,POLO 1.6 CL,Petrol,Male,Skidded,No tow/articulation,Did not leave carriageway,0.0,Going ahead other,1,Car,No,Front,2005
2005100766505,16 - 20,1.0,Urban area,3.0,1124.0,,,Other/Not known (2005-10),Entering main road,PEUGEOT,206 INDEPENDENCE,Petrol,Male,,No tow/articulation,Did not leave carriageway,0.0,Turning right,1,Car,No,Front,2005
2005100767505,16 - 20,6.0,Urban area,5.0,,,,Journey as part of work,Not at or within 20 metres of junction,DENNIS,,Heavy oil,Male,,No tow/articulation,Did not leave carriageway,0.0,Going ahead other,1,Bus or coach (17 or more pass seats),No,Did not impact,2005
2005100768305,46 - 55,1.0,Urban area,1.0,1422.0,,,Other/Not known (2005-10),Leaving main road,VOLKSWAGEN,POLO TWIST TDI,Heavy oil,Female,,No tow/articulation,Did not leave carriageway,0.0,Turning right,1,Car,No,Front,2005
2005100768305,36 - 45,8.0,Urban area,,1998.0,,,Other/Not known (2005-10),Mid Junction - on roundabout or on main road,TOYOTA,RAV4 EDGE,Petrol,Male,,No tow/articulation,Did not leave carriageway,0.0,Going ahead other,2,Car,No,Front,2005
2005100813205,66 - 75,6.0,Rural,8.0,1468.0,,,Other/Not known (2005-10),Cleared junction or waiting/parked at junction exit,PROTON,COMPACT SPRINT,Petrol,Male,,No tow/articulation,Did not leave carriageway,0.0,Going ahead other,2,Car,No,Nearside,2005
2005100814405,36 - 45,4.0,Urban area,4.0,1998.0,,,Other/Not known (2005-10),Not at or within 20 metres of junction,TOYOTA,AVENSIS GLS VVT-I,Petrol,Male,,No tow/articulation,Nearside,0.0,Going ahead right-hand bend,2,Car,No,Front,2005
2005100816405,36 - 45,6.0,Urban area,4.0,6871.0,,,Journey as part of work,Approaching junction or waiting/parked at junction approach,MAN,,Heavy oil,Male,,No tow/articulation,Did not leave carriageway,0.0,Going ahead other,1,Bus or coach (17 or more pass seats),No,Nearside,2005
2005100820005,36 - 45,4.0,Urban area,3.0,1998.0,,,Journey as part of work,Not at or within 20 metres of junction,FORD,TRANSIT 260 SWB TD,Heavy oil,Male,Skidded,No tow/articulation,Did not leave carriageway,0.0,Going ahead other,1,Van / Goods 3.5 tonnes mgw or under,No,Front,2005
2005100824605,46 - 55,3.0,Data missing or out of range,,9000.0,,,Journey as part of work,Approaching junction or waiting/parked at junction approach,SCANIA,,Heavy oil,Male,,No tow/articulation,Did not leave carriageway,0.0,Parked,3,Bus or coach (17 or more pass seats),No,Front,2005
2005100828605,36 - 45,,Data missing or out of range,,,,,Commuting to/from work,Cleared junction or waiting/parked at junction exit,VAUXHALL,VIVARO 2700 DTI SWB,,Male,Skidded,No tow/articulation,Did not leave carriageway,0.0,Going ahead other,1,Car,No,Front,2005
2005100828605,56 - 65,8.0,Urban area,8.0,1948.0,,,Commuting to/from work,Cleared junction or waiting/parked at junction exit,VOLVO,S40 SE 2.0I,Petrol,Male,,No tow/articulation,Did not leave carriageway,0.0,Waiting to go - held up,2,Car,No,Back,2005
2005100830905,16 - 20,7.0,Urban area,1.0,1275.0,,,Other/Not known (2005-10),Mid Junction - on roundabout or on main road,NISSAN,MICRA GX,Petrol,Female,,No tow/articulation,Did not leave carriageway,0.0,Going ahead other,1,Car,No,Front,2005
2005100830905,21 - 25,,Urban area,1.0,1399.0,,,Other/Not known (2005-10),Mid Junction - on roundabout or on main road,CHEVROLET,KALOS SX,Petrol,Male,,No tow/articulation,Did not leave carriageway,0.0,Going ahead right-hand bend,2,Car,No,Front,2005
2005100834005,36 - 45,9.0,Data missing or out of range,,,,,Journey as part of work,Not at or within 20 metres of junction,DENNIS,,Heavy oil,Female,,No tow/articulation,Did not leave carriageway,0.0,Overtaking - nearside,1,Bus or coach (17 or more pass seats),No,Did not impact,2005
2005100838205,16 - 20,,Urban area,1.0,1248.0,,Telegraph or electricity pole,Other/Not known (2005-10),Leaving main road,FIAT,PUNTO DYNAMIC MULTIJET,Heavy oil,Male,Skidded,No tow/articulation,Offside,0.0,Turning left,1,Car,No,Front,2005
2005100838705,16 - 20,,Small town,5.0,,,,Other/Not known (2005-10),Not at or within 20 metres of junction,HONDA,VFR800F,,Male,,No tow/articulation,Nearside,0.0,Going ahead left-hand bend,1,Car,No,Nearside,2005
2005100841205,26 - 35,4.0,Small town,8.0,1753.0,,,Other/Not known (2005-10),Mid Junction - on roundabout or on main road,FORD,FIESTA 35 TD,Heavy oil,Female,Skidded,No tow/articulation,Did not leave carriageway,0.0,Going ahead other,2,Van / Goods 3.5 tonnes mgw or under,No,Front,2005
2005100842005,26 - 35,1.0,Urban area,5.0,1896.0,,,Journey as part of work,Not at or within 20 metres of junction,SEAT,TOLEDO SPORT TDI,Heavy oil,Male,,No tow/articulation,Did not leave carriageway,0.0,Going ahead other,3,Car,No,Back,2005
2005100842005,21 - 25,3.0,Urban area,4.0,1590.0,,,Journey as part of work,Not at or within 20 metres of junction,HONDA,CIVIC VTEC SE SPORT,Petrol,Male,,No tow/articulation,Did not leave carriageway,0.0,Going ahead other,4,Car,No,Back,2005