Accident_Index,Age_Band_of_Driver,Age_of_Vehicle,Driver_Home_Area_Type,Driver_IMD_Decile,Engine_Capacity_.CC.,Hit_Object_in_Carriageway,Hit_Object_off_Carriageway,Journey_Purpose_of_Driver,Junction_Location,make,model,Propulsion_Code,Sex_of_Driver,Skidding_and_Overturning,Towing_and_Articulation,Vehicle_Leaving_Carriageway,Vehicle_Location.Restricted_Lane,Vehicle_Manoeuvre,Vehicle_Reference,Vehicle_Type,Was_Vehicle_Left_Hand_Drive,X1st_Point_of_Impact,Year
2005123120815,26 - 35,3.0,Urban area,10.0,1781.0,,,Taking pupil to/from school,Entering main road,VOLKSWAGEN,GOLF ANNIVERSARY T,Petrol,Female,,No tow/articulation,Did not leave carriageway,0.0,Turning left,1,Car,No,Offside,2005
2005123120815,26 - 35,1.0,Data missing or out of range,,1753.0,,,Journey as part of work,Mid Junction - on roundabout or on main road,FORD,TRAN CONNECT L 200 TD SWB,Heavy oil,Male,,No tow/articulation,Did not leave carriageway,0.0,Going ahead other,2,Van / Goods 3.5 tonnes mgw or under,No,Front,2005
2005123131003,16 - 20,3.0,Urban area,9.0,1242.0,,,Other/Not known (2005-10),Entering main road,FIAT,PUNTO ACTIVE SPORT,Petrol,Female,,No tow/articulation,Did not leave carriageway,0.0,Moving off,1,Car,No,Front,2005
2005123210119,26 - 35,1.0,Urban area,10.0,1149.0,,,Commuting to/from work,Mid Junction - on roundabout or on main road,RENAULT,CLIO DYNAMIQUE 16V,Petrol,Female,,No tow/articulation,Did not leave carriageway,0.0,Slowing or stopping,1,Car,No,Back,2005
2005123210581,36 - 45,5.0,Urban area,3.0,7300.0,,,Journey as part of work,Approaching junction or waiting/parked at junction approach,VOLVO,,Heavy oil,Male,,No tow/articulation,Did not leave carriageway,0.0,Going ahead other,1,Bus or coach (17 or more pass seats),No,Did not impact,2005
2005123220929,56 - 65,5.0,Urban area,6.0,1747.0,,,Other/Not known (2005-10),Mid Junction - on roundabout or on main road,FIAT,MAREA 115 ELX WEEKEND,Petrol,Male,,No tow/articulation,Did not leave carriageway,0.0,Going ahead other,2,Car,No,Offside,2005
2005123230280,56 - 65,12.0,Urban area,7.0,1998.0,,,Other/Not known (2005-10),Mid Junction - on roundabout or on main road,VAUXHALL,ASTRA 2.0I BERTONE,Petrol,Female,,No tow/articulation,Nearside and rebounded,0.0,Going ahead other,2,Car,No,Front,2005
2005123240431,26 - 35,2.0,Rural,6.0,15607.0,,,Journey as part of work,Not at or within 20 metres of junction,SCANIA,,Heavy oil,Female,,Articulated vehicle,Did not leave carriageway,0.0,Going ahead other,3,Goods 7.5 tonnes mgw and over,No,Back,2005
2005123280139,16 - 20,5.0,Rural,9.0,1761.0,,,Journey as part of work,Approaching junction or waiting/parked at junction approach,PEUGEOT,306 GLX,Petrol,Male,,No tow/articulation,Did not leave carriageway,0.0,Moving off,1,Car,No,Front,2005
2005123280139,46 - 55,8.0,Data missing or out of range,,1686.0,,,Taking pupil to/from school,Approaching junction or waiting/parked at junction approach,VAUXHALL,ASTRA MERIT 1.7D TURBO,Heavy oil,Female,,No tow/articulation,Offside,0.0,Going ahead other,2,Car,No,Front,2005
2005123300177,21 - 25,10.0,Rural,6.0,600.0,,,Commuting to/from work,Not at or within 20 metres of junction,SUZUKI,,Petrol,Female,Skidded,No tow/articulation,Did not leave carriageway,0.0,Going ahead left-hand bend,1,Motorcycle over 500cc,No,Did not impact,2005
2005123300324,36 - 45,,Urban area,,,,,Other/Not known (2005-10),Not at or within 20 metres of junction,RENAULT,LL29 DCI 100,,Male,,No tow/articulation,Did not leave carriageway,0.0,Going ahead other,3,Car,No,Front,2005
2005123390101,46 - 55,1.0,Urban area,9.0,1948.0,,,Other/Not known (2005-10),Entering main road,VOLVO,S40 SPORT LUX,Petrol,Female,,No tow/articulation,Did not leave carriageway,0.0,Moving off,2,Car,No,Back,2005
2005123420167,46 - 55,6.0,Data missing or out of range,,9600.0,,,Journey as part of work,Not at or within 20 metres of junction,VOLVO,,Heavy oil,Male,,No tow/articulation,Did not leave carriageway,0.0,Going ahead other,2,Bus or coach (17 or more pass seats),No,Front,2005
2005123450369,26 - 35,4.0,Small town,10.0,1149.0,,,Other/Not known (2005-10),Mid Junction - on roundabout or on main road,RENAULT,CLIO DYNAMIQUE 16V,Petrol,Female,Skidded and overturned,No tow/articulation,Did not leave carriageway,0.0,Going ahead other,1,Car,No,Offside,2005
2005123450369,46 - 55,,Urban area,9.0,1339.0,,,Other/Not known (2005-10),Mid Junction - on roundabout or on main road,HONDA,JAZZ SE,Petrol,Male,,No tow/articulation,Did not leave carriageway,0.0,Going ahead other,2,Car,No,Front,2005
2005123530073,26 - 35,3.0,Urban area,8.0,2151.0,,,Commuting to/from work,Not at or within 20 metres of junction,MERCEDES,VITO 112 CDI,Heavy oil,Male,Skidded,No tow/articulation,Did not leave carriageway,0.0,Going ahead other,1,Van / Goods 3.5 tonnes mgw or under,No,Offside,2005
2005130012105,26 - 35,8.0,Urban area,1.0,1700.0,,,Other/Not known (2005-10),Approaching junction or waiting/parked at junction approach,VAUXHALL,ASTRA LS 1.7D TURBO,Heavy oil,Male,,No tow/articulation,Did not leave carriageway,0.0,Waiting to go - held up,1,Car,No,Back,2005
2005130012205,36 - 45,3.0,Data missing or out of range,,1149.0,,,Other/Not known (2005-10),Approaching junction or waiting/parked at junction approach,RENAULT,CLIO DYNAMIQUE 16V,Petrol,Female,,No tow/articulation,Did not leave carriageway,0.0,Going ahead left-hand bend,2,Car,No,Front,2005
2005130012705,56 - 65,,Small town,4.0,,,,Other/Not known (2005-10),Not at or within 20 metres of junction,SCANIA,,,Male,Overturned,Articulated vehicle,Did not leave carriageway,0.0,Going ahead other,1,Goods 7.5 tonnes mgw and over,No,Offside,2005
2005130014305,21 - 25,,Small town,,,,,Other/Not known (2005-10),Entering main road,CITROEN,BERLINGO 1.9D 600,,Male,,No tow/articulation,Did not leave carriageway,0.0,Turning right,1,Car,No,Front,2005
2005130017905,36 - 45,1.0,Urban area,3.0,2300.0,,,Other/Not known (2005-10),Cleared junction or waiting/parked at junction exit,IVECO,,Heavy oil,Male,,No tow/articulation,Did not leave carriageway,0.0,Turning right,1,Van / Goods 3.5 tonnes mgw or under,No,Offside,2005
2005130019205,16 - 20,4.0,Urban area,1.0,49.0,,,Other/Not known (2005-10),Not at or within 20 metres of junction,PEUGEOT,VIVACITY 50,Petrol,Male,,No tow/articulation,Did not leave carriageway,0.0,Going ahead other,1,Motorcycle 50cc and under,No,Nearside,2005
2005130021405,Data missing or out of range,3.0,Data missing or out of range,,1781.0,,,Other/Not known (2005-10),Not at or within 20 metres of junction,SKODA,OCTAVIA RS,Petrol,Male,,No tow/articulation,Did not leave carriageway,0.0,Going ahead other,2,Car,No,Front,2005
2005130021505,46 - 55,2.0,Rural,6.0,1998.0,,,Other/Not known (2005-10),Cleared junction or waiting/parked at junction exit,FORD,MONDEO ZETEC TDCI,Heavy oil,Male,,No tow/articulation,Did not leave carriageway,0.0,Turning right,1,Car,No,Front,2005
2005130024205,16 - 20,18.0,Data missing or out of range,,970.0,,,Other/Not known (2005-10),Approaching junction or waiting/parked at junction approach,SUZUKI,SJ410 VJL,Petrol,Male,,No tow/articulation,Did not leave carriageway,0.0,Going ahead other,2,Car,No,Front,2005
2005130025205,26 - 35,4.0,Urban area,2.0,1149.0,,,Other/Not known (2005-10),Not at or within 20 metres of junction,RENAULT,CLIO DYNAMIQUE 16V,Petrol,Male,,No tow/articulation,Did not leave carriageway,0.0,Going ahead other,1,Car,No,Back,2005
2005130025205,26 - 35,1.0,Urban area,2.0,2953.0,,,Other/Not known (2005-10),Not at or within 20 metres of junction,NISSAN,CABSTAR 35.13 MWB,Heavy oil,Male,,No tow/articulation,Did not leave carriageway,0.0,Going ahead other,3,Van / Goods 3.5 tonnes mgw or under,No,Front,2005
2005130034305,36 - 45,4.0,Urban area,,1997.0,,,Other/Not known (2005-10),Approaching junction or waiting/parked at junction approach,CITROEN,XSARA PICASSO SX HDI,Heavy oil,Male,,No tow/articulation,Did not leave carriageway,0.0,Going ahead left-hand bend,1,Car,No,Front,2005
2005130034805,26 - 35,10.0,Urban area,4.0,1587.0,,,Other/Not known (2005-10),Leaving roundabout,TOYOTA,COROLLA SI,Petrol,Male,,No tow/articulation,Did not leave carriageway,0.0,Parked,6,Car,No,Offside,2005
2005130035005,36 - 45,,Urban area,5.0,,,,Other/Not known (2005-10),Cleared junction or waiting/parked at junction exit,VOLVO,,,Male,,No tow/articulation,Did not leave carriageway,0.0,Going ahead other,1,Car,No,Nearside,2005
2005130044405,26 - 35,4.0,Urban area,9.0,1149.0,,,Other/Not known (2005-10),Cleared junction or waiting/parked at junction exit,RENAULT,CLIO DYNAMIQUE 16V,Petrol,Male,,No tow/articulation,Did not leave carriageway,0.0,Going ahead other,1,Car,No,Front,2005
2005130046705,36 - 45,9.0,Urban area,3.0,1840.0,,,Other/Not known (2005-10),Not at or within 20 metres of junction,MAZDA,323 EXECUTIVE,Petrol,Male,,No tow/articulation,Did not leave carriageway,0.0,Overtaking static vehicle - offside,1,Car,No,Front,2005
2005130050105,Over 75,5.0,Small town,10.0,1587.0,,,Other/Not known (2005-10),Not at or within 20 metres of junction,PEUGEOT,306 LX AUTO,Petrol,Male,,No tow/articulation,Did not leave carriageway,0.0,Going ahead other,1,Car,No,Front,2005
2005130051405,46 - 55,1.0,Urban area,5.0,1896.0,,,Other/Not known (2005-10),Cleared junction or waiting/parked at junction exit,VOLKSWAGEN,SHARAN SL TDI,Heavy oil,Male,,No tow/articulation,Did not leave carriageway,0.0,Going ahead other,2,Car,No,Offside,2005
2005130054005,66 - 75,11.0,Urban area,1.0,11000.0,,,Other/Not known (2005-10),Not at or within 20 metres of junction,SCANIA,,Heavy oil,Male,,No tow/articulation,Did not leave carriageway,0.0,Moving off,1,Bus or coach (17 or more pass seats),No,Offside,2005
2005130054005,Data missing or out of range,1.0,Data missing or out of range,,7300.0,,,Other/Not known (2005-10),Not at or within 20 metres of junction,VOLVO,,Heavy oil,Male,,No tow/articulation,Did not leave carriageway,0.0,Going ahead other,2,Bus or coach (17 or more pass seats),No,Front,2005
2005130057305,46 - 55,8.0,Data missing or out of range,,2793.0,,,Other/Not known (2005-10),Approaching junction or waiting/parked at junction approach,BMW,728I AUTO,Petrol,Male,,No tow/articulation,Did not leave carriageway,0.0,Going ahead other,2,Car,No,Front,2005
2005130057405,26 - 35,7.0,Urban area,4.0,1998.0,,,Other/Not known (2005-10),Approaching junction or waiting/parked at junction approach,FIAT,MAREA HLX WEEKEND,Petrol,Male,,No tow/articulation,Did not leave carriageway,0.0,Going ahead other,1,Car,No,Front,2005
2005130057405,36 - 45,8.0,Small town,5.0,652.0,,,Other/Not known (2005-10),Approaching junction or waiting/parked at junction approach,SUZUKI,,Petrol,Female,,No tow/articulation,Did not leave carriageway,0.0,Going ahead other,2,Motorcycle over 500cc,No,Offside,2005
2005130057605,21 - 25,5.0,Urban area,1.0,7300.0,,,Other/Not known (2005-10),Approaching junction or waiting/parked at junction approach,VOLVO,,Heavy oil,Male,,No tow/articulation,Did not leave carriageway,0.0,Slowing or stopping,2,Bus or coach (17 or more pass seats),No,Offside,2005
2005130059405,46 - 55,1.0,Rural,6.0,1997.0,,,Other/Not known (2005-10),Not at or within 20 metres of junction,PEUGEOT,307 S HDI 90,Heavy oil,Male,,No tow/articulation,Did not leave carriageway,0.0,Going ahead other,2,Car,No,Offside,2005
2005130061805,26 - 35,6.0,Urban area,3.0,1590.0,,,Other/Not known (2005-10),Approaching junction or waiting/parked at junction approach,HONDA,CIVIC ES AUTO,Petrol,Male,,No tow/articulation,Did not leave carriageway,0.0,Going ahead other,1,Car,No,Offside,2005
2005130066005,36 - 45,7.0,Urban area,1.0,1796.0,,,Other/Not known (2005-10),Not at or within 20 metres of junction,VAUXHALL,ASTRA CDX 16V,Petrol,Male,,No tow/articulation,Did not leave carriageway,0.0,Going ahead other,3,Car,No,Nearside,2005
2005130066605,16 - 20,,Urban area,9.0,,,,Other/Not known (2005-10),Cleared junction or waiting/parked at junction exit,CASE IH,,,Male,,No tow/articulation,Did not leave carriageway,0.0,Going ahead other,1,Car,No,Front,2005
2005130067105,36 - 45,1.0,Urban area,4.0,1870.0,,,Other/Not known (2005-10),Not at or within 20 metres of junction,VAUXHALL,VIVARO 2900 DI LWB,Heavy oil,Male,,No tow/articulation,Did not leave carriageway,0.0,Going ahead other,1,Van / Goods 3.5 tonnes mgw or under,No,Back,2005
2005130068805,26 - 35,2.0,Urban area,1.0,1968.0,,,Other/Not known (2005-10),Approaching junction or waiting/parked at junction approach,AUDI,A3 SPORT TDI,Heavy oil,Male,,No tow/articulation,Did not leave carriageway,0.0,Going ahead other,1,Car,No,Front,2005
2005130071005,26 - 35,5.0,Rural,7.0,998.0,,,Other/Not known (2005-10),Approaching junction or waiting/parked at junction approach,NISSAN,MICRA CELEBRATION 16V,Petrol,Female,,No tow/articulation,Did not leave carriageway,0.0,Waiting to go - held up,3,Car,No,Back,2005
2005130079405,56 - 65,5.0,Urban area,8.0,49.0,,,Other/Not known (2005-10),Leaving main road,YAMAHA,YN 50 NEO'S,Petrol,Male,,No tow/articulation,Did not leave carriageway,0.0,Going ahead other,2,Motorcycle 50cc and under,No,Front,2005
2005130080005,26 - 35,6.0,Urban area,1.0,989.0,,,Other/Not known (2005-10),Approaching junction or waiting/parked at junction approach,DAIHATSU,SIRION AUTO,Petrol,Male,,No tow/articulation,Did not leave carriageway,0.0,Going ahead other,1,Car,No,Offside,2005
2005130081005,36 - 45,6.0,Urban area,5.0,9600.0,,,Other/Not known (2005-10),Entering roundabout,VOLVO,,Heavy oil,Male,,No tow/articulation,Did not leave carriageway,0.0,Slowing or stopping,1,Bus or coach (17 or more pass seats),No,Did not impact,2005
2005130082805,Data missing or out of range,1.0,Data missing or out of range,,1360.0,,,Other/Not known (2005-10),Approaching junction or waiting/parked at junction approach,PEUGEOT,206 S,Petrol,Male,,No tow/articulation,Did not leave carriageway,0.0,Going ahead other,2,Car,No,Front,2005
2005130082905,26 - 35,8.0,Urban area,6.0,1120.0,,,Other/Not known (2005-10),Not at or within 20 metres of junction,ROVER,100 KNIGHTSBRIDGE,Petrol,Female,,No tow/articulation,Did not leave carriageway,0.0,Going ahead other,4,Car,No,Front,2005
2005130092305,26 - 35,8.0,Urban area,1.0,1493.0,,,Other/Not known (2005-10),Leaving roundabout,HONDA,CIVIC 1.5I LS,Petrol,Female,,No tow/articulation,Did not leave carriageway,0.0,Going ahead other,1,Car,No,Front,2005
2005130100405,21 - 25,11.0,Urban area,7.0,1905.0,,,Other/Not known (2005-10),Cleared junction or waiting/parked at junction exit,PEUGEOT,405 GLX TURBO DIESEL,Heavy oil,Male,,No tow/articulation,Did not leave carriageway,0.0,Going ahead other,1,Car,No,Front,2005
2005130109205,26 - 35,1.0,Data missing or out of range,,9354.0,,,Other/Not known (2005-10),Cleared junction or waiting/parked at junction exit,VOLVO,,Heavy oil,Male,,No tow/articulation,Did not leave carriageway,0.0,Turning left,1,Goods 7.5 tonnes mgw and over,No,Nearside,2005
2005130112005,26 - 35,8.0,Data missing or out of range,,998.0,,,Other/Not known (2005-10),Entering main road,NISSAN,MICRA SHAPE AUTO,Petrol,Male,,No tow/articulation,Did not leave carriageway,0.0,Going ahead other,2,Car,No,Front,2005
2005130116205,26 - 35,2.0,Data missing or out of range,,124.0,,,Other/Not known (2005-10),Not at or within 20 metres of junction,HONDA,CITY FLY CLR 125,Petrol,Male,,No tow/articulation,Did not leave carriageway,0.0,Overtaking moving vehicle - offside,1,Motorcycle 125cc and under,No,Front,2005
2005130120005,26 - 35,3.0,Data missing or out of range,,4250.0,,,Other/Not known (2005-10),Approaching junction or waiting/parked at junction approach,MERCEDES,,Heavy oil,Male,,No tow/articulation,Did not leave carriageway,0.0,Turning left,1,Goods over 3.5t. and under 7.5t,No,Back,2005
2005130125405,Data missing or out of range,,Urban area,3.0,,,,Other/Not known (2005-10),Approaching junction or waiting/parked at junction approach,ERF,,,Not known,,No tow/articulation,Did not leave carriageway,0.0,Going ahead other,1,Car,No,Front,2005
2005130126705,26 - 35,9.0,Urban area,6.0,954.0,,,Other/Not known (2005-10),Approaching junction or waiting/parked at junction approach,PEUGEOT,106 ESCAPADE,Petrol,Female,,No tow/articulation,Did not leave carriageway,0.0,Waiting to turn right,1,Car,No,Back,2005
2005130126705,Data missing or out of range,5.0,Data missing or out of range,,2494.0,,,Other/Not known (2005-10),Approaching junction or waiting/parked at junction approach,BMW,323I SE,Petrol,Male,,No tow/articulation,Did not leave carriageway,0.0,Turning right,2,Car,No,Front,2005
2005130143305,16 - 20,1.0,Urban area,9.0,7300.0,,,Other/Not known (2005-10),Leaving roundabout,VOLVO,,Heavy oil,Male,,No tow/articulation,Did not leave carriageway,0.0,Parked,2,Bus or coach (17 or more pass seats),No,Back,2005
2005130144605,26 - 35,,Data missing or out of range,,,,,Other/Not known (2005-10),Approaching junction or waiting/parked at junction approach,IVECO-FORD,,,Male,,No tow/articulation,Did not leave carriageway,0.0,Going ahead other,1,Car,No,Front,2005
2005130144605,26 - 35,,Urban area,1.0,2148.0,,,Other/Not known (2005-10),Approaching junction or waiting/parked at junction approach,MERCEDES,C220 CDI CLASSIC SE,Heavy oil,Male,,No tow/articulation,Did not leave carriageway,0.0,Going ahead other,2,Car,No,Front,2005
2005130151205,21 - 25,11.0,Urban area,1.0,11000.0,,,Other/Not known (2005-10),Entering roundabout,SCANIA,,Heavy oil,Male,,No tow/articulation,Did not leave carriageway,0.0,Going ahead other,1,Bus or coach (17 or more pass seats),No,Front,2005
2005130153405,46 - 55,5.0,Urban area,8.0,1390.0,,,Other/Not known (2005-10),Not at or within 20 metres of junction,RENAULT,CLIO ALIZE,Petrol,Male,,No tow/articulation,Did not leave carriageway,0.0,Going ahead other,1,Car,No,Nearside,2005
2005130154005,26 - 35,11.0,Urban area,3.0,1699.0,,Other permanent object,Other/Not known (2005-10),Cleared junction or waiting/parked at junction exit,VAUXHALL,CAVALIER CDX TD,Heavy oil,Male,,No tow/articulation,Offside,0.0,Going ahead other,1,Car,No,Offside,2005
2005130162205,46 - 55,,Rural,6.0,1248.0,,,Other/Not known (2005-10),Not at or within 20 metres of junction,VAUXHALL,CORSA SXI CDTI,Heavy oil,Male,,No tow/articulation,Did not leave carriageway,0.0,Overtaking - nearside,2,Car,No,Offside,2005
2005130165105,36 - 45,,Urban area,4.0,,,,Other/Not known (2005-10),Approaching junction or waiting/parked at junction approach,MAN,,,Male,,No tow/articulation,Did not leave carriageway,0.0,Going ahead other,2,Car,No,Front,2005
2005130174005,Data missing or out of range,,Data missing or out of range,,,,,Other/Not known (2005-10),Leaving roundabout,FORD,TRANSIT 350 LWB TD,,Male,,No tow/articulation,Did not leave carriageway,0.0,Parked,4,Car,No,Offside,2005
2005130174705,36 - 45,7.0,Urban area,1.0,1597.0,,,Other/Not known (2005-10),Cleared junction or waiting/parked at junction exit,NISSAN,,Petrol,Male,,No tow/articulation,Did not leave carriageway,0.0,Going ahead other,2,Taxi/Private hire car,No,Front,2005
2005130175405,46 - 55,2.0,Small town,9.0,1988.0,,Entered ditch,Other/Not known (2005-10),Approaching junction or waiting/parked at junction approach,FORD,FOCUS GHIA AUTO,Petrol,Female,,No tow/articulation,Nearside,0.0,Going ahead other,3,Car,No,Nearside,2005
2005130182605,21 - 25,10.0,Urban area,,1796.0,,,Other/Not known (2005-10),Not at or within 20 metres of junction,VAUXHALL,CAVALIER CLASSIC,Petrol,Female,,No tow/articulation,Did not leave carriageway,0.0,Waiting to go - held up,2,Car,No,Back,2005
2005130189305,21 - 25,,Rural,10.0,,,,Journey as part of work,Mid Junction - on roundabout or on main road,FORD,FIESTA BONUS D,,Male,,No tow/articulation,Did not leave carriageway,0.0,Going ahead other,1,Car,No,Nearside,2005
2005130189305,21 - 25,1.0,Data missing or out of range,,1390.0,,,Other/Not known (2005-10),Mid Junction - on roundabout or on main road,SEAT,IBIZA SE,Petrol,Male,,No tow/articulation,Did not leave carriageway,0.0,Waiting to turn left,2,Car,No,Front,2005
2005130192305,36 - 45,7.0,Urban area,3.0,1994.0,,,Other/Not known (2005-10),Approaching junction or waiting/parked at junction approach,VAUXHALL,VECTRA TOURER DTI,Heavy oil,Male,,No tow/articulation,Did not leave carriageway,0.0,Waiting to go - held up,1,Car,No,Back,2005
2005130192305,36 - 45,2.0,Urban area,1.0,1343.0,Parked vehicle,,Other/Not known (2005-10),Approaching junction or waiting/parked at junction approach,KIA,RIO L,Petrol,Male,,No tow/articulation,Did not leave carriageway,0.0,Slowing or stopping,2,Car,No,Front,2005
2005130195705,46 - 55,2.0,Urban area,7.0,2401.0,,,Other/Not known (2005-10),Not at or within 20 metres of junction,VOLVO,XC 90 D5 SE AWD SEMI-AUTO,Heavy oil,Female,,No tow/articulation,Did not leave carriageway,0.0,Going ahead right-hand bend,1,Car,No,Did not impact,2005
2005130197905,21 - 25,10.0,Urban area,3.0,1527.0,,,Other/Not known (2005-10),Not at or within 20 metres of junction,ROVER,115 SLD,Heavy oil,Male,,No tow/articulation,Did not leave carriageway,0.0,Overtaking static vehicle - offside,1,Car,No,Front,2005
2005130202305,26 - 35,2.0,Urban area,3.0,1796.0,,,Other/Not known (2005-10),Not at or within 20 metres of junction,VAUXHALL,VECTRA SXI 16V,Petrol,Male,,No tow/articulation,Did not leave carriageway,0.0,Going ahead other,1,Car,No,Front,2005
2005130208305,36 - 45,6.0,Urban area,7.0,998.0,,,Other/Not known (2005-10),Not at or within 20 metres of junction,NISSAN,MICRA ALLY,Petrol,Female,,No tow/articulation,Did not leave carriageway,0.0,Going ahead other,1,Car,No,Front,2005
2005130210405,16 - 20,1.0,Urban area,2.0,1689.0,,,Other/Not known (2005-10),Not at or within 20 metres of junction,MERCEDES,A170 CDI ELEGANCE AUTO,Heavy oil,Male,,No tow/articulation,Did not leave carriageway,0.0,Slowing or stopping,2,Car,No,Back,2005
2005130213605,46 - 55,3.0,Rural,6.0,1910.0,,,Other/Not known (2005-10),Approaching junction or waiting/parked at junction approach,FIAT,PUNTO DYNAMIC JTD,Heavy oil,Female,,No tow/articulation,Did not leave carriageway,0.0,Going ahead other,1,Car,No,Front,2005
2005130225205,56 - 65,9.0,Data missing or out of range,,1389.0,,,Other/Not known (2005-10),Not at or within 20 metres of junction,VAUXHALL,ASTRA MERIT,Petrol,Male,,No tow/articulation,Did not leave carriageway,0.0,Going ahead other,2,Car,No,Front,2005
2005130225805,26 - 35,1.0,Urban area,3.0,1910.0,,Lamp post,Commuting to/from work,Cleared junction or waiting/parked at junction exit,VAUXHALL,VECTRA SXI CDTI,Heavy oil,Female,,No tow/articulation,Nearside,0.0,Turning right,1,Car,No,Nearside,2005
2005130232305,Data missing or out of range,7.0,Urban area,2.0,,,,Journey as part of work,Not at or within 20 metres of junction,DAF,,Heavy oil,Not known,,No tow/articulation,Did not leave carriageway,2.0,Going ahead other,2,Bus or coach (17 or more pass seats),No,Front,2005
2005130232705,26 - 35,19.0,Urban area,5.0,3210.0,Kerb,,Other/Not known (2005-10),Approaching junction or waiting/parked at junction approach,BMW,732 I SE AUTO,Petrol,Male,Skidded,No tow/articulation,Offside,0.0,Going ahead other,1,Car,No,Front,2005
2005130235405,46 - 55,6.0,Urban area,4.0,647.0,,,Commuting to/from work,Approaching junction or waiting/parked at junction approach,HONDA,NT650V DEAUVILLE,Petrol,Male,,No tow/articulation,Did not leave carriageway,0.0,Going ahead other,2,Motorcycle over 500cc,No,Front,2005
2005130237205,36 - 45,7.0,Urban area,6.0,1905.0,,,Journey as part of work,Approaching junction or waiting/parked at junction approach,CITROEN,BERLINGO 1.9D 600,Heavy oil,Male,,No tow/articulation,Did not leave carriageway,0.0,Going ahead other,1,Van / Goods 3.5 tonnes mgw or under,No,Front,2005
2005130238905,16 - 20,1.0,Urban area,1.0,1124.0,,,Commuting to/from work,Not at or within 20 metres of junction,PEUGEOT,206 FEVER,Petrol,Male,,No tow/articulation,Did not leave carriageway,0.0,Going ahead other,2,Car,No,Did not impact,2005
2005130239805,Data missing or out of range,7.0,Data missing or out of range,,1527.0,,,Other/Not known (2005-10),Not at or within 20 metres of junction,CITROEN,SAXO XD,Heavy oil,Male,,No tow/articulation,Did not leave carriageway,9.0,Parked,3,Car,No,Front,2005
2005130244105,46 - 55,2.0,Urban area,5.0,2902.0,,,Other/Not known (2005-10),Not at or within 20 metres of junction,KIA,SEDONA SE,Heavy oil,Male,,No tow/articulation,Did not leave carriageway,0.0,Going ahead other,2,Car,No,Front,2005
2005130267905,16 - 20,1.0,Urban area,1.0,1248.0,,Entered ditch,Other/Not known (2005-10),Not at or within 20 metres of junction,VAUXHALL,CORSA SXI CDTI,Heavy oil,Male,Skidded and overturned,No tow/articulation,Offside and rebounded,0.0,Going ahead other,1,Car,No,Offside,2005
2005130270005,46 - 55,4.0,Data missing or out of range,,1299.0,,,Other/Not known (2005-10),Not at or within 20 metres of junction,FORD,KA LUXURY,Petrol,Female,,No tow/articulation,Did not leave carriageway,0.0,Going ahead other,1,Car,No,Nearside,2005
2005130271405,36 - 45,2.0,Data missing or out of range,,999.0,,,Other/Not known (2005-10),Not at or within 20 metres of junction,HYUNDAI,AMICA SI,Petrol,Female,,No tow/articulation,Did not leave carriageway,0.0,Going ahead other,2,Car,No,Front,2005
2005130273005,36 - 45,6.0,Urban area,4.0,2151.0,,,Journey as part of work,Approaching junction or waiting/parked at junction approach,MERCEDES,VITO 108 CDI TRAVELINER,Heavy oil,Male,,No tow/articulation,Did not leave carriageway,0.0,Turning right,2,Car,No,Front,2005
2005130274305,36 - 45,1.0,Urban area,1.0,5880.0,,,Journey as part of work,Mid Junction - on roundabout or on main road,IVECO-FORD,,Heavy oil,Male,,No tow/articulation,Did not leave carriageway,0.0,Going ahead other,1,Goods 7.5 tonnes mgw and over,No,Front,2005
2005130277605,26 - 35,6.0,Urban area,1.0,1590.0,,,Other/Not known (2005-10),Approaching junction or waiting/parked at junction approach,HONDA,CIVIC ES,Petrol,Male,,No tow/articulation,Did not leave carriageway,0.0,Parked,3,Car,No,Back,2005
2005130278105,26 - 35,3.0,Urban area,9.0,1398.0,,,Other/Not known (2005-10),Entering roundabout,TOYOTA,COROLLA TSPIRIT VVTI,Petrol,Female,,No tow/articulation,Did not leave carriageway,0.0,Going ahead other,1,Car,No,Back,2005
2005130286005,26 - 35,9.0,Urban area,,1581.0,,,Other/Not known (2005-10),Mid Junction - on roundabout or on main road,FIAT,BRAVA 1.6 SX,Petrol,Male,,No tow/articulation,Did not leave carriageway,0.0,Turning right,1,Car,No,Front,2005
2005130287205,Data missing or out of range,,Data missing or out of range,,,,,Other/Not known (2005-10),Not at or within 20 metres of junction,VAUXHALL,ASTRA CLUB DTI,,Not known,,No tow/articulation,Did not leave carriageway,0.0,Going ahead other,1,Bus or coach (17 or more pass seats),No,Nearside,2005
2005130288005,36 - 45,5.0,Urban area,1.0,9600.0,,,Other/Not known (2005-10),Approaching junction or waiting/parked at junction approach,VOLVO,,Heavy oil,Male,,No tow/articulation,Did not leave carriageway,0.0,Going ahead other,3,Bus or coach (17 or more pass seats),No,Did not impact,2005
2005130289805,36 - 45,2.0,Urban area,9.0,1870.0,,,Journey as part of work,Not at or within 20 metres of junction,VAUXHALL,VIVARO 2900 DTI SWB,Heavy oil,Male,,No tow/articulation,Did not leave carriageway,0.0,Moving off,1,Van / Goods 3.5 tonnes mgw or under,No,Front,2005
2005130293905,36 - 45,2.0,Urban area,3.0,1461.0,,,Journey as part of work,Approaching junction or waiting/parked at junction approach,RENAULT,MEGANE DYNAMIQUE DCI 80,Heavy oil,Male,,No tow/articulation,Did not leave carriageway,0.0,Waiting to go - held up,1,Car,No,Back,2005
2005130295605,26 - 35,6.0,Urban area,2.0,1341.0,,,Other/Not known (2005-10),Not at or within 20 metres of junction,HYUNDAI,ACCENT SIENA,Petrol,Female,,No tow/articulation,Did not leave carriageway,0.0,Going ahead other,1,Car,No,Front,2005
2005130305405,56 - 65,1.0,Urban area,3.0,7300.0,,,Journey as part of work,Mid Junction - on roundabout or on main road,VOLVO,,Heavy oil,Male,,No tow/articulation,Did not leave carriageway,0.0,Going ahead other,1,Bus or coach (17 or more pass seats),No,Front,2005