Accident_Index,Age_Band_of_Driver,Age_of_Vehicle,Driver_Home_Area_Type,Driver_IMD_Decile,Engine_Capacity_.CC.,Hit_Object_in_Carriageway,Hit_Object_off_Carriageway,Journey_Purpose_of_Driver,Junction_Location,make,model,Propulsion_Code,Sex_of_Driver,Skidding_and_Overturning,Towing_and_Articulation,Vehicle_Leaving_Carriageway,Vehicle_Location.Restricted_Lane,Vehicle_Manoeuvre,Vehicle_Reference,Vehicle_Type,Was_Vehicle_Left_Hand_Drive,X1st_Point_of_Impact,Year
2005131182205,21 - 25,4.0,Urban area,7.0,2402.0,,,Journey as part of work,Mid Junction - on roundabout or on main road,FORD,TRANSIT 350 LWB TD,Heavy oil,Male,,No tow/articulation,Did not leave carriageway,0.0,Turning right,2,Van / Goods 3.5 tonnes mgw or under,No,Offside,2005
2005131194205,21 - 25,,Urban area,4.0,1686.0,,,Other/Not known (2005-10),Entering main road,VAUXHALL,ASTRA DESIGN CDTI 100,Heavy oil,Male,,No tow/articulation,Did not leave carriageway,0.0,Turning left,1,Car,No,Offside,2005
2005131199505,26 - 35,4.0,Urban area,10.0,5861.0,,,Journey as part of work,Leaving roundabout,IVECO-FORD,,Heavy oil,Male,,No tow/articulation,Did not leave carriageway,0.0,Going ahead other,2,Goods 7.5 tonnes mgw and over,No,Front,2005
2005131207005,16 - 20,8.0,Urban area,5.0,124.0,,,Other/Not known (2005-10),Mid Junction - on roundabout or on main road,PIAGGIO,T5 125,Petrol,Male,Skidded,No tow/articulation,Did not leave carriageway,0.0,Going ahead other,2,Motorcycle 125cc and under,No,Front,2005
2005131211405,46 - 55,1.0,Urban area,1.0,12580.0,,,Journey as part of work,Mid Junction - on roundabout or on main road,DAF TRUCKS,FT CF85.340,Heavy oil,Male,,Articulated vehicle,Did not leave carriageway,0.0,Going ahead other,1,Goods 7.5 tonnes mgw and over,No,Back,2005
2005131212405,46 - 55,14.0,Urban area,2.0,1587.0,,,Other/Not known (2005-10),Approaching junction or waiting/parked at junction approach,TOYOTA,CARINA XL,Petrol,Male,,No tow/articulation,Did not leave carriageway,0.0,Going ahead other,1,Car,No,Front,2005
2005131222305,21 - 25,5.0,Urban area,5.0,1242.0,,,Other/Not known (2005-10),Entering main road,FIAT,PUNTO ELX 8V,Petrol,Male,,No tow/articulation,Did not leave carriageway,0.0,Going ahead other,1,Car,No,Front,2005
2005131222305,46 - 55,,Data missing or out of range,,,,,Other/Not known (2005-10),Mid Junction - on roundabout or on main road,VAUXHALL,VIVARO 2700 DTI SWB,,Male,,No tow/articulation,Did not leave carriageway,0.0,Going ahead other,3,Car,No,Front,2005
2005131226005,56 - 65,6.0,Urban area,2.0,9600.0,,,Journey as part of work,Mid Junction - on roundabout or on main road,VOLVO,,Heavy oil,Male,,No tow/articulation,Did not leave carriageway,0.0,Turning left,1,Bus or coach (17 or more pass seats),No,Nearside,2005
2005131227505,56 - 65,,Data missing or out of range,,7300.0,,,Journey as part of work,Mid Junction - on roundabout or on main road,VOLVO,,Heavy oil,Male,,No tow/articulation,Did not leave carriageway,2.0,Slowing or stopping,1,Bus or coach (17 or more pass seats),No,Did not impact,2005
200514A014705,36 - 45,13.0,Urban area,1.0,1396.0,,,Other/Not known (2005-10),Not at or within 20 metres of junction,ROVER,414 SI,Petrol,Male,,No tow/articulation,Did not leave carriageway,0.0,Going ahead right-hand bend,1,Car,No,Front,2005
200514A023205,26 - 35,2.0,Urban area,8.0,1870.0,,,Journey as part of work,Not at or within 20 metres of junction,RENAULT,LAGUNA A-TIQUE DCI 100BHP,Heavy oil,Male,,No tow/articulation,Did not leave carriageway,0.0,Going ahead other,3,Car,No,Front,2005
200514A023205,21 - 25,3.0,Urban area,3.0,2402.0,,,Journey as part of work,Not at or within 20 metres of junction,FORD,TRANSIT 350 LWB TD,Heavy oil,Male,Skidded,No tow/articulation,Did not leave carriageway,0.0,Going ahead other,4,Van / Goods 3.5 tonnes mgw or under,No,Front,2005
200514A023205,56 - 65,1.0,Small town,9.0,2198.0,,,Journey as part of work,Not at or within 20 metres of junction,FORD,MONDEO GHIA X TDCI,Heavy oil,Male,Skidded,No tow/articulation,Did not leave carriageway,0.0,Going ahead other,5,Car,No,Front,2005
200514A030405,46 - 55,7.0,Urban area,8.0,1527.0,,,Other/Not known (2005-10),Not at or within 20 metres of junction,CITROEN,SAXO XD,Heavy oil,Male,,No tow/articulation,Did not leave carriageway,0.0,Parked,1,Car,No,Back,2005
200514A034605,26 - 35,2.0,Urban area,4.0,2171.0,,,Journey as part of work,Approaching junction or waiting/parked at junction approach,VAUXHALL,VECTRA ELITE DTI 16V,Heavy oil,Male,,No tow/articulation,Did not leave carriageway,0.0,Slowing or stopping,1,Car,No,Back,2005
200514A034605,36 - 45,,Small town,5.0,,,,Journey as part of work,Approaching junction or waiting/parked at junction approach,MITSUBISHI,L200 WARRIOR LWB,,Male,,No tow/articulation,Did not leave carriageway,0.0,Slowing or stopping,2,Car,No,Back,2005
200514A034605,36 - 45,3.0,Urban area,10.0,1985.0,,,Journey as part of work,Approaching junction or waiting/parked at junction approach,SAAB,9-3 SE TURBO,Petrol,Male,,No tow/articulation,Did not leave carriageway,0.0,Slowing or stopping,3,Car,No,Back,2005
200514A034605,26 - 35,2.0,Urban area,2.0,4250.0,,,Journey as part of work,Approaching junction or waiting/parked at junction approach,MERCEDES,,Heavy oil,Male,Skidded,No tow/articulation,Did not leave carriageway,0.0,Slowing or stopping,4,Goods over 3.5t. and under 7.5t,No,Front,2005
200514A034605,26 - 35,2.0,Urban area,,11967.0,,,Journey as part of work,Approaching junction or waiting/parked at junction approach,MERCEDES,,Heavy oil,Male,,Articulated vehicle,Did not leave carriageway,0.0,Slowing or stopping,5,Goods 7.5 tonnes mgw and over,No,Nearside,2005
200514A049405,16 - 20,4.0,Urban area,2.0,1461.0,,,Other/Not known (2005-10),Not at or within 20 metres of junction,RENAULT,CLIO DYNAMIQUE DCI 65,Heavy oil,Male,Skidded,No tow/articulation,Did not leave carriageway,0.0,Going ahead other,2,Car,No,Front,2005
200514A057705,16 - 20,4.0,Urban area,3.0,125.0,,,Other/Not known (2005-10),Approaching junction or waiting/parked at junction approach,APRILIA,,Petrol,Male,Skidded,No tow/articulation,Did not leave carriageway,0.0,Going ahead other,2,Motorcycle 125cc and under,No,Front,2005
200514A064305,66 - 75,12.0,Small town,9.0,2088.0,,,Other/Not known (2005-10),Mid Junction - on roundabout or on main road,PEUGEOT,605 SRDT DIES TURBO,Heavy oil,Male,,No tow/articulation,Did not leave carriageway,0.0,Going ahead other,1,Car,No,Offside,2005
200514A067805,26 - 35,8.0,Urban area,4.0,1598.0,,Lamp post,Other/Not known (2005-10),Approaching junction or waiting/parked at junction approach,VAUXHALL,ASTRA ARCTIC 16V,Petrol,Male,,No tow/articulation,Offside,0.0,Overtaking moving vehicle - offside,1,Car,No,Front,2005
200514A068905,26 - 35,2.0,Rural,5.0,1988.0,,,Commuting to/from work,Approaching junction or waiting/parked at junction approach,FORD,FOCUS ST170,Petrol,Male,,No tow/articulation,Did not leave carriageway,0.0,Slowing or stopping,2,Car,No,Back,2005
200514A069105,46 - 55,2.0,Urban area,2.0,1598.0,,,Other/Not known (2005-10),Not at or within 20 metres of junction,VAUXHALL,ASTRA BERTONE,Petrol,Male,,No tow/articulation,Did not leave carriageway,0.0,Going ahead other,1,Car,No,Offside,2005
200514A077205,46 - 55,2.0,Small town,4.0,12600.0,,,Journey as part of work,Approaching junction or waiting/parked at junction approach,DAF TRUCKS,FTG XF95.430,Heavy oil,Male,,No tow/articulation,Did not leave carriageway,0.0,Moving off,1,Goods 7.5 tonnes mgw and over,No,Front,2005
200514A089105,26 - 35,9.0,Urban area,2.0,1870.0,,,Commuting to/from work,Approaching junction or waiting/parked at junction approach,VOLVO,440 SI DIESEL,Heavy oil,Male,,No tow/articulation,Did not leave carriageway,0.0,Waiting to go - held up,1,Car,No,Back,2005
200514A089105,Data missing or out of range,,Data missing or out of range,,,,,Journey as part of work,Approaching junction or waiting/parked at junction approach,LDV,400 CONVOY TD SWB,,Male,Skidded,No tow/articulation,Did not leave carriageway,0.0,Slowing or stopping,2,Goods over 3.5t. and under 7.5t,No,Front,2005
200514A101005,36 - 45,5.0,Urban area,1.0,1199.0,,,Commuting to/from work,Not at or within 20 metres of junction,VAUXHALL,CORSA 16V,Petrol,Male,,No tow/articulation,Did not leave carriageway,0.0,Going ahead right-hand bend,1,Car,No,Front,2005
200514A103305,56 - 65,,Urban area,5.0,,,,Journey as part of work,Entering roundabout,LONDON TAXIS INT,TXII BRONZE AUTO,,Male,,No tow/articulation,Did not leave carriageway,0.0,Going ahead other,2,Car,No,Offside,2005
200514A104005,66 - 75,,Urban area,6.0,1339.0,,,Other/Not known (2005-10),Entering roundabout,HONDA,JAZZ SE CVT,Petrol,Not known,,No tow/articulation,Did not leave carriageway,0.0,Slowing or stopping,2,Car,No,Back,2005
200514A107105,21 - 25,4.0,Urban area,6.0,1400.0,,,Other/Not known (2005-10),Mid Junction - on roundabout or on main road,PEUGEOT,,Petrol,Female,,No tow/articulation,Did not leave carriageway,0.0,Turning left,1,Car,No,Nearside,2005
200514A108005,36 - 45,7.0,Urban area,6.0,998.0,,,Other/Not known (2005-10),Entering roundabout,NISSAN,MICRA TWISTER,Petrol,Female,,No tow/articulation,Did not leave carriageway,0.0,Going ahead other,2,Car,No,Front,2005
200514A109905,21 - 25,3.0,Urban area,3.0,1199.0,,,Other/Not known (2005-10),Mid Junction - on roundabout or on main road,VAUXHALL,CORSA COMFORT 16V,Petrol,Male,,No tow/articulation,Did not leave carriageway,0.0,Going ahead other,1,Car,No,Nearside,2005
200514A115805,36 - 45,3.0,Small town,7.0,12130.0,,,Journey as part of work,Leaving roundabout,VOLVO,,Heavy oil,Male,,No tow/articulation,Did not leave carriageway,0.0,Changing lane to left,2,Goods 7.5 tonnes mgw and over,No,Nearside,2005
200514A130805,21 - 25,,Urban area,1.0,1896.0,,,Journey as part of work,Approaching junction or waiting/parked at junction approach,VOLKSWAGEN,BORA HIGHLINE TDI 130,Heavy oil,Female,Skidded,No tow/articulation,Did not leave carriageway,0.0,Going ahead other,2,Car,No,Nearside,2005
200514A139705,36 - 45,,Urban area,2.0,,,,Other/Not known (2005-10),Approaching junction or waiting/parked at junction approach,HARLEY-DAVIDSON,XL 1200 C CUSTOM SPORT,,Male,,No tow/articulation,Did not leave carriageway,0.0,Going ahead other,1,Car,No,Front,2005
200514A145605,Over 75,2.0,Urban area,1.0,1793.0,,,Other/Not known (2005-10),Not at or within 20 metres of junction,KIA,SHUMA II LX AUTO,Petrol,Male,,No tow/articulation,Did not leave carriageway,0.0,Overtaking static vehicle - offside,1,Car,No,Front,2005
200514A146005,46 - 55,5.0,Urban area,1.0,1896.0,,,Journey as part of work,Mid Junction - on roundabout or on main road,SKODA,OCTAVIA LX SDI,Heavy oil,Male,,No tow/articulation,Did not leave carriageway,0.0,Turning left,2,Taxi/Private hire car,No,Nearside,2005
200514A147805,36 - 45,6.0,Urban area,3.0,198.0,,,Other/Not known (2005-10),Not at or within 20 metres of junction,PIAGGIO,PX 200 E,Petrol,Male,Skidded,No tow/articulation,Did not leave carriageway,0.0,Going ahead other,1,Motorcycle over 125cc and up to 500cc,No,Did not impact,2005
200514A164305,36 - 45,1.0,Urban area,4.0,2463.0,,,Journey as part of work,Not at or within 20 metres of junction,RENAULT,MASTER LL35 DCI,Heavy oil,Male,,No tow/articulation,Did not leave carriageway,0.0,Going ahead other,1,Other vehicle,No,Did not impact,2005
200514A164305,26 - 35,4.0,Urban area,3.0,1948.0,,,Other/Not known (2005-10),Not at or within 20 metres of junction,VOLVO,S40 2.0T,Petrol,Female,,No tow/articulation,Did not leave carriageway,0.0,Going ahead other,2,Car,No,Did not impact,2005
200514A176905,21 - 25,3.0,Urban area,1.0,1108.0,,,Journey as part of work,Approaching junction or waiting/parked at junction approach,FIAT,SEICENTO SPORTING,Petrol,Female,Skidded,No tow/articulation,Did not leave carriageway,0.0,Slowing or stopping,1,Car,No,Back,2005
200514A193805,26 - 35,4.0,Urban area,5.0,1910.0,,,Other/Not known (2005-10),Not at or within 20 metres of junction,FIAT,PUNTO 1.9D,Heavy oil,Female,,No tow/articulation,Did not leave carriageway,0.0,Going ahead other,1,Car,No,Nearside,2005
200514A194105,36 - 45,15.0,Urban area,4.0,1590.0,,,Other/Not known (2005-10),Not at or within 20 metres of junction,MAZDA,,Petrol,Male,,No tow/articulation,Did not leave carriageway,0.0,Waiting to go - held up,3,Car,No,Back,2005
200514A197605,56 - 65,,Rural,8.0,,,,Other/Not known (2005-10),Not at or within 20 metres of junction,VAUXHALL,ASTRA LS DTI,,Female,,No tow/articulation,Did not leave carriageway,0.0,Waiting to go - held up,1,Car,No,Back,2005
200514A198405,66 - 75,,Urban area,7.0,1598.0,,,Other/Not known (2005-10),Approaching junction or waiting/parked at junction approach,TOYOTA,COROLLA TSPIRIT VVTI,Petrol,Male,,No tow/articulation,Did not leave carriageway,0.0,Waiting to turn left,1,Car,No,Back,2005
200514A200105,26 - 35,8.0,Urban area,3.0,1488.0,,,Other/Not known (2005-10),Entering roundabout,VAUXHALL,CORSA GLS TD,Heavy oil,Female,,No tow/articulation,Did not leave carriageway,0.0,Reversing,1,Car,No,Did not impact,2005
200514A200905,36 - 45,,Urban area,2.0,2616.0,,,Other/Not known (2005-10),Approaching junction or waiting/parked at junction approach,MAZDA,RX-8 231 PS,Petrol,Male,,No tow/articulation,Did not leave carriageway,0.0,Going ahead other,2,Car,No,Front,2005
200514A206105,Data missing or out of range,,Data missing or out of range,,,,,Other/Not known (2005-10),Mid Junction - on roundabout or on main road,FORD,TRANSIT 280 SWB TD,,Male,,No tow/articulation,Did not leave carriageway,0.0,U-turn,2,Car,No,Front,2005
200514A213805,36 - 45,4.0,Small town,3.0,1590.0,,,Other/Not known (2005-10),Mid Junction - on roundabout or on main road,HONDA,HR-V,Petrol,Female,Skidded,No tow/articulation,Did not leave carriageway,0.0,Going ahead other,1,Car,No,Nearside,2005
200514A213805,Data missing or out of range,14.0,Urban area,5.0,1397.0,,,Other/Not known (2005-10),Mid Junction - on roundabout or on main road,RENAULT,5 GT TURBO,Petrol,Male,,No tow/articulation,Did not leave carriageway,0.0,Turning right,2,Car,No,Back,2005
200514A214305,21 - 25,3.0,Urban area,3.0,1794.0,,,Other/Not known (2005-10),Approaching junction or waiting/parked at junction approach,TOYOTA,MR2 ROADSTER VVTI,Petrol,Male,Skidded,No tow/articulation,Did not leave carriageway,0.0,Slowing or stopping,1,Car,No,Front,2005
200514A219305,36 - 45,2.0,Urban area,1.0,973.0,,,Other/Not known (2005-10),Leaving main road,VAUXHALL,CORSA ELEGANCE 12V,Petrol,Female,,No tow/articulation,Did not leave carriageway,0.0,Moving off,2,Car,No,Front,2005
200514A221805,Data missing or out of range,,Data missing or out of range,,,,,Journey as part of work,Mid Junction - on roundabout or on main road,RENAULT,MASTER PCLL35 DCI 120 LWB,,Not known,,No tow/articulation,Did not leave carriageway,0.0,Going ahead other,1,Car,No,Did not impact,2005
200514A222805,36 - 45,8.0,Small town,8.0,10964.0,,,Journey as part of work,Approaching junction or waiting/parked at junction approach,MERCEDES,,Heavy oil,Male,,No tow/articulation,Did not leave carriageway,0.0,Going ahead other,1,Agricultural vehicle,No,Front,2005
200514A240805,Data missing or out of range,1.0,Urban area,8.0,2736.0,,,Other/Not known (2005-10),Approaching junction or waiting/parked at junction approach,SUZUKI,GRAND VITARA XL-7 V6,Petrol,Male,,No tow/articulation,Did not leave carriageway,0.0,Going ahead other,3,Car,No,Front,2005
200514A244805,36 - 45,,Urban area,2.0,1493.0,,,Other/Not known (2005-10),Not at or within 20 metres of junction,SMART,FORFOUR PULSE CDI 95 S-A,Heavy oil,Male,Skidded,No tow/articulation,Did not leave carriageway,0.0,Going ahead right-hand bend,1,Car,No,Front,2005
200514A245305,21 - 25,3.0,Urban area,1.0,1199.0,,,Other/Not known (2005-10),Not at or within 20 metres of junction,VAUXHALL,CORSA COMFORT 16V,Petrol,Female,,No tow/articulation,Did not leave carriageway,0.0,Going ahead other,2,Car,No,Front,2005
200514A245505,Data missing or out of range,13.0,Data missing or out of range,,1769.0,,Tree,Other/Not known (2005-10),Not at or within 20 metres of junction,PEUGEOT,205 JUNIOR DIESEL,Heavy oil,Not known,,No tow/articulation,Nearside,0.0,Going ahead right-hand bend,1,Car,No,Front,2005
200514A253205,21 - 25,7.0,Urban area,4.0,1998.0,,,Other/Not known (2005-10),Not at or within 20 metres of junction,FIAT,COUPE 20V TURBO,Petrol,Male,,No tow/articulation,Did not leave carriageway,0.0,Going ahead other,1,Car,No,Back,2005
200514A271205,16 - 20,11.0,Urban area,4.0,124.0,,,Other/Not known (2005-10),Entering main road,SUZUKI,,Petrol,Male,,No tow/articulation,Did not leave carriageway,0.0,Going ahead other,2,Motorcycle 125cc and under,No,Did not impact,2005
200514A279705,46 - 55,1.0,Urban area,2.0,2500.0,,,Other/Not known (2005-10),Approaching junction or waiting/parked at junction approach,KIA,SORENTO CRDI XE,Heavy oil,Male,,No tow/articulation,Did not leave carriageway,0.0,Going ahead other,2,Car,No,Front,2005
200514A280905,36 - 45,1.0,Urban area,2.0,1199.0,,,Other/Not known (2005-10),Entering roundabout,VAUXHALL,CORSA ACTIVE 16V,Petrol,Female,,No tow/articulation,Did not leave carriageway,0.0,Going ahead other,1,Car,No,Front,2005
200514A287505,26 - 35,3.0,Urban area,6.0,1781.0,,,Other/Not known (2005-10),Approaching junction or waiting/parked at junction approach,AUDI,A6 1.8T SPORT,Petrol,Male,,No tow/articulation,Did not leave carriageway,0.0,Going ahead other,1,Car,No,Front,2005
200514B001805,26 - 35,5.0,Urban area,3.0,12130.0,,,Journey as part of work,Entering main road,VOLVO,,Heavy oil,Male,,No tow/articulation,Did not leave carriageway,0.0,Moving off,2,Goods 7.5 tonnes mgw and over,No,Front,2005
200514B003905,56 - 65,4.0,Urban area,2.0,1199.0,,,Journey as part of work,Mid Junction - on roundabout or on main road,VAUXHALL,CORSA COMFORT 16V,Petrol,Female,Skidded,No tow/articulation,Did not leave carriageway,0.0,Going ahead other,1,Car,No,Offside,2005
200514B003905,36 - 45,3.0,Rural,9.0,1124.0,,,Journey as part of work,Cleared junction or waiting/parked at junction exit,PEUGEOT,206 LOOK,Petrol,Female,,No tow/articulation,Did not leave carriageway,0.0,Going ahead other,3,Car,No,Front,2005
200514B022305,56 - 65,1.0,Urban area,1.0,1598.0,,,Other/Not known (2005-10),Not at or within 20 metres of junction,RENAULT,SCENIC EXPRESSION 16V A,Petrol,Male,,No tow/articulation,Did not leave carriageway,0.0,Waiting to go - held up,1,Car,No,Back,2005
200514B026805,36 - 45,5.0,Urban area,2.0,2446.0,Kerb,,Other/Not known (2005-10),Mid Junction - on roundabout or on main road,TOYOTA,HI-LUX 4X4 EX TD,Heavy oil,Male,,No tow/articulation,Did not leave carriageway,0.0,Going ahead other,1,Car,No,Did not impact,2005
200514B027405,66 - 75,5.0,Small town,4.0,2800.0,,,Journey as part of work,Not at or within 20 metres of junction,IVECO,,Heavy oil,Male,,No tow/articulation,Did not leave carriageway,0.0,Waiting to go - held up,1,Van / Goods 3.5 tonnes mgw or under,No,Back,2005
200514B031005,36 - 45,7.0,Urban area,5.0,955.0,,,Other/Not known (2005-10),Approaching junction or waiting/parked at junction approach,TRIUMPH,SPEED TRIPLE 955I,Petrol,Male,Skidded,No tow/articulation,Did not leave carriageway,0.0,Going ahead other,2,Motorcycle over 500cc,No,Front,2005
200514B033805,26 - 35,7.0,Urban area,2.0,1896.0,,,Journey as part of work,Not at or within 20 metres of junction,SEAT,IBIZA 1.9 TDI SALSA,Heavy oil,Male,Skidded,No tow/articulation,Nearside,0.0,Going ahead left-hand bend,1,Car,No,Did not impact,2005
200514B037605,26 - 35,,Urban area,8.0,,,,Other/Not known (2005-10),Cleared junction or waiting/parked at junction exit,VAUXHALL,COMBO 1700 DI,,Male,,No tow/articulation,Did not leave carriageway,0.0,Waiting to go - held up,3,Car,No,Front,2005
200514B038105,36 - 45,1.0,Urban area,7.0,1997.0,,,Commuting to/from work,Cleared junction or waiting/parked at junction exit,PEUGEOT,307 CC,Petrol,Female,,No tow/articulation,Did not leave carriageway,0.0,Overtaking moving vehicle - offside,3,Car,No,Offside,2005
200514B038105,21 - 25,4.0,Urban area,9.0,2171.0,,,Commuting to/from work,Approaching junction or waiting/parked at junction approach,BMW,320CI SE,Petrol,Male,,No tow/articulation,Did not leave carriageway,0.0,Going ahead other,4,Car,No,Offside,2005
200514B039805,26 - 35,15.0,Small town,8.0,98.0,,,Commuting to/from work,Not at or within 20 metres of junction,YAMAHA,,Petrol,Male,,No tow/articulation,Did not leave carriageway,0.0,Overtaking moving vehicle - offside,2,Motorcycle 125cc and under,No,Nearside,2005
200514B039805,16 - 20,5.0,Rural,8.0,49.0,,,Commuting to/from work,Not at or within 20 metres of junction,APRILIA,,Petrol,Male,,No tow/articulation,Did not leave carriageway,0.0,Overtaking - nearside,3,Motorcycle 50cc and under,No,Did not impact,2005
200514B049605,26 - 35,3.0,Small town,1.0,1761.0,,,Other/Not known (2005-10),Entering roundabout,PEUGEOT,306 CABRIOLET 16V,Petrol,Male,,No tow/articulation,Did not leave carriageway,0.0,Waiting to turn right,1,Car,No,Nearside,2005
200514B051505,21 - 25,2.0,Small town,4.0,1124.0,,,Other/Not known (2005-10),Not at or within 20 metres of junction,PEUGEOT,206 LOOK,Petrol,Female,Overturned,No tow/articulation,Nearside,0.0,Going ahead right-hand bend,1,Car,No,Did not impact,2005
200514B052105,26 - 35,1.0,Urban area,3.0,11021.0,,,Journey as part of work,Not at or within 20 metres of junction,SCANIA,,Heavy oil,Male,,No tow/articulation,Did not leave carriageway,0.0,Going ahead right-hand bend,1,Goods 7.5 tonnes mgw and over,No,Front,2005
200514B056405,26 - 35,2.0,Urban area,3.0,1199.0,,,Other/Not known (2005-10),Not at or within 20 metres of junction,VAUXHALL,CORSA LIFE 16V,Petrol,Male,,No tow/articulation,Did not leave carriageway,0.0,Moving off,1,Car,No,Nearside,2005
200514B059505,16 - 20,9.0,Small town,10.0,1124.0,,,Commuting to/from work,Approaching junction or waiting/parked at junction approach,PEUGEOT,106 ESCAPADE,Petrol,Male,,No tow/articulation,Did not leave carriageway,0.0,Slowing or stopping,2,Car,No,Front,2005
200514B068605,26 - 35,1.0,Urban area,4.0,1783.0,,,Other/Not known (2005-10),Not at or within 20 metres of junction,VOLVO,V40 SPORT AUTO,Petrol,Female,,No tow/articulation,Did not leave carriageway,0.0,Overtaking moving vehicle - offside,3,Car,No,Front,2005
200514B068605,26 - 35,,Urban area,4.0,1149.0,,,Other/Not known (2005-10),Not at or within 20 metres of junction,RENAULT,21 TXE AUTO,Petrol,Female,,No tow/articulation,Did not leave carriageway,0.0,Parked,4,Car,No,Did not impact,2005
200514B074705,21 - 25,3.0,Urban area,1.0,1298.0,,,Other/Not known (2005-10),Not at or within 20 metres of junction,TOYOTA,,Petrol,Male,,No tow/articulation,Did not leave carriageway,0.0,Going ahead other,1,Car,No,Nearside,2005
200514B084805,36 - 45,13.0,Urban area,3.0,11600.0,,,Journey as part of work,Approaching junction or waiting/parked at junction approach,DAF,,Heavy oil,Male,,No tow/articulation,Did not leave carriageway,0.0,Slowing or stopping,1,Bus or coach (17 or more pass seats),No,Nearside,2005
200514B085605,26 - 35,3.0,Urban area,3.0,1840.0,,,Other/Not known (2005-10),Approaching junction or waiting/parked at junction approach,MAZDA,MX-5 PHOENIX,Petrol,Female,,No tow/articulation,Did not leave carriageway,0.0,Waiting to go - held up,1,Car,No,Back,2005
200514B085805,56 - 65,16.0,Urban area,1.0,1809.0,,,Other/Not known (2005-10),Mid Junction - on roundabout or on main road,NISSAN,PRAIRIE SGL,Petrol,Male,,Double or multiple trailer,Did not leave carriageway,0.0,Going ahead other,2,Car,No,Front,2005
200514B087305,26 - 35,7.0,Urban area,2.0,1396.0,,,Other/Not known (2005-10),Approaching junction or waiting/parked at junction approach,HONDA,CIVIC 1.4I SE,Petrol,Female,,No tow/articulation,Did not leave carriageway,0.0,Going ahead other,2,Car,No,Front,2005
200514B091905,21 - 25,4.0,Urban area,3.0,1299.0,,,Other/Not known (2005-10),Leaving main road,FORD,KA SILVER,Petrol,Female,,No tow/articulation,Did not leave carriageway,0.0,Turning left,1,Car,No,Did not impact,2005
200514B097705,21 - 25,5.0,Urban area,1.0,1950.0,,,Other/Not known (2005-10),Not at or within 20 metres of junction,ROVER,75 CLASSIC CDT SE,Heavy oil,Male,,No tow/articulation,Did not leave carriageway,0.0,Going ahead other,1,Car,No,Back,2005
200514B097705,26 - 35,2.0,Urban area,8.0,973.0,,,Other/Not known (2005-10),Not at or within 20 metres of junction,VAUXHALL,CORSA ELEGANCE 12V,Petrol,Female,Skidded,No tow/articulation,Did not leave carriageway,0.0,Going ahead other,2,Car,No,Front,2005
200514B112205,36 - 45,2.0,Urban area,3.0,124.0,,,Commuting to/from work,Not at or within 20 metres of junction,ITALJET,FORMULA 125,Petrol,Male,,No tow/articulation,Did not leave carriageway,0.0,Going ahead other,1,Motorcycle 125cc and under,No,Front,2005
200514B113105,66 - 75,4.0,Urban area,2.0,1199.0,,,Other/Not known (2005-10),Approaching junction or waiting/parked at junction approach,KAWASAKI,ZX1200-A1,Petrol,Male,Skidded and overturned,No tow/articulation,Did not leave carriageway,0.0,Overtaking moving vehicle - offside,2,Motorcycle over 500cc,No,Front,2005
200514B115705,Over 75,2.0,Urban area,5.0,1339.0,,,Other/Not known (2005-10),Not at or within 20 metres of junction,HONDA,JAZZ SE,Petrol,Male,,No tow/articulation,Did not leave carriageway,0.0,Going ahead other,1,Car,No,Nearside,2005
200514B128005,26 - 35,4.0,Urban area,7.0,1998.0,,,Journey as part of work,Leaving main road,FORD,MONDEO LX TDDI,Heavy oil,Male,,No tow/articulation,Did not leave carriageway,0.0,Turning right,2,Car,No,Offside,2005
200514B128305,46 - 55,7.0,Urban area,7.0,1995.0,,,Other/Not known (2005-10),Approaching junction or waiting/parked at junction approach,MAZDA,XEDOS 6 V6 SE,Petrol,Male,,No tow/articulation,Did not leave carriageway,0.0,Waiting to go - held up,1,Car,No,Front,2005
200514B128305,66 - 75,8.0,Urban area,6.0,1799.0,,,Other/Not known (2005-10),Approaching junction or waiting/parked at junction approach,VAUXHALL,VECTRA GLS 16V,Petrol,Male,,No tow/articulation,Did not leave carriageway,0.0,Waiting to go - held up,2,Car,No,Back,2005
200514B131805,36 - 45,1.0,Small town,9.0,11967.0,,,Journey as part of work,Not at or within 20 metres of junction,MERCEDES,,Heavy oil,Male,,Articulated vehicle,Did not leave carriageway,0.0,Going ahead other,1,Goods 7.5 tonnes mgw and over,No,Front,2005
200514B131805,16 - 20,,Urban area,9.0,,,Entered ditch,Commuting to/from work,Not at or within 20 metres of junction,VAUXHALL,COMBO 1700 DI,,Male,Skidded,No tow/articulation,Offside,0.0,Going ahead other,2,Car,No,Front,2005
200514B131805,46 - 55,2.0,Rural,6.0,1781.0,,,Commuting to/from work,Not at or within 20 metres of junction,VOLKSWAGEN,GOLF GTI 180 BHP,Petrol,Female,Skidded,No tow/articulation,Did not leave carriageway,0.0,Going ahead other,3,Car,No,Back,2005
200514B135705,36 - 45,1.0,Urban area,6.0,12580.0,,,Journey as part of work,Not at or within 20 metres of junction,DAF TRUCKS,FT CF85.430,Heavy oil,Male,,Articulated vehicle,Did not leave carriageway,0.0,Going ahead other,2,Goods 7.5 tonnes mgw and over,No,Front,2005
200514B145705,16 - 20,11.0,Urban area,4.0,1905.0,,Other permanent object,Other/Not known (2005-10),Approaching junction or waiting/parked at junction approach,PEUGEOT,405 GTX TURBO DIESEL,Heavy oil,Male,Skidded and overturned,No tow/articulation,Offside,0.0,Going ahead other,1,Car,No,Front,2005
200514B147705,Data missing or out of range,12.0,Data missing or out of range,,1120.0,,,Other/Not known (2005-10),Not at or within 20 metres of junction,ROVER,METRO TAHITI,Petrol,Not known,,No tow/articulation,Did not leave carriageway,0.0,Going ahead other,2,Car,No,Front,2005
200514B162505,56 - 65,5.0,Urban area,2.0,1995.0,,,Other/Not known (2005-10),Approaching junction or waiting/parked at junction approach,CHRYSLER,NEON SE AUTO,Petrol,Female,,No tow/articulation,Did not leave carriageway,0.0,Going ahead right-hand bend,1,Car,No,Front,2005