Accident_Index,Age_Band_of_Driver,Age_of_Vehicle,Driver_Home_Area_Type,Driver_IMD_Decile,Engine_Capacity_.CC.,Hit_Object_in_Carriageway,Hit_Object_off_Carriageway,Journey_Purpose_of_Driver,Junction_Location,make,model,Propulsion_Code,Sex_of_Driver,Skidding_and_Overturning,Towing_and_Articulation,Vehicle_Leaving_Carriageway,Vehicle_Location.Restricted_Lane,Vehicle_Manoeuvre,Vehicle_Reference,Vehicle_Type,Was_Vehicle_Left_Hand_Drive,X1st_Point_of_Impact,Year
2005160D00460,21 - 25,8.0,Urban area,8.0,1998.0,,,Other/Not known (2005-10),Approaching junction or waiting/parked at junction approach,NISSAN,200 SX TOURING,Petrol,Male,,No tow/articulation,Did not leave carriageway,0.0,Waiting to go - held up,1,Car,No,Back,2005
2005160D00660,16 - 20,7.0,Urban area,7.0,1598.0,,,Journey as part of work,Mid Junction - on roundabout or on main road,RENAULT,MEGANE SPORT 1.6E,Petrol,Male,,No tow/articulation,Did not leave carriageway,0.0,Going ahead other,2,Car,No,Nearside,2005
2005160D01110,26 - 35,1.0,Urban area,4.0,1793.0,,,Other/Not known (2005-10),Approaching junction or waiting/parked at junction approach,KIA,CARENS LE,Petrol,Male,,No tow/articulation,Did not leave carriageway,0.0,Parked,1,Car,No,Back,2005
2005160D01120,36 - 45,2.0,Urban area,4.0,1870.0,,,Other/Not known (2005-10),Mid Junction - on roundabout or on main road,RENAULT,MEGANE SCENIC FIDJI DCI,Heavy oil,Male,,No tow/articulation,Did not leave carriageway,0.0,Going ahead other,2,Car,No,Front,2005
2005160D01230,46 - 55,3.0,Urban area,1.0,1686.0,,,Other/Not known (2005-10),Cleared junction or waiting/parked at junction exit,VAUXHALL,ASTRA CLUB DTI,Heavy oil,Female,,No tow/articulation,Did not leave carriageway,0.0,Turning right,1,Car,No,Front,2005
2005160D01490,26 - 35,5.0,Urban area,1.0,1149.0,,,Other/Not known (2005-10),Cleared junction or waiting/parked at junction exit,RENAULT,CLIO MTV,Petrol,Male,,No tow/articulation,Did not leave carriageway,0.0,Slowing or stopping,1,Car,No,Back,2005
2005160D01780,Data missing or out of range,11.0,Data missing or out of range,,1994.0,,,Other/Not known (2005-10),Approaching junction or waiting/parked at junction approach,ROVER,220 GSI,Petrol,Not known,Skidded,No tow/articulation,Did not leave carriageway,0.0,Slowing or stopping,2,Car,No,Front,2005
2005160D02040,36 - 45,4.0,Urban area,2.0,1124.0,,,Commuting to/from work,Approaching junction or waiting/parked at junction approach,CITROEN,SAXO FIRST,Petrol,Female,,No tow/articulation,Did not leave carriageway,0.0,Slowing or stopping,2,Car,No,Back,2005
2005160D02200,46 - 55,5.0,Urban area,1.0,1994.0,,,Other/Not known (2005-10),Mid Junction - on roundabout or on main road,ROVER,45 CLASSIC TURBO DIESEL,Heavy oil,Male,,No tow/articulation,Did not leave carriageway,0.0,Moving off,2,Car,No,Offside,2005
2005160D02250,46 - 55,11.0,Urban area,2.0,12130.0,,,Other/Not known (2005-10),Not at or within 20 metres of junction,VOLVO,,Heavy oil,Male,,No tow/articulation,Did not leave carriageway,0.0,Changing lane to left,2,Goods 7.5 tonnes mgw and over,No,Nearside,2005
2005160D02800,26 - 35,5.0,Urban area,4.0,2544.0,,,Other/Not known (2005-10),Approaching junction or waiting/parked at junction approach,FORD,COUGAR V6,Petrol,Male,,No tow/articulation,Did not leave carriageway,0.0,Going ahead other,1,Car,No,Front,2005
2005160D03050,Data missing or out of range,2.0,Data missing or out of range,,1686.0,,,Other/Not known (2005-10),Mid Junction - on roundabout or on main road,VAUXHALL,COMBO 1700 DI,Heavy oil,Not known,,No tow/articulation,Did not leave carriageway,0.0,Turning right,1,Van / Goods 3.5 tonnes mgw or under,No,Front,2005
2005160D03160,56 - 65,5.0,Urban area,1.0,6240.0,,,Journey as part of work,Approaching junction or waiting/parked at junction approach,DAF TRUCKS,FA65CF.210,Heavy oil,Male,,No tow/articulation,Did not leave carriageway,0.0,Turning left,1,Goods 7.5 tonnes mgw and over,No,Front,2005
2005160D03600,26 - 35,6.0,Urban area,5.0,599.0,,,Other/Not known (2005-10),Mid Junction - on roundabout or on main road,HONDA,CB600 HORNET,Petrol,Male,,No tow/articulation,Did not leave carriageway,0.0,Going ahead other,1,Motorcycle over 500cc,No,Front,2005
2005160D03820,16 - 20,,Urban area,8.0,1242.0,,,Other/Not known (2005-10),Not at or within 20 metres of junction,FORD,FIESTA STYLE CLIMATE,Petrol,Female,Skidded,No tow/articulation,Offside on to central reservation,0.0,Going ahead other,1,Car,No,Front,2005
2005160D05220,26 - 35,4.0,Urban area,8.0,1588.0,Other object,,Commuting to/from work,Not at or within 20 metres of junction,ROVER,25 IXL,Petrol,Male,Skidded,No tow/articulation,Did not leave carriageway,0.0,Going ahead other,1,Car,No,Front,2005
2005160D06000,26 - 35,6.0,Data missing or out of range,,599.0,,,Other/Not known (2005-10),Approaching junction or waiting/parked at junction approach,HONDA,CB600 HORNET,Petrol,Male,,No tow/articulation,Did not leave carriageway,0.0,Overtaking static vehicle - offside,1,Motorcycle over 500cc,No,Front,2005
2005160D06180,16 - 20,,Urban area,3.0,124.0,,,Other/Not known (2005-10),Approaching junction or waiting/parked at junction approach,HONDA,XR 125 L-5,Petrol,Male,,No tow/articulation,Did not leave carriageway,0.0,Going ahead other,1,Motorcycle 125cc and under,No,Did not impact,2005
2005160D07370,56 - 65,9.0,Urban area,1.0,8970.0,,,Journey as part of work,Mid Junction - on roundabout or on main road,SCANIA,,Heavy oil,Male,,No tow/articulation,Did not leave carriageway,0.0,Going ahead other,2,Goods 7.5 tonnes mgw and over,No,Front,2005
2005160D07440,21 - 25,6.0,Urban area,2.0,998.0,,,Other/Not known (2005-10),Not at or within 20 metres of junction,NISSAN,MICRA INSPIRATION 16V,Petrol,Female,,No tow/articulation,Did not leave carriageway,0.0,Going ahead other,1,Car,No,Front,2005
2005160D07650,36 - 45,2.0,Urban area,,5883.0,,,Other/Not known (2005-10),Not at or within 20 metres of junction,DENNIS,,Heavy oil,Male,,No tow/articulation,Did not leave carriageway,0.0,Going ahead other,1,Bus or coach (17 or more pass seats),No,Front,2005
2005160D07740,16 - 20,10.0,Data missing or out of range,,1800.0,,,Other/Not known (2005-10),Not at or within 20 metres of junction,RENAULT,,Petrol,Male,,No tow/articulation,Did not leave carriageway,0.0,Going ahead other,1,Car,No,Offside,2005
2005160D07740,Data missing or out of range,2.0,Data missing or out of range,,1598.0,,,Other/Not known (2005-10),Not at or within 20 metres of junction,VAUXHALL,ASTRA ENVOY 8V AUTO,Petrol,Not known,,No tow/articulation,Did not leave carriageway,0.0,Parked,3,Car,No,Back,2005
2005160D07740,Data missing or out of range,6.0,Data missing or out of range,,1948.0,,,Other/Not known (2005-10),Not at or within 20 metres of junction,RENAULT,LAGUNA EXECUTIVE,Petrol,Not known,,No tow/articulation,Did not leave carriageway,0.0,Parked,6,Car,No,Back,2005
2005160D07990,26 - 35,8.0,Urban area,1.0,1108.0,,,Other/Not known (2005-10),Not at or within 20 metres of junction,FIAT,PUNTO 55 SX,Petrol,Female,,No tow/articulation,Did not leave carriageway,0.0,Going ahead other,1,Car,No,Front,2005
2005160D08190,26 - 35,7.0,Urban area,,998.0,,,Other/Not known (2005-10),Approaching junction or waiting/parked at junction approach,NISSAN,MICRA PASSION,Petrol,Male,,No tow/articulation,Did not leave carriageway,0.0,Waiting to go - held up,2,Car,No,Back,2005
2005170H10295,46 - 55,6.0,Data missing or out of range,,1597.0,,,Other/Not known (2005-10),Mid Junction - on roundabout or on main road,NISSAN,PRIMERA SX 16V,Petrol,Male,,No tow/articulation,Did not leave carriageway,0.0,Going ahead other,1,Car,No,Offside,2005
2005170H10295,21 - 25,1.0,Urban area,2.0,1149.0,,,Other/Not known (2005-10),Mid Junction - on roundabout or on main road,RENAULT,CLIO DYNAMIQUE 16V,Petrol,Female,,No tow/articulation,Did not leave carriageway,0.0,Going ahead other,2,Car,No,Front,2005
2005170H10665,21 - 25,8.0,Urban area,1.0,1598.0,,,Other/Not known (2005-10),Not at or within 20 metres of junction,VAUXHALL,VECTRA GLS 16V,Petrol,Male,,No tow/articulation,Offside - crossed central reservation,0.0,Going ahead other,1,Car,No,Front,2005
2005170H10665,26 - 35,12.0,Urban area,2.0,1984.0,,,Other/Not known (2005-10),Not at or within 20 metres of junction,AUDI,COUPE 16V,Petrol,Male,,No tow/articulation,Did not leave carriageway,0.0,Going ahead other,2,Car,No,Front,2005
2005170H10845,26 - 35,,Urban area,9.0,,,,Other/Not known (2005-10),Approaching junction or waiting/parked at junction approach,MITSUBISHI,L200 2.5TD 4LIFE 4WD,,Male,,No tow/articulation,Did not leave carriageway,0.0,Going ahead other,1,Car,No,Front,2005
2005170H10845,26 - 35,4.0,Urban area,1.0,1596.0,,,Other/Not known (2005-10),Approaching junction or waiting/parked at junction approach,FIAT,BRAVA 100 ELX,Petrol,Female,,No tow/articulation,Did not leave carriageway,0.0,Waiting to go - held up,2,Car,No,Back,2005
2005170H11345,16 - 20,7.0,Urban area,2.0,1299.0,Kerb,Other permanent object,Other/Not known (2005-10),Not at or within 20 metres of junction,PROTON,PERSONA COMPACT GLI,Petrol,Male,Skidded and overturned,No tow/articulation,Nearside,0.0,Going ahead right-hand bend,1,Car,No,Front,2005
2005170H11445,66 - 75,7.0,Data missing or out of range,,1495.0,,,Other/Not known (2005-10),Not at or within 20 metres of junction,HYUNDAI,ACCENT MVI,Petrol,Female,,No tow/articulation,Did not leave carriageway,0.0,Going ahead other,2,Car,No,Front,2005
2005170H11495,21 - 25,1.0,Urban area,1.0,1242.0,,,Other/Not known (2005-10),Mid Junction - on roundabout or on main road,FIAT,PUNTO ACTIVE 8V,Petrol,Female,Overturned,No tow/articulation,Did not leave carriageway,0.0,Going ahead other,2,Car,No,Nearside,2005
2005170H11565,36 - 45,11.0,Urban area,1.0,1995.0,,,Other/Not known (2005-10),Approaching junction or waiting/parked at junction approach,RENAULT,SAFRANE RN,Petrol,Female,,No tow/articulation,Did not leave carriageway,0.0,Waiting to go - held up,1,Car,No,Back,2005
2005170H11875,36 - 45,10.0,Data missing or out of range,,954.0,,,Other/Not known (2005-10),Not at or within 20 metres of junction,CITROEN,AX ELATION,Petrol,Male,,No tow/articulation,Did not leave carriageway,0.0,Going ahead other,2,Car,No,Offside,2005
2005170H12135,21 - 25,6.0,Rural,,2300.0,,,Other/Not known (2005-10),Approaching junction or waiting/parked at junction approach,VOLKSWAGEN,GOLF V5 AUTO,Petrol,Male,Skidded,No tow/articulation,Did not leave carriageway,0.0,Going ahead right-hand bend,1,Car,No,Front,2005
2005170L10935,21 - 25,5.0,Urban area,1.0,1242.0,,,Other/Not known (2005-10),Approaching junction or waiting/parked at junction approach,FIAT,PUNTO ELX 8V,Petrol,Male,,No tow/articulation,Did not leave carriageway,0.0,Parked,1,Car,No,Back,2005
2005170L10935,21 - 25,8.0,Urban area,3.0,124.0,,,Other/Not known (2005-10),Approaching junction or waiting/parked at junction approach,PIAGGIO,VESPA ET4,Petrol,Male,Skidded,No tow/articulation,Did not leave carriageway,0.0,Going ahead other,2,Motorcycle 125cc and under,No,Front,2005
2005170L11105,36 - 45,3.0,Urban area,7.0,1360.0,,Other permanent object,Commuting to/from work,Not at or within 20 metres of junction,CITROEN,C3 SX,Petrol,Male,Skidded,No tow/articulation,Nearside and rebounded,0.0,Going ahead other,1,Car,No,Front,2005
2005170L11855,36 - 45,1.0,Data missing or out of range,,1598.0,,,Other/Not known (2005-10),Not at or within 20 metres of junction,VAUXHALL,MERIVA LIFE 8V,Petrol,Female,,No tow/articulation,Did not leave carriageway,0.0,Reversing,1,Car,No,Back,2005
2005170L20065,36 - 45,4.0,Urban area,1.0,1995.0,,,Other/Not known (2005-10),Approaching junction or waiting/parked at junction approach,VAUXHALL,VECTRA LS DTI,Heavy oil,Male,,No tow/articulation,Did not leave carriageway,0.0,Going ahead other,2,Taxi/Private hire car,No,Front,2005
2005170L22295,46 - 55,4.0,Rural,5.0,1991.0,,,Other/Not known (2005-10),Not at or within 20 metres of junction,HYUNDAI,SANTA FE TD,Heavy oil,Female,,No tow/articulation,Did not leave carriageway,0.0,Waiting to go - held up,1,Car,No,Back,2005
2005170L22375,56 - 65,3.0,Small town,,11705.0,Kerb,Central crash barrier,Journey as part of work,Not at or within 20 metres of junction,SCANIA,,Heavy oil,Male,Skidded and overturned,Articulated vehicle,Offside on to central reservation,0.0,Going ahead other,2,Goods 7.5 tonnes mgw and over,No,Front,2005
2005170L22855,26 - 35,3.0,Urban area,4.0,1390.0,,,Other/Not known (2005-10),Mid Junction - on roundabout or on main road,RENAULT,MEGANE FIDJI 16V,Petrol,Male,,No tow/articulation,Did not leave carriageway,0.0,Going ahead other,2,Car,No,Front,2005
2005170L30445,21 - 25,5.0,Urban area,4.0,1149.0,,Lamp post,Journey as part of work,Not at or within 20 metres of junction,RENAULT,CLIO MTV,Petrol,Male,Overturned,No tow/articulation,Offside on to central reservation,0.0,Going ahead other,2,Car,No,Front,2005
2005170L30465,36 - 45,5.0,Urban area,4.0,2402.0,,,Other/Not known (2005-10),Not at or within 20 metres of junction,FORD,TRANSIT 350 LWB TD,Heavy oil,Male,,No tow/articulation,Did not leave carriageway,0.0,Overtaking static vehicle - offside,1,Van / Goods 3.5 tonnes mgw or under,No,Front,2005
2005170L30985,46 - 55,10.0,Urban area,6.0,11967.0,,,Journey as part of work,Not at or within 20 metres of junction,MERCEDES,,Heavy oil,Male,,No tow/articulation,Did not leave carriageway,0.0,Going ahead other,1,Bus or coach (17 or more pass seats),No,Front,2005
2005170L31035,56 - 65,5.0,Urban area,9.0,,,,Journey as part of work,Cleared junction or waiting/parked at junction exit,DAF TRUCKS,FA 45.130,Heavy oil,Male,,No tow/articulation,Did not leave carriageway,0.0,Changing lane to left,1,Goods over 3.5t. and under 7.5t,No,Did not impact,2005
2005170L31035,21 - 25,3.0,Urban area,9.0,1124.0,,,Commuting to/from work,Cleared junction or waiting/parked at junction exit,PEUGEOT,206 LOOK,Petrol,Female,,No tow/articulation,Did not leave carriageway,0.0,Going ahead other,2,Car,No,Back,2005
2005170L31035,56 - 65,12.0,Small town,9.0,1870.0,,,Commuting to/from work,Cleared junction or waiting/parked at junction exit,RENAULT,CLIO OASIS DIESEL,Heavy oil,Male,,No tow/articulation,Did not leave carriageway,0.0,Going ahead other,3,Car,No,Front,2005
2005170L31345,56 - 65,3.0,Data missing or out of range,,998.0,,,Other/Not known (2005-10),Mid Junction - on roundabout or on main road,NISSAN,MICRA TEMPEST,Petrol,Female,,No tow/articulation,Did not leave carriageway,0.0,Going ahead other,2,Car,No,Nearside,2005
2005170L31445,16 - 20,12.0,Urban area,1.0,1119.0,,,Commuting to/from work,Leaving roundabout,FORD,FIESTA I,Petrol,Male,,No tow/articulation,Did not leave carriageway,0.0,Going ahead other,1,Car,No,Front,2005
2005170L31485,26 - 35,,Small town,2.0,,,,Other/Not known (2005-10),Mid Junction - on roundabout or on main road,FORD,TRANSIT 330 LWB TD,,Male,,No tow/articulation,Did not leave carriageway,0.0,Turning left,1,Goods over 3.5t. and under 7.5t,No,Nearside,2005
2005170L32615,Data missing or out of range,,Data missing or out of range,,,,,Journey as part of work,Approaching junction or waiting/parked at junction approach,PEUGEOT,206 S TD,,Male,,No tow/articulation,Did not leave carriageway,0.0,Turning left,2,Goods 7.5 tonnes mgw and over,No,Offside,2005
2005170L32705,56 - 65,5.0,Data missing or out of range,,1199.0,,,Other/Not known (2005-10),Cleared junction or waiting/parked at junction exit,VAUXHALL,CORSA GLS 12V,Petrol,Female,,No tow/articulation,Did not leave carriageway,0.0,Waiting to go - held up,1,Car,No,Back,2005
2005170L32705,56 - 65,7.0,Data missing or out of range,,2164.0,,,Other/Not known (2005-10),Cleared junction or waiting/parked at junction exit,TOYOTA,CAMRY 2.2I AUTO,Petrol,Male,,No tow/articulation,Did not leave carriageway,0.0,Waiting to go - held up,2,Car,No,Back,2005
2005170L32705,16 - 20,7.0,Data missing or out of range,,1242.0,,,Other/Not known (2005-10),Cleared junction or waiting/parked at junction exit,FIAT,PUNTO SX 60,Petrol,Male,,No tow/articulation,Did not leave carriageway,0.0,Waiting to go - held up,4,Car,No,Back,2005
2005170L41575,46 - 55,1.0,Urban area,7.0,1560.0,,Other permanent object,Other/Not known (2005-10),Not at or within 20 metres of junction,PEUGEOT,206 GTI HDI 110,Heavy oil,Female,,No tow/articulation,Nearside,0.0,Going ahead other,2,Car,No,Offside,2005
2005170L51385,16 - 20,11.0,Rural,3.0,400.0,,,Other/Not known (2005-10),Approaching junction or waiting/parked at junction approach,HONDA,,Petrol,Male,,No tow/articulation,Nearside,0.0,Going ahead other,1,Motorcycle over 125cc and up to 500cc,No,Front,2005
2005170M10025,46 - 55,1.0,Urban area,3.0,1998.0,,Central crash barrier,Other/Not known (2005-10),Not at or within 20 metres of junction,MAZDA,6 TS DIESEL,Heavy oil,Male,,No tow/articulation,Offside on to central reservation,0.0,Overtaking moving vehicle - offside,1,Car,No,Front,2005
2005170M10025,26 - 35,2.0,Data missing or out of range,,1997.0,,,Other/Not known (2005-10),Not at or within 20 metres of junction,PEUGEOT,406 S HDI(90),Heavy oil,Male,,No tow/articulation,Did not leave carriageway,0.0,Going ahead other,2,Taxi/Private hire car,No,Front,2005
2005170M10075,21 - 25,6.0,Data missing or out of range,,1341.0,,,Other/Not known (2005-10),Not at or within 20 metres of junction,HYUNDAI,ACCENT SIENA,Petrol,Male,,No tow/articulation,Did not leave carriageway,0.0,U-turn,2,Car,No,Offside,2005
2005170M10095,21 - 25,12.0,Data missing or out of range,,954.0,,,Other/Not known (2005-10),Not at or within 20 metres of junction,CITROEN,AX 10 DEBUT,Petrol,Female,Overturned,No tow/articulation,Nearside,0.0,Changing lane to left,1,Car,No,Front,2005
2005170M10095,46 - 55,4.0,Urban area,8.0,1461.0,,,Other/Not known (2005-10),Not at or within 20 metres of junction,RENAULT,CLIO EXPRESSION DCI 65,Heavy oil,Male,,No tow/articulation,Did not leave carriageway,0.0,Waiting to go - held up,2,Car,No,Back,2005
2005170M10595,21 - 25,10.0,Urban area,6.0,1686.0,,,Other/Not known (2005-10),Mid Junction - on roundabout or on main road,VAUXHALL,VECTRA ENVOY,Heavy oil,Male,,No tow/articulation,Did not leave carriageway,0.0,Going ahead other,2,Car,No,Front,2005
2005170M10615,46 - 55,1.0,Data missing or out of range,,6871.0,,,Journey as part of work,Entering main road,MAN,,Heavy oil,Male,,No tow/articulation,Did not leave carriageway,0.0,Turning left,2,Bus or coach (17 or more pass seats),No,Front,2005
2005170M10615,Over 75,7.0,Urban area,8.0,1598.0,,,Other/Not known (2005-10),Approaching junction or waiting/parked at junction approach,RENAULT,MEGANE RT SPORT 1.6E,Petrol,Male,,No tow/articulation,Did not leave carriageway,0.0,Waiting to turn right,3,Car,No,Offside,2005
2005170M10615,26 - 35,4.0,Data missing or out of range,,1781.0,,,Other/Not known (2005-10),Cleared junction or waiting/parked at junction exit,AUDI,A3 T QUATTRO SPORT,Petrol,Female,,No tow/articulation,Did not leave carriageway,0.0,Parked,5,Car,No,Front,2005
2005170M11155,16 - 20,10.0,Urban area,,1389.0,,,Other/Not known (2005-10),Approaching junction or waiting/parked at junction approach,VAUXHALL,CORSA GLS AUTO,Petrol,Male,,No tow/articulation,Did not leave carriageway,0.0,Reversing,1,Car,No,Nearside,2005
2005170M11215,16 - 20,6.0,Urban area,8.0,1242.0,,,Other/Not known (2005-10),Approaching junction or waiting/parked at junction approach,FIAT,PUNTO 60 TEAM,Petrol,Male,,No tow/articulation,Did not leave carriageway,0.0,Going ahead other,1,Car,No,Front,2005
2005170M11395,26 - 35,4.0,Urban area,1.0,1995.0,,,Other/Not known (2005-10),Approaching junction or waiting/parked at junction approach,VAUXHALL,ZAFIRA ELEGANCE DTI,Heavy oil,Male,,No tow/articulation,Did not leave carriageway,0.0,Waiting to go - held up,1,Car,No,Back,2005
2005170M12585,56 - 65,3.0,Data missing or out of range,,1997.0,,,Other/Not known (2005-10),Not at or within 20 metres of junction,CITROEN,C5 HDI EXCLUSIVE,Heavy oil,Female,,No tow/articulation,Did not leave carriageway,0.0,Parked,2,Car,No,Back,2005
2005170M12705,46 - 55,7.0,Urban area,5.0,9600.0,,,Journey as part of work,Not at or within 20 metres of junction,VOLVO,,Heavy oil,Female,,No tow/articulation,Did not leave carriageway,0.0,Going ahead other,1,Bus or coach (17 or more pass seats),No,Nearside,2005
2005170M12745,26 - 35,10.0,Data missing or out of range,,,,,Journey as part of work,Approaching junction or waiting/parked at junction approach,VOLVO,,Heavy oil,Male,,No tow/articulation,Did not leave carriageway,0.0,Going ahead other,1,Bus or coach (17 or more pass seats),No,Nearside,2005
2005170M12975,36 - 45,18.0,Rural,7.0,6700.0,,,Journey as part of work,Not at or within 20 metres of junction,VOLVO,,Heavy oil,Male,Skidded and overturned,No tow/articulation,Nearside,0.0,Changing lane to left,1,Goods 7.5 tonnes mgw and over,No,Back,2005
2005170M13555,26 - 35,6.0,Data missing or out of range,,,,,Journey as part of work,Approaching junction or waiting/parked at junction approach,DAF,,Heavy oil,Male,,No tow/articulation,Did not leave carriageway,0.0,Going ahead other,1,Bus or coach (17 or more pass seats),No,Did not impact,2005
2005170M20535,36 - 45,9.0,Urban area,1.0,1998.0,,,Other/Not known (2005-10),Mid Junction - on roundabout or on main road,FORD,ESCORT RS2000,Petrol,Male,,No tow/articulation,Did not leave carriageway,0.0,Going ahead other,2,Car,No,Nearside,2005
2005170M21435,36 - 45,6.0,Urban area,7.0,1108.0,,,Other/Not known (2005-10),Approaching junction or waiting/parked at junction approach,FIAT,SEICENTO SPORTING,Petrol,Female,,No tow/articulation,Did not leave carriageway,0.0,Waiting to go - held up,2,Car,No,Back,2005
2005170M23675,46 - 55,6.0,Urban area,1.0,1242.0,,,Other/Not known (2005-10),Mid Junction - on roundabout or on main road,MAZDA,121 GSI 16V,Petrol,Female,,No tow/articulation,Did not leave carriageway,0.0,Going ahead other,1,Car,No,Front,2005
2005170M30565,26 - 35,5.0,Data missing or out of range,,1390.0,,,Other/Not known (2005-10),Mid Junction - on roundabout or on main road,RENAULT,CLIO ETOILE,Petrol,Female,,No tow/articulation,Did not leave carriageway,0.0,Going ahead other,1,Car,No,Offside,2005
2005170M31505,46 - 55,4.0,Urban area,8.0,1328.0,,,Other/Not known (2005-10),Not at or within 20 metres of junction,SUZUKI,IGNIS GL,Petrol,Male,,No tow/articulation,Did not leave carriageway,0.0,Going ahead other,1,Car,No,Front,2005
2005170M31765,36 - 45,,Data missing or out of range,,,,,Journey as part of work,Not at or within 20 metres of junction,FORD,TRANSIT 350 LWB TD,,Male,,No tow/articulation,Did not leave carriageway,0.0,Going ahead other,1,Goods over 3.5t. and under 7.5t,No,Front,2005
2005170M33655,46 - 55,,Urban area,,1461.0,,,Other/Not known (2005-10),Mid Junction - on roundabout or on main road,RENAULT,MODUS EXPRESSION DCI 80,Heavy oil,Male,,No tow/articulation,Did not leave carriageway,0.0,Going ahead other,2,Car,No,Front,2005
2005170M34175,66 - 75,1.0,Data missing or out of range,,1999.0,,,Other/Not known (2005-10),Approaching junction or waiting/parked at junction approach,MITSUBISHI,SHOGUN PININ GDI EQUIPP A,Petrol,Male,,No tow/articulation,Did not leave carriageway,0.0,Waiting to go - held up,2,Car,No,Back,2005
2005170M34195,36 - 45,9.0,Urban area,7.0,1996.0,,,Other/Not known (2005-10),Mid Junction - on roundabout or on main road,MERCEDES,C200 ELEGANCE AUTO,Petrol,Male,,No tow/articulation,Did not leave carriageway,0.0,Going ahead other,1,Car,No,Front,2005
2005170M34195,36 - 45,1.0,Data missing or out of range,,698.0,,,Journey as part of work,Mid Junction - on roundabout or on main road,SMART,FORTWO PURE 50 AUTO,Petrol,Male,,No tow/articulation,Did not leave carriageway,0.0,Turning right,2,Car,No,Nearside,2005
2005170S10605,46 - 55,1.0,Small town,2.0,1199.0,,Tree,Other/Not known (2005-10),Not at or within 20 metres of junction,VAUXHALL,AGILA DESIGN 16V,Petrol,Male,,No tow/articulation,Nearside,0.0,Going ahead other,1,Car,No,Front,2005
2005170S10985,26 - 35,6.0,Urban area,8.0,1796.0,,,Other/Not known (2005-10),Mid Junction - on roundabout or on main road,FORD,MONDEO VERONA,Petrol,Male,,No tow/articulation,Did not leave carriageway,0.0,Going ahead other,2,Car,No,Front,2005
2005170S12075,56 - 65,11.0,Data missing or out of range,,1587.0,,,Other/Not known (2005-10),Not at or within 20 metres of junction,TOYOTA,CARINA E XLI EXPRESS,Petrol,Male,,No tow/articulation,Did not leave carriageway,0.0,Waiting to go - held up,2,Car,No,Back,2005
2005170S12555,21 - 25,1.0,Urban area,4.0,1598.0,,,Other/Not known (2005-10),Approaching junction or waiting/parked at junction approach,RENAULT,GRND SCENIC PRIVILEGE 16V,Petrol,Female,,No tow/articulation,Did not leave carriageway,0.0,Waiting to go - held up,1,Car,No,Back,2005
2005170S12895,36 - 45,10.0,Data missing or out of range,,1389.0,,,Other/Not known (2005-10),Not at or within 20 metres of junction,VAUXHALL,ASTRA MERIT,Petrol,Female,,No tow/articulation,Did not leave carriageway,0.0,Going ahead other,1,Car,No,Front,2005
2005170S13875,16 - 20,6.0,Data missing or out of range,,1275.0,,,Other/Not known (2005-10),Not at or within 20 metres of junction,NISSAN,MICRA SI,Petrol,Male,Skidded,No tow/articulation,Did not leave carriageway,0.0,Going ahead right-hand bend,2,Car,No,Front,2005
2005170S13945,46 - 55,10.0,Urban area,5.0,1120.0,,,Other/Not known (2005-10),Approaching junction or waiting/parked at junction approach,ROVER,111 SI,Petrol,Male,,No tow/articulation,Did not leave carriageway,0.0,Going ahead other,1,Car,No,Front,2005
2005170S23555,26 - 35,7.0,Urban area,3.0,1242.0,,,Other/Not known (2005-10),Mid Junction - on roundabout or on main road,FIAT,PUNTO SX 60,Petrol,Male,,No tow/articulation,Did not leave carriageway,0.0,Turning right,1,Car,No,Offside,2005
2005170S23555,26 - 35,8.0,Urban area,,1994.0,,,Journey as part of work,Mid Junction - on roundabout or on main road,VAUXHALL,VECTRA 2.0 DI GLS,Heavy oil,Male,,No tow/articulation,Offside - crossed central reservation,0.0,Going ahead other,2,Taxi/Private hire car,No,Front,2005
2005170S24095,Over 75,7.0,Urban area,9.0,1389.0,,,Other/Not known (2005-10),Approaching junction or waiting/parked at junction approach,VAUXHALL,CORSA BREEZE HI-TORQ,Petrol,Male,,No tow/articulation,Did not leave carriageway,0.0,Going ahead other,2,Car,No,Front,2005
2005170S24105,46 - 55,4.0,Data missing or out of range,,1995.0,,,Other/Not known (2005-10),Not at or within 20 metres of junction,VAUXHALL,ASTRA LS DTI,Heavy oil,Male,,No tow/articulation,Did not leave carriageway,0.0,Going ahead other,1,Car,No,Front,2005
2005170S24125,26 - 35,,Rural,5.0,600.0,,,Other/Not known (2005-10),Mid Junction - on roundabout or on main road,KAWASAKI,,Petrol,Male,,No tow/articulation,Did not leave carriageway,0.0,Going ahead other,2,Motorcycle over 500cc,No,Front,2005
2005170S24205,56 - 65,2.0,Small town,10.0,2402.0,,,Journey as part of work,Mid Junction - on roundabout or on main road,FORD,TRANSIT 350 LWB TD,Heavy oil,Male,,No tow/articulation,Did not leave carriageway,0.0,Turning left,1,Van / Goods 3.5 tonnes mgw or under,No,Front,2005
2005170S24205,66 - 75,15.0,Urban area,2.0,1392.0,,,Other/Not known (2005-10),Mid Junction - on roundabout or on main road,NISSAN,SUNNY PREMIUM,Petrol,Male,,No tow/articulation,Did not leave carriageway,0.0,Going ahead other,2,Car,No,Nearside,2005
2005170S31415,36 - 45,4.0,Rural,5.0,1328.0,,,Other/Not known (2005-10),Cleared junction or waiting/parked at junction exit,SUZUKI,JIMNY JLX,Petrol,Male,,No tow/articulation,Did not leave carriageway,0.0,Going ahead other,1,Car,No,Offside,2005
2005170S40235,36 - 45,10.0,Rural,7.0,1098.0,,,Other/Not known (2005-10),Not at or within 20 metres of junction,SUZUKI,GSXR 1100 WS,Petrol,Male,Skidded,No tow/articulation,Did not leave carriageway,0.0,Going ahead other,1,Motorcycle over 500cc,No,Did not impact,2005
2005170S40335,36 - 45,9.0,Urban area,5.0,1275.0,,,Other/Not known (2005-10),Mid Junction - on roundabout or on main road,NISSAN,MICRA SR,Petrol,Male,,No tow/articulation,Did not leave carriageway,0.0,Going ahead other,2,Car,No,Front,2005