Accident_Index,Age_Band_of_Driver,Age_of_Vehicle,Driver_Home_Area_Type,Driver_IMD_Decile,Engine_Capacity_.CC.,Hit_Object_in_Carriageway,Hit_Object_off_Carriageway,Journey_Purpose_of_Driver,Junction_Location,make,model,Propulsion_Code,Sex_of_Driver,Skidding_and_Overturning,Towing_and_Articulation,Vehicle_Leaving_Carriageway,Vehicle_Location.Restricted_Lane,Vehicle_Manoeuvre,Vehicle_Reference,Vehicle_Type,Was_Vehicle_Left_Hand_Drive,X1st_Point_of_Impact,Year
2005170S42745,21 - 25,,Urban area,10.0,,,Other permanent object,Other/Not known (2005-10),Cleared junction or waiting/parked at junction exit,FORD,FIESTA COURIER 50 TD,,Male,,No tow/articulation,Straight ahead at junction,0.0,Turning left,1,Car,No,Front,2005
2005170S43715,Over 75,1.0,Data missing or out of range,,1396.0,,,Other/Not known (2005-10),Not at or within 20 metres of junction,ROVER,45 IMPRESSION S3,Petrol,Male,,No tow/articulation,Did not leave carriageway,0.0,Going ahead other,2,Car,No,Back,2005
200520D013802,56 - 65,11.0,Rural,9.0,1994.0,,,Other/Not known (2005-10),Mid Junction - on roundabout or on main road,ROVER,VITESSE,Petrol,Male,,No tow/articulation,Did not leave carriageway,0.0,Going ahead other,2,Car,No,Front,2005
200520D013903,46 - 55,6.0,Urban area,1.0,4250.0,,,Journey as part of work,Cleared junction or waiting/parked at junction exit,MERCEDES,,Heavy oil,Male,,No tow/articulation,Did not leave carriageway,0.0,Going ahead other,1,Bus or coach (17 or more pass seats),No,Front,2005
200520D022602,21 - 25,1.0,Urban area,4.0,1600.0,,,Other/Not known (2005-10),Not at or within 20 metres of junction,VOLKSWAGEN,GOLF FSI SE,Petrol,Male,,No tow/articulation,Did not leave carriageway,0.0,Going ahead other,1,Car,No,Front,2005
200520D022902,56 - 65,16.0,Urban area,7.0,1392.0,,,Commuting to/from work,Not at or within 20 metres of junction,NISSAN,SUNNY PREMIUM,Petrol,Female,,No tow/articulation,Did not leave carriageway,0.0,Going ahead other,1,Car,No,Nearside,2005
200520D040702,26 - 35,3.0,Urban area,1.0,1995.0,,,Other/Not known (2005-10),Approaching junction or waiting/parked at junction approach,VAUXHALL,ZAFIRA ELEGANCE DTI 16V,Heavy oil,Female,Skidded,No tow/articulation,Did not leave carriageway,0.0,Going ahead other,1,Car,No,Front,2005
200520D043003,26 - 35,16.0,Urban area,2.0,1298.0,,,Other/Not known (2005-10),Approaching junction or waiting/parked at junction approach,PROTON,GL,Petrol,Male,,No tow/articulation,Did not leave carriageway,0.0,Turning right,1,Car,No,Did not impact,2005
200520D043603,21 - 25,11.0,Urban area,1.0,1392.0,,Lamp post,Other/Not known (2005-10),Cleared junction or waiting/parked at junction exit,NISSAN,SUNNY TROPIC,Petrol,Female,,No tow/articulation,Nearside and rebounded,0.0,Turning right,1,Car,No,Front,2005
200520D048503,46 - 55,4.0,Data missing or out of range,,1199.0,,,Commuting to/from work,Approaching junction or waiting/parked at junction approach,VAUXHALL,CORSA COMFORT 16V,Petrol,Male,,No tow/articulation,Did not leave carriageway,0.0,Going ahead other,1,Car,No,Nearside,2005
200520D063903,26 - 35,12.0,Data missing or out of range,,1392.0,,Other permanent object,Other/Not known (2005-10),Mid Junction - on roundabout or on main road,NISSAN,SUNNY LX FLAMENCO,Petrol,Female,,No tow/articulation,Nearside,0.0,Moving off,2,Car,No,Front,2005
200520D065401,Data missing or out of range,3.0,Data missing or out of range,,1749.0,Parked vehicle,,Other/Not known (2005-10),Not at or within 20 metres of junction,CITROEN,C5 LX,Petrol,Male,,No tow/articulation,Did not leave carriageway,0.0,Going ahead other,1,Car,No,Front,2005
200520D065401,46 - 55,7.0,Urban area,3.0,1974.0,,,Other/Not known (2005-10),Not at or within 20 metres of junction,NISSAN,PRIMERA SLX TD,Heavy oil,Male,,No tow/articulation,Did not leave carriageway,0.0,Parked,2,Car,No,Back,2005
200520D068503,36 - 45,5.0,Urban area,3.0,1396.0,,,Other/Not known (2005-10),Not at or within 20 metres of junction,ROVER,25 OLYMPIC,Petrol,Female,,No tow/articulation,Did not leave carriageway,6.0,Parked,2,Car,No,Front,2005
200520D071101,46 - 55,1.0,Urban area,5.0,1396.0,,,Commuting to/from work,Not at or within 20 metres of junction,ROVER,25 SE,Petrol,Male,,No tow/articulation,Did not leave carriageway,0.0,Slowing or stopping,1,Car,No,Front,2005
200520D091602,Over 75,11.0,Urban area,10.0,1120.0,,,Other/Not known (2005-10),Mid Junction - on roundabout or on main road,ROVER,METRO RIO,Petrol,Female,,No tow/articulation,Did not leave carriageway,0.0,Going ahead other,2,Car,No,Front,2005
200520D101001,Data missing or out of range,19.0,Urban area,1.0,1490.0,,,Other/Not known (2005-10),Not at or within 20 metres of junction,MAZDA,323 1.5 GLX,Petrol,Female,,No tow/articulation,Did not leave carriageway,0.0,Parked,2,Car,No,Front,2005
200520D106801,46 - 55,7.0,Urban area,,1332.0,,,Other/Not known (2005-10),Not at or within 20 metres of junction,TOYOTA,,Petrol,Male,,No tow/articulation,Did not leave carriageway,0.0,Going ahead other,1,Car,No,Nearside,2005
200520D123501,16 - 20,,Urban area,2.0,,,,Other/Not known (2005-10),Mid Junction - on roundabout or on main road,FIAT,FIORINO 1.7D,,Male,Skidded,No tow/articulation,Did not leave carriageway,0.0,Going ahead other,1,Car,No,Front,2005
200520D126002,36 - 45,9.0,Urban area,1.0,1796.0,,,Other/Not known (2005-10),Mid Junction - on roundabout or on main road,FORD,MONDEO VERONA,Petrol,Female,,No tow/articulation,Nearside,0.0,Turning right,2,Car,No,Nearside,2005
200520D133403,Data missing or out of range,1.0,Data missing or out of range,,1870.0,,,Other/Not known (2005-10),Mid Junction - on roundabout or on main road,VAUXHALL,VIVARO 2700 DTI SWB,Heavy oil,Male,,No tow/articulation,Did not leave carriageway,0.0,Going ahead other,1,Van / Goods 3.5 tonnes mgw or under,No,Front,2005
200520D153201,36 - 45,1.0,Urban area,,7300.0,,,Journey as part of work,Not at or within 20 metres of junction,VOLVO,,Heavy oil,Male,,No tow/articulation,Did not leave carriageway,0.0,Moving off,1,Bus or coach (17 or more pass seats),No,Nearside,2005
200520D153701,36 - 45,4.0,Data missing or out of range,,1998.0,,,Other/Not known (2005-10),Approaching junction or waiting/parked at junction approach,FORD,TRANSIT 280 SWB TD,Heavy oil,Male,,No tow/articulation,Did not leave carriageway,0.0,Going ahead other,1,Van / Goods 3.5 tonnes mgw or under,No,Front,2005
200520D163303,36 - 45,,Urban area,6.0,1124.0,,,Other/Not known (2005-10),Leaving main road,PEUGEOT,206 ZEST,Petrol,Female,,No tow/articulation,Did not leave carriageway,0.0,Going ahead other,2,Car,No,Nearside,2005
200520D166503,26 - 35,5.0,Urban area,2.0,1997.0,,,Journey as part of work,Mid Junction - on roundabout or on main road,PEUGEOT,406 GTX,Petrol,Male,,No tow/articulation,Did not leave carriageway,0.0,Moving off,1,Car,No,Offside,2005
200520D170802,26 - 35,1.0,Small town,9.0,1997.0,,,Other/Not known (2005-10),Not at or within 20 metres of junction,PEUGEOT,407 SW SE LUXURY PACK HDI,Heavy oil,Male,,No tow/articulation,Did not leave carriageway,0.0,Going ahead other,4,Car,No,Back,2005
200520D183203,46 - 55,18.0,Urban area,3.0,988.0,,,Other/Not known (2005-10),Approaching junction or waiting/parked at junction approach,NISSAN,MICRA 1.0 SGL,Petrol,Male,,No tow/articulation,Did not leave carriageway,0.0,Waiting to go - held up,2,Car,No,Back,2005
200520D197702,21 - 25,5.0,Urban area,3.0,1299.0,,,Journey as part of work,Not at or within 20 metres of junction,FORD,KA NOW,Petrol,Female,,No tow/articulation,Did not leave carriageway,0.0,Going ahead other,2,Car,No,Nearside,2005
200520D198203,26 - 35,3.0,Urban area,3.0,1895.0,,,Journey as part of work,Leaving main road,BMW,316I SE,Petrol,Male,,No tow/articulation,Did not leave carriageway,0.0,Turning left,2,Car,No,Back,2005
200520D198902,26 - 35,17.0,Urban area,3.0,1045.0,,,Commuting to/from work,Approaching junction or waiting/parked at junction approach,MCW,,Heavy oil,Female,,No tow/articulation,Did not leave carriageway,0.0,Waiting to go - held up,2,Bus or coach (17 or more pass seats),No,Did not impact,2005
200520D207001,66 - 75,,Urban area,1.0,1587.0,,,Other/Not known (2005-10),Not at or within 20 metres of junction,CITROEN,C3 EXCLUSIVE AUTO,Petrol,Female,,No tow/articulation,Did not leave carriageway,0.0,Slowing or stopping,1,Car,No,Front,2005
200520D216402,Data missing or out of range,11.0,Data missing or out of range,,2500.0,,,Other/Not known (2005-10),Mid Junction - on roundabout or on main road,LDV,400 SERIES CITY D 3.1T,Heavy oil,Not known,,No tow/articulation,Did not leave carriageway,0.0,Going ahead other,1,Van / Goods 3.5 tonnes mgw or under,No,Front,2005
200520D219501,26 - 35,8.0,Urban area,1.0,1120.0,,,Other/Not known (2005-10),Not at or within 20 metres of junction,ROVER,100 ASCOT,Petrol,Female,,No tow/articulation,Did not leave carriageway,0.0,Waiting to turn right,2,Car,No,Back,2005
200520D222401,26 - 35,6.0,Urban area,4.0,1108.0,,,Other/Not known (2005-10),Approaching junction or waiting/parked at junction approach,FIAT,SEICENTO SPORTING,Petrol,Female,,No tow/articulation,Did not leave carriageway,0.0,Slowing or stopping,1,Car,No,Front,2005
200520D241503,46 - 55,10.0,Urban area,1.0,1998.0,,,Other/Not known (2005-10),Not at or within 20 metres of junction,KIA,SPORTAGE GLX,Petrol,Male,,No tow/articulation,Did not leave carriageway,6.0,Moving off,1,Car,No,Offside,2005
200520D242003,26 - 35,7.0,Urban area,1.0,1896.0,,,Other/Not known (2005-10),Not at or within 20 metres of junction,VOLKSWAGEN,POLO CL SDI,Heavy oil,Male,,No tow/articulation,Did not leave carriageway,0.0,Parked,4,Car,No,Front,2005
200520D243502,26 - 35,3.0,Urban area,9.0,2979.0,,,Other/Not known (2005-10),Approaching junction or waiting/parked at junction approach,BMW,,Petrol,Male,,No tow/articulation,Did not leave carriageway,0.0,Waiting to go - held up,2,Car,No,Back,2005
200520D246502,16 - 20,1.0,Urban area,2.0,1998.0,Parked vehicle,Lamp post,Other/Not known (2005-10),Cleared junction or waiting/parked at junction exit,RENAULT,CLIO RENAULTSPORT 182 16V,Petrol,Male,Skidded,No tow/articulation,Nearside,0.0,Going ahead other,2,Car,No,Front,2005
200520D251301,26 - 35,11.0,Urban area,1.0,1975.0,Parked vehicle,,Other/Not known (2005-10),Not at or within 20 metres of junction,TOYOTA,CARINA E KUDOS EXTRA,Heavy oil,Male,,No tow/articulation,Did not leave carriageway,0.0,Going ahead other,1,Car,No,Front,2005
200520D308201,46 - 55,1.0,Small town,9.0,1686.0,,,Other/Not known (2005-10),Approaching junction or waiting/parked at junction approach,VAUXHALL,COMBO DTI MAXX,Heavy oil,Male,,No tow/articulation,Did not leave carriageway,0.0,Waiting to turn right,3,Van / Goods 3.5 tonnes mgw or under,No,Back,2005
200520D334403,21 - 25,,Urban area,1.0,1598.0,,Lamp post,Other/Not known (2005-10),Mid Junction - on roundabout or on main road,VAUXHALL,MERIVA LIFE 16V,Petrol,Male,,No tow/articulation,Nearside,2.0,Going ahead other,2,Car,No,Front,2005
200520D334603,21 - 25,14.0,Urban area,1.0,1587.0,Parked vehicle,,Other/Not known (2005-10),Not at or within 20 metres of junction,TOYOTA,CARINA XL,Petrol,Male,,No tow/articulation,Did not leave carriageway,0.0,Parked,2,Car,No,Back,2005
200520D336203,Data missing or out of range,9.0,Data missing or out of range,,2389.0,,,Other/Not known (2005-10),Not at or within 20 metres of junction,NISSAN,TERRANO II SE,Petrol,Not known,,No tow/articulation,Did not leave carriageway,0.0,Going ahead other,1,Car,No,Front,2005
200520D336801,16 - 20,1.0,Urban area,2.0,1390.0,,,Other/Not known (2005-10),Not at or within 20 metres of junction,VOLKSWAGEN,GOLF MATCH,Petrol,Male,,No tow/articulation,Did not leave carriageway,0.0,Slowing or stopping,2,Car,No,Front,2005
200520D341802,16 - 20,4.0,Urban area,9.0,599.0,,Tree,Other/Not known (2005-10),Approaching junction or waiting/parked at junction approach,KAWASAKI,ZX600-J2,Petrol,Male,,No tow/articulation,Offside,0.0,Going ahead other,1,Motorcycle over 500cc,No,Front,2005
200520D342402,56 - 65,1.0,Urban area,3.0,1360.0,,Road sign or traffic signal,Other/Not known (2005-10),Mid Junction - on roundabout or on main road,PEUGEOT,206 FEVER,Petrol,Female,,No tow/articulation,Nearside,0.0,Going ahead other,2,Car,No,Offside,2005
200520D343203,21 - 25,2.0,Urban area,2.0,124.0,,,Commuting to/from work,Mid Junction - on roundabout or on main road,HYOSUNG,,Petrol,Male,,No tow/articulation,Did not leave carriageway,0.0,Overtaking static vehicle - offside,2,Motorcycle 125cc and under,No,Back,2005
200520D352003,Data missing or out of range,1.0,Data missing or out of range,,1968.0,,,Other/Not known (2005-10),Cleared junction or waiting/parked at junction exit,AUDI,A3 SE TDI,Heavy oil,Not known,,No tow/articulation,Did not leave carriageway,0.0,Turning left,1,Car,No,Nearside,2005
200520D354102,16 - 20,3.0,Urban area,,1242.0,,,Other/Not known (2005-10),Not at or within 20 metres of junction,FIAT,PUNTO ACTIVE,Petrol,Male,,No tow/articulation,Did not leave carriageway,0.0,Going ahead other,1,Car,No,Front,2005
200520D354102,46 - 55,,Urban area,4.0,1364.0,,,Other/Not known (2005-10),Not at or within 20 metres of junction,VAUXHALL,ASTRA BREEZE,Petrol,Female,,No tow/articulation,Did not leave carriageway,0.0,Waiting to go - held up,2,Car,No,Back,2005
200520D355401,36 - 45,6.0,Urban area,1.0,1796.0,,,Journey as part of work,Not at or within 20 metres of junction,VAUXHALL,VECTRA SXI 16V,Petrol,Male,,No tow/articulation,Did not leave carriageway,0.0,Changing lane to right,2,Car,No,Offside,2005
200520D360701,26 - 35,2.0,Small town,6.0,11705.0,,,Journey as part of work,Approaching junction or waiting/parked at junction approach,SCANIA,,Heavy oil,Male,,No tow/articulation,Did not leave carriageway,0.0,Turning right,2,Goods 7.5 tonnes mgw and over,No,Front,2005
200520D369503,26 - 35,10.0,Urban area,1.0,1994.0,,,Other/Not known (2005-10),Not at or within 20 metres of junction,ROVER,820 SLI AUTO,Petrol,Male,,No tow/articulation,Did not leave carriageway,0.0,Parked,3,Car,No,Front,2005
200520D373802,16 - 20,3.0,Urban area,1.0,1199.0,,Lamp post,Other/Not known (2005-10),Mid Junction - on roundabout or on main road,VAUXHALL,CORSA COMFORT 16V,Petrol,Female,,No tow/articulation,Nearside and rebounded,0.0,Going ahead other,2,Car,No,Front,2005
200520D503903,36 - 45,13.0,Urban area,3.0,1990.0,,Other permanent object,Other/Not known (2005-10),Mid Junction - on roundabout or on main road,MITSUBISHI,,Petrol,Female,,No tow/articulation,Offside,0.0,Going ahead other,1,Car,No,Front,2005
200520D505003,Data missing or out of range,,Data missing or out of range,,,,,Other/Not known (2005-10),Approaching junction or waiting/parked at junction approach,VAUXHALL,ASTRA LS TD,,Not known,,No tow/articulation,Straight ahead at junction,0.0,Turning right,1,Car,No,Nearside,2005
200520D505803,26 - 35,2.0,Urban area,1.0,8268.0,,,Journey as part of work,Not at or within 20 metres of junction,DENNIS,,Heavy oil,Male,,No tow/articulation,Did not leave carriageway,0.0,Moving off,1,Bus or coach (17 or more pass seats),No,Did not impact,2005
200520D607403,26 - 35,8.0,Urban area,1.0,,,,Journey as part of work,Mid Junction - on roundabout or on main road,VOLVO,,Heavy oil,Male,,No tow/articulation,Did not leave carriageway,0.0,Moving off,2,Bus or coach (17 or more pass seats),No,Front,2005
200520E034201,36 - 45,13.0,Urban area,2.0,1118.0,,,Taking pupil to/from school,Leaving main road,ROVER,METRO L,Petrol,Female,,No tow/articulation,Did not leave carriageway,0.0,Turning right,2,Car,No,Nearside,2005
200520E034901,16 - 20,7.0,Urban area,1.0,1488.0,,,Other/Not known (2005-10),Leaving main road,VAUXHALL,CORSA GLS 1.5 TD,Heavy oil,Male,,No tow/articulation,Did not leave carriageway,0.0,Turning right,1,Car,No,Front,2005
200520E049703,Data missing or out of range,7.0,Urban area,5.0,1597.0,,,Commuting to/from work,Approaching junction or waiting/parked at junction approach,MITSUBISHI,CARISMA MAUI,Petrol,Male,,No tow/articulation,Did not leave carriageway,0.0,Turning right,1,Car,No,Front,2005
200520E058502,46 - 55,3.0,Urban area,8.0,2685.0,,,Other/Not known (2005-10),Not at or within 20 metres of junction,MERCEDES,C270 CDI AVANTGARDE AUTO,Heavy oil,Male,,No tow/articulation,Did not leave carriageway,0.0,Overtaking static vehicle - offside,1,Car,No,Nearside,2005
200520E059803,56 - 65,10.0,Urban area,2.0,2799.0,,,Other/Not known (2005-10),Not at or within 20 metres of junction,MERCEDES,E280 AUTO,Petrol,Male,,No tow/articulation,Did not leave carriageway,0.0,Going ahead other,2,Car,No,Front,2005
200520E061002,26 - 35,7.0,Urban area,5.0,998.0,,,Other/Not known (2005-10),Approaching junction or waiting/parked at junction approach,NISSAN,MICRA SI,Petrol,Male,,No tow/articulation,Did not leave carriageway,0.0,Slowing or stopping,2,Car,No,Back,2005
200520E062202,16 - 20,10.0,Urban area,4.0,1108.0,,,Other/Not known (2005-10),Not at or within 20 metres of junction,FIAT,PUNTO 55 SX,Petrol,Male,,No tow/articulation,Did not leave carriageway,0.0,Going ahead right-hand bend,1,Car,No,Front,2005
200520E081301,26 - 35,8.0,Urban area,1.0,1332.0,,,Other/Not known (2005-10),Not at or within 20 metres of junction,TOYOTA,STARLET CD,Petrol,Female,,No tow/articulation,Did not leave carriageway,0.0,Going ahead other,2,Car,No,Nearside,2005
200520E085702,21 - 25,4.0,Urban area,5.0,8268.0,,,Journey as part of work,Not at or within 20 metres of junction,DENNIS,,Heavy oil,Male,Skidded,No tow/articulation,Did not leave carriageway,0.0,Going ahead other,1,Bus or coach (17 or more pass seats),No,Front,2005
200520E085702,26 - 35,5.0,Data missing or out of range,,1598.0,,,Commuting to/from work,Not at or within 20 metres of junction,OPEL,,Petrol,Male,,No tow/articulation,Did not leave carriageway,0.0,Waiting to go - held up,2,Car,No,Back,2005
200520E089503,Data missing or out of range,5.0,Data missing or out of range,,80.0,,,Other/Not known (2005-10),Mid Junction - on roundabout or on main road,PIAGGIO,,Petrol,Male,,No tow/articulation,Did not leave carriageway,0.0,Going ahead other,2,Motorcycle 125cc and under,No,Front,2005
200520E099502,56 - 65,6.0,Urban area,4.0,1998.0,,,Other/Not known (2005-10),Mid Junction - on roundabout or on main road,PEUGEOT,406 EXECUTIVE AUTO,Petrol,Male,,No tow/articulation,Did not leave carriageway,0.0,Going ahead other,2,Car,No,Front,2005
200520E099802,21 - 25,9.0,Urban area,1.0,,,,Journey as part of work,Not at or within 20 metres of junction,VOLVO,,Heavy oil,Male,,No tow/articulation,Did not leave carriageway,0.0,Slowing or stopping,1,Bus or coach (17 or more pass seats),No,Did not impact,2005
200520E100503,36 - 45,8.0,Urban area,1.0,548.0,,,Journey as part of work,Mid Junction - on roundabout or on main road,VOLVO,,Heavy oil,Male,,No tow/articulation,Did not leave carriageway,0.0,Moving off,2,Bus or coach (17 or more pass seats),No,Front,2005
200520E104403,26 - 35,1.0,Data missing or out of range,,1896.0,,,Journey as part of work,Approaching junction or waiting/parked at junction approach,SKODA,FABIA ELEGANCE TDI PD 100,Heavy oil,Male,,No tow/articulation,Did not leave carriageway,0.0,Going ahead other,1,Car,No,Offside,2005
200520E121103,36 - 45,20.0,Urban area,2.0,1045.0,,,Journey as part of work,Mid Junction - on roundabout or on main road,MCW,,Heavy oil,Male,Skidded,No tow/articulation,Did not leave carriageway,0.0,Going ahead other,2,Bus or coach (17 or more pass seats),No,Front,2005
200520E130501,26 - 35,4.0,Urban area,3.0,1124.0,,,Other/Not known (2005-10),Not at or within 20 metres of junction,CITROEN,SAXO FIRST,Petrol,Male,,No tow/articulation,Did not leave carriageway,0.0,Going ahead other,2,Car,No,Front,2005
200520E130702,Over 75,14.0,Urban area,5.0,2922.0,,,Other/Not known (2005-10),Leaving main road,VOLVO,960 AUTO,Petrol,Male,,No tow/articulation,Did not leave carriageway,0.0,Turning right,2,Car,No,Nearside,2005
200520E135701,36 - 45,3.0,Urban area,8.0,1995.0,,,Journey as part of work,Mid Junction - on roundabout or on main road,VAUXHALL,ZAFIRA COMFORT DTI,Heavy oil,Male,,No tow/articulation,Did not leave carriageway,0.0,Going ahead other,1,Car,No,Offside,2005
200520E145803,26 - 35,,Urban area,4.0,3920.0,Parked vehicle,,Journey as part of work,Mid Junction - on roundabout or on main road,IVECO,,Heavy oil,Male,,No tow/articulation,Nearside,0.0,Going ahead other,1,Goods over 3.5t. and under 7.5t,No,Offside,2005
200520E147801,16 - 20,11.0,Urban area,5.0,1120.0,,Near/Offside crash barrier,Other/Not known (2005-10),Leaving main road,ROVER,METRO TAHITI,Petrol,Male,,No tow/articulation,Offside,0.0,Turning right,2,Car,No,Nearside,2005
200520E148203,26 - 35,7.0,Urban area,2.0,1598.0,,,Other/Not known (2005-10),Not at or within 20 metres of junction,RENAULT,MEGANE RT SPORT 1.6E,Petrol,Male,,No tow/articulation,Did not leave carriageway,0.0,Waiting to go - held up,2,Car,No,Offside,2005
200520E148903,26 - 35,11.0,Urban area,2.0,1997.0,Parked vehicle,,Other/Not known (2005-10),Not at or within 20 metres of junction,ROVER,620 I,Petrol,Male,,No tow/articulation,Did not leave carriageway,0.0,Parked,2,Car,No,Front,2005
200520E150603,Data missing or out of range,6.0,Data missing or out of range,,954.0,,,Other/Not known (2005-10),Not at or within 20 metres of junction,CITROEN,SAXO EAST COAST,Petrol,Not known,,No tow/articulation,Did not leave carriageway,0.0,Parked,3,Car,No,Front,2005
200520E155801,26 - 35,4.0,Urban area,,1781.0,,Other permanent object,Other/Not known (2005-10),Mid Junction - on roundabout or on main road,VOLKSWAGEN,GOLF T,Petrol,Male,,No tow/articulation,Offside,0.0,Going ahead other,1,Car,No,Front,2005
200520E158703,26 - 35,,Urban area,,,,,Other/Not known (2005-10),Mid Junction - on roundabout or on main road,VAUXHALL,VECTRA ENVOY,,Male,,No tow/articulation,Did not leave carriageway,0.0,Going ahead other,2,Van / Goods 3.5 tonnes mgw or under,No,Front,2005
200520E159102,21 - 25,7.0,Urban area,2.0,1598.0,,,Other/Not known (2005-10),Not at or within 20 metres of junction,RENAULT,CLIO RXE,Petrol,Male,,No tow/articulation,Did not leave carriageway,0.0,Changing lane to right,1,Car,No,Front,2005
200520E159701,36 - 45,1.0,Urban area,3.0,1590.0,,,Other/Not known (2005-10),Not at or within 20 metres of junction,SUZUKI,GRAND VITARA 16V SPORT,Petrol,Female,,No tow/articulation,Did not leave carriageway,0.0,Waiting to go - held up,2,Car,No,Back,2005
200520E171402,21 - 25,2.0,Urban area,1.0,1590.0,,,Other/Not known (2005-10),Approaching junction or waiting/parked at junction approach,HONDA,CIVIC SPORT,Petrol,Male,,No tow/articulation,Did not leave carriageway,0.0,Turning right,1,Car,No,Nearside,2005
200520E171703,26 - 35,8.0,Urban area,5.0,1896.0,,,Journey as part of work,Approaching junction or waiting/parked at junction approach,VOLKSWAGEN,VENTO CL TDI,Heavy oil,Male,,No tow/articulation,Did not leave carriageway,0.0,Slowing or stopping,2,Taxi/Private hire car,No,Nearside,2005
200520E177101,Data missing or out of range,16.0,Urban area,,1587.0,,,Other/Not known (2005-10),Approaching junction or waiting/parked at junction approach,TOYOTA,COROLLA EXECUTIVE AUTO,Petrol,Male,,No tow/articulation,Did not leave carriageway,0.0,Going ahead other,1,Car,No,Front,2005
200520E182503,21 - 25,8.0,Urban area,1.0,1493.0,,,Other/Not known (2005-10),Not at or within 20 metres of junction,HONDA,CIVIC 1.5I LS,Petrol,Male,,No tow/articulation,Did not leave carriageway,0.0,U-turn,1,Car,No,Offside,2005
200520E215703,16 - 20,3.0,Urban area,6.0,1360.0,,,Other/Not known (2005-10),Not at or within 20 metres of junction,PEUGEOT,206 LX AUTO,Petrol,Female,Skidded,No tow/articulation,Did not leave carriageway,0.0,Going ahead other,1,Car,No,Front,2005
200520E501001,46 - 55,9.0,Urban area,1.0,,,,Journey as part of work,Mid Junction - on roundabout or on main road,VOLVO,,Heavy oil,Male,,No tow/articulation,Did not leave carriageway,0.0,Turning right,1,Bus or coach (17 or more pass seats),No,Did not impact,2005
200520E501101,Data missing or out of range,6.0,Data missing or out of range,,2498.0,,,Other/Not known (2005-10),Cleared junction or waiting/parked at junction exit,VAUXHALL,VECTRA CD V6 AUTO,Petrol,Male,,No tow/articulation,Did not leave carriageway,0.0,Changing lane to right,1,Car,No,Offside,2005
200520E501101,36 - 45,14.0,Data missing or out of range,,6224.0,,,Journey as part of work,Approaching junction or waiting/parked at junction approach,IVECO-FORD,,Heavy oil,Male,,No tow/articulation,Did not leave carriageway,0.0,Going ahead other,3,Goods over 3.5t. and under 7.5t,No,Front,2005
200520E515303,21 - 25,,Urban area,4.0,1248.0,,,Other/Not known (2005-10),Cleared junction or waiting/parked at junction exit,VAUXHALL,CORSA LIFE CDTI,Heavy oil,Male,,No tow/articulation,Did not leave carriageway,0.0,Going ahead other,1,Car,No,Front,2005
200520E527403,36 - 45,9.0,Urban area,7.0,,,,Other/Not known (2005-10),Mid Junction - on roundabout or on main road,VOLVO,,Heavy oil,Male,,No tow/articulation,Did not leave carriageway,0.0,Turning right,2,Bus or coach (17 or more pass seats),No,Did not impact,2005
200520F003003,46 - 55,1.0,Urban area,3.0,1896.0,,,Commuting to/from work,Leaving roundabout,SEAT,ALHAMBRA TDI S,Heavy oil,Male,,No tow/articulation,Did not leave carriageway,0.0,Going ahead other,1,Car,No,Front,2005
200520F003802,21 - 25,9.0,Urban area,4.0,1948.0,,,Other/Not known (2005-10),Approaching junction or waiting/parked at junction approach,VOLVO,S40 2.0I AUTO,Petrol,Male,,No tow/articulation,Did not leave carriageway,0.0,Turning right,1,Car,No,Front,2005
200520F021003,Data missing or out of range,6.0,Urban area,1.0,1199.0,,Tree,Other/Not known (2005-10),Leaving roundabout,VAUXHALL,CORSA CLUB 16V AUTO,Petrol,Female,Skidded,No tow/articulation,Nearside,0.0,Turning left,1,Car,No,Front,2005
200520F024903,26 - 35,4.0,Urban area,1.0,11021.0,,,Journey as part of work,Approaching junction or waiting/parked at junction approach,SCANIA,,Heavy oil,Male,Skidded,Articulated vehicle,Did not leave carriageway,0.0,Going ahead other,1,Goods 7.5 tonnes mgw and over,No,Front,2005
200520F031301,Data missing or out of range,9.0,Data missing or out of range,,1991.0,,,Other/Not known (2005-10),Entering from slip road,MAZDA,626 GXI AUTO,Petrol,Male,,No tow/articulation,Did not leave carriageway,0.0,Going ahead other,1,Car,No,Offside,2005
200520F034401,36 - 45,7.0,Urban area,3.0,2664.0,,,Journey as part of work,Approaching junction or waiting/parked at junction approach,LONDON TAXIS INT,TX1 SILVER AUTO,Heavy oil,Male,,No tow/articulation,Did not leave carriageway,0.0,Slowing or stopping,2,Taxi/Private hire car,No,Back,2005
200520F037801,Data missing or out of range,1.0,Data missing or out of range,,1149.0,Parked vehicle,,Other/Not known (2005-10),Not at or within 20 metres of junction,RENAULT,CLIO DYNAMIQUE 16V,Petrol,Not known,,No tow/articulation,Did not leave carriageway,0.0,Overtaking static vehicle - offside,1,Car,No,Front,2005
200520F046702,Data missing or out of range,11.0,Urban area,2.0,1781.0,,,Other/Not known (2005-10),Entering main road,VOLKSWAGEN,VENTO CL,Petrol,Female,Skidded,No tow/articulation,Did not leave carriageway,0.0,Turning right,1,Car,No,Front,2005
200520F051903,26 - 35,13.0,Data missing or out of range,,1796.0,,,Other/Not known (2005-10),Entering roundabout,FORD,ORION LX I,Petrol,Male,,No tow/articulation,Did not leave carriageway,0.0,Moving off,1,Car,No,Front,2005
200520F063702,26 - 35,5.0,Urban area,2.0,1995.0,,,Commuting to/from work,Approaching junction or waiting/parked at junction approach,VAUXHALL,VECTRA GLS DI,Heavy oil,Male,,No tow/articulation,Did not leave carriageway,0.0,Waiting to go - held up,2,Car,No,Back,2005
200520F067703,36 - 45,4.0,Urban area,9.0,1299.0,,,Commuting to/from work,Approaching junction or waiting/parked at junction approach,FORD,KA SILVER,Petrol,Female,,No tow/articulation,Did not leave carriageway,0.0,Going ahead other,1,Car,No,Front,2005