Accident_Index,Age_Band_of_Driver,Age_of_Vehicle,Driver_Home_Area_Type,Driver_IMD_Decile,Engine_Capacity_.CC.,Hit_Object_in_Carriageway,Hit_Object_off_Carriageway,Journey_Purpose_of_Driver,Junction_Location,make,model,Propulsion_Code,Sex_of_Driver,Skidding_and_Overturning,Towing_and_Articulation,Vehicle_Leaving_Carriageway,Vehicle_Location.Restricted_Lane,Vehicle_Manoeuvre,Vehicle_Reference,Vehicle_Type,Was_Vehicle_Left_Hand_Drive,X1st_Point_of_Impact,Year
2005215209167,66 - 75,3.0,Urban area,9.0,1397.0,,,Other/Not known (2005-10),Mid Junction - on roundabout or on main road,SKODA,FABIA COMFORT 8V,Petrol,Female,,No tow/articulation,Did not leave carriageway,0.0,Turning left,1,Car,No,Offside,2005
2005215209167,21 - 25,9.0,Data missing or out of range,,1108.0,,,Other/Not known (2005-10),Mid Junction - on roundabout or on main road,FIAT,PUNTO 55 SX,Petrol,Male,,No tow/articulation,Did not leave carriageway,0.0,Going ahead other,2,Car,No,Nearside,2005
2005215210612,46 - 55,9.0,Urban area,2.0,1948.0,,,Other/Not known (2005-10),Not at or within 20 metres of junction,RENAULT,LAGUNA RTI 2.0S,Petrol,Female,,No tow/articulation,Did not leave carriageway,0.0,Slowing or stopping,2,Car,No,Back,2005
2005215212734,21 - 25,11.0,Urban area,3.0,1120.0,,,Other/Not known (2005-10),Not at or within 20 metres of junction,ROVER,METRO TAHITI,Petrol,Female,,No tow/articulation,Did not leave carriageway,0.0,Parked,2,Car,No,Front,2005
2005215212734,36 - 45,11.0,Urban area,2.0,1598.0,,,Other/Not known (2005-10),Not at or within 20 metres of junction,VAUXHALL,ASTRA ETHOS,Petrol,Male,,No tow/articulation,Did not leave carriageway,0.0,Going ahead other,5,Car,No,Front,2005
2005215212759,16 - 20,,Urban area,1.0,124.0,,,Commuting to/from work,Cleared junction or waiting/parked at junction exit,KYMCO,CK 125,Petrol,Male,Skidded,No tow/articulation,Did not leave carriageway,0.0,Slowing or stopping,1,Motorcycle 125cc and under,No,Front,2005
2005215212759,46 - 55,3.0,Rural,8.0,2184.0,,,Commuting to/from work,Cleared junction or waiting/parked at junction exit,NISSAN,PRIMERA SVE TD,Heavy oil,Male,,No tow/articulation,Did not leave carriageway,0.0,Waiting to go - held up,2,Car,No,Back,2005
2005215213573,Data missing or out of range,14.0,Urban area,8.0,1753.0,,,Other/Not known (2005-10),Approaching junction or waiting/parked at junction approach,FORD,P100 TURBO DIESEL,Heavy oil,Male,,No tow/articulation,Did not leave carriageway,0.0,Going ahead other,1,Van / Goods 3.5 tonnes mgw or under,No,Front,2005
2005215213620,36 - 45,8.0,Urban area,4.0,1597.0,,,Taking pupil to/from school,Cleared junction or waiting/parked at junction exit,FORD,ESCORT CABARET,Petrol,Female,,No tow/articulation,Did not leave carriageway,0.0,Moving off,2,Car,No,Offside,2005
2005215215494,Data missing or out of range,7.0,Rural,7.0,1527.0,,,Other/Not known (2005-10),Approaching junction or waiting/parked at junction approach,PEUGEOT,106 XLD ZEST 3,Heavy oil,Female,,No tow/articulation,Did not leave carriageway,0.0,Going ahead other,1,Car,No,Front,2005
2005215216790,26 - 35,11.0,Urban area,4.0,1391.0,,,Journey as part of work,Not at or within 20 metres of junction,FORD,ESCORT AZURA,Petrol,Female,Overturned,No tow/articulation,Did not leave carriageway,0.0,Going ahead other,1,Car,No,Nearside,2005
2005215216790,46 - 55,8.0,Rural,7.0,2499.0,,,Journey as part of work,Not at or within 20 metres of junction,JEEP,GRAND CHEROKEE LAREDO TD,Heavy oil,Male,,No tow/articulation,Did not leave carriageway,0.0,Parked,2,Car,No,Offside,2005
2005215218249,26 - 35,2.0,Small town,10.0,1896.0,,,Commuting to/from work,Mid Junction - on roundabout or on main road,VOLKSWAGEN,POLO SPORT TDI,Heavy oil,Female,,No tow/articulation,Did not leave carriageway,0.0,Going ahead other,2,Car,No,Front,2005
2005215220398,Data missing or out of range,7.0,Data missing or out of range,,998.0,,,Other/Not known (2005-10),Not at or within 20 metres of junction,NISSAN,MICRA EQUATION,Petrol,Male,,No tow/articulation,Did not leave carriageway,0.0,Going ahead other,3,Car,No,Did not impact,2005
2005215221373,Over 75,1.0,Small town,7.0,1461.0,,,Other/Not known (2005-10),Leaving main road,NISSAN,MICRA SE DCI 65 PS,Heavy oil,Female,,No tow/articulation,Did not leave carriageway,0.0,Turning right,1,Car,No,Front,2005
2005215221598,36 - 45,1.0,Small town,9.0,1199.0,,,Taking pupil to/from school,Leaving main road,VAUXHALL,CORSA LIFE 16V,Petrol,Female,,No tow/articulation,Did not leave carriageway,0.0,Turning right,1,Car,No,Front,2005
2005215222948,46 - 55,1.0,Urban area,4.0,9000.0,,,Journey as part of work,Not at or within 20 metres of junction,SCANIA,,Heavy oil,Male,,No tow/articulation,Did not leave carriageway,0.0,Going ahead left-hand bend,1,Bus or coach (17 or more pass seats),No,Front,2005
2005215223767,26 - 35,3.0,Data missing or out of range,,1868.0,,,Other/Not known (2005-10),Not at or within 20 metres of junction,CITROEN,BERLINGO 1.9D 600,Heavy oil,Male,Overturned,No tow/articulation,Did not leave carriageway,0.0,Going ahead other,1,Van / Goods 3.5 tonnes mgw or under,No,Front,2005
2005215228309,16 - 20,4.0,Urban area,9.0,1199.0,,,Other/Not known (2005-10),Entering main road,VAUXHALL,CORSA COMFORT 16V,Petrol,Female,,No tow/articulation,Did not leave carriageway,0.0,Turning right,1,Car,No,Front,2005
2005215230537,Data missing or out of range,14.0,Data missing or out of range,,3980.0,,,Other/Not known (2005-10),Not at or within 20 metres of junction,JAGUAR,SOVEREIGN 4.0 AUTO,Petrol,Not known,,No tow/articulation,Did not leave carriageway,0.0,Overtaking moving vehicle - offside,1,Car,No,Front,2005
2005215230537,26 - 35,14.0,Small town,8.0,1396.0,,,Other/Not known (2005-10),Not at or within 20 metres of junction,ROVER,214 GSI,Petrol,Male,Skidded,No tow/articulation,Did not leave carriageway,0.0,Going ahead right-hand bend,2,Car,No,Front,2005
2005215230957,46 - 55,6.0,Urban area,4.0,1998.0,,,Other/Not known (2005-10),Entering main road,VAUXHALL,VECTRA CD DUALFUEL,Petrol,Male,,No tow/articulation,Did not leave carriageway,0.0,Turning right,1,Car,No,Offside,2005
2005215234184,26 - 35,1.0,Urban area,8.0,49.0,,,Journey as part of work,Mid Junction - on roundabout or on main road,TAIWAN GOLDEN BEE,202,Petrol,Male,,No tow/articulation,Did not leave carriageway,0.0,Going ahead left-hand bend,2,Motorcycle 50cc and under,No,Front,2005
2005215235241,16 - 20,10.0,Urban area,1.0,1590.0,,Central crash barrier,Other/Not known (2005-10),Not at or within 20 metres of junction,SUZUKI,BALENO GS,Petrol,Male,Skidded,No tow/articulation,Offside on to central reservation,0.0,Going ahead other,1,Car,No,Front,2005
2005215235293,26 - 35,10.0,Data missing or out of range,,2663.0,,,Other/Not known (2005-10),Approaching junction or waiting/parked at junction approach,NISSAN,TERRANO II SGX TD,Heavy oil,Male,,No tow/articulation,Did not leave carriageway,0.0,Moving off,1,Car,No,Front,2005
2005215235900,36 - 45,1.0,Urban area,1.0,1360.0,,Lamp post,Other/Not known (2005-10),Not at or within 20 metres of junction,PEUGEOT,206 S,Petrol,Male,,No tow/articulation,Offside,0.0,Going ahead left-hand bend,1,Car,No,Offside,2005
2005215236243,Over 75,,Urban area,7.0,1300.0,,,Other/Not known (2005-10),Approaching junction or waiting/parked at junction approach,MORRIS,MINOR 1000,Petrol,Male,,No tow/articulation,Did not leave carriageway,0.0,Turning right,1,Car,No,Front,2005
2005215238544,26 - 35,,Urban area,5.0,1870.0,,,Journey as part of work,Not at or within 20 metres of junction,VAUXHALL,VIVARO 2900 DI SWB,Heavy oil,Male,,No tow/articulation,Did not leave carriageway,0.0,Going ahead other,1,Van / Goods 3.5 tonnes mgw or under,No,Front,2005
20052152X0846,46 - 55,2.0,Urban area,1.0,1997.0,,,Other/Not known (2005-10),Mid Junction - on roundabout or on main road,CITROEN,C5 HDI SX,Heavy oil,Female,,No tow/articulation,Did not leave carriageway,0.0,Turning right,2,Car,No,Back,2005
2005215301243,46 - 55,8.0,Urban area,9.0,12130.0,,,Journey as part of work,Cleared junction or waiting/parked at junction exit,VOLVO,,Heavy oil,Male,,No tow/articulation,Nearside,0.0,Going ahead right-hand bend,2,Goods 7.5 tonnes mgw and over,No,Front,2005
2005215301487,36 - 45,5.0,Rural,7.0,1870.0,,,Other/Not known (2005-10),Approaching junction or waiting/parked at junction approach,RENAULT,CLIO GRANDE DIESEL,Heavy oil,Female,,No tow/articulation,Did not leave carriageway,0.0,Waiting to go - held up,2,Car,No,Back,2005
2005215302395,66 - 75,,Rural,10.0,2496.0,,,Other/Not known (2005-10),Approaching junction or waiting/parked at junction approach,AUDI,A6 ALLROAD TDI QUATTRO AUTO,Heavy oil,Male,,No tow/articulation,Did not leave carriageway,0.0,Turning right,1,Car,No,Front,2005
2005215302413,26 - 35,2.0,Rural,7.0,1870.0,,,Other/Not known (2005-10),Mid Junction - on roundabout or on main road,RENAULT,MEGANE SCENIC FIDJI DCI,Heavy oil,Female,,No tow/articulation,Did not leave carriageway,0.0,Going ahead other,3,Car,No,Front,2005
2005215303340,66 - 75,3.0,Urban area,1.0,998.0,,,Other/Not known (2005-10),Not at or within 20 metres of junction,NISSAN,MICRA TWISTER,Petrol,Female,,No tow/articulation,Did not leave carriageway,0.0,Going ahead other,2,Car,No,Offside,2005
2005215303942,Data missing or out of range,1.0,Data missing or out of range,,1149.0,,,Journey as part of work,Not at or within 20 metres of junction,RENAULT,CLIO DYNAMIQUE 16V,Petrol,Female,,No tow/articulation,Did not leave carriageway,0.0,Going ahead left-hand bend,1,Car,No,Front,2005
2005215304999,26 - 35,13.0,Urban area,6.0,1195.0,,,Other/Not known (2005-10),Not at or within 20 metres of junction,VAUXHALL,NOVA FUN,Petrol,Male,,No tow/articulation,Did not leave carriageway,0.0,Parked,2,Car,No,Back,2005
2005215305849,26 - 35,1.0,Data missing or out of range,,1896.0,,,Other/Not known (2005-10),Entering main road,VOLKSWAGEN,TOURAN SE TDI,Heavy oil,Male,,No tow/articulation,Did not leave carriageway,0.0,Turning right,2,Car,No,Offside,2005
2005215306257,46 - 55,1.0,Urban area,9.0,1596.0,,,Commuting to/from work,Not at or within 20 metres of junction,FORD,FOCUS FLIGHT,Petrol,Female,,No tow/articulation,Did not leave carriageway,0.0,Overtaking moving vehicle - offside,2,Car,No,Nearside,2005
2005215306296,36 - 45,4.0,Rural,8.0,1910.0,,,Journey as part of work,Not at or within 20 metres of junction,FIAT,MAREA 110 SX JTD,Heavy oil,Male,,No tow/articulation,Did not leave carriageway,0.0,Going ahead other,2,Car,No,Offside,2005
2005215308135,36 - 45,1.0,Urban area,1.0,6370.0,,,Journey as part of work,Mid Junction - on roundabout or on main road,MERCEDES,,Heavy oil,Male,,No tow/articulation,Did not leave carriageway,0.0,Going ahead other,2,Goods 7.5 tonnes mgw and over,No,Back,2005
2005215308277,36 - 45,5.0,Urban area,1.0,2800.0,,,Journey as part of work,Approaching junction or waiting/parked at junction approach,IVECO,,Heavy oil,Male,,No tow/articulation,Did not leave carriageway,0.0,Going ahead other,1,Van / Goods 3.5 tonnes mgw or under,No,Front,2005
2005215308589,46 - 55,4.0,Data missing or out of range,,1588.0,,,Other/Not known (2005-10),Entering roundabout,ROVER,45 CLASSIC 16V,Petrol,Male,,No tow/articulation,Did not leave carriageway,0.0,Going ahead other,2,Car,No,Back,2005
2005215308897,36 - 45,,Urban area,5.0,,,,Journey as part of work,Not at or within 20 metres of junction,FORD,TRAN CONNECT 200 D SWB,,Male,,No tow/articulation,Did not leave carriageway,0.0,Overtaking moving vehicle - offside,1,Goods over 3.5t. and under 7.5t,No,Front,2005
2005215311630,46 - 55,1.0,Urban area,5.0,1390.0,,,Other/Not known (2005-10),Entering main road,RENAULT,,Petrol,Male,,No tow/articulation,Did not leave carriageway,0.0,Turning right,1,Car,No,Offside,2005
2005215311630,26 - 35,,Data missing or out of range,,,,,Journey as part of work,Mid Junction - on roundabout or on main road,LEYLAND DAF,FA60.180,,Male,,No tow/articulation,Did not leave carriageway,0.0,Going ahead other,2,Van / Goods 3.5 tonnes mgw or under,No,Front,2005
2005215312435,46 - 55,2.0,Urban area,8.0,1997.0,,,Journey as part of work,Not at or within 20 metres of junction,CITROEN,BERLINGO 800 LX HDI,Heavy oil,Male,,No tow/articulation,Did not leave carriageway,0.0,Going ahead right-hand bend,2,Van / Goods 3.5 tonnes mgw or under,No,Front,2005
2005215312966,21 - 25,3.0,Data missing or out of range,,1242.0,,,Journey as part of work,Entering roundabout,FIAT,PUNTO ACTIVE,Petrol,Female,Skidded,No tow/articulation,Did not leave carriageway,0.0,Waiting to go - held up,1,Car,No,Front,2005
2005215312966,26 - 35,11.0,Data missing or out of range,,1119.0,,,Journey as part of work,Entering roundabout,FORD,FIESTA I,Petrol,Female,Skidded,No tow/articulation,Did not leave carriageway,0.0,Waiting to go - held up,2,Car,No,Back,2005
2005215313617,16 - 20,14.0,Urban area,3.0,1596.0,,Road sign or traffic signal,Other/Not known (2005-10),Approaching junction or waiting/parked at junction approach,FORD,FIESTA XR2I,Petrol,Male,Overturned,No tow/articulation,Nearside,0.0,Going ahead left-hand bend,1,Car,No,Front,2005
2005215313992,26 - 35,6.0,Urban area,6.0,1124.0,,,Journey as part of work,Approaching junction or waiting/parked at junction approach,PEUGEOT,106 XN ZEST 2,Petrol,Male,,No tow/articulation,Did not leave carriageway,0.0,Going ahead other,2,Car,No,Front,2005
2005215317134,16 - 20,12.0,Data missing or out of range,,1119.0,,,Commuting to/from work,Not at or within 20 metres of junction,FORD,FIESTA I,Petrol,Male,,No tow/articulation,Did not leave carriageway,0.0,Slowing or stopping,2,Car,No,Back,2005
2005215317949,36 - 45,11.0,Urban area,8.0,1995.0,,,Other/Not known (2005-10),Entering main road,FIAT,TEMPRA SLX IE SW,Petrol,Male,Jackknifed,Caravan,Did not leave carriageway,0.0,Turning right,2,Car,No,Offside,2005
2005215317966,21 - 25,10.0,Urban area,7.0,998.0,,,Other/Not known (2005-10),Cleared junction or waiting/parked at junction exit,NISSAN,MICRA BOSTON,Petrol,Female,,No tow/articulation,Did not leave carriageway,0.0,Slowing or stopping,1,Car,No,Front,2005
2005215321377,16 - 20,4.0,Urban area,4.0,1124.0,,,Other/Not known (2005-10),Not at or within 20 metres of junction,CITROEN,SAXO FORTE,Petrol,Female,,No tow/articulation,Did not leave carriageway,0.0,Going ahead other,2,Car,No,Offside,2005
2005215322808,Data missing or out of range,15.0,Data missing or out of range,,1052.0,,,Other/Not known (2005-10),Approaching junction or waiting/parked at junction approach,KAWASAKI,,Petrol,Male,Skidded,No tow/articulation,Offside,0.0,Overtaking moving vehicle - offside,1,Motorcycle over 500cc,No,Did not impact,2005
2005215322808,26 - 35,,Urban area,5.0,,,,Other/Not known (2005-10),Approaching junction or waiting/parked at junction approach,PEUGEOT,206 LOOK,,Male,,No tow/articulation,Did not leave carriageway,0.0,Waiting to turn right,2,Van / Goods 3.5 tonnes mgw or under,No,Did not impact,2005
2005215322967,26 - 35,12.0,Urban area,3.0,1753.0,,,Journey as part of work,Not at or within 20 metres of junction,FORD,ESCORT TDX,Heavy oil,Male,,No tow/articulation,Did not leave carriageway,0.0,Waiting to go - held up,3,Car,No,Back,2005
2005215323476,36 - 45,4.0,Urban area,1.0,1397.0,,,Other/Not known (2005-10),Approaching junction or waiting/parked at junction approach,SKODA,FABIA COMFORT 8V,Petrol,Male,,No tow/articulation,Did not leave carriageway,0.0,Parked,1,Car,No,Front,2005
2005215324064,21 - 25,8.0,Urban area,7.0,918.0,,,Other/Not known (2005-10),Mid Junction - on roundabout or on main road,HONDA,CBR900RR,Petrol,Male,Skidded,No tow/articulation,Did not leave carriageway,0.0,Going ahead right-hand bend,2,Motorcycle over 500cc,No,Front,2005
2005215324947,36 - 45,1.0,Urban area,2.0,4250.0,,,Journey as part of work,Entering roundabout,MERCEDES,,Heavy oil,Male,,No tow/articulation,Did not leave carriageway,0.0,Moving off,1,Goods over 3.5t. and under 7.5t,No,Front,2005
2005215325688,Data missing or out of range,13.0,Rural,8.0,1496.0,,,Other/Not known (2005-10),Mid Junction - on roundabout or on main road,PROTON,SE,Petrol,Female,,No tow/articulation,Did not leave carriageway,0.0,Turning left,1,Car,No,Nearside,2005
2005215325822,Data missing or out of range,,Data missing or out of range,,,,,Other/Not known (2005-10),Approaching junction or waiting/parked at junction approach,FORD,TRANSIT 260 SWB TD,,Male,Skidded,No tow/articulation,Did not leave carriageway,0.0,Going ahead other,2,Car,No,Front,2005
2005215328118,36 - 45,,Data missing or out of range,,1686.0,Other object,,Commuting to/from work,Approaching junction or waiting/parked at junction approach,VAUXHALL,ASTRA CLUB CDTI,Heavy oil,Male,,No tow/articulation,Did not leave carriageway,0.0,Going ahead other,2,Car,No,Front,2005
2005215328146,36 - 45,1.0,Data missing or out of range,,4250.0,,,Journey as part of work,Cleared junction or waiting/parked at junction exit,MERCEDES,,Heavy oil,Male,,No tow/articulation,Did not leave carriageway,6.0,Going ahead other,2,Goods over 3.5t. and under 7.5t,No,Front,2005
2005215331141,36 - 45,1.0,Small town,7.0,1995.0,,,Other/Not known (2005-10),Not at or within 20 metres of junction,TOYOTA,AVENSIS T4 D-4D,Heavy oil,Female,,No tow/articulation,Did not leave carriageway,0.0,Parked,2,Car,No,Back,2005
2005215331291,46 - 55,8.0,Urban area,3.0,883.0,,,Commuting to/from work,Mid Junction - on roundabout or on main road,HARLEY-DAVIDSON,XLH 883 HUGGER,Petrol,Male,,No tow/articulation,Did not leave carriageway,0.0,Going ahead other,2,Motorcycle over 500cc,No,Front,2005
2005215332678,16 - 20,5.0,Urban area,1.0,1149.0,,Lamp post,Other/Not known (2005-10),Not at or within 20 metres of junction,RENAULT,CLIO MTV,Petrol,Male,Skidded,No tow/articulation,Nearside,0.0,Going ahead other,1,Car,No,Offside,2005
2005215333761,21 - 25,,Urban area,7.0,,,,Other/Not known (2005-10),Mid Junction - on roundabout or on main road,MERCEDES,500 SEL AUTO,,Male,,No tow/articulation,Did not leave carriageway,0.0,Going ahead other,2,Motorcycle 125cc and under,No,Front,2005
2005215333981,16 - 20,5.0,Data missing or out of range,,1108.0,,,Other/Not known (2005-10),Mid Junction - on roundabout or on main road,FIAT,SEICENTO SPORTING,Petrol,Male,,No tow/articulation,Did not leave carriageway,0.0,Turning right,1,Car,No,Offside,2005
2005215334801,66 - 75,8.0,Urban area,4.0,1396.0,,,Other/Not known (2005-10),Approaching junction or waiting/parked at junction approach,ROVER,414S,Petrol,Male,,No tow/articulation,Did not leave carriageway,0.0,Turning right,1,Car,No,Front,2005
2005215334801,36 - 45,2.0,Small town,4.0,600.0,,,Other/Not known (2005-10),Approaching junction or waiting/parked at junction approach,SUZUKI,GSF 600 SK3,Petrol,Male,,No tow/articulation,Did not leave carriageway,0.0,Going ahead other,2,Motorcycle over 500cc,No,Front,2005
2005215335207,16 - 20,6.0,Data missing or out of range,,124.0,,,Other/Not known (2005-10),Not at or within 20 metres of junction,SUZUKI,,Petrol,Male,,No tow/articulation,Did not leave carriageway,0.0,Going ahead left-hand bend,2,Motorcycle 125cc and under,No,Front,2005
2005215335230,46 - 55,,Urban area,8.0,1686.0,,,Other/Not known (2005-10),Approaching junction or waiting/parked at junction approach,VAUXHALL,ASTRA CLUB CDTI,Heavy oil,Female,,No tow/articulation,Did not leave carriageway,0.0,Going ahead other,1,Car,No,Front,2005
2005215335248,46 - 55,7.0,Urban area,4.0,1700.0,,,Other/Not known (2005-10),Not at or within 20 metres of junction,VAUXHALL,ASTRA MERIT 1.7D TURBO,Heavy oil,Male,,No tow/articulation,Did not leave carriageway,0.0,U-turn,1,Car,No,Back,2005
2005215335261,46 - 55,3.0,Rural,7.0,1360.0,,,Other/Not known (2005-10),Not at or within 20 metres of junction,PEUGEOT,206 LOOK,Petrol,Male,Skidded,No tow/articulation,Did not leave carriageway,0.0,Going ahead right-hand bend,2,Car,No,Front,2005
2005215336257,36 - 45,9.0,Data missing or out of range,,1870.0,,,Journey as part of work,Not at or within 20 metres of junction,RENAULT,19 RL BERGERAC D,Heavy oil,Male,,No tow/articulation,Nearside,0.0,Going ahead other,2,Car,No,Nearside,2005
2005215336894,36 - 45,1.0,Urban area,6.0,1600.0,,,Commuting to/from work,Not at or within 20 metres of junction,VOLKSWAGEN,GOLF FSI SE,Petrol,Female,,No tow/articulation,Did not leave carriageway,0.0,Slowing or stopping,1,Car,No,Front,2005
2005215338003,66 - 75,3.0,Urban area,4.0,1598.0,,,Other/Not known (2005-10),Mid Junction - on roundabout or on main road,RENAULT,MEGANE SCENIC EXPRESSION+,Petrol,Male,Skidded,No tow/articulation,Did not leave carriageway,0.0,Going ahead other,2,Car,No,Did not impact,2005
2005215338451,21 - 25,1.0,Urban area,5.0,1390.0,,,Commuting to/from work,Approaching junction or waiting/parked at junction approach,VOLKSWAGEN,GOLF MATCH,Petrol,Female,,No tow/articulation,Did not leave carriageway,0.0,Waiting to go - held up,2,Car,No,Back,2005
2005215339044,66 - 75,7.0,Urban area,,1589.0,,,Other/Not known (2005-10),Not at or within 20 metres of junction,ROVER,416S,Petrol,Male,Skidded,No tow/articulation,Did not leave carriageway,0.0,Going ahead left-hand bend,1,Car,No,Front,2005
2005215339044,26 - 35,,Urban area,8.0,,,,Journey as part of work,Not at or within 20 metres of junction,VOLKSWAGEN,T-SPORTER T30 104 TDI LWB,,Male,Skidded and overturned,No tow/articulation,Nearside,0.0,Going ahead right-hand bend,2,Car,No,Front,2005
2005215340010,36 - 45,2.0,Urban area,10.0,12130.0,,,Journey as part of work,Not at or within 20 metres of junction,VOLVO,,Heavy oil,Male,,Articulated vehicle,Did not leave carriageway,0.0,Going ahead other,3,Goods 7.5 tonnes mgw and over,No,Did not impact,2005
2005215340841,Data missing or out of range,13.0,Data missing or out of range,,1991.0,,,Other/Not known (2005-10),Entering main road,BMW,320 I SE AUTO,Petrol,Female,,No tow/articulation,Did not leave carriageway,0.0,Turning left,1,Car,No,Offside,2005
20052153X0427,46 - 55,1.0,Urban area,8.0,1598.0,,,Journey as part of work,Entering roundabout,VOLKSWAGEN,GOLF MATCH,Petrol,Male,,No tow/articulation,Did not leave carriageway,0.0,Turning right,1,Car,No,Offside,2005
20052153X0427,21 - 25,4.0,Urban area,7.0,1124.0,,,Journey as part of work,Entering roundabout,CITROEN,SAXO FORTE,Petrol,Male,,No tow/articulation,Did not leave carriageway,0.0,Going ahead other,2,Car,No,Nearside,2005
2005215400849,36 - 45,4.0,Rural,7.0,1997.0,,,Commuting to/from work,Entering roundabout,PEUGEOT,306 LX HDI,Heavy oil,Female,,No tow/articulation,Did not leave carriageway,0.0,Slowing or stopping,1,Car,No,Back,2005
2005215402147,26 - 35,10.0,Urban area,3.0,2500.0,,,Journey as part of work,Approaching junction or waiting/parked at junction approach,LDV,400 SERIES D 3.1T,Heavy oil,Male,,No tow/articulation,Did not leave carriageway,0.0,Changing lane to left,2,Van / Goods 3.5 tonnes mgw or under,No,Front,2005
2005215404735,36 - 45,17.0,Urban area,2.0,1781.0,,,Other/Not known (2005-10),Not at or within 20 metres of junction,AUDI,80 S,Petrol,Female,,No tow/articulation,Did not leave carriageway,0.0,Going ahead right-hand bend,2,Car,No,Front,2005
2005215405059,26 - 35,7.0,Urban area,2.0,1598.0,,,Other/Not known (2005-10),Not at or within 20 metres of junction,MERCEDES,A160 ELEGANCE S-A,Petrol,Female,,No tow/articulation,Did not leave carriageway,0.0,Turning right,2,Car,No,Back,2005
2005215405493,46 - 55,3.0,Urban area,3.0,10308.0,,,Journey as part of work,Not at or within 20 metres of junction,IVECO-FORD,,Heavy oil,Male,,Articulated vehicle,Did not leave carriageway,0.0,Going ahead other,1,Goods 7.5 tonnes mgw and over,No,Front,2005
2005215405532,26 - 35,6.0,Data missing or out of range,,1974.0,,Central crash barrier,Other/Not known (2005-10),Not at or within 20 metres of junction,NISSAN,PRIMERA SE TD,Heavy oil,Female,,No tow/articulation,Offside on to centrl res + rebounded,0.0,Going ahead other,1,Car,No,Front,2005
2005215408512,36 - 45,9.0,Urban area,9.0,2663.0,,,Other/Not known (2005-10),Mid Junction - on roundabout or on main road,FORD,MAVERICK ASPEN SWB,Heavy oil,Female,,No tow/articulation,Did not leave carriageway,0.0,Going ahead other,1,Car,No,Front,2005
2005215408548,56 - 65,4.0,Urban area,10.0,1951.0,,,Other/Not known (2005-10),Entering main road,ROVER,75 CLUB CDT AUTO,Heavy oil,Female,,No tow/articulation,Did not leave carriageway,0.0,Turning right,1,Car,No,Front,2005
2005215409563,26 - 35,4.0,Data missing or out of range,,1995.0,,,Journey as part of work,Approaching junction or waiting/parked at junction approach,VAUXHALL,VECTRA LS DTI,Heavy oil,Male,,No tow/articulation,Did not leave carriageway,0.0,Going ahead other,2,Car,No,Front,2005
2005215413100,56 - 65,1.0,Urban area,5.0,999.0,,,Other/Not known (2005-10),Mid Junction - on roundabout or on main road,HONDA,VTR 1000 S-4,Petrol,Male,,No tow/articulation,Did not leave carriageway,0.0,Overtaking moving vehicle - offside,2,Motorcycle over 500cc,No,Front,2005
2005215413947,26 - 35,2.0,Data missing or out of range,,1999.0,,,Other/Not known (2005-10),Entering main road,MAZDA,6 TS DIESEL,Heavy oil,Male,,No tow/articulation,Did not leave carriageway,0.0,Turning right,1,Car,No,Offside,2005
2005215416523,56 - 65,,Urban area,7.0,,,,Journey as part of work,Approaching junction or waiting/parked at junction approach,SCANIA,,,Male,,No tow/articulation,Did not leave carriageway,0.0,Going ahead other,1,Agricultural vehicle,No,Front,2005
2005215416523,26 - 35,,Rural,9.0,2494.0,,,Journey as part of work,Approaching junction or waiting/parked at junction approach,BMW,X3 SE,Petrol,Female,,No tow/articulation,Did not leave carriageway,0.0,Slowing or stopping,2,Car,No,Back,2005
2005215416944,26 - 35,2.0,Urban area,9.0,1149.0,,,Other/Not known (2005-10),Mid Junction - on roundabout or on main road,RENAULT,CLIO EXTREME 2 16V,Petrol,Female,,No tow/articulation,Did not leave carriageway,0.0,Going ahead other,1,Car,No,Front,2005
2005215417390,21 - 25,,Data missing or out of range,,1997.0,,,Other/Not known (2005-10),Approaching junction or waiting/parked at junction approach,PEUGEOT,206 SPORT HDI,Heavy oil,Male,,No tow/articulation,Did not leave carriageway,0.0,Slowing or stopping,2,Car,No,Back,2005
2005215418829,56 - 65,7.0,Urban area,1.0,11000.0,,,Journey as part of work,Cleared junction or waiting/parked at junction exit,SCANIA,,Heavy oil,Male,Skidded,No tow/articulation,Did not leave carriageway,0.0,Overtaking moving vehicle - offside,1,Bus or coach (17 or more pass seats),No,Front,2005
2005215418975,21 - 25,1.0,Urban area,10.0,1598.0,,Near/Offside crash barrier,Commuting to/from work,Not at or within 20 metres of junction,VOLKSWAGEN,GOLF FSI S,Petrol,Female,Skidded,No tow/articulation,Offside,0.0,Going ahead left-hand bend,1,Car,No,Front,2005
2005215419675,26 - 35,9.0,Urban area,4.0,1119.0,,,Other/Not known (2005-10),Not at or within 20 metres of junction,FORD,FIESTA CLASSIC QUARTZ,Petrol,Male,,No tow/articulation,Did not leave carriageway,0.0,U-turn,2,Car,No,Back,2005
2005215420964,21 - 25,3.0,Urban area,9.0,124.0,Kerb,Near/Offside crash barrier,Commuting to/from work,Leaving main road,SUZUKI,GZ 125 K2,Petrol,Male,,No tow/articulation,Offside and rebounded,0.0,Going ahead left-hand bend,1,Motorcycle 125cc and under,No,Front,2005
2005215423432,46 - 55,3.0,Data missing or out of range,,1590.0,,,Other/Not known (2005-10),Cleared junction or waiting/parked at junction exit,HONDA,CIVIC SE EXECUTIVE,Petrol,Female,,No tow/articulation,Did not leave carriageway,0.0,Going ahead other,1,Car,No,Front,2005
2005215423432,Data missing or out of range,2.0,Data missing or out of range,,8970.0,,,Other/Not known (2005-10),Cleared junction or waiting/parked at junction exit,SCANIA,,Heavy oil,Not known,,Articulated vehicle,Did not leave carriageway,0.0,Parked,2,Goods 7.5 tonnes mgw and over,No,Back,2005
2005215424126,46 - 55,5.0,Small town,9.0,548.0,,,Journey as part of work,Leaving roundabout,VOLVO,,Heavy oil,Male,,No tow/articulation,Did not leave carriageway,0.0,Going ahead left-hand bend,1,Bus or coach (17 or more pass seats),No,Did not impact,2005