Accident_Index,Age_Band_of_Driver,Age_of_Vehicle,Driver_Home_Area_Type,Driver_IMD_Decile,Engine_Capacity_.CC.,Hit_Object_in_Carriageway,Hit_Object_off_Carriageway,Journey_Purpose_of_Driver,Junction_Location,make,model,Propulsion_Code,Sex_of_Driver,Skidding_and_Overturning,Towing_and_Articulation,Vehicle_Leaving_Carriageway,Vehicle_Location.Restricted_Lane,Vehicle_Manoeuvre,Vehicle_Reference,Vehicle_Type,Was_Vehicle_Left_Hand_Drive,X1st_Point_of_Impact,Year
2005215424144,Data missing or out of range,5.0,Urban area,9.0,998.0,,,Other/Not known (2005-10),Approaching junction or waiting/parked at junction approach,NISSAN,MICRA GX,Petrol,Female,,No tow/articulation,Did not leave carriageway,0.0,Waiting to go - held up,2,Car,No,Back,2005
2005215424443,46 - 55,7.0,Small town,9.0,2300.0,,,Other/Not known (2005-10),Mid Junction - on roundabout or on main road,FORD,SCORPIO ULTIMA 16V AUTO,Petrol,Male,,No tow/articulation,Nearside,0.0,Parked,2,Car,No,Back,2005
2005215425183,56 - 65,,Data missing or out of range,,,,,Other/Not known (2005-10),Not at or within 20 metres of junction,FORD,TRANSIT CONNECT T200 TDDI S,,Male,,No tow/articulation,Did not leave carriageway,8.0,Changing lane to right,1,Car,No,Back,2005
2005215425225,26 - 35,2.0,Small town,8.0,1598.0,,,Other/Not known (2005-10),Approaching junction or waiting/parked at junction approach,SEAT,LEON S 16V,Petrol,Female,,No tow/articulation,Did not leave carriageway,0.0,Waiting to turn left,3,Car,No,Back,2005
2005215425526,16 - 20,,Rural,8.0,,Kerb,Other permanent object,Other/Not known (2005-10),Not at or within 20 metres of junction,APRILIA,,,Male,,No tow/articulation,Nearside,0.0,Going ahead other,1,Motorcycle 125cc and under,No,Nearside,2005
2005215426113,26 - 35,3.0,Urban area,,1769.0,,,Other/Not known (2005-10),Cleared junction or waiting/parked at junction exit,NISSAN,PRIMERA S,Petrol,Female,,No tow/articulation,Did not leave carriageway,0.0,Going ahead right-hand bend,2,Car,No,Offside,2005
2005215428323,21 - 25,10.0,Data missing or out of range,,1589.0,,,Other/Not known (2005-10),Leaving roundabout,DAIHATSU,SPORTRAK ELX I,Petrol,Female,Skidded and overturned,No tow/articulation,Did not leave carriageway,0.0,Turning left,1,Car,No,Offside,2005
2005215430992,26 - 35,1.0,Urban area,2.0,1995.0,,,Other/Not known (2005-10),Mid Junction - on roundabout or on main road,VAUXHALL,ZAFIRA DESIGN DTI 16V,Heavy oil,Male,,No tow/articulation,Did not leave carriageway,0.0,Turning right,1,Car,No,Front,2005
2005215430992,Data missing or out of range,12.0,Data missing or out of range,,1905.0,,,Other/Not known (2005-10),Approaching junction or waiting/parked at junction approach,PEUGEOT,405 GLD,Heavy oil,Male,,No tow/articulation,Did not leave carriageway,0.0,Waiting to go - held up,2,Car,No,Did not impact,2005
2005215431528,26 - 35,8.0,Urban area,8.0,1332.0,,,Journey as part of work,Not at or within 20 metres of junction,TOYOTA,,Petrol,Male,,No tow/articulation,Did not leave carriageway,0.0,Going ahead other,1,Car,No,Front,2005
2005215431769,21 - 25,6.0,Urban area,3.0,1598.0,,,Commuting to/from work,Mid Junction - on roundabout or on main road,MAZDA,,Petrol,Female,,No tow/articulation,Did not leave carriageway,0.0,Waiting to go - held up,2,Car,No,Back,2005
2005215432515,26 - 35,4.0,Rural,9.0,3200.0,,,Other/Not known (2005-10),Not at or within 20 metres of junction,MITSUBISHI,SHOGUN EQUIPPE DI-D A LWB,Heavy oil,Male,,No tow/articulation,Did not leave carriageway,0.0,Going ahead right-hand bend,1,Car,No,Offside,2005
2005215433436,21 - 25,3.0,Urban area,3.0,1149.0,,,Other/Not known (2005-10),Not at or within 20 metres of junction,RENAULT,CLIO DYNAMIQUE 16V,Petrol,Male,,No tow/articulation,Did not leave carriageway,0.0,Going ahead right-hand bend,1,Car,No,Front,2005
2005215433648,36 - 45,8.0,Urban area,6.0,3165.0,,,Other/Not known (2005-10),Mid Junction - on roundabout or on main road,VAUXHALL,MONTEREY 3.2 V6 DIAMOND A,Petrol,Female,,No tow/articulation,Did not leave carriageway,0.0,Going ahead other,2,Car,No,Nearside,2005
2005215434414,21 - 25,2.0,Urban area,7.0,1149.0,,,Commuting to/from work,Not at or within 20 metres of junction,RENAULT,CLIO DYNAMIQUE 16V,Petrol,Male,,No tow/articulation,Did not leave carriageway,0.0,Waiting to go - held up,2,Car,No,Back,2005
2005215434745,66 - 75,3.0,Urban area,9.0,1896.0,,,Other/Not known (2005-10),Not at or within 20 metres of junction,VOLKSWAGEN,,Heavy oil,Male,,No tow/articulation,Did not leave carriageway,0.0,Waiting to go - held up,2,Car,No,Back,2005
2005215434745,46 - 55,7.0,Urban area,5.0,1599.0,,,Other/Not known (2005-10),Not at or within 20 metres of junction,HYUNDAI,LANTRA SIENA,Petrol,Male,,No tow/articulation,Did not leave carriageway,0.0,Waiting to go - held up,4,Car,No,Back,2005
2005215436657,16 - 20,,Urban area,5.0,102.0,,Tree,Pupil riding to/from school,Cleared junction or waiting/parked at junction exit,HONDA,SCV 100 F-5,Petrol,Female,,No tow/articulation,Nearside,0.0,Going ahead left-hand bend,2,Motorcycle 125cc and under,No,Back,2005
2005215439627,26 - 35,,Urban area,10.0,1598.0,,,Other/Not known (2005-10),Mid Junction - on roundabout or on main road,TOYOTA,COROLLA TSPIRIT VVTI AUTO,Petrol,Female,,No tow/articulation,Did not leave carriageway,0.0,Going ahead other,1,Car,No,Front,2005
2005215439756,46 - 55,,Rural,5.0,6174.0,,,Journey as part of work,Approaching junction or waiting/parked at junction approach,RENAULT,,Heavy oil,Male,,No tow/articulation,Did not leave carriageway,0.0,Waiting to go - held up,2,Goods 7.5 tonnes mgw and over,No,Back,2005
2005215M04402,36 - 45,6.0,Urban area,2.0,1998.0,,Tree,Journey as part of work,Approaching junction or waiting/parked at junction approach,FIAT,BRAVO 155 HGT,Petrol,Female,Skidded and overturned,No tow/articulation,Nearside,0.0,Changing lane to left,1,Car,No,Nearside,2005
2005215M06070,26 - 35,,Urban area,4.0,,,,Journey as part of work,Not at or within 20 metres of junction,FORD,RANGER XLT 4X4 TD,,Male,,No tow/articulation,Did not leave carriageway,0.0,Going ahead other,2,Car,No,Back,2005
2005215M06995,26 - 35,2.0,Urban area,7.0,1461.0,,,Other/Not known (2005-10),Not at or within 20 metres of junction,RENAULT,CLIO DYNAMIQUE DCI 65,Heavy oil,Female,,No tow/articulation,Did not leave carriageway,0.0,Going ahead other,2,Car,No,Nearside,2005
2005215M09552,36 - 45,4.0,Urban area,5.0,12700.0,,,Journey as part of work,Not at or within 20 metres of junction,ERF,,Gas,Male,,Articulated vehicle,Did not leave carriageway,0.0,Changing lane to left,2,Goods 7.5 tonnes mgw and over,No,Nearside,2005
2005215M12752,Data missing or out of range,4.0,Urban area,1.0,1995.0,Road works,,Other/Not known (2005-10),Not at or within 20 metres of junction,TOYOTA,AVENSIS GS D4-D,Heavy oil,Female,Skidded,No tow/articulation,Did not leave carriageway,0.0,Changing lane to left,2,Car,No,Nearside,2005
2005215M14657,26 - 35,,Data missing or out of range,,1998.0,Kerb,Central crash barrier,Commuting to/from work,Leaving main road,RENAULT,MEGANE RENAULT SPORT 225,Petrol,Male,,No tow/articulation,Offside on to centrl res + rebounded,0.0,Changing lane to left,1,Car,No,Nearside,2005
2005215M19000,21 - 25,2.0,Urban area,9.0,1997.0,,,Journey as part of work,Not at or within 20 metres of junction,PEUGEOT,807 LX HDI,Heavy oil,Male,,No tow/articulation,Did not leave carriageway,0.0,Changing lane to right,1,Car,No,Offside,2005
2005215M20625,26 - 35,,Urban area,3.0,1596.0,,,Commuting to/from work,Not at or within 20 metres of junction,FORD,FOCUS LX T,Petrol,Female,Skidded and overturned,No tow/articulation,Did not leave carriageway,0.0,Overtaking - nearside,1,Car,No,Front,2005
2005215M21628,36 - 45,1.0,Rural,8.0,2184.0,,,Other/Not known (2005-10),Mid Junction - on roundabout or on main road,NISSAN,ALMERA TINO SE DCI 136PS,Heavy oil,Male,,No tow/articulation,Did not leave carriageway,0.0,Going ahead other,2,Car,No,Front,2005
2005215M22121,36 - 45,,Urban area,7.0,,,Central crash barrier,Other/Not known (2005-10),Not at or within 20 metres of junction,RENAULT,CLIO VAN SL15 DCI 65,,Male,Skidded,No tow/articulation,Offside on to central reservation,0.0,Going ahead other,1,Car,No,Front,2005
2005215M27416,21 - 25,1.0,Data missing or out of range,,1598.0,,Central crash barrier,Other/Not known (2005-10),Not at or within 20 metres of junction,MINI,MINI COOPER AUTO,Petrol,Female,Skidded,No tow/articulation,Offside on to centrl res + rebounded,0.0,Going ahead other,1,Car,No,Offside,2005
2005215M33345,26 - 35,8.0,Urban area,2.0,1597.0,,,Other/Not known (2005-10),Not at or within 20 metres of junction,FORD,ESCORT SERENADE 16V,Petrol,Male,,No tow/articulation,Nearside,0.0,Going ahead other,2,Car,No,Back,2005
2005215M34586,21 - 25,11.0,Urban area,3.0,1905.0,,,Other/Not known (2005-10),Not at or within 20 metres of junction,PEUGEOT,405 GTX TURBO DIESEL,Heavy oil,Female,,No tow/articulation,Did not leave carriageway,0.0,Going ahead other,1,Car,No,Front,2005
2005215M35862,46 - 55,3.0,Urban area,4.0,11000.0,,,Journey as part of work,Mid Junction - on roundabout or on main road,ERF,,Heavy oil,Male,,Articulated vehicle,Did not leave carriageway,0.0,Going ahead other,3,Goods 7.5 tonnes mgw and over,No,Nearside,2005
2005215M36914,26 - 35,7.0,Urban area,3.0,5861.0,,,Journey as part of work,Not at or within 20 metres of junction,IVECO-FORD,,Heavy oil,Male,Skidded,No tow/articulation,Did not leave carriageway,0.0,Going ahead other,4,Van / Goods 3.5 tonnes mgw or under,No,Back,2005
2005215M37221,56 - 65,2.0,Urban area,2.0,2664.0,,,Journey as part of work,Not at or within 20 metres of junction,NISSAN,CABSTAR E95 SWB,Heavy oil,Male,,No tow/articulation,Did not leave carriageway,0.0,Slowing or stopping,1,Van / Goods 3.5 tonnes mgw or under,No,Front,2005
2005215M37744,Data missing or out of range,,Data missing or out of range,,2497.0,,,Other/Not known (2005-10),Not at or within 20 metres of junction,BMW,525D SE AUTO,Heavy oil,Male,,No tow/articulation,Did not leave carriageway,0.0,Going ahead other,1,Car,No,Front,2005
2005215MX0008,26 - 35,3.0,Data missing or out of range,,1390.0,,,Other/Not known (2005-10),Not at or within 20 metres of junction,AUDI,A2 TDI,Heavy oil,Male,,No tow/articulation,Did not leave carriageway,0.0,Slowing or stopping,3,Car,No,Back,2005
2005215MX0727,36 - 45,9.0,Data missing or out of range,,1396.0,,,Other/Not known (2005-10),Not at or within 20 metres of junction,ROVER,414 SI,Petrol,Female,,No tow/articulation,Did not leave carriageway,0.0,Changing lane to right,2,Car,No,Front,2005
2005215MX0727,26 - 35,1.0,Data missing or out of range,,1598.0,,,Other/Not known (2005-10),Not at or within 20 metres of junction,RENAULT,SCENIC PRIVILEGE 16V,Petrol,Male,,No tow/articulation,Did not leave carriageway,0.0,Slowing or stopping,3,Car,No,Back,2005
200522CA46740,26 - 35,1.0,Urban area,3.0,1896.0,Bollard or refuge,,Other/Not known (2005-10),Approaching junction or waiting/parked at junction approach,SEAT,LEON FR TDI,Heavy oil,Male,,No tow/articulation,Offside,0.0,Going ahead other,1,Car,No,Nearside,2005
200522CA46740,21 - 25,2.0,Small town,,1199.0,,,Other/Not known (2005-10),Leaving main road,VAUXHALL,AGILA CLUB 16V,Petrol,Female,,No tow/articulation,Did not leave carriageway,0.0,Turning right,2,Car,No,Offside,2005
200522CA46870,16 - 20,8.0,Urban area,8.0,1124.0,,,Other/Not known (2005-10),Leaving main road,PEUGEOT,106 XL INDEPENDENCE,Petrol,Female,,No tow/articulation,Did not leave carriageway,0.0,Turning right,2,Car,No,Did not impact,2005
200522CA47468,36 - 45,10.0,Urban area,1.0,1905.0,,,Other/Not known (2005-10),Entering main road,PEUGEOT,405 GLX TURBO DIESEL,Heavy oil,Male,,No tow/articulation,Did not leave carriageway,0.0,Moving off,1,Car,No,Back,2005
200522CA47468,16 - 20,1.0,Urban area,8.0,1149.0,,,Other/Not known (2005-10),Entering main road,RENAULT,CLIO EXTREME 3 16V,Petrol,Female,,No tow/articulation,Did not leave carriageway,0.0,Turning left,2,Car,No,Front,2005
200522CA47633,21 - 25,1.0,Data missing or out of range,,1794.0,,,Other/Not known (2005-10),Approaching junction or waiting/parked at junction approach,TOYOTA,MR2 ROADSTER VVTI,Petrol,Female,,No tow/articulation,Did not leave carriageway,0.0,Parked,2,Car,No,Front,2005
200522CA47671,26 - 35,3.0,Urban area,7.0,1796.0,,,Other/Not known (2005-10),Mid Junction - on roundabout or on main road,VAUXHALL,VECTRA ELEGANCE 16V,Petrol,Male,,No tow/articulation,Did not leave carriageway,0.0,Overtaking static vehicle - offside,1,Car,No,Front,2005
200522CA50319,66 - 75,15.0,Urban area,8.0,1388.0,,,Other/Not known (2005-10),Approaching junction or waiting/parked at junction approach,VAUXHALL,ASTRA GL,Petrol,Male,,No tow/articulation,Did not leave carriageway,0.0,Going ahead other,1,Car,No,Did not impact,2005
200522CA50517,36 - 45,1.0,Rural,7.0,2497.0,,,Journey as part of work,Approaching junction or waiting/parked at junction approach,BMW,525D SE,Heavy oil,Male,,No tow/articulation,Did not leave carriageway,0.0,Overtaking moving vehicle - offside,2,Car,No,Front,2005
200522CA50588,21 - 25,2.0,Urban area,9.0,1995.0,,,Commuting to/from work,Mid Junction - on roundabout or on main road,VAUXHALL,ZAFIRA COMFORT DTI,Heavy oil,Male,Skidded,No tow/articulation,Did not leave carriageway,0.0,Going ahead other,2,Car,No,Front,2005
200522CA50762,36 - 45,,Urban area,,5900.0,,,Journey as part of work,Not at or within 20 metres of junction,ALEXANDER DENNIS,,Heavy oil,Male,,No tow/articulation,Did not leave carriageway,0.0,Going ahead other,1,Bus or coach (17 or more pass seats),No,Nearside,2005
200522CA50984,56 - 65,5.0,Urban area,7.0,1997.0,,,Commuting to/from work,Leaving main road,HONDA,ACCORD VTEC SE AUTO,Petrol,Male,,No tow/articulation,Did not leave carriageway,0.0,Turning right,1,Car,No,Front,2005
200522CC45963,Data missing or out of range,,Data missing or out of range,,,,,Other/Not known (2005-10),Leaving main road,VAUXHALL,COMBO 1700 DTI,,Not known,,No tow/articulation,Did not leave carriageway,0.0,Turning right,3,Car,No,Did not impact,2005
200522CC47387,26 - 35,9.0,Rural,7.0,124.0,,Entered ditch,Other/Not known (2005-10),Mid Junction - on roundabout or on main road,KAWASAKI,,Petrol,Male,,No tow/articulation,Nearside,0.0,Going ahead other,1,Motorcycle 125cc and under,No,Nearside,2005
200522CC47849,26 - 35,4.0,Urban area,,600.0,,Entered ditch,Other/Not known (2005-10),Not at or within 20 metres of junction,SUZUKI,GSF 600 Y,Petrol,Male,,No tow/articulation,Offside,0.0,Going ahead right-hand bend,1,Motorcycle over 500cc,No,Front,2005
200522CC48458,36 - 45,11.0,Rural,8.0,,,,Other/Not known (2005-10),Mid Junction - on roundabout or on main road,CASE IH,,Heavy oil,Male,,Other tow,Did not leave carriageway,0.0,Turning right,2,Agricultural vehicle,No,Offside,2005
200522CC48802,46 - 55,2.0,Urban area,5.0,1995.0,,,Journey as part of work,Not at or within 20 metres of junction,BMW,320D ES TOURING,Heavy oil,Male,,No tow/articulation,Did not leave carriageway,0.0,Slowing or stopping,4,Car,No,Back,2005
200522CC49516,36 - 45,4.0,Rural,10.0,1973.0,,,Other/Not known (2005-10),Approaching junction or waiting/parked at junction approach,HONDA,CR-V WEST 1,Petrol,Female,,No tow/articulation,Did not leave carriageway,0.0,Slowing or stopping,3,Car,No,Back,2005
200522CC50023,46 - 55,3.0,Urban area,1.0,2800.0,,,Other/Not known (2005-10),Mid Junction - on roundabout or on main road,IVECO,,Heavy oil,Male,,No tow/articulation,Did not leave carriageway,0.0,Going ahead other,2,Van / Goods 3.5 tonnes mgw or under,No,Front,2005
200522CC50771,21 - 25,1.0,Urban area,8.0,1461.0,,,Other/Not known (2005-10),Not at or within 20 metres of junction,RENAULT,MEGANE EXPRESSION DCI 100,Heavy oil,Male,,No tow/articulation,Did not leave carriageway,0.0,Going ahead other,1,Car,No,Front,2005
200522CC50858,56 - 65,8.0,Small town,4.0,1998.0,,Tree,Journey as part of work,Not at or within 20 metres of junction,VAUXHALL,VECTRA GLS 16V,Petrol,Male,,No tow/articulation,Offside,0.0,Going ahead left-hand bend,1,Car,No,Front,2005
200522CD46769,56 - 65,11.0,Rural,5.0,2165.0,,,Commuting to/from work,Entering main road,RENAULT,SAFRANE RT VI EXEC.A,Petrol,Male,,No tow/articulation,Did not leave carriageway,0.0,Turning right,1,Car,No,Offside,2005
200522CD47472,16 - 20,13.0,Small town,5.0,1998.0,,Other permanent object,Other/Not known (2005-10),Not at or within 20 metres of junction,CITROEN,ZX VOLCANE I,Petrol,Male,Skidded and overturned,No tow/articulation,Offside,0.0,Going ahead right-hand bend,1,Car,No,Front,2005
200522CD48471,66 - 75,6.0,Rural,8.0,2959.0,,,Other/Not known (2005-10),Entering main road,ALFA ROMEO,166 V6 24V SPORTRONIC,Petrol,Male,,No tow/articulation,Did not leave carriageway,0.0,Turning right,1,Car,No,Front,2005
200522CD48471,36 - 45,7.0,Urban area,3.0,1994.0,,,Journey as part of work,Mid Junction - on roundabout or on main road,ROVER,220 SD,Heavy oil,Male,Skidded,No tow/articulation,Nearside,0.0,Going ahead other,2,Car,No,Front,2005
200522CD50221,46 - 55,,Urban area,3.0,1870.0,,,Journey as part of work,Not at or within 20 metres of junction,VAUXHALL,VIVARO 2700 DTI SWB,Heavy oil,Male,,No tow/articulation,Did not leave carriageway,0.0,Going ahead other,2,Van / Goods 3.5 tonnes mgw or under,No,Front,2005
200522CD50939,21 - 25,11.0,Small town,4.0,1390.0,,,Other/Not known (2005-10),Not at or within 20 metres of junction,RENAULT,5 CAMPUS PRIMA,Petrol,Male,,No tow/articulation,Did not leave carriageway,0.0,Going ahead right-hand bend,2,Car,No,Offside,2005
200522CE45664,56 - 65,26.0,Rural,6.0,,,,Journey as part of work,Not at or within 20 metres of junction,MASSEY FERGUSON,,Heavy oil,Male,,Single trailer,Did not leave carriageway,0.0,Going ahead other,2,Agricultural vehicle,No,Back,2005
200522CE47090,46 - 55,1.0,Urban area,2.0,11705.0,,,Journey as part of work,Not at or within 20 metres of junction,SCANIA,,Heavy oil,Male,Jackknifed,Articulated vehicle,Nearside,0.0,Going ahead other,2,Goods 7.5 tonnes mgw and over,No,Front,2005
200522CE47385,16 - 20,14.0,Data missing or out of range,,1392.0,,,Other/Not known (2005-10),Not at or within 20 metres of junction,FORD,ESCORT QUARTZ,Petrol,Male,,No tow/articulation,Did not leave carriageway,0.0,Going ahead other,3,Car,No,Front,2005
200522CE50042,46 - 55,,Rural,7.0,1598.0,,,Commuting to/from work,Entering main road,MAZDA,3 TS,Petrol,Male,,No tow/articulation,Nearside,0.0,Turning right,1,Car,No,Offside,2005
200522CF47488,46 - 55,8.0,Small town,9.0,1996.0,,,Taking pupil to/from school,Not at or within 20 metres of junction,HONDA,ACCORD 2.0I LS,Petrol,Female,,No tow/articulation,Did not leave carriageway,0.0,Going ahead other,2,Car,No,Front,2005
200522CF47752,16 - 20,1.0,Urban area,10.0,1396.0,,,Other/Not known (2005-10),Entering from slip road,MG,ZR 105,Petrol,Male,,No tow/articulation,Did not leave carriageway,0.0,Moving off,1,Car,No,Offside,2005
200522CF47752,26 - 35,12.0,Rural,6.0,124.0,,,Other/Not known (2005-10),Mid Junction - on roundabout or on main road,SUZUKI,,Petrol,Male,,No tow/articulation,Did not leave carriageway,0.0,Going ahead other,2,Motorcycle 125cc and under,No,Front,2005
200522CF48299,21 - 25,11.0,Urban area,8.0,1389.0,,,Commuting to/from work,Not at or within 20 metres of junction,VAUXHALL,ASTRA LS I,Petrol,Female,Skidded,No tow/articulation,Offside,0.0,Going ahead right-hand bend,1,Car,No,Offside,2005
200522CF48853,21 - 25,2.0,Rural,6.0,1108.0,,,Journey as part of work,Mid Junction - on roundabout or on main road,FIAT,SEICENTO ACTIVE SPORT,Petrol,Male,,No tow/articulation,Did not leave carriageway,0.0,Going ahead right-hand bend,1,Car,No,Front,2005
200522CF51289,36 - 45,6.0,Rural,5.0,2946.0,,,Other/Not known (2005-10),Not at or within 20 metres of junction,PEUGEOT,406 SE 3.0 V6 COUPE,Petrol,Male,,No tow/articulation,Did not leave carriageway,0.0,Going ahead right-hand bend,1,Car,No,Offside,2005
200522DB44546,16 - 20,7.0,Data missing or out of range,,1597.0,,,Other/Not known (2005-10),Entering main road,NISSAN,ALMERA 1.6 SX AUTO,Petrol,Male,,No tow/articulation,Did not leave carriageway,0.0,Going ahead other,1,Car,No,Front,2005
200522DB46375,26 - 35,4.0,Rural,4.0,1995.0,,,Other/Not known (2005-10),Not at or within 20 metres of junction,VAUXHALL,VECTRA CD DTI,Heavy oil,Female,,No tow/articulation,Did not leave carriageway,0.0,Going ahead left-hand bend,2,Car,No,Offside,2005
200522DB47540,26 - 35,3.0,Rural,2.0,1396.0,,,Other/Not known (2005-10),Not at or within 20 metres of junction,ROVER,25 IMPRESSION S2,Petrol,Male,,No tow/articulation,Did not leave carriageway,0.0,Overtaking static vehicle - offside,1,Car,No,Nearside,2005
200522DC46719,66 - 75,7.0,Urban area,9.0,1753.0,,,Other/Not known (2005-10),Not at or within 20 metres of junction,FORD,FIESTA ENCORE DIESEL,Heavy oil,Female,,No tow/articulation,Did not leave carriageway,0.0,Going ahead left-hand bend,1,Car,No,Back,2005
200522DC48491,36 - 45,3.0,Urban area,8.0,,,,Journey as part of work,Not at or within 20 metres of junction,MASSEY FERGUSON,,Heavy oil,Male,,No tow/articulation,Did not leave carriageway,0.0,Going ahead left-hand bend,1,Agricultural vehicle,No,Front,2005
200522DC48491,26 - 35,10.0,Small town,6.0,1275.0,,,Other/Not known (2005-10),Not at or within 20 metres of junction,ROVER,MINI COOPER 1.3I,Petrol,Female,Skidded,No tow/articulation,Did not leave carriageway,0.0,Going ahead right-hand bend,2,Car,No,Front,2005
200522DD44116,26 - 35,18.0,Data missing or out of range,,598.0,,,Other/Not known (2005-10),Mid Junction - on roundabout or on main road,HONDA,,Petrol,Male,,No tow/articulation,Nearside,0.0,Going ahead other,2,Motorcycle over 500cc,No,Front,2005
200522DF42820,36 - 45,1.0,Urban area,6.0,1587.0,,,Other/Not known (2005-10),Not at or within 20 metres of junction,CITROEN,C2 VTS,Petrol,Male,,No tow/articulation,Did not leave carriageway,0.0,Going ahead left-hand bend,2,Car,No,Front,2005
200522DF43412,46 - 55,6.0,Urban area,4.0,599.0,,,Commuting to/from work,Mid Junction - on roundabout or on main road,KAWASAKI,ZX600-G2,Petrol,Male,,No tow/articulation,Did not leave carriageway,0.0,Going ahead other,2,Motorcycle over 500cc,No,Front,2005
200522DJ46101,36 - 45,13.0,Data missing or out of range,,1590.0,,,Other/Not known (2005-10),Not at or within 20 metres of junction,ROVER,216 GSI AUTO,Petrol,Female,,No tow/articulation,Did not leave carriageway,0.0,Reversing,1,Car,No,Back,2005
200522DL45531,56 - 65,6.0,Urban area,,1275.0,,,Other/Not known (2005-10),Not at or within 20 metres of junction,NISSAN,MICRA INSPIRATION 16V,Petrol,Female,,No tow/articulation,Did not leave carriageway,0.0,Going ahead other,3,Car,No,Offside,2005
200522DL46786,26 - 35,16.0,Urban area,1.0,598.0,,Tree,Other/Not known (2005-10),Not at or within 20 metres of junction,YAMAHA,,Petrol,Male,,No tow/articulation,Nearside and rebounded,0.0,Going ahead right-hand bend,1,Motorcycle over 500cc,No,Front,2005
200522DL48305,36 - 45,4.0,Urban area,10.0,2461.0,,,Other/Not known (2005-10),Not at or within 20 metres of junction,VOLVO,V70 D,Heavy oil,Female,,No tow/articulation,Did not leave carriageway,0.0,Parked,1,Car,No,Offside,2005
200522DL48880,36 - 45,9.0,Urban area,10.0,1796.0,,,Commuting to/from work,Entering roundabout,FORD,ESCORT GHIA CABRIO,Petrol,Female,,No tow/articulation,Did not leave carriageway,0.0,Going ahead other,1,Car,No,Front,2005
200522DN43132,26 - 35,7.0,Urban area,2.0,2495.0,,,Other/Not known (2005-10),Not at or within 20 metres of junction,LAND ROVER,110 DEFENDER COUNTY SWTDI,Heavy oil,Male,,No tow/articulation,Did not leave carriageway,0.0,Going ahead left-hand bend,2,Car,No,Nearside,2005
200522EA31374,16 - 20,15.0,Rural,9.0,1396.0,,,Journey as part of work,Mid Junction - on roundabout or on main road,ROVER,214 GSI,Petrol,Male,Skidded,No tow/articulation,Did not leave carriageway,0.0,Going ahead other,1,Car,No,Front,2005
200522EA31374,36 - 45,,Urban area,5.0,,,,Journey as part of work,Leaving main road,YAMAHA,YN 50 NEO'S,,Male,,No tow/articulation,Did not leave carriageway,0.0,Turning right,2,Motorcycle 125cc and under,No,Back,2005
200522EA32672,66 - 75,2.0,Urban area,10.0,1360.0,,,Other/Not known (2005-10),Mid Junction - on roundabout or on main road,PEUGEOT,206 LX AUTO,Petrol,Male,,No tow/articulation,Did not leave carriageway,0.0,Going ahead other,1,Car,No,Nearside,2005
200522EB31183,66 - 75,3.0,Rural,4.0,1397.0,,,Other/Not known (2005-10),Not at or within 20 metres of junction,SKODA,FABIA CLASSIC 8V,Petrol,Female,,No tow/articulation,Did not leave carriageway,0.0,Going ahead other,2,Car,No,Did not impact,2005
200522EB33608,21 - 25,6.0,Rural,5.0,1997.0,,,Other/Not known (2005-10),Not at or within 20 metres of junction,PEUGEOT,306 MERIDIAN HDI (90),Heavy oil,Female,Skidded and overturned,No tow/articulation,Offside,0.0,Going ahead right-hand bend,1,Car,No,Front,2005
200522EB33875,56 - 65,5.0,Urban area,3.0,1598.0,,,Other/Not known (2005-10),Not at or within 20 metres of junction,RENAULT,MEGANE SPORT ALIZE,Petrol,Male,,No tow/articulation,Did not leave carriageway,0.0,Slowing or stopping,1,Car,No,Back,2005
200522EB34069,56 - 65,7.0,Urban area,7.0,9600.0,,,Journey as part of work,Entering main road,VOLVO,,Heavy oil,Male,,No tow/articulation,Did not leave carriageway,0.0,Turning right,1,Bus or coach (17 or more pass seats),No,Offside,2005
200522EB34154,26 - 35,1.0,Rural,5.0,1870.0,,,Other/Not known (2005-10),Not at or within 20 metres of junction,VAUXHALL,VIVARO 2700 DI SWB,Heavy oil,Male,,No tow/articulation,Did not leave carriageway,0.0,Going ahead other,2,Van / Goods 3.5 tonnes mgw or under,No,Front,2005
200522EC31237,56 - 65,3.0,Data missing or out of range,,1360.0,,Tree,Other/Not known (2005-10),Not at or within 20 metres of junction,CITROEN,C3 SX AUTO,Petrol,Male,Overturned,No tow/articulation,Nearside,0.0,Going ahead other,1,Car,No,Front,2005
200522EC31255,66 - 75,4.0,Rural,5.0,4966.0,,,Other/Not known (2005-10),Entering main road,MERCEDES,ML500 AUTO,Petrol,Male,,No tow/articulation,Did not leave carriageway,0.0,Turning right,1,Car,No,Offside,2005
200522EC31255,46 - 55,4.0,Rural,5.0,2800.0,,,Other/Not known (2005-10),Mid Junction - on roundabout or on main road,CITROEN,RELAY 1800D HDI MWB,Heavy oil,Female,Skidded,Single trailer,Did not leave carriageway,0.0,Going ahead other,2,Minibus (8 - 16 passenger seats),No,Front,2005
200522EC31402,46 - 55,2.0,Rural,5.0,2477.0,,,Journey as part of work,Not at or within 20 metres of junction,MITSUBISHI,L200 TD LWB 4WD,Heavy oil,Male,Skidded,No tow/articulation,Did not leave carriageway,0.0,Going ahead other,1,Van / Goods 3.5 tonnes mgw or under,No,Offside,2005
200522EC32270,56 - 65,2.0,Urban area,5.0,1686.0,,,Journey as part of work,Cleared junction or waiting/parked at junction exit,VAUXHALL,COMBO 1700 DI,Heavy oil,Male,,No tow/articulation,Nearside,0.0,Going ahead other,2,Van / Goods 3.5 tonnes mgw or under,No,Back,2005
200522EC32665,56 - 65,7.0,Urban area,7.0,1796.0,,,Other/Not known (2005-10),Leaving main road,FORD,ESCORT GHIA X,Petrol,Male,,No tow/articulation,Did not leave carriageway,0.0,Turning right,1,Car,No,Nearside,2005
200522ED32555,46 - 55,1.0,Urban area,8.0,3920.0,,,Journey as part of work,Not at or within 20 metres of junction,IVECO,,Heavy oil,Male,,No tow/articulation,Offside,0.0,Going ahead left-hand bend,1,Goods 7.5 tonnes mgw and over,No,Front,2005
200522ED33494,16 - 20,18.0,Urban area,10.0,998.0,,,Commuting to/from work,Mid Junction - on roundabout or on main road,AUSTIN,METRO L,Petrol,Female,,No tow/articulation,Did not leave carriageway,0.0,Going ahead other,1,Car,No,Front,2005
200522ED33837,26 - 35,,Small town,9.0,,,,Commuting to/from work,Mid Junction - on roundabout or on main road,CITROEN,XSARA PICASSO HDI EXCLUSIVE,,Male,,No tow/articulation,Did not leave carriageway,0.0,Waiting to turn right,3,Van / Goods 3.5 tonnes mgw or under,No,Back,2005