Accident_Index,Age_Band_of_Driver,Age_of_Vehicle,Driver_Home_Area_Type,Driver_IMD_Decile,Engine_Capacity_.CC.,Hit_Object_in_Carriageway,Hit_Object_off_Carriageway,Journey_Purpose_of_Driver,Junction_Location,make,model,Propulsion_Code,Sex_of_Driver,Skidding_and_Overturning,Towing_and_Articulation,Vehicle_Leaving_Carriageway,Vehicle_Location.Restricted_Lane,Vehicle_Manoeuvre,Vehicle_Reference,Vehicle_Type,Was_Vehicle_Left_Hand_Drive,X1st_Point_of_Impact,Year
200530B000590,36 - 45,8.0,Urban area,9.0,1686.0,,,Commuting to/from work,Entering main road,VAUXHALL,ASTRA LS 1.7D TURBO,Heavy oil,Female,,No tow/articulation,Did not leave carriageway,0.0,Going ahead other,1,Car,No,Front,2005
200530B000595,26 - 35,,Urban area,3.0,,,,Journey as part of work,Cleared junction or waiting/parked at junction exit,FORD,TRANSIT 260 SWB TD,,Male,,No tow/articulation,Did not leave carriageway,0.0,Going ahead other,1,Car,No,Front,2005
200530B000607,Over 75,7.0,Urban area,1.0,1598.0,,,Other/Not known (2005-10),Not at or within 20 metres of junction,DAEWOO,LANOS SX AUTO,Petrol,Female,Skidded,No tow/articulation,Did not leave carriageway,0.0,Going ahead other,1,Car,No,Front,2005
200530B000652,16 - 20,1.0,Urban area,6.0,1422.0,,Other permanent object,Other/Not known (2005-10),Mid Junction - on roundabout or on main road,VOLKSWAGEN,POLO TWIST TDI,Heavy oil,Male,Skidded and overturned,No tow/articulation,Offside,0.0,Overtaking moving vehicle - offside,1,Car,No,Front,2005
200530B000653,56 - 65,3.0,Urban area,7.0,1397.0,,Other permanent object,Other/Not known (2005-10),Not at or within 20 metres of junction,SKODA,FABIA CLASSIC 8V,Petrol,Female,,No tow/articulation,Nearside,0.0,Going ahead right-hand bend,1,Car,No,Front,2005
200530C000015,46 - 55,22.0,Urban area,4.0,,,,Journey as part of work,Mid Junction - on roundabout or on main road,LEYLAND,,Heavy oil,Female,,No tow/articulation,Did not leave carriageway,0.0,Going ahead other,1,Bus or coach (17 or more pass seats),No,Did not impact,2005
200530C000095,26 - 35,9.0,Urban area,7.0,1769.0,,,Other/Not known (2005-10),Not at or within 20 metres of junction,PEUGEOT,205 DIESEL,Heavy oil,Female,,No tow/articulation,Did not leave carriageway,0.0,Waiting to go - held up,1,Car,No,Offside,2005
200530C000102,26 - 35,4.0,Urban area,2.0,6370.0,,,Journey as part of work,Entering roundabout,OPTARE,EXCEL LL1180,Heavy oil,Male,,No tow/articulation,Did not leave carriageway,0.0,Going ahead other,2,Bus or coach (17 or more pass seats),No,Front,2005
200530C000116,36 - 45,2.0,Urban area,5.0,2401.0,,,Other/Not known (2005-10),Entering roundabout,VOLVO,V70 D5 SE AUTO,Heavy oil,Male,,No tow/articulation,Did not leave carriageway,0.0,Going ahead other,1,Car,No,Offside,2005
200530C000142,26 - 35,9.0,Urban area,2.0,1341.0,,,Other/Not known (2005-10),Not at or within 20 metres of junction,HYUNDAI,ACCENT COUPE SI,Petrol,Male,,No tow/articulation,Did not leave carriageway,0.0,Waiting to go - held up,1,Car,No,Back,2005
200530C000170,36 - 45,7.0,Urban area,3.0,1124.0,,,Journey as part of work,Not at or within 20 metres of junction,RANSOME,,Heavy oil,Male,,No tow/articulation,Did not leave carriageway,0.0,Parked,3,Other vehicle,No,Back,2005
200530C000188,26 - 35,2.0,Rural,8.0,1896.0,,,Other/Not known (2005-10),Mid Junction - on roundabout or on main road,AUDI,A4 TDI QUATTRO SPORT,Heavy oil,Male,,No tow/articulation,Did not leave carriageway,0.0,Going ahead other,1,Car,No,Front,2005
200530C000199,26 - 35,6.0,Urban area,3.0,1242.0,,,Other/Not known (2005-10),Cleared junction or waiting/parked at junction exit,FIAT,PUNTO 60 TEAM,Petrol,Female,,No tow/articulation,Did not leave carriageway,0.0,Going ahead other,1,Car,No,Nearside,2005
200530C000265,21 - 25,7.0,Urban area,3.0,1895.0,,,Commuting to/from work,Leaving main road,BMW,318TI SPORT,Petrol,Male,,No tow/articulation,Did not leave carriageway,0.0,Turning right,2,Car,No,Nearside,2005
200530C000284,46 - 55,11.0,Urban area,1.0,1905.0,,Lamp post,Other/Not known (2005-10),Not at or within 20 metres of junction,CITROEN,XANTIA SX TD,Heavy oil,Male,,No tow/articulation,Nearside,0.0,Going ahead other,1,Car,No,Front,2005
200530C000290,36 - 45,7.0,Urban area,4.0,1391.0,,,Commuting to/from work,Not at or within 20 metres of junction,FORD,ESCORT SILHOUETTE,Petrol,Male,,No tow/articulation,Did not leave carriageway,0.0,Waiting to go - held up,3,Car,No,Back,2005
200530C000410,46 - 55,9.0,Urban area,3.0,3972.0,,,Taking pupil to/from school,Not at or within 20 metres of junction,MERCEDES,,Heavy oil,Male,,No tow/articulation,Did not leave carriageway,0.0,Parked,1,Bus or coach (17 or more pass seats),No,Did not impact,2005
200530C000434,16 - 20,7.0,Small town,5.0,49.0,,,Other/Not known (2005-10),Entering main road,HONDA,SJ 50,Petrol,Male,,No tow/articulation,Did not leave carriageway,0.0,Turning right,2,Motorcycle 50cc and under,No,Offside,2005
200530C000447,26 - 35,8.0,Urban area,3.0,,,,Journey as part of work,Not at or within 20 metres of junction,DENNIS,,Heavy oil,Female,,No tow/articulation,Did not leave carriageway,0.0,Going ahead other,1,Bus or coach (17 or more pass seats),No,Nearside,2005
200530C000481,66 - 75,2.0,Urban area,1.0,1988.0,,,Other/Not known (2005-10),Not at or within 20 metres of junction,FORD,FOCUS GHIA AUTO,Petrol,Male,,No tow/articulation,Did not leave carriageway,0.0,Going ahead left-hand bend,1,Car,No,Front,2005
200530C000492,16 - 20,12.0,Small town,7.0,1390.0,,,Other/Not known (2005-10),Not at or within 20 metres of junction,RENAULT,5 CAMPUS PRIMA,Petrol,Female,,No tow/articulation,Did not leave carriageway,0.0,U-turn,1,Car,No,Front,2005
200530C000497,Over 75,3.0,Urban area,7.0,1796.0,,,Other/Not known (2005-10),Approaching junction or waiting/parked at junction approach,ROVER,45 CLUB 16V,Petrol,Male,,No tow/articulation,Did not leave carriageway,0.0,Overtaking moving vehicle - offside,2,Car,No,Nearside,2005
200530C000521,46 - 55,7.0,Urban area,3.0,5480.0,,,Journey as part of work,Mid Junction - on roundabout or on main road,VOLVO,,Heavy oil,Male,,Articulated vehicle,Did not leave carriageway,0.0,Going ahead other,2,Goods 7.5 tonnes mgw and over,No,Front,2005
200530C000533,56 - 65,,Rural,7.0,3900.0,,,Other/Not known (2005-10),Not at or within 20 metres of junction,ALEXANDER DENNIS,,Heavy oil,Male,,No tow/articulation,Did not leave carriageway,0.0,Moving off,1,Bus or coach (17 or more pass seats),No,Did not impact,2005
200530C000538,56 - 65,2.0,Urban area,1.0,1149.0,,,Other/Not known (2005-10),Leaving main road,RENAULT,CLIO DYNAMIQUE 16V,Petrol,Male,Overturned,No tow/articulation,Did not leave carriageway,0.0,Turning right,2,Car,No,Front,2005
200530C000552,66 - 75,5.0,Urban area,8.0,1800.0,,,Other/Not known (2005-10),Cleared junction or waiting/parked at junction exit,VOLKSWAGEN,PASSAT SE 20V AUTO,Petrol,Male,,No tow/articulation,Did not leave carriageway,0.0,Reversing,1,Car,No,Did not impact,2005
200530C000568,56 - 65,2.0,Urban area,10.0,1598.0,,,Commuting to/from work,Not at or within 20 metres of junction,VOLKSWAGEN,GOLF MATCH,Petrol,Female,,No tow/articulation,Did not leave carriageway,0.0,Waiting to go - held up,1,Car,No,Back,2005
200530C000577,36 - 45,,Rural,4.0,,Kerb,,Journey as part of work,Not at or within 20 metres of junction,SUZUKI,,,Male,,No tow/articulation,Did not leave carriageway,0.0,Going ahead other,1,Bus or coach (17 or more pass seats),No,Front,2005
200530C000586,56 - 65,12.0,Rural,7.0,1396.0,,,Other/Not known (2005-10),Leaving main road,ROVER,414 SI,Petrol,Male,,No tow/articulation,Did not leave carriageway,0.0,Turning right,1,Car,No,Nearside,2005
200530C000591,46 - 55,,Small town,2.0,,,,Other/Not known (2005-10),Entering main road,KAWASAKI,ZX900-E1,,Male,,No tow/articulation,Did not leave carriageway,0.0,Turning right,1,Car,No,Nearside,2005
200530C000600,46 - 55,,Urban area,2.0,1598.0,,,Other/Not known (2005-10),Entering main road,VAUXHALL,ASTRA DESIGN,Petrol,Female,,No tow/articulation,Did not leave carriageway,0.0,Turning right,1,Car,No,Front,2005
200530C000602,21 - 25,30.0,Small town,9.0,1285.0,,Road sign or traffic signal,Other/Not known (2005-10),Leaving roundabout,VOLKSWAGEN,1303 BEETLE,Petrol,Male,,No tow/articulation,Offside,0.0,Going ahead other,2,Car,No,Nearside,2005
200530C000651,Data missing or out of range,14.0,Data missing or out of range,,2496.0,,,Other/Not known (2005-10),Approaching junction or waiting/parked at junction approach,FORD,TRANSIT 100 POP D SWB,Heavy oil,Male,,No tow/articulation,Did not leave carriageway,0.0,Going ahead other,1,Van / Goods 3.5 tonnes mgw or under,No,Front,2005
200530C000661,36 - 45,1.0,Data missing or out of range,,1997.0,,,Other/Not known (2005-10),Not at or within 20 metres of junction,PEUGEOT,EXPERT E7 TAXI,Heavy oil,Male,,No tow/articulation,Did not leave carriageway,0.0,Going ahead other,3,Taxi/Private hire car,No,Front,2005
200530C000675,21 - 25,5.0,Urban area,5.0,1242.0,,,Commuting to/from work,Mid Junction - on roundabout or on main road,FIAT,PUNTO ELX 16V,Petrol,Female,Skidded,No tow/articulation,Did not leave carriageway,0.0,Going ahead other,1,Car,No,Nearside,2005
200530C000675,21 - 25,,Urban area,7.0,1396.0,,,Other/Not known (2005-10),Entering roundabout,MG,ZR 105 TROPHY SE,Petrol,Male,,No tow/articulation,Did not leave carriageway,0.0,Going ahead other,2,Car,No,Front,2005
200530C000717,Data missing or out of range,8.0,Data missing or out of range,,1581.0,,,Other/Not known (2005-10),Cleared junction or waiting/parked at junction exit,FIAT,BRAVA 1.6 SX AUTO,Petrol,Male,,No tow/articulation,Did not leave carriageway,0.0,Going ahead other,1,Car,No,Front,2005
200530C000754,21 - 25,14.0,Data missing or out of range,,1597.0,,Tree,Other/Not known (2005-10),Not at or within 20 metres of junction,NISSAN,SUNNY GSX,Petrol,Male,Overturned,No tow/articulation,Nearside,0.0,Going ahead other,1,Car,No,Front,2005
200530C000839,Data missing or out of range,,Data missing or out of range,,10308.0,,,Journey as part of work,Mid Junction - on roundabout or on main road,IVECO,,Heavy oil,Male,,Articulated vehicle,Did not leave carriageway,0.0,Going ahead right-hand bend,2,Goods 7.5 tonnes mgw and over,No,Front,2005
200530C000853,36 - 45,3.0,Urban area,6.0,1339.0,,,Other/Not known (2005-10),Entering main road,HONDA,JAZZ SE SPORT,Petrol,Male,,No tow/articulation,Did not leave carriageway,0.0,Turning right,1,Car,No,Front,2005
200530C000869,26 - 35,13.0,Urban area,7.0,,,,Journey as part of work,Not at or within 20 metres of junction,LEYLAND,,Heavy oil,Male,,No tow/articulation,Did not leave carriageway,0.0,Overtaking static vehicle - offside,2,Bus or coach (17 or more pass seats),No,Offside,2005
200530C000892,46 - 55,1.0,Small town,7.0,1588.0,,Other permanent object,Commuting to/from work,Entering main road,ROVER,25 IXL,Petrol,Male,,No tow/articulation,Nearside,0.0,Turning right,1,Car,No,Offside,2005
200530D000054,Data missing or out of range,16.0,Data missing or out of range,,5958.0,,,Other/Not known (2005-10),Not at or within 20 metres of junction,MERCEDES,,Heavy oil,Not known,,No tow/articulation,Did not leave carriageway,0.0,Parked,1,Goods over 3.5t. and under 7.5t,No,Back,2005
200530D000138,46 - 55,10.0,Urban area,3.0,998.0,,,Commuting to/from work,Entering main road,NISSAN,MICRA BOSTON,Petrol,Female,,No tow/articulation,Did not leave carriageway,0.0,Changing lane to right,2,Car,No,Front,2005
200530D000195,56 - 65,2.0,Rural,9.0,1870.0,,,Commuting to/from work,Not at or within 20 metres of junction,RENAULT,MEGANE SCENIC EXP+ DCI,Heavy oil,Male,,No tow/articulation,Did not leave carriageway,0.0,Waiting to go - held up,1,Car,No,Back,2005
200530D000195,21 - 25,9.0,Urban area,6.0,1120.0,,,Commuting to/from work,Not at or within 20 metres of junction,ROVER,100 KENSINGTON,Petrol,Female,,No tow/articulation,Did not leave carriageway,0.0,Going ahead other,3,Car,No,Back,2005
200530D000211,26 - 35,2.0,Urban area,1.0,2402.0,,,Journey as part of work,Approaching junction or waiting/parked at junction approach,LONDON TAXIS INT,TXII SILVER AUTO,Heavy oil,Male,,No tow/articulation,Did not leave carriageway,0.0,Waiting to go - held up,1,Taxi/Private hire car,No,Back,2005
200530D000269,26 - 35,9.0,Urban area,2.0,998.0,,,Other/Not known (2005-10),Entering main road,NISSAN,MICRA SHAPE AUTO,Petrol,Female,,No tow/articulation,Nearside,0.0,Turning right,1,Car,No,Back,2005
200530D000299,26 - 35,6.0,Urban area,2.0,124.0,,,Commuting to/from work,Not at or within 20 metres of junction,APRILIA,,Petrol,Male,,No tow/articulation,Did not leave carriageway,0.0,Slowing or stopping,1,Motorcycle 125cc and under,No,Front,2005
200530D000354,26 - 35,,Small town,5.0,,,Other permanent object,Other/Not known (2005-10),Cleared junction or waiting/parked at junction exit,CITROEN,BERLINGO 1.9D 800,,Male,Skidded,No tow/articulation,Nearside,0.0,Going ahead left-hand bend,1,Car,No,Front,2005
200530D000380,36 - 45,,Urban area,3.0,,,,Journey as part of work,Entering roundabout,RENAULT,KANGOO SL17DCI 70,,Male,,No tow/articulation,Did not leave carriageway,0.0,Going ahead other,1,Car,No,Front,2005
200530D000426,56 - 65,,Urban area,6.0,1910.0,,,Other/Not known (2005-10),Approaching junction or waiting/parked at junction approach,VAUXHALL,VECTRA SXI CDTI,Heavy oil,Male,,No tow/articulation,Nearside,0.0,Going ahead other,2,Car,No,Nearside,2005
200530D000484,36 - 45,4.0,Small town,8.0,2295.0,,,Taking pupil to/from school,Entering roundabout,FORD,GALAXY ZETEC 16V,Petrol,Female,,No tow/articulation,Did not leave carriageway,0.0,Turning right,1,Car,No,Front,2005
200530D000490,46 - 55,1.0,Urban area,2.0,11705.0,,Near/Offside crash barrier,Journey as part of work,Mid Junction - on roundabout or on main road,SCANIA,,Heavy oil,Male,Skidded and overturned,Articulated vehicle,Nearside,0.0,Going ahead right-hand bend,1,Goods 7.5 tonnes mgw and over,No,Nearside,2005
200530D000505,Data missing or out of range,15.0,Data missing or out of range,,198.0,,,Other/Not known (2005-10),Approaching junction or waiting/parked at junction approach,KAWASAKI,,Petrol,Male,,No tow/articulation,Did not leave carriageway,0.0,Going ahead other,2,Motorcycle over 125cc and up to 500cc,No,Front,2005
200530D000603,56 - 65,3.0,Urban area,5.0,1896.0,,,Other/Not known (2005-10),Not at or within 20 metres of junction,VOLKSWAGEN,GOLF E SDI,Heavy oil,Female,,No tow/articulation,Did not leave carriageway,0.0,Waiting to go - held up,2,Car,No,Front,2005
200530D000638,36 - 45,2.0,Urban area,5.0,1769.0,,,Journey as part of work,Not at or within 20 metres of junction,NISSAN,PRIMERA S,Petrol,Female,,No tow/articulation,Did not leave carriageway,0.0,Changing lane to left,1,Car,No,Back,2005
200530D000645,36 - 45,9.0,Urban area,5.0,2188.0,,,Other/Not known (2005-10),Not at or within 20 metres of junction,RENAULT,LAGUNA RT-D,Heavy oil,Male,,No tow/articulation,Did not leave carriageway,0.0,Parked,1,Car,No,Did not impact,2005
200530D000756,46 - 55,2.0,Small town,10.0,2171.0,,,Other/Not known (2005-10),Not at or within 20 metres of junction,VAUXHALL,VECTRA ELEGANCE DTI 16V,Heavy oil,Male,,No tow/articulation,Did not leave carriageway,0.0,Going ahead other,1,Car,No,Front,2005
200530D000759,26 - 35,6.0,Urban area,4.0,1392.0,,,Other/Not known (2005-10),Mid Junction - on roundabout or on main road,NISSAN,ALMERA AMBITION,Petrol,Female,,No tow/articulation,Did not leave carriageway,0.0,Going ahead other,1,Car,No,Nearside,2005
200530D000759,16 - 20,,Urban area,1.0,1229.0,,,Other/Not known (2005-10),Entering main road,VAUXHALL,CORSA SXI TWINPORT,Petrol,Male,Skidded,No tow/articulation,Did not leave carriageway,0.0,Going ahead other,2,Car,No,Offside,2005
200530D000792,Data missing or out of range,4.0,Data missing or out of range,,487.0,,,Other/Not known (2005-10),Mid Junction - on roundabout or on main road,SUZUKI,GS500K1,Petrol,Not known,,No tow/articulation,Did not leave carriageway,0.0,Going ahead other,1,Motorcycle over 125cc and up to 500cc,No,Front,2005
200530D000795,56 - 65,8.0,Urban area,9.0,1195.0,,,Journey as part of work,Not at or within 20 metres of junction,VAUXHALL,CORSA MERIT 1.2,Petrol,Male,,No tow/articulation,Did not leave carriageway,0.0,Waiting to go - held up,2,Car,No,Back,2005
200530D000828,Data missing or out of range,,Urban area,3.0,2477.0,,,Other/Not known (2005-10),Not at or within 20 metres of junction,MITSUBISHI,L200 2.5TD 4LIFE 4WD,Heavy oil,Male,,No tow/articulation,Did not leave carriageway,0.0,Going ahead right-hand bend,2,Van / Goods 3.5 tonnes mgw or under,No,Did not impact,2005
200530D000893,Data missing or out of range,,Data missing or out of range,,1587.0,,,Other/Not known (2005-10),Not at or within 20 metres of junction,PEUGEOT,307 S SEMI-AUTO,Petrol,Not known,Skidded,No tow/articulation,Did not leave carriageway,0.0,Slowing or stopping,2,Car,No,Front,2005
200530D000909,26 - 35,,Small town,10.0,,,,Other/Not known (2005-10),Approaching junction or waiting/parked at junction approach,VAUXHALL,COMBO 1700 DI,,Male,,No tow/articulation,Did not leave carriageway,0.0,Waiting to turn right,1,Car,No,Back,2005
200530D000991,36 - 45,8.0,Small town,10.0,1998.0,,,Other/Not known (2005-10),Approaching junction or waiting/parked at junction approach,MERCEDES,E200 AVANTGARDE A,Petrol,Female,,No tow/articulation,Did not leave carriageway,0.0,Going ahead other,1,Car,No,Back,2005
200530D000991,26 - 35,2.0,Urban area,8.0,1396.0,,,Other/Not known (2005-10),Approaching junction or waiting/parked at junction approach,HONDA,CIVIC S,Petrol,Female,,No tow/articulation,Did not leave carriageway,0.0,Going ahead other,2,Car,No,Front,2005
200530D001010,36 - 45,3.0,Urban area,5.0,1998.0,,,Other/Not known (2005-10),Not at or within 20 metres of junction,FORD,TRANSIT 260 SWB TD,Heavy oil,Male,,No tow/articulation,Did not leave carriageway,0.0,Going ahead other,1,Van / Goods 3.5 tonnes mgw or under,No,Offside,2005
200530M010042,26 - 35,,Urban area,6.0,,,Central crash barrier,Journey as part of work,Not at or within 20 metres of junction,RENAULT,KANGOO SL17DCI 70,,Male,,No tow/articulation,Did not leave carriageway,0.0,Going ahead other,1,Car,No,Front,2005
200530M010048,36 - 45,12.0,Urban area,1.0,1520.0,,,Other/Not known (2005-10),Not at or within 20 metres of junction,HONDA,,Petrol,Male,,No tow/articulation,Did not leave carriageway,0.0,Slowing or stopping,1,Motorcycle over 500cc,No,Front,2005
200530M010092,26 - 35,6.0,Urban area,7.0,2771.0,,,Other/Not known (2005-10),Not at or within 20 metres of junction,VOLKSWAGEN,PASSAT VR5,Petrol,Male,,No tow/articulation,Did not leave carriageway,0.0,Waiting to go - held up,1,Car,No,Back,2005
200530M010092,36 - 45,1.0,Urban area,3.0,1951.0,,,Other/Not known (2005-10),Not at or within 20 metres of junction,LAND ROVER,FREELANDER TD4 S S/W,Heavy oil,Male,,No tow/articulation,Did not leave carriageway,0.0,Slowing or stopping,2,Car,No,Front,2005
200530M010101,46 - 55,,Urban area,1.0,2463.0,,,Commuting to/from work,Not at or within 20 metres of junction,RENAULT,,Heavy oil,Male,,No tow/articulation,Did not leave carriageway,0.0,Waiting to go - held up,2,Van / Goods 3.5 tonnes mgw or under,No,Back,2005
200530M010126,36 - 45,,Urban area,8.0,,,,Journey as part of work,Not at or within 20 metres of junction,FIAT,PUNTO ACTIVE 8V,,Male,,Articulated vehicle,Did not leave carriageway,0.0,Going ahead other,2,Goods 7.5 tonnes mgw and over,No,Front,2005
200530M010130,36 - 45,1.0,Urban area,2.0,11929.0,,,Journey as part of work,Not at or within 20 metres of junction,RENAULT,,Heavy oil,Male,,Articulated vehicle,Did not leave carriageway,0.0,Going ahead other,2,Goods 7.5 tonnes mgw and over,No,Front,2005
200530M010138,36 - 45,2.0,Urban area,3.0,11967.0,,,Journey as part of work,Not at or within 20 metres of junction,MAN,,Heavy oil,Male,,No tow/articulation,Did not leave carriageway,0.0,Slowing or stopping,1,Goods 7.5 tonnes mgw and over,No,Front,2005
200530M010138,46 - 55,3.0,Urban area,,2401.0,,,Journey as part of work,Not at or within 20 metres of junction,VOLVO,V70 D5 S AUTO,Heavy oil,Male,,No tow/articulation,Did not leave carriageway,0.0,Waiting to go - held up,2,Car,No,Back,2005
200530M010205,56 - 65,10.0,Rural,7.0,2495.0,,,Other/Not known (2005-10),Mid Junction - on roundabout or on main road,LAND ROVER,DISCOVERY XS TDI AUTO,Heavy oil,Female,,No tow/articulation,Did not leave carriageway,0.0,Going ahead other,2,Car,No,Front,2005
200530M010219,21 - 25,5.0,Urban area,9.0,1149.0,,,Journey as part of work,Not at or within 20 metres of junction,RENAULT,CLIO MTV,Petrol,Female,,No tow/articulation,Did not leave carriageway,0.0,Waiting to go - held up,2,Car,No,Back,2005
20053102A0033,36 - 45,4.0,Data missing or out of range,,1397.0,,,Other/Not known (2005-10),Approaching junction or waiting/parked at junction approach,SKODA,FABIA CLASSIC 8V,Petrol,Female,,No tow/articulation,Did not leave carriageway,0.0,Going ahead other,1,Car,No,Front,2005
20053102A0091,21 - 25,13.0,Data missing or out of range,,123.0,,,Other/Not known (2005-10),Mid Junction - on roundabout or on main road,YAMAHA,,Petrol,Female,,No tow/articulation,Did not leave carriageway,0.0,Going ahead other,2,Motorcycle 125cc and under,No,Front,2005
20053102A0348,Data missing or out of range,6.0,Small town,3.0,1242.0,,,Other/Not known (2005-10),Not at or within 20 metres of junction,FIAT,PUNTO 60 TEAM,Petrol,Male,,No tow/articulation,Did not leave carriageway,0.0,U-turn,1,Car,No,Offside,2005
20053102A0481,36 - 45,7.0,Small town,5.0,2498.0,Kerb,Other permanent object,Commuting to/from work,Not at or within 20 metres of junction,VAUXHALL,VECTRA ARCTIC V6,Petrol,Male,Skidded and overturned,No tow/articulation,Offside,0.0,Going ahead right-hand bend,1,Car,No,Nearside,2005
20053102A0620,26 - 35,2.0,Urban area,7.0,1242.0,,,Other/Not known (2005-10),Not at or within 20 metres of junction,FIAT,PUNTO ACTIVE SPORT 16V,Petrol,Female,,No tow/articulation,Did not leave carriageway,0.0,Going ahead other,1,Car,No,Front,2005
20053102A0698,46 - 55,10.0,Urban area,2.0,893.0,Parked vehicle,,Other/Not known (2005-10),Not at or within 20 metres of junction,HONDA,,Petrol,Male,Skidded,No tow/articulation,Nearside,0.0,Going ahead right-hand bend,1,Motorcycle over 500cc,No,Front,2005
20053102A0698,56 - 65,1.0,Urban area,4.0,1896.0,,,Other/Not known (2005-10),Not at or within 20 metres of junction,VOLKSWAGEN,PASSAT TDI 4MOTION,Heavy oil,Male,,Caravan,Did not leave carriageway,0.0,Parked,2,Car,No,Back,2005
20053102A0700,26 - 35,3.0,Small town,3.0,1587.0,,Lamp post,Other/Not known (2005-10),Not at or within 20 metres of junction,CITROEN,XSARA VTR 16V,Petrol,Female,,No tow/articulation,Offside,0.0,Going ahead left-hand bend,1,Car,No,Front,2005
20053102A0941,16 - 20,2.0,Data missing or out of range,,49.0,,,Other/Not known (2005-10),Not at or within 20 metres of junction,DERBI,,Petrol,Male,,No tow/articulation,Did not leave carriageway,0.0,Going ahead other,2,Motorcycle 50cc and under,No,Back,2005
20053102A1037,36 - 45,1.0,Small town,6.0,1299.0,,,Other/Not known (2005-10),Mid Junction - on roundabout or on main road,FORD,KA STYLE,Petrol,Female,,No tow/articulation,Did not leave carriageway,0.0,Going ahead other,3,Car,No,Front,2005
20053102A1264,36 - 45,8.0,Urban area,1.0,1581.0,,,Other/Not known (2005-10),Mid Junction - on roundabout or on main road,FIAT,BRAVA 1.6 SX AUTO,Petrol,Female,,No tow/articulation,Did not leave carriageway,0.0,Going ahead other,1,Car,No,Nearside,2005
20053102A1264,21 - 25,2.0,Urban area,3.0,1753.0,,,Journey as part of work,Entering main road,FORD,TRANSIT CONNECT T220 TDDI L,Heavy oil,Male,,No tow/articulation,Did not leave carriageway,0.0,Turning right,2,Van / Goods 3.5 tonnes mgw or under,No,Front,2005
20053102A1395,21 - 25,4.0,Urban area,5.0,125.0,Bollard or refuge,,Other/Not known (2005-10),Not at or within 20 metres of junction,APRILIA,,Petrol,Male,,No tow/articulation,Did not leave carriageway,0.0,Overtaking moving vehicle - offside,1,Motorcycle 125cc and under,No,Front,2005
20053102A1395,36 - 45,4.0,Urban area,2.0,1998.0,,,Other/Not known (2005-10),Not at or within 20 metres of junction,FORD,TRANSIT 260 SWB TD,Heavy oil,Male,,No tow/articulation,Did not leave carriageway,0.0,Going ahead other,2,Van / Goods 3.5 tonnes mgw or under,No,Did not impact,2005
20053102A1417,56 - 65,16.0,Urban area,7.0,8300.0,,,Journey as part of work,Approaching junction or waiting/parked at junction approach,ERF,,Heavy oil,Male,,No tow/articulation,Did not leave carriageway,0.0,Slowing or stopping,2,Goods 7.5 tonnes mgw and over,No,Front,2005
20053102A1502,26 - 35,12.0,Urban area,1.0,1299.0,,,Other/Not known (2005-10),Not at or within 20 metres of junction,PROTON,GL,Petrol,Male,Skidded,No tow/articulation,Did not leave carriageway,0.0,Going ahead other,2,Car,No,Front,2005
20053102A1710,21 - 25,6.0,Small town,3.0,1998.0,,,Other/Not known (2005-10),Approaching junction or waiting/parked at junction approach,VAUXHALL,VECTRA SRI 140,Petrol,Male,,No tow/articulation,Did not leave carriageway,0.0,Slowing or stopping,1,Car,No,Back,2005
20053102A1912,46 - 55,7.0,Urban area,1.0,1905.0,,,Other/Not known (2005-10),Approaching junction or waiting/parked at junction approach,CITROEN,XSARA SX TD,Heavy oil,Male,,No tow/articulation,Did not leave carriageway,0.0,Waiting to turn right,2,Car,No,Back,2005
20053102A1966,21 - 25,14.0,Urban area,4.0,2470.0,,,Other/Not known (2005-10),Mid Junction - on roundabout or on main road,MITSUBISHI,,Heavy oil,Male,,No tow/articulation,Did not leave carriageway,0.0,Going ahead other,2,Car,No,Nearside,2005
20053102A2130,36 - 45,,Urban area,,1364.0,,,Journey as part of work,Entering main road,VAUXHALL,MERIVA LIFE TWINPORT,Petrol,Male,,No tow/articulation,Did not leave carriageway,0.0,Turning right,1,Car,No,Front,2005
20053102A2285,21 - 25,11.0,Urban area,3.0,6871.0,Bridge (roof),,Journey as part of work,Not at or within 20 metres of junction,MAN,,Heavy oil,Male,,No tow/articulation,Did not leave carriageway,0.0,Going ahead other,1,Goods 7.5 tonnes mgw and over,No,Nearside,2005
20053102A2302,36 - 45,10.0,Urban area,3.0,9600.0,,,Journey as part of work,Not at or within 20 metres of junction,VOLVO,,Heavy oil,Female,,No tow/articulation,Did not leave carriageway,0.0,Slowing or stopping,1,Bus or coach (17 or more pass seats),No,Did not impact,2005
20053102A2458,36 - 45,1.0,Urban area,2.0,2664.0,,,Other/Not known (2005-10),Approaching junction or waiting/parked at junction approach,NISSAN,TERRANO SE TD,Heavy oil,Male,,No tow/articulation,Did not leave carriageway,0.0,Going ahead other,2,Car,No,Did not impact,2005
20053102A2544,36 - 45,6.0,Urban area,6.0,1598.0,,,Other/Not known (2005-10),Approaching junction or waiting/parked at junction approach,VAUXHALL,ASTRA ENVOY 8V,Petrol,Female,,No tow/articulation,Did not leave carriageway,0.0,Waiting to turn left,2,Car,No,Back,2005
20053102A2645,56 - 65,7.0,Urban area,2.0,998.0,,,Other/Not known (2005-10),Not at or within 20 metres of junction,NISSAN,MICRA PASSION AUTO,Petrol,Female,,No tow/articulation,Did not leave carriageway,0.0,Overtaking moving vehicle - offside,1,Car,No,Did not impact,2005
20053102A2645,36 - 45,4.0,Small town,4.0,6370.0,,,Other/Not known (2005-10),Not at or within 20 metres of junction,OPTARE,EXCEL LL1180,Heavy oil,Male,,No tow/articulation,Did not leave carriageway,0.0,Going ahead other,2,Bus or coach (17 or more pass seats),No,Did not impact,2005
20053102A2714,26 - 35,11.0,Urban area,1.0,400.0,,,Other/Not known (2005-10),Approaching junction or waiting/parked at junction approach,KAWASAKI,,Petrol,Male,Skidded,No tow/articulation,Did not leave carriageway,0.0,Overtaking moving vehicle - offside,1,Motorcycle over 125cc and up to 500cc,No,Front,2005
20053102A2715,46 - 55,10.0,Urban area,1.0,5958.0,,,Other/Not known (2005-10),Not at or within 20 metres of junction,MERCEDES,,Heavy oil,Male,,No tow/articulation,Did not leave carriageway,0.0,Slowing or stopping,2,Goods 7.5 tonnes mgw and over,No,Front,2005