Accident_Index,Age_Band_of_Driver,Age_of_Vehicle,Driver_Home_Area_Type,Driver_IMD_Decile,Engine_Capacity_.CC.,Hit_Object_in_Carriageway,Hit_Object_off_Carriageway,Journey_Purpose_of_Driver,Junction_Location,make,model,Propulsion_Code,Sex_of_Driver,Skidding_and_Overturning,Towing_and_Articulation,Vehicle_Leaving_Carriageway,Vehicle_Location.Restricted_Lane,Vehicle_Manoeuvre,Vehicle_Reference,Vehicle_Type,Was_Vehicle_Left_Hand_Drive,X1st_Point_of_Impact,Year
20053102A3062,46 - 55,10.0,Small town,5.0,1900.0,,,Other/Not known (2005-10),Not at or within 20 metres of junction,LDV,200 SERIES D 2.6T,Heavy oil,Male,,No tow/articulation,Did not leave carriageway,0.0,Overtaking static vehicle - offside,1,Van / Goods 3.5 tonnes mgw or under,No,Nearside,2005
20053102A3158,21 - 25,12.0,Small town,6.0,9600.0,,,Journey as part of work,Approaching junction or waiting/parked at junction approach,VOLVO,,Heavy oil,Female,,No tow/articulation,Did not leave carriageway,0.0,Going ahead other,1,Bus or coach (17 or more pass seats),No,Did not impact,2005
20053102A3203,26 - 35,1.0,Urban area,9.0,1781.0,,,Other/Not known (2005-10),Mid Junction - on roundabout or on main road,AUDI,A4 T(190) SPORT QUATTRO,Petrol,Male,,No tow/articulation,Did not leave carriageway,0.0,Going ahead other,2,Car,No,Offside,2005
20053102A3220,26 - 35,5.0,Urban area,2.0,1396.0,,,Other/Not known (2005-10),Entering main road,ROVER,25 I 16V,Petrol,Female,,No tow/articulation,Did not leave carriageway,0.0,Moving off,1,Car,No,Nearside,2005
20053102A3332,36 - 45,11.0,Urban area,2.0,249.0,Parked vehicle,,Other/Not known (2005-10),Cleared junction or waiting/parked at junction exit,KAWASAKI,,Petrol,Male,,No tow/articulation,Did not leave carriageway,0.0,Going ahead other,2,Motorcycle over 125cc and up to 500cc,No,Front,2005
20053102A3335,46 - 55,4.0,Urban area,6.0,1998.0,,,Journey as part of work,Entering main road,FORD,TRANSIT 280 SWB TD,Heavy oil,Male,,No tow/articulation,Did not leave carriageway,0.0,Turning left,1,Van / Goods 3.5 tonnes mgw or under,No,Front,2005
20053102A3337,36 - 45,6.0,Urban area,6.0,1498.0,,,Commuting to/from work,Approaching junction or waiting/parked at junction approach,KIA,SHUMA,Petrol,Female,,No tow/articulation,Did not leave carriageway,0.0,Waiting to go - held up,2,Car,No,Back,2005
20053102A3347,36 - 45,1.0,Urban area,4.0,1753.0,,,Commuting to/from work,Not at or within 20 metres of junction,FORD,TRAN CONNECT L 200 TD SWB,Heavy oil,Male,,No tow/articulation,Did not leave carriageway,0.0,Going ahead other,2,Van / Goods 3.5 tonnes mgw or under,No,Back,2005
20053102A3545,Data missing or out of range,1.0,Urban area,2.0,989.0,,,Other/Not known (2005-10),Entering main road,PERODUA,KELISA EZ AUTO,Petrol,Male,,No tow/articulation,Nearside,0.0,Turning right,1,Car,No,Front,2005
20053102A3545,Data missing or out of range,,Data missing or out of range,,1246.0,,,Other/Not known (2005-10),Approaching junction or waiting/parked at junction approach,HONDA,JAZZ S,Petrol,Not known,,No tow/articulation,Did not leave carriageway,0.0,Going ahead other,2,Car,No,Did not impact,2005
20053102A3550,56 - 65,4.0,Urban area,4.0,1997.0,,,Other/Not known (2005-10),Not at or within 20 metres of junction,PEUGEOT,406 GTX HDI (110),Heavy oil,Male,,No tow/articulation,Did not leave carriageway,0.0,Going ahead other,2,Car,No,Back,2005
20053102A3735,56 - 65,10.0,Rural,6.0,1996.0,,,Other/Not known (2005-10),Entering main road,HONDA,ACCORD LS AUTO,Petrol,Female,,No tow/articulation,Offside,0.0,Turning right,2,Car,No,Nearside,2005
20053102A3738,36 - 45,5.0,Urban area,6.0,1998.0,,,Other/Not known (2005-10),Entering main road,MERCEDES,C200 KOMP.AVANTGARDE AUTO,Petrol,Male,,No tow/articulation,Did not leave carriageway,0.0,Turning right,2,Car,No,Front,2005
20053102B0086,46 - 55,1.0,Urban area,4.0,11705.0,,,Journey as part of work,Not at or within 20 metres of junction,SCANIA,,Heavy oil,Male,Jackknifed,Articulated vehicle,Did not leave carriageway,0.0,Slowing or stopping,1,Goods 7.5 tonnes mgw and over,No,Front,2005
20053102B0286,46 - 55,7.0,Small town,2.0,1396.0,,,Other/Not known (2005-10),Not at or within 20 metres of junction,HONDA,CIVIC 1.4I SE,Petrol,Male,,No tow/articulation,Did not leave carriageway,0.0,Going ahead left-hand bend,1,Car,No,Front,2005
20053102B0300,36 - 45,1.0,Rural,4.0,11967.0,,,Journey as part of work,Not at or within 20 metres of junction,MERCEDES,,Heavy oil,Male,Skidded,Articulated vehicle,Did not leave carriageway,0.0,Overtaking static vehicle - offside,2,Goods 7.5 tonnes mgw and over,No,Offside,2005
20053102B0305,16 - 20,7.0,Data missing or out of range,,1341.0,,,Other/Not known (2005-10),Not at or within 20 metres of junction,HYUNDAI,ACCENT LS,Petrol,Male,Skidded,No tow/articulation,Nearside,0.0,Going ahead other,1,Car,No,Front,2005
20053102B0315,66 - 75,6.0,Urban area,5.0,11967.0,,,Journey as part of work,Not at or within 20 metres of junction,MAN,,Heavy oil,Male,,Articulated vehicle,Did not leave carriageway,0.0,Changing lane to left,1,Goods 7.5 tonnes mgw and over,No,Nearside,2005
20053102B0339,16 - 20,8.0,Small town,2.0,1149.0,,,Other/Not known (2005-10),Mid Junction - on roundabout or on main road,RENAULT,CLIO BIARRITZ,Petrol,Male,,No tow/articulation,Did not leave carriageway,0.0,Overtaking moving vehicle - offside,1,Car,No,Front,2005
20053102B0339,36 - 45,13.0,Small town,2.0,1998.0,,,Other/Not known (2005-10),Leaving main road,VAUXHALL,CAVALIER GLI AUTO,Petrol,Male,,No tow/articulation,Did not leave carriageway,0.0,Turning right,2,Car,No,Offside,2005
20053102B0349,46 - 55,2.0,Urban area,3.0,1868.0,Parked vehicle,,Other/Not known (2005-10),Not at or within 20 metres of junction,PEUGEOT,PARTNER 800 LX,Heavy oil,Female,,No tow/articulation,Did not leave carriageway,0.0,Overtaking static vehicle - offside,1,Van / Goods 3.5 tonnes mgw or under,No,Front,2005
20053102B0504,36 - 45,1.0,Data missing or out of range,,1998.0,,,Journey as part of work,Not at or within 20 metres of junction,FORD,TRANSIT 280 SWB TD,Heavy oil,Male,,No tow/articulation,Did not leave carriageway,0.0,U-turn,2,Van / Goods 3.5 tonnes mgw or under,No,Offside,2005
20053102B0718,26 - 35,11.0,Rural,7.0,2799.0,,,Other/Not known (2005-10),Mid Junction - on roundabout or on main road,MERCEDES,E280 AUTO,Petrol,Male,Skidded,No tow/articulation,Did not leave carriageway,0.0,Going ahead other,2,Car,No,Front,2005
20053102B0722,56 - 65,3.0,Urban area,7.0,1997.0,,,Other/Not known (2005-10),Mid Junction - on roundabout or on main road,CITROEN,XSARA PICASSO SX HDI,Heavy oil,Female,,No tow/articulation,Did not leave carriageway,0.0,Going ahead other,2,Car,No,Front,2005
20053102B0744,56 - 65,7.0,Urban area,8.0,1905.0,,,Commuting to/from work,Leaving main road,PEUGEOT,306 VIVANT DT,Heavy oil,Male,,No tow/articulation,Did not leave carriageway,0.0,Turning right,2,Car,No,Front,2005
20053102B0816,21 - 25,3.0,Urban area,9.0,2494.0,,,Other/Not known (2005-10),Approaching junction or waiting/parked at junction approach,BMW,,Petrol,Male,,No tow/articulation,Did not leave carriageway,0.0,Waiting to go - held up,2,Car,No,Back,2005
20053102B0861,56 - 65,3.0,Urban area,2.0,11021.0,,,Journey as part of work,Not at or within 20 metres of junction,SCANIA,,Heavy oil,Male,Jackknifed,Articulated vehicle,Did not leave carriageway,0.0,Going ahead other,2,Goods 7.5 tonnes mgw and over,No,Front,2005
20053102B0907,26 - 35,4.0,Urban area,4.0,2800.0,,Other permanent object,Journey as part of work,Leaving main road,IVECO-FORD,,Heavy oil,Male,,No tow/articulation,Nearside,0.0,Reversing,1,Goods over 3.5t. and under 7.5t,No,Back,2005
20053102B0943,36 - 45,,Urban area,10.0,12130.0,Parked vehicle,Entered ditch,Journey as part of work,Not at or within 20 metres of junction,VOLVO,,Heavy oil,Male,,Articulated vehicle,Nearside,0.0,Going ahead other,1,Goods 7.5 tonnes mgw and over,No,Front,2005
20053102B1192,66 - 75,4.0,Urban area,8.0,1397.0,,,Other/Not known (2005-10),Not at or within 20 metres of junction,SKODA,FABIA CLASSIC 8V,Petrol,Male,,No tow/articulation,Did not leave carriageway,0.0,Going ahead other,1,Car,No,Front,2005
20053102B1192,46 - 55,,Urban area,3.0,1246.0,,,Other/Not known (2005-10),Not at or within 20 metres of junction,HONDA,JAZZ S,Petrol,Female,,No tow/articulation,Did not leave carriageway,0.0,Slowing or stopping,2,Car,No,Back,2005
20053102B1192,Over 75,2.0,Small town,9.0,1951.0,,,Other/Not known (2005-10),Not at or within 20 metres of junction,ROVER,75 CONNOISSEUR SE CDTI A,Heavy oil,Male,,No tow/articulation,Did not leave carriageway,0.0,Slowing or stopping,3,Car,No,Back,2005
20053102B1505,26 - 35,2.0,Urban area,8.0,1781.0,,,Other/Not known (2005-10),Not at or within 20 metres of junction,SEAT,LEON CUPRA R,Petrol,Male,,No tow/articulation,Nearside,0.0,Going ahead other,3,Car,No,Front,2005
20053102B1567,16 - 20,15.0,Urban area,6.0,998.0,,,Other/Not known (2005-10),Mid Junction - on roundabout or on main road,ROVER,METRO CLUBMAN,Petrol,Female,,No tow/articulation,Did not leave carriageway,0.0,Going ahead right-hand bend,2,Car,No,Nearside,2005
20053102B1660,Data missing or out of range,10.0,Data missing or out of range,,2319.0,,,Other/Not known (2005-10),Cleared junction or waiting/parked at junction exit,VOLVO,,Petrol,Not known,,No tow/articulation,Did not leave carriageway,0.0,Parked,3,Car,No,Front,2005
20053102B1660,36 - 45,6.0,Data missing or out of range,,1590.0,,,Other/Not known (2005-10),Cleared junction or waiting/parked at junction exit,HONDA,HR-V,Petrol,Female,,No tow/articulation,Did not leave carriageway,0.0,Parked,4,Car,No,Back,2005
20053102B1732,56 - 65,5.0,Small town,10.0,1997.0,,,Other/Not known (2005-10),Approaching junction or waiting/parked at junction approach,PEUGEOT,406 GLX HDI(110),Heavy oil,Female,,No tow/articulation,Did not leave carriageway,0.0,Waiting to go - held up,1,Car,No,Back,2005
20053102B1762,36 - 45,19.0,Urban area,2.0,2000.0,,,Journey as part of work,Not at or within 20 metres of junction,LEYLAND,,Heavy oil,Male,Skidded,No tow/articulation,Did not leave carriageway,0.0,Going ahead left-hand bend,1,Bus or coach (17 or more pass seats),No,Offside,2005
20053102B1877,56 - 65,,Data missing or out of range,,,,,Journey as part of work,Not at or within 20 metres of junction,ERF,,,Male,,Articulated vehicle,Did not leave carriageway,0.0,Going ahead right-hand bend,2,Goods over 3.5t. and under 7.5t,No,Offside,2005
20053102B2157,16 - 20,6.0,Small town,7.0,49.0,,,Other/Not known (2005-10),Approaching junction or waiting/parked at junction approach,APRILIA,,Petrol,Male,,No tow/articulation,Did not leave carriageway,0.0,Going ahead other,1,Motorcycle 50cc and under,No,Front,2005
20053102B2299,21 - 25,7.0,Urban area,9.0,998.0,,,Other/Not known (2005-10),Not at or within 20 metres of junction,NISSAN,MICRA ALLY,Petrol,Female,,No tow/articulation,Did not leave carriageway,0.0,Slowing or stopping,1,Car,No,Front,2005
20053102B2419,56 - 65,8.0,Urban area,3.0,2495.0,,,Other/Not known (2005-10),Not at or within 20 metres of junction,LAND ROVER,DISCOVERY TDI AUTO,Heavy oil,Male,Skidded and overturned,No tow/articulation,Did not leave carriageway,0.0,Going ahead other,1,Car,No,Front,2005
20053102B2652,21 - 25,9.0,Urban area,2.0,399.0,,,Commuting to/from work,Mid Junction - on roundabout or on main road,KAWASAKI,,Petrol,Male,Skidded,No tow/articulation,Did not leave carriageway,0.0,Overtaking moving vehicle - offside,1,Motorcycle over 125cc and up to 500cc,No,Front,2005
20053102B2692,36 - 45,13.0,Urban area,1.0,5480.0,,Other permanent object,Journey as part of work,Not at or within 20 metres of junction,VOLVO,,Heavy oil,Male,Skidded,No tow/articulation,Nearside,0.0,Going ahead other,2,Bus or coach (17 or more pass seats),No,Front,2005
20053102B2854,Over 75,8.0,Urban area,2.0,1275.0,,,Commuting to/from work,Entering main road,NISSAN,MICRA GX,Petrol,Male,,No tow/articulation,Did not leave carriageway,0.0,Moving off,1,Car,No,Nearside,2005
20053102B2955,36 - 45,,Small town,6.0,124.0,Kerb,,Commuting to/from work,Not at or within 20 metres of junction,BAOTIAN,BT 125 T-9,Petrol,Female,Skidded,No tow/articulation,Did not leave carriageway,0.0,Going ahead other,1,Motorcycle 125cc and under,No,Front,2005
20053102B2980,26 - 35,4.0,Urban area,8.0,2151.0,,,Journey as part of work,Approaching junction or waiting/parked at junction approach,MERCEDES,SPRINTER 211 CDI SWB,Heavy oil,Male,Skidded,No tow/articulation,Did not leave carriageway,0.0,Going ahead other,1,Van / Goods 3.5 tonnes mgw or under,No,Front,2005
20053102B2981,56 - 65,13.0,Rural,5.0,,,,Journey as part of work,Mid Junction - on roundabout or on main road,SCANIA,,Heavy oil,Male,,No tow/articulation,Did not leave carriageway,0.0,Going ahead right-hand bend,1,Bus or coach (17 or more pass seats),No,Offside,2005
20053102B3088,26 - 35,,Urban area,7.0,1560.0,,,Journey as part of work,Leaving main road,CITROEN,C4 SX HDI 110,Heavy oil,Female,,No tow/articulation,Did not leave carriageway,0.0,Turning right,1,Car,No,Nearside,2005
20053102B3112,Over 75,7.0,Small town,6.0,1389.0,,Other permanent object,Other/Not known (2005-10),Mid Junction - on roundabout or on main road,VAUXHALL,CORSA LS 1.4I AUTO,Petrol,Male,,No tow/articulation,Offside,0.0,Going ahead left-hand bend,1,Car,No,Front,2005
20053102B3250,56 - 65,,Rural,5.0,,,Lamp post,Other/Not known (2005-10),Leaving roundabout,NISSAN,,,Male,Skidded and overturned,No tow/articulation,Nearside,0.0,Going ahead other,1,Goods over 3.5t. and under 7.5t,No,Front,2005
20053102B3258,26 - 35,15.0,Small town,9.0,1590.0,,,Other/Not known (2005-10),Entering main road,ROVER,416 GSI,Petrol,Male,,No tow/articulation,Did not leave carriageway,0.0,Turning right,1,Car,No,Front,2005
20053102B3261,26 - 35,10.0,Urban area,1.0,,,,Journey as part of work,Not at or within 20 metres of junction,VOLVO,,Heavy oil,Male,Skidded,No tow/articulation,Did not leave carriageway,0.0,Going ahead other,1,Bus or coach (17 or more pass seats),No,Offside,2005
20053102B3469,46 - 55,,Urban area,9.0,1596.0,,,Commuting to/from work,Entering roundabout,FORD,FOCUS ZETEC CLIMATE T,Petrol,Male,,No tow/articulation,Did not leave carriageway,0.0,Moving off,2,Car,No,Back,2005
20053102B3551,56 - 65,,Rural,8.0,1991.0,,,Other/Not known (2005-10),Not at or within 20 metres of junction,HYUNDAI,SANTA FE CDX CRTD AUTO,Heavy oil,Female,,No tow/articulation,Did not leave carriageway,0.0,Going ahead other,2,Car,No,Front,2005
20053102B3841,46 - 55,,Urban area,6.0,1910.0,,,Other/Not known (2005-10),Not at or within 20 metres of junction,VAUXHALL,ZAFIRA DESIGN CDTI 150,Heavy oil,Male,,No tow/articulation,Did not leave carriageway,0.0,Going ahead other,2,Car,No,Front,2005
20053102B3861,36 - 45,1.0,Data missing or out of range,,4400.0,,,Journey as part of work,Not at or within 20 metres of junction,JCB,,Heavy oil,Male,,No tow/articulation,Did not leave carriageway,0.0,Going ahead other,1,Agricultural vehicle,No,Offside,2005
20053102B3861,26 - 35,3.0,Urban area,6.0,5880.0,,,Journey as part of work,Not at or within 20 metres of junction,IVECO-FORD,,Heavy oil,Male,,No tow/articulation,Did not leave carriageway,0.0,Going ahead other,2,Van / Goods 3.5 tonnes mgw or under,No,Offside,2005
20053102C0179,36 - 45,2.0,Urban area,2.0,124.0,,,Other/Not known (2005-10),Mid Junction - on roundabout or on main road,PEUGEOT,JET FORCE 125,Petrol,Male,,No tow/articulation,Did not leave carriageway,0.0,Slowing or stopping,1,Motorcycle 125cc and under,No,Front,2005
20053102C0198,Data missing or out of range,12.0,Data missing or out of range,,1396.0,,,Other/Not known (2005-10),Approaching junction or waiting/parked at junction approach,ROVER,METRO L AUTO,Petrol,Not known,,No tow/articulation,Did not leave carriageway,0.0,Slowing or stopping,1,Car,No,Front,2005
20053102C0198,26 - 35,11.0,Data missing or out of range,,1298.0,,,Other/Not known (2005-10),Approaching junction or waiting/parked at junction approach,HYUNDAI,X2 PONY LS,Petrol,Female,,No tow/articulation,Did not leave carriageway,0.0,Slowing or stopping,2,Car,No,Back,2005
20053102C0740,46 - 55,3.0,Urban area,5.0,1998.0,,,Other/Not known (2005-10),Approaching junction or waiting/parked at junction approach,RENAULT,LAGUNA INITIALE 16V AUTO,Petrol,Male,,No tow/articulation,Did not leave carriageway,0.0,Waiting to go - held up,2,Car,No,Back,2005
20053102C0873,26 - 35,2.0,Urban area,1.0,124.0,,,Other/Not known (2005-10),Not at or within 20 metres of junction,CHUNLAN,,Petrol,Male,Skidded,No tow/articulation,Did not leave carriageway,0.0,Going ahead other,1,Motorcycle 125cc and under,No,Front,2005
20053102C0977,46 - 55,9.0,Urban area,5.0,1998.0,,,Other/Not known (2005-10),Mid Junction - on roundabout or on main road,MERCEDES,E200 ELEGANCE A,Petrol,Male,,No tow/articulation,Did not leave carriageway,0.0,Waiting to go - held up,2,Car,No,Back,2005
20053102C0977,46 - 55,15.0,Urban area,1.0,1343.0,,,Other/Not known (2005-10),Leaving roundabout,HONDA,CIVIC DX AUTO,Petrol,Female,,No tow/articulation,Did not leave carriageway,0.0,Waiting to go - held up,3,Car,No,Back,2005
20053102C0992,56 - 65,2.0,Urban area,2.0,9000.0,,,Journey as part of work,Cleared junction or waiting/parked at junction exit,SCANIA,,Heavy oil,Male,,No tow/articulation,Did not leave carriageway,0.0,Slowing or stopping,1,Bus or coach (17 or more pass seats),No,Did not impact,2005
20053102C1061,16 - 20,9.0,Urban area,1.0,1157.0,,,Other/Not known (2005-10),Not at or within 20 metres of junction,SUZUKI,,Petrol,Male,,No tow/articulation,Did not leave carriageway,0.0,Overtaking moving vehicle - offside,1,Motorcycle over 500cc,No,Front,2005
20053102C1065,66 - 75,3.0,Urban area,1.0,2902.0,,,Other/Not known (2005-10),Leaving main road,KIA,SEDONA LX AUTO,Heavy oil,Male,,No tow/articulation,Did not leave carriageway,0.0,Turning right,1,Car,No,Nearside,2005
20053102C1241,16 - 20,1.0,Data missing or out of range,,49.0,,,Commuting to/from work,Mid Junction - on roundabout or on main road,TAISHAN,SPORT,Petrol,Male,Skidded,No tow/articulation,Did not leave carriageway,0.0,Going ahead right-hand bend,1,Motorcycle 50cc and under,No,Offside,2005
20053102C1280,56 - 65,,Urban area,6.0,9000.0,,,Journey as part of work,Approaching junction or waiting/parked at junction approach,SCANIA,,Heavy oil,Male,,No tow/articulation,Did not leave carriageway,2.0,Going ahead other,1,Bus or coach (17 or more pass seats),No,Front,2005
20053102C1329,46 - 55,1.0,Small town,9.0,2463.0,,,Other/Not known (2005-10),Not at or within 20 metres of junction,RENAULT,MASTER LM35 DCI 100 LWB,Heavy oil,Male,,No tow/articulation,Did not leave carriageway,0.0,Slowing or stopping,1,Van / Goods 3.5 tonnes mgw or under,No,Front,2005
20053102C1453,66 - 75,9.0,Urban area,5.0,2200.0,,Tree,Other/Not known (2005-10),Cleared junction or waiting/parked at junction exit,TOYOTA,,Heavy oil,Female,,No tow/articulation,Nearside,0.0,Going ahead other,2,Car,No,Front,2005
20053102C1510,26 - 35,1.0,Data missing or out of range,,1998.0,,,Other/Not known (2005-10),Not at or within 20 metres of junction,SAAB,9-3 AERO 210 BHP S-A,Petrol,Male,,No tow/articulation,Did not leave carriageway,0.0,Going ahead other,1,Car,No,Front,2005
20053102C1742,26 - 35,2.0,Urban area,,1910.0,,,Commuting to/from work,Not at or within 20 metres of junction,ALFA ROMEO,147 JTD TURISMO 8V,Heavy oil,Female,,No tow/articulation,Did not leave carriageway,0.0,Going ahead other,1,Car,No,Front,2005
20053102C1899,26 - 35,2.0,Urban area,2.0,1461.0,,,Commuting to/from work,Cleared junction or waiting/parked at junction exit,RENAULT,MEGANE DYNAMIQUE DCI 80,Heavy oil,Female,,No tow/articulation,Nearside,0.0,Going ahead other,2,Car,No,Offside,2005
20053102C1906,26 - 35,4.0,Urban area,2.0,1590.0,,,Other/Not known (2005-10),Entering main road,HONDA,CIVIC SE AUTO,Petrol,Female,,No tow/articulation,Did not leave carriageway,0.0,Turning right,1,Car,No,Offside,2005
20053102C1969,66 - 75,10.0,Urban area,4.0,1389.0,,,Other/Not known (2005-10),Approaching junction or waiting/parked at junction approach,VAUXHALL,ASTRA MERIT,Petrol,Male,,No tow/articulation,Did not leave carriageway,0.0,Going ahead other,1,Car,No,Front,2005
20053102C1983,26 - 35,3.0,Urban area,8.0,649.0,,,Other/Not known (2005-10),Not at or within 20 metres of junction,HONDA,,Petrol,Male,,No tow/articulation,Did not leave carriageway,0.0,Going ahead other,2,Motorcycle over 500cc,No,Front,2005
20053102C2066,16 - 20,8.0,Urban area,1.0,1108.0,,,Other/Not known (2005-10),Approaching junction or waiting/parked at junction approach,FIAT,PUNTO 55 SX,Petrol,Male,,No tow/articulation,Did not leave carriageway,0.0,Going ahead other,1,Car,No,Front,2005
20053102C2199,26 - 35,6.0,Urban area,8.0,954.0,,,Other/Not known (2005-10),Entering main road,CITROEN,SAXO EAST COAST,Petrol,Female,,No tow/articulation,Did not leave carriageway,0.0,Turning right,1,Car,No,Front,2005
20053102C2238,56 - 65,2.0,Urban area,5.0,1398.0,Central island of roundabout,,Other/Not known (2005-10),Leaving roundabout,PEUGEOT,206 SW HDI XT,Heavy oil,Female,,No tow/articulation,Offside,0.0,Changing lane to left,1,Car,No,Offside,2005
20053102C2536,36 - 45,1.0,Urban area,9.0,12580.0,,,Journey as part of work,Approaching junction or waiting/parked at junction approach,DAF TRUCKS,FADCF85.340,Heavy oil,Male,,No tow/articulation,Did not leave carriageway,0.0,Changing lane to left,1,Other vehicle,No,Nearside,2005
20053102C2536,36 - 45,6.0,Urban area,7.0,1997.0,Kerb,,Commuting to/from work,Approaching junction or waiting/parked at junction approach,ROVER,620 GSI AUTO,Petrol,Female,,No tow/articulation,Did not leave carriageway,0.0,Going ahead other,2,Car,No,Offside,2005
20053102C2583,26 - 35,,Data missing or out of range,,,,,Journey as part of work,Not at or within 20 metres of junction,VAUXHALL,MOVANO 3300 CDTI MWB,,Male,,No tow/articulation,Did not leave carriageway,0.0,U-turn,1,Car,No,Offside,2005
20053102C2732,36 - 45,6.0,Urban area,2.0,998.0,,,Other/Not known (2005-10),Mid Junction - on roundabout or on main road,NISSAN,MICRA PROFILE 16V,Petrol,Male,,No tow/articulation,Did not leave carriageway,0.0,Overtaking moving vehicle - offside,1,Car,No,Front,2005
20053102C2763,26 - 35,13.0,Data missing or out of range,,1118.0,,,Other/Not known (2005-10),Not at or within 20 metres of junction,FORD,FIESTA L AUTO,Petrol,Male,,No tow/articulation,Did not leave carriageway,0.0,Going ahead other,1,Car,No,Front,2005
20053102C2891,21 - 25,,Urban area,3.0,2148.0,,Other permanent object,Other/Not known (2005-10),Cleared junction or waiting/parked at junction exit,MERCEDES,C220 CDI SE AUTO,Heavy oil,Male,,No tow/articulation,Nearside,0.0,Going ahead other,1,Car,No,Front,2005
20053102C2948,26 - 35,5.0,Urban area,5.0,1997.0,,,Other/Not known (2005-10),Not at or within 20 metres of junction,PEUGEOT,306 D TURBO HDI,Heavy oil,Male,,No tow/articulation,Did not leave carriageway,0.0,Waiting to go - held up,2,Car,No,Back,2005
20053102C3229,21 - 25,4.0,Urban area,2.0,2664.0,,,Journey as part of work,Approaching junction or waiting/parked at junction approach,LONDON TAXIS INT,TX1 BRONZE AUTO,Heavy oil,Male,,No tow/articulation,Did not leave carriageway,0.0,Going ahead other,1,Taxi/Private hire car,No,Front,2005
20053102C3390,16 - 20,8.0,Urban area,2.0,1390.0,,,Other/Not known (2005-10),Entering roundabout,RENAULT,MEGANE RN PARIS,Petrol,Male,Skidded,No tow/articulation,Did not leave carriageway,0.0,Turning left,1,Car,No,Front,2005
20053102C3505,Data missing or out of range,1.0,Data missing or out of range,,9000.0,,,Journey as part of work,Not at or within 20 metres of junction,SCANIA,,Heavy oil,Male,,No tow/articulation,Did not leave carriageway,0.0,Moving off,1,Bus or coach (17 or more pass seats),No,Offside,2005
20053102C3528,26 - 35,7.0,Urban area,9.0,1600.0,,Central crash barrier,Commuting to/from work,Not at or within 20 metres of junction,VOLKSWAGEN,POLO 1.6 CL,Petrol,Female,,No tow/articulation,Offside on to central reservation,0.0,Going ahead other,1,Car,No,Offside,2005
20053102C3591,56 - 65,2.0,Urban area,7.0,1998.0,,,Journey as part of work,Approaching junction or waiting/parked at junction approach,FORD,MONDEO GRAPHITE TDCI,Heavy oil,Male,,No tow/articulation,Did not leave carriageway,0.0,Going ahead other,1,Taxi/Private hire car,No,Front,2005
20053102C3625,26 - 35,3.0,Urban area,9.0,1997.0,,,Other/Not known (2005-10),Approaching junction or waiting/parked at junction approach,PEUGEOT,307 GLX HDI,Heavy oil,Female,,No tow/articulation,Did not leave carriageway,0.0,Slowing or stopping,2,Car,No,Back,2005
20053102C3725,Data missing or out of range,4.0,Urban area,8.0,1781.0,,,Other/Not known (2005-10),Cleared junction or waiting/parked at junction exit,AUDI,A3 SPORT,Petrol,Male,,No tow/articulation,Did not leave carriageway,0.0,Parked,1,Car,No,Back,2005
20053102C3731,26 - 35,8.0,Urban area,7.0,1587.0,,,Other/Not known (2005-10),Entering main road,TOYOTA,,Petrol,Male,,No tow/articulation,Did not leave carriageway,0.0,Turning right,1,Car,Yes,Front,2005
20053102C3731,21 - 25,6.0,Urban area,4.0,1598.0,,,Other/Not known (2005-10),Mid Junction - on roundabout or on main road,MERCEDES,A160 AVANTGARDE AUTO,Petrol,Male,,No tow/articulation,Did not leave carriageway,0.0,Going ahead other,2,Car,No,Front,2005
20053102C3763,26 - 35,,Urban area,7.0,3200.0,,,Other/Not known (2005-10),Entering roundabout,MITSUBISHI,SHOGUN WARRIOR DI-D AUTO,Heavy oil,Male,,No tow/articulation,Did not leave carriageway,0.0,Moving off,2,Car,No,Front,2005
20053102C3840,21 - 25,7.0,Urban area,3.0,1587.0,,,Journey as part of work,Approaching junction or waiting/parked at junction approach,TOYOTA,COROLLA SR,Petrol,Male,,No tow/articulation,Did not leave carriageway,0.0,Going ahead other,1,Taxi/Private hire car,No,Back,2005
20053102D0097,36 - 45,8.0,Urban area,7.0,9600.0,,,Journey as part of work,Not at or within 20 metres of junction,VOLVO,,Heavy oil,Male,,No tow/articulation,Did not leave carriageway,0.0,Parked,2,Bus or coach (17 or more pass seats),No,Back,2005
20053102D0194,36 - 45,1.0,Urban area,9.0,6370.0,,,Journey as part of work,Leaving main road,MERCEDES,,Heavy oil,Male,,No tow/articulation,Did not leave carriageway,0.0,Turning left,2,Other vehicle,No,Nearside,2005
20053102D0342,21 - 25,14.0,Data missing or out of range,,1360.0,,Telegraph or electricity pole,Other/Not known (2005-10),Not at or within 20 metres of junction,CITROEN,BX 14RE,Petrol,Male,,No tow/articulation,Nearside and rebounded,0.0,Going ahead right-hand bend,1,Car,No,Front,2005
20053102D0588,36 - 45,12.0,Rural,9.0,1686.0,,,Commuting to/from work,Not at or within 20 metres of junction,VAUXHALL,ASTRA GLS TURBO D,Heavy oil,Male,,No tow/articulation,Did not leave carriageway,0.0,Going ahead other,1,Car,No,Front,2005
20053102D0693,46 - 55,5.0,Urban area,1.0,1242.0,Parked vehicle,Other permanent object,Other/Not known (2005-10),Approaching junction or waiting/parked at junction approach,FIAT,PUNTO ELX 8V,Petrol,Female,Skidded,No tow/articulation,Offside,0.0,Going ahead other,1,Car,No,Front,2005
20053102D0693,36 - 45,2.0,Data missing or out of range,,3920.0,,,Other/Not known (2005-10),Cleared junction or waiting/parked at junction exit,IVECO-FORD,,Heavy oil,Male,,Single trailer,Did not leave carriageway,0.0,Parked,3,Goods over 3.5t. and under 7.5t,No,Back,2005
20053102D0951,56 - 65,13.0,Rural,6.0,2490.0,,,Other/Not known (2005-10),Entering main road,NISSAN,,Petrol,Male,,No tow/articulation,Did not leave carriageway,0.0,Turning right,2,Car,No,Front,2005
20053102D1115,26 - 35,7.0,Urban area,2.0,2290.0,,,Journey as part of work,Entering main road,SAAB,9-5,Petrol,Male,,No tow/articulation,Did not leave carriageway,0.0,Turning right,1,Car,No,Front,2005
20053102D1328,21 - 25,9.0,Urban area,5.0,1597.0,,,Other/Not known (2005-10),Approaching junction or waiting/parked at junction approach,PROTON,PERSONA COMPACT SEI,Petrol,Male,,No tow/articulation,Did not leave carriageway,0.0,Going ahead other,1,Car,No,Front,2005