Accident_Index,Age_Band_of_Driver,Age_of_Vehicle,Driver_Home_Area_Type,Driver_IMD_Decile,Engine_Capacity_.CC.,Hit_Object_in_Carriageway,Hit_Object_off_Carriageway,Journey_Purpose_of_Driver,Junction_Location,make,model,Propulsion_Code,Sex_of_Driver,Skidding_and_Overturning,Towing_and_Articulation,Vehicle_Leaving_Carriageway,Vehicle_Location.Restricted_Lane,Vehicle_Manoeuvre,Vehicle_Reference,Vehicle_Type,Was_Vehicle_Left_Hand_Drive,X1st_Point_of_Impact,Year
200534ND05384,46 - 55,24.0,Data missing or out of range,,3880.0,,,Journey as part of work,Not at or within 20 metres of junction,SCANIA,,Heavy oil,Male,,Other tow,Did not leave carriageway,0.0,Going ahead other,2,Goods 7.5 tonnes mgw and over,No,Did not impact,2005
200534ND05384,Data missing or out of range,5.0,Data missing or out of range,,12130.0,,,Journey as part of work,Not at or within 20 metres of junction,VOLVO,,Heavy oil,Not known,,Other tow,Did not leave carriageway,0.0,Going ahead other,3,Goods 7.5 tonnes mgw and over,No,Back,2005
200534ND05666,36 - 45,9.0,Rural,7.0,6000.0,,Entered ditch,Journey as part of work,Not at or within 20 metres of junction,JCB,,Heavy oil,Male,,No tow/articulation,Nearside,0.0,Going ahead other,2,Agricultural vehicle,No,Offside,2005
200534ND05839,36 - 45,,Rural,7.0,1769.0,,,Journey as part of work,Entering main road,NISSAN,ALMERA SE AUTO,Petrol,Male,,No tow/articulation,Did not leave carriageway,0.0,Turning right,1,Car,No,Offside,2005
200534ND05868,46 - 55,5.0,Small town,9.0,1100.0,Any animal (except ridden horse),,Commuting to/from work,Mid Junction - on roundabout or on main road,BMW,R1100 RT,Petrol,Male,,No tow/articulation,Did not leave carriageway,0.0,Going ahead right-hand bend,1,Motorcycle over 500cc,No,Front,2005
200534ND05967,16 - 20,5.0,Data missing or out of range,,49.0,,,Other/Not known (2005-10),Mid Junction - on roundabout or on main road,APRILIA,,Petrol,Male,,No tow/articulation,Did not leave carriageway,0.0,Going ahead other,2,Motorcycle 50cc and under,No,Front,2005
200534ND06092,46 - 55,2.0,Data missing or out of range,,1598.0,,,Other/Not known (2005-10),Entering main road,VOLKSWAGEN,GOLF MATCH,Petrol,Male,,No tow/articulation,Did not leave carriageway,0.0,Turning right,1,Car,No,Offside,2005
200534NN00864,26 - 35,,Data missing or out of range,,7300.0,,,Journey as part of work,Approaching junction or waiting/parked at junction approach,VOLVO,,Heavy oil,Male,,No tow/articulation,Did not leave carriageway,0.0,Overtaking moving vehicle - offside,1,Bus or coach (17 or more pass seats),No,Did not impact,2005
200534NN01334,16 - 20,4.0,Small town,7.0,49.0,,,Commuting to/from work,Not at or within 20 metres of junction,SUZUKI,UX50 WY,Petrol,Male,,No tow/articulation,Did not leave carriageway,0.0,Going ahead other,2,Motorcycle 50cc and under,No,Front,2005
200534NN01536,46 - 55,,Urban area,8.0,698.0,,,Other/Not known (2005-10),Mid Junction - on roundabout or on main road,SMART,CITY PASSION 61 AUTO,Petrol,Male,,No tow/articulation,Did not leave carriageway,0.0,Going ahead other,2,Car,No,Front,2005
200534NN02118,36 - 45,3.0,Data missing or out of range,,1299.0,,,Commuting to/from work,Approaching junction or waiting/parked at junction approach,FORD,KA SUN COLLECTION,Petrol,Female,,No tow/articulation,Did not leave carriageway,0.0,Waiting to go - held up,3,Car,No,Back,2005
200534NN02722,26 - 35,8.0,Data missing or out of range,,2435.0,,,Journey as part of work,Approaching junction or waiting/parked at junction approach,RENAULT,SAFRANE RXE 2.5V EXEC AUT,Petrol,Male,,No tow/articulation,Did not leave carriageway,0.0,Waiting to go - held up,4,Car,No,Back,2005
200534NN02724,21 - 25,10.0,Urban area,5.0,1781.0,,,Other/Not known (2005-10),Entering main road,AUDI,A4 1.8 SE AUTO,Petrol,Male,,No tow/articulation,Did not leave carriageway,0.0,Turning right,1,Car,No,Offside,2005
200534NN03073,46 - 55,7.0,Rural,9.0,2499.0,,,Other/Not known (2005-10),Approaching junction or waiting/parked at junction approach,VAUXHALL,FRONTERA TDS,Heavy oil,Male,,No tow/articulation,Did not leave carriageway,0.0,Slowing or stopping,2,Car,No,Back,2005
200534NN03132,36 - 45,2.0,Urban area,5.0,1598.0,,,Other/Not known (2005-10),Approaching junction or waiting/parked at junction approach,RENAULT,MEGANE SCENIC EXPRESSION,Petrol,Female,,No tow/articulation,Did not leave carriageway,0.0,Waiting to turn right,2,Car,No,Back,2005
200534NN03477,56 - 65,,Urban area,2.0,1598.0,,,Other/Not known (2005-10),Approaching junction or waiting/parked at junction approach,RENAULT,MEGANE DYNAMIQUE VVT 115,Petrol,Female,,No tow/articulation,Did not leave carriageway,0.0,Slowing or stopping,2,Car,No,Back,2005
200534NN03477,36 - 45,4.0,Data missing or out of range,,11000.0,,,Journey as part of work,Approaching junction or waiting/parked at junction approach,ERF,,Heavy oil,Male,,Articulated vehicle,Did not leave carriageway,0.0,Slowing or stopping,3,Goods 7.5 tonnes mgw and over,No,Back,2005
200534NN03558,26 - 35,12.0,Data missing or out of range,,1392.0,,Central crash barrier,Commuting to/from work,Not at or within 20 metres of junction,NISSAN,SUNNY CHIC,Petrol,Male,,No tow/articulation,Offside on to centrl res + rebounded,0.0,Going ahead other,1,Car,No,Front,2005
200534NN04563,46 - 55,1.0,Data missing or out of range,,1896.0,,,Other/Not known (2005-10),Not at or within 20 metres of junction,SKODA,FABIA VRS,Heavy oil,Male,,No tow/articulation,Did not leave carriageway,0.0,Slowing or stopping,2,Car,No,Back,2005
200534NN05087,46 - 55,2.0,Data missing or out of range,,1461.0,,,Journey as part of work,Not at or within 20 metres of junction,RENAULT,KANGOO SL19DCI 70,Heavy oil,Male,Skidded,No tow/articulation,Did not leave carriageway,0.0,Going ahead other,1,Van / Goods 3.5 tonnes mgw or under,No,Front,2005
200534NN05087,56 - 65,1.0,Data missing or out of range,,2463.0,,,Journey as part of work,Not at or within 20 metres of junction,RENAULT,MASTER LM35 DCI 100 LWB,Heavy oil,Male,,No tow/articulation,Did not leave carriageway,0.0,Slowing or stopping,3,Van / Goods 3.5 tonnes mgw or under,No,Back,2005
200534NN05132,46 - 55,,Urban area,2.0,,,,Journey as part of work,Mid Junction - on roundabout or on main road,FIAT,DUCATO 14 TDI SWB,,Male,,No tow/articulation,Did not leave carriageway,0.0,Going ahead other,2,Bus or coach (17 or more pass seats),No,Nearside,2005
200534NN05648,16 - 20,,Data missing or out of range,,,Other object,,Other/Not known (2005-10),Not at or within 20 metres of junction,VOLKSWAGEN,TOURAN SPORT TDI AUTO,,Male,,No tow/articulation,Did not leave carriageway,0.0,Going ahead other,1,Motorcycle 50cc and under,No,Front,2005
200534NN06074,46 - 55,3.0,Data missing or out of range,,1870.0,,,Other/Not known (2005-10),Not at or within 20 metres of junction,RENAULT,LAGUNA PRIVILEGE DCI,Heavy oil,Male,,No tow/articulation,Did not leave carriageway,0.0,Going ahead other,1,Car,No,Front,2005
200534NN06090,36 - 45,9.0,Urban area,1.0,1796.0,,,Commuting to/from work,Mid Junction - on roundabout or on main road,FORD,MONDEO VERONA,Petrol,Male,,No tow/articulation,Did not leave carriageway,0.0,Going ahead other,2,Car,No,Front,2005
200534NN06381,36 - 45,7.0,Urban area,3.0,1994.0,,,Other/Not known (2005-10),Mid Junction - on roundabout or on main road,ROVER,220 SD,Heavy oil,Male,,No tow/articulation,Did not leave carriageway,0.0,Going ahead other,2,Car,No,Front,2005
200534NW00317,21 - 25,1.0,Small town,8.0,2953.0,,,Pupil riding to/from school,Cleared junction or waiting/parked at junction exit,NISSAN,CABSTAR 34.10 SWB,Heavy oil,Male,,No tow/articulation,Did not leave carriageway,0.0,Going ahead other,1,Van / Goods 3.5 tonnes mgw or under,No,Nearside,2005
200534NW00546,46 - 55,3.0,Data missing or out of range,,2926.0,,,Other/Not known (2005-10),Approaching junction or waiting/parked at junction approach,BMW,530 D SPORT AUTO,Heavy oil,Male,,No tow/articulation,Did not leave carriageway,0.0,Overtaking moving vehicle - offside,1,Car,No,Front,2005
200534NW01689,36 - 45,9.0,Urban area,2.0,1598.0,,,Other/Not known (2005-10),Approaching junction or waiting/parked at junction approach,VOLKSWAGEN,GOLF ROLLING STONES,Petrol,Male,,No tow/articulation,Did not leave carriageway,0.0,Waiting to go - held up,3,Car,No,Back,2005
200534NW01887,36 - 45,3.0,Rural,9.0,996.0,,,Commuting to/from work,Not at or within 20 metres of junction,DUCATI,ST4S,Petrol,Male,Skidded,No tow/articulation,Did not leave carriageway,0.0,Slowing or stopping,1,Motorcycle over 500cc,No,Offside,2005
200534NW01896,16 - 20,,Urban area,6.0,102.0,,,Commuting to/from work,Mid Junction - on roundabout or on main road,HONDA,SCV 100 F-5,Petrol,Male,Skidded,No tow/articulation,Did not leave carriageway,0.0,Going ahead other,2,Motorcycle 125cc and under,No,Front,2005
200534NW02312,16 - 20,1.0,Rural,8.0,998.0,,,Commuting to/from work,Mid Junction - on roundabout or on main road,VAUXHALL,AGILA EXPRESSION TWINPORT,Petrol,Female,,No tow/articulation,Did not leave carriageway,0.0,Going ahead other,2,Car,No,Nearside,2005
200534NW04663,56 - 65,10.0,Small town,6.0,1998.0,,,Commuting to/from work,Mid Junction - on roundabout or on main road,FORD,ESCORT RS2000,Petrol,Female,,No tow/articulation,Did not leave carriageway,0.0,Going ahead other,1,Car,No,Front,2005
200534NW04755,26 - 35,5.0,Data missing or out of range,,1753.0,,,Other/Not known (2005-10),Approaching junction or waiting/parked at junction approach,FORD,FIESTA COURIER DIESEL,Heavy oil,Female,,No tow/articulation,Did not leave carriageway,0.0,Going ahead other,1,Van / Goods 3.5 tonnes mgw or under,No,Front,2005
200534NW05500,26 - 35,2.0,Data missing or out of range,,1686.0,,,Other/Not known (2005-10),Approaching junction or waiting/parked at junction approach,VAUXHALL,COMBO 1700 DI,Heavy oil,Female,,No tow/articulation,Did not leave carriageway,0.0,Waiting to turn right,2,Van / Goods 3.5 tonnes mgw or under,No,Back,2005
200534NW06432,46 - 55,14.0,Data missing or out of range,,1986.0,,Other permanent object,Other/Not known (2005-10),Not at or within 20 metres of junction,VOLVO,940 SE TURBO A,Petrol,Female,,No tow/articulation,Nearside,0.0,Going ahead right-hand bend,1,Car,No,Front,2005
200534TM00845,26 - 35,2.0,Data missing or out of range,,11705.0,,,Journey as part of work,Not at or within 20 metres of junction,SCANIA,,Heavy oil,Male,,No tow/articulation,Did not leave carriageway,0.0,Going ahead other,2,Goods 7.5 tonnes mgw and over,No,Back,2005
200534TM03012,16 - 20,8.0,Urban area,,1108.0,,,Other/Not known (2005-10),Not at or within 20 metres of junction,FIAT,PUNTO 55 SX,Petrol,Male,Skidded,No tow/articulation,Did not leave carriageway,0.0,Going ahead other,1,Car,No,Front,2005
200534TM03227,26 - 35,,Urban area,7.0,1896.0,,,Commuting to/from work,Not at or within 20 metres of junction,SKODA,SUPERB ELEGANCE TDI,Heavy oil,Male,,No tow/articulation,Did not leave carriageway,0.0,Slowing or stopping,2,Car,No,Back,2005
200534TM05064,16 - 20,,Urban area,7.0,1229.0,,,Commuting to/from work,Not at or within 20 metres of junction,VAUXHALL,AGILA DESIGN TWINPORT,Petrol,Female,Skidded and overturned,No tow/articulation,Did not leave carriageway,0.0,Going ahead other,1,Car,No,Offside,2005
2005350001805,56 - 65,9.0,Rural,9.0,1389.0,,,Other/Not known (2005-10),Entering from slip road,VAUXHALL,ASTRA MERIT,Petrol,Female,,No tow/articulation,Did not leave carriageway,0.0,Changing lane to right,1,Car,No,Did not impact,2005
2005350013805,56 - 65,6.0,Urban area,5.0,1994.0,,,Other/Not known (2005-10),Entering main road,ROVER,420I XL,Petrol,Female,,No tow/articulation,Did not leave carriageway,0.0,Turning right,2,Car,No,Offside,2005
2005350017505,Data missing or out of range,13.0,Data missing or out of range,,1118.0,,,Other/Not known (2005-10),Entering roundabout,ROVER,METRO C,Petrol,Female,,No tow/articulation,Did not leave carriageway,0.0,Going ahead other,1,Car,No,Offside,2005
2005350027305,36 - 45,2.0,Urban area,7.0,2402.0,Parked vehicle,,Other/Not known (2005-10),Not at or within 20 metres of junction,FORD,TRANSIT 350 LWB TD,Heavy oil,Male,,No tow/articulation,Did not leave carriageway,0.0,Going ahead other,1,Van / Goods 3.5 tonnes mgw or under,No,Front,2005
2005350028005,36 - 45,4.0,Rural,8.0,3400.0,,,Other/Not known (2005-10),Not at or within 20 metres of junction,NISSAN,,Petrol,Male,,No tow/articulation,Did not leave carriageway,0.0,Waiting to go - held up,4,Car,No,Back,2005
2005350031105,21 - 25,5.0,Urban area,8.0,1998.0,,,Other/Not known (2005-10),Approaching junction or waiting/parked at junction approach,NISSAN,200 SX TOURING,Petrol,Male,,No tow/articulation,Did not leave carriageway,0.0,Waiting to go - held up,2,Car,No,Back,2005
2005350034005,56 - 65,6.0,Data missing or out of range,,3498.0,,,Other/Not known (2005-10),Entering main road,BMW,535I AUTO,Petrol,Male,,No tow/articulation,Did not leave carriageway,0.0,Turning right,1,Car,No,Offside,2005
2005350041005,66 - 75,4.0,Rural,8.0,,,,Journey as part of work,Leaving main road,JOHN DEERE,,Heavy oil,Male,,Single trailer,Did not leave carriageway,0.0,Turning right,2,Agricultural vehicle,No,Offside,2005
2005350045105,21 - 25,2.0,Urban area,2.0,1396.0,,,Other/Not known (2005-10),Not at or within 20 metres of junction,ROVER,25 IMPRESSION 3,Petrol,Male,,No tow/articulation,Did not leave carriageway,0.0,Going ahead left-hand bend,1,Car,No,Front,2005
2005350045105,36 - 45,3.0,Data missing or out of range,,1686.0,,,Other/Not known (2005-10),Not at or within 20 metres of junction,VAUXHALL,COMBO 1700 DI,Heavy oil,Male,,No tow/articulation,Did not leave carriageway,0.0,Going ahead right-hand bend,2,Van / Goods 3.5 tonnes mgw or under,No,Front,2005
2005350045305,56 - 65,6.0,Rural,8.0,1747.0,,,Other/Not known (2005-10),Not at or within 20 metres of junction,FIAT,MAREA ELX WEEKEND,Petrol,Female,,No tow/articulation,Did not leave carriageway,0.0,Waiting to go - held up,2,Car,No,Back,2005
2005350046905,26 - 35,1.0,Urban area,3.0,4580.0,,,Other/Not known (2005-10),Mid Junction - on roundabout or on main road,MAN,,Heavy oil,Male,,No tow/articulation,Did not leave carriageway,0.0,Turning right,1,Goods 7.5 tonnes mgw and over,No,Offside,2005
2005350046905,16 - 20,4.0,Rural,10.0,124.0,,,Other/Not known (2005-10),Mid Junction - on roundabout or on main road,YAMAHA,,Petrol,Male,,No tow/articulation,Did not leave carriageway,0.0,Overtaking moving vehicle - offside,2,Motorcycle 125cc and under,No,Front,2005
2005350052405,56 - 65,13.0,Data missing or out of range,,2470.0,,,Other/Not known (2005-10),Entering main road,MITSUBISHI,,Heavy oil,Male,,No tow/articulation,Did not leave carriageway,0.0,Turning left,1,Car,No,Front,2005
2005350054705,26 - 35,3.0,Rural,7.0,3920.0,,,Other/Not known (2005-10),Not at or within 20 metres of junction,IVECO-FORD,,Heavy oil,Male,,No tow/articulation,Did not leave carriageway,0.0,Going ahead other,2,Goods 7.5 tonnes mgw and over,No,Front,2005
2005350056005,26 - 35,7.0,Data missing or out of range,,9600.0,,,Other/Not known (2005-10),Not at or within 20 metres of junction,VOLVO,,Heavy oil,Male,,No tow/articulation,Did not leave carriageway,0.0,Slowing or stopping,2,Bus or coach (17 or more pass seats),No,Back,2005
2005350058705,46 - 55,3.0,Small town,,11705.0,,Central crash barrier,Journey as part of work,Not at or within 20 metres of junction,SCANIA,,Heavy oil,Male,,No tow/articulation,Offside on to central reservation,0.0,Going ahead other,1,Goods 7.5 tonnes mgw and over,No,Front,2005
2005350058705,46 - 55,2.0,Urban area,9.0,1686.0,,,Journey as part of work,Not at or within 20 metres of junction,VAUXHALL,COMBO 1700 DI,Heavy oil,Male,,No tow/articulation,Did not leave carriageway,0.0,Slowing or stopping,5,Van / Goods 3.5 tonnes mgw or under,No,Back,2005
2005350062705,36 - 45,,Data missing or out of range,,,,,Other/Not known (2005-10),Entering roundabout,FORD,RANGER 4X4 TURBO DIESEL,,Male,,No tow/articulation,Did not leave carriageway,0.0,Going ahead other,1,Car,No,Offside,2005
2005350065505,26 - 35,,Small town,6.0,,,Telegraph or electricity pole,Other/Not known (2005-10),Not at or within 20 metres of junction,PEUGEOT,106 XAD,,Male,,No tow/articulation,Nearside,0.0,Going ahead other,1,Car,No,Offside,2005
2005350079705,66 - 75,2.0,Small town,8.0,1363.0,,Other permanent object,Other/Not known (2005-10),Mid Junction - on roundabout or on main road,TOYOTA,YARIS VERSO T SPIRIT D4-D,Heavy oil,Male,Skidded,No tow/articulation,Nearside,0.0,Going ahead other,1,Car,No,Front,2005
2005350085005,56 - 65,17.0,Urban area,3.0,1781.0,Bollard or refuge,,Other/Not known (2005-10),Leaving main road,VOLKSWAGEN,JETTA GL 4+E 1.8,Petrol,Female,,No tow/articulation,Did not leave carriageway,0.0,Turning right,1,Car,No,Nearside,2005
2005350088605,36 - 45,,Rural,5.0,,,,Other/Not known (2005-10),Leaving main road,VAUXHALL,COMBO 1700 CDTI 16V,,Female,,No tow/articulation,Did not leave carriageway,0.0,Turning right,2,Car,No,Back,2005
2005350107305,16 - 20,6.0,Urban area,3.0,1598.0,,,Other/Not known (2005-10),Approaching junction or waiting/parked at junction approach,RENAULT,MEGANE RT 1.6 AUTO,Petrol,Female,,No tow/articulation,Did not leave carriageway,0.0,Going ahead other,1,Car,No,Front,2005
2005350107305,21 - 25,7.0,Urban area,4.0,1389.0,,,Other/Not known (2005-10),Approaching junction or waiting/parked at junction approach,VAUXHALL,CORSA GLS 1.4I,Petrol,Female,,No tow/articulation,Did not leave carriageway,0.0,Waiting to go - held up,2,Car,No,Back,2005
2005350113505,16 - 20,,Urban area,5.0,,,,Other/Not known (2005-10),Not at or within 20 metres of junction,CITROEN,BERLINGO 1.9D 600,,Male,,No tow/articulation,Did not leave carriageway,0.0,Waiting to go - held up,3,Car,No,Back,2005
2005350113505,Data missing or out of range,4.0,Small town,10.0,1328.0,,,Other/Not known (2005-10),Not at or within 20 metres of junction,SUZUKI,IGNIS GL,Petrol,Male,,No tow/articulation,Did not leave carriageway,0.0,Waiting to go - held up,4,Car,No,Back,2005
2005350136105,56 - 65,9.0,Data missing or out of range,,1799.0,,,Other/Not known (2005-10),Not at or within 20 metres of junction,VAUXHALL,VECTRA LS 16V AUTO,Petrol,Female,,No tow/articulation,Did not leave carriageway,0.0,Going ahead left-hand bend,2,Car,No,Front,2005
2005350137005,16 - 20,6.0,Rural,7.0,1341.0,,,Other/Not known (2005-10),Not at or within 20 metres of junction,HYUNDAI,ACCENT COUPE I,Petrol,Male,Skidded,No tow/articulation,Did not leave carriageway,0.0,Overtaking moving vehicle - offside,1,Car,No,Front,2005
2005350139405,Data missing or out of range,,Data missing or out of range,,,,,Other/Not known (2005-10),Approaching junction or waiting/parked at junction approach,VAUXHALL,COMBO MERIT 775 1.7D,,Male,,No tow/articulation,Did not leave carriageway,0.0,Changing lane to left,1,Car,No,Nearside,2005
2005350139705,26 - 35,6.0,Urban area,4.0,1700.0,,,Other/Not known (2005-10),Cleared junction or waiting/parked at junction exit,VAUXHALL,ASTRA LS TD,Heavy oil,Female,,No tow/articulation,Did not leave carriageway,0.0,Going ahead left-hand bend,1,Car,No,Front,2005
2005350142805,66 - 75,2.0,Rural,6.0,1399.0,,,Other/Not known (2005-10),Entering main road,FORD,FUSION 3 TDCI,Heavy oil,Male,,No tow/articulation,Did not leave carriageway,0.0,Turning right,1,Car,No,Front,2005
2005350143005,36 - 45,1.0,Small town,6.0,1598.0,,,Other/Not known (2005-10),Not at or within 20 metres of junction,VAUXHALL,MERIVA LIFE 8V,Petrol,Male,,No tow/articulation,Did not leave carriageway,0.0,Slowing or stopping,2,Car,No,Back,2005
2005350146105,26 - 35,,Small town,9.0,,Parked vehicle,,Other/Not known (2005-10),Not at or within 20 metres of junction,PEUGEOT,BOXER 350 LX LWB HDI,,Female,,No tow/articulation,Did not leave carriageway,0.0,Reversing,1,Goods over 3.5t. and under 7.5t,No,Back,2005
2005350146105,46 - 55,4.0,Small town,9.0,1328.0,,,Other/Not known (2005-10),Not at or within 20 metres of junction,SUZUKI,IGNIS GL,Petrol,Male,,No tow/articulation,Did not leave carriageway,0.0,Parked,2,Car,No,Back,2005
2005350172305,26 - 35,10.0,Rural,7.0,1998.0,,,Other/Not known (2005-10),Not at or within 20 metres of junction,SUBARU,,Petrol,Male,,No tow/articulation,Did not leave carriageway,0.0,Moving off,1,Car,No,Offside,2005
2005350178805,16 - 20,4.0,Urban area,1.0,2496.0,,,Other/Not known (2005-10),Mid Junction - on roundabout or on main road,AUDI,A6 TDI QUATTRO SPORT AUTO,Heavy oil,Male,,No tow/articulation,Did not leave carriageway,0.0,Waiting to go - held up,2,Car,No,Front,2005
2005350182805,46 - 55,12.0,Data missing or out of range,,1998.0,,,Other/Not known (2005-10),Mid Junction - on roundabout or on main road,VAUXHALL,CAVALIER SRI 16V,Petrol,Female,,No tow/articulation,Did not leave carriageway,0.0,Going ahead other,2,Car,No,Nearside,2005
2005350183405,66 - 75,,Small town,6.0,,,,Other/Not known (2005-10),Entering main road,TALBOT,EXPRESS 1300 D,,Male,,No tow/articulation,Did not leave carriageway,0.0,Turning right,1,Car,No,Front,2005
2005350189905,16 - 20,22.0,Small town,10.0,1124.0,,Entered ditch,Other/Not known (2005-10),Not at or within 20 metres of junction,CITROEN,LNA 11E,Petrol,Male,,No tow/articulation,Offside,0.0,Going ahead other,1,Car,No,Front,2005
2005350196605,36 - 45,8.0,Data missing or out of range,,1124.0,,,Other/Not known (2005-10),Mid Junction - on roundabout or on main road,PEUGEOT,106 XL INDEPENDENCE,Petrol,Female,,No tow/articulation,Did not leave carriageway,0.0,Going ahead other,1,Car,No,Offside,2005
2005350207305,36 - 45,2.0,Urban area,2.0,1995.0,,,Other/Not known (2005-10),Not at or within 20 metres of junction,TOYOTA,AVENSIS T3-S D-4D,Heavy oil,Male,,No tow/articulation,Did not leave carriageway,0.0,Going ahead other,2,Car,No,Nearside,2005
2005350212205,26 - 35,5.0,Urban area,2.0,1199.0,,,Other/Not known (2005-10),Approaching junction or waiting/parked at junction approach,VAUXHALL,CORSA CDX 16V,Petrol,Female,,No tow/articulation,Did not leave carriageway,0.0,Slowing or stopping,1,Car,No,Front,2005
2005350218805,26 - 35,4.0,Urban area,9.0,1998.0,,,Commuting to/from work,Not at or within 20 metres of junction,FORD,TRANSIT 260 SWB TD,Heavy oil,Male,Skidded,No tow/articulation,Did not leave carriageway,0.0,Going ahead right-hand bend,2,Van / Goods 3.5 tonnes mgw or under,No,Front,2005
2005350219405,36 - 45,1.0,Rural,5.0,1360.0,,Near/Offside crash barrier,Other/Not known (2005-10),Mid Junction - on roundabout or on main road,PEUGEOT,206 S,Petrol,Female,,No tow/articulation,Nearside and rebounded,0.0,Going ahead other,2,Car,No,Nearside,2005
2005350219605,36 - 45,4.0,Urban area,1.0,1995.0,,,Other/Not known (2005-10),Leaving main road,TOYOTA,AVENSIS GLS D4-D,Heavy oil,Male,,No tow/articulation,Did not leave carriageway,0.0,Turning right,1,Car,No,Nearside,2005
2005350220005,46 - 55,2.0,Rural,5.0,1998.0,,,Journey as part of work,Approaching junction or waiting/parked at junction approach,FORD,TRANSIT 280 SWB TD,Heavy oil,Female,,No tow/articulation,Did not leave carriageway,0.0,Going ahead other,1,Van / Goods 3.5 tonnes mgw or under,No,Front,2005
2005350220005,36 - 45,12.0,Data missing or out of range,,999.0,,,Commuting to/from work,Approaching junction or waiting/parked at junction approach,FIAT,PANDA 1000 CLX IE,Petrol,Female,,No tow/articulation,Did not leave carriageway,0.0,Waiting to go - held up,2,Car,No,Back,2005
2005350222505,Over 75,4.0,Data missing or out of range,,1390.0,,,Other/Not known (2005-10),Entering main road,VOLKSWAGEN,POLO MATCH AUTO,Petrol,Female,,No tow/articulation,Did not leave carriageway,0.0,Turning right,1,Car,No,Offside,2005
2005350229705,16 - 20,13.0,Data missing or out of range,,1275.0,,Lamp post,Other/Not known (2005-10),Not at or within 20 metres of junction,ROVER,MINI COOPER 1.3I,Petrol,Male,Skidded,No tow/articulation,Nearside,0.0,Going ahead other,1,Car,No,Front,2005
2005350233805,21 - 25,3.0,Urban area,6.0,1588.0,,,Other/Not known (2005-10),Entering main road,ROVER,45 CLASSIC 16V,Petrol,Male,,No tow/articulation,Did not leave carriageway,0.0,Going ahead other,1,Car,No,Nearside,2005
2005350237405,56 - 65,4.0,Urban area,9.0,49.0,,,Other/Not known (2005-10),Approaching junction or waiting/parked at junction approach,HONDA,SGX50,Petrol,Female,,No tow/articulation,Did not leave carriageway,0.0,Waiting to turn left,1,Motorcycle 50cc and under,No,Front,2005
2005350242205,21 - 25,8.0,Urban area,3.0,749.0,,,Other/Not known (2005-10),Not at or within 20 metres of junction,YAMAHA,,Petrol,Male,Skidded,No tow/articulation,Offside,0.0,Going ahead other,1,Motorcycle over 500cc,No,Front,2005
2005350249605,26 - 35,3.0,Urban area,8.0,955.0,,,Other/Not known (2005-10),Mid Junction - on roundabout or on main road,TRIUMPH,DAYTONA 955I,Petrol,Male,Overturned,No tow/articulation,Did not leave carriageway,0.0,Going ahead other,2,Motorcycle over 500cc,No,Front,2005
2005350260005,46 - 55,1.0,Urban area,4.0,7790.0,,,Other/Not known (2005-10),Leaving main road,IVECO,,Heavy oil,Male,,Articulated vehicle,Did not leave carriageway,0.0,Turning right,2,Goods 7.5 tonnes mgw and over,No,Offside,2005
2005350261305,46 - 55,1.0,Rural,8.0,1998.0,,,Other/Not known (2005-10),Entering roundabout,TOYOTA,RAV4 XT3 VVTI AUTO,Petrol,Male,,No tow/articulation,Did not leave carriageway,0.0,Going ahead other,1,Car,No,Offside,2005
2005350271605,46 - 55,6.0,Urban area,3.0,1124.0,,,Other/Not known (2005-10),Not at or within 20 metres of junction,PEUGEOT,106 XN ZEST 2,Petrol,Female,,No tow/articulation,Did not leave carriageway,0.0,Slowing or stopping,3,Car,No,Back,2005
2005350276305,46 - 55,6.0,Small town,6.0,5000.0,,,Journey as part of work,Not at or within 20 metres of junction,DENNIS,,Heavy oil,Male,,No tow/articulation,Did not leave carriageway,0.0,Going ahead other,1,Bus or coach (17 or more pass seats),No,Nearside,2005
2005350280605,26 - 35,,Urban area,4.0,,,,Other/Not known (2005-10),Mid Junction - on roundabout or on main road,SUZUKI,,,Female,,No tow/articulation,Did not leave carriageway,0.0,Turning right,2,Car,No,Offside,2005
2005350285205,36 - 45,,Urban area,7.0,1248.0,,,Commuting to/from work,Approaching junction or waiting/parked at junction approach,VAUXHALL,COMBO 1700 CDTI 16V,Heavy oil,Male,,No tow/articulation,Did not leave carriageway,0.0,Going ahead left-hand bend,2,Van / Goods 3.5 tonnes mgw or under,No,Front,2005
2005350297605,26 - 35,15.0,Urban area,4.0,1360.0,,,Other/Not known (2005-10),Cleared junction or waiting/parked at junction exit,CITROEN,AX 14TZS,Petrol,Female,,No tow/articulation,Did not leave carriageway,0.0,Going ahead other,2,Car,No,Nearside,2005
2005350303605,66 - 75,2.0,Urban area,8.0,973.0,,,Other/Not known (2005-10),Approaching junction or waiting/parked at junction approach,VAUXHALL,CORSA CLUB 12V SEMI AUTO,Petrol,Female,,No tow/articulation,Nearside,0.0,Slowing or stopping,2,Car,No,Back,2005
2005350311205,46 - 55,1.0,Rural,9.0,2460.0,,,Other/Not known (2005-10),Approaching junction or waiting/parked at junction approach,VOLKSWAGEN,CARAVELLE SE TDI 130,Heavy oil,Male,,No tow/articulation,Did not leave carriageway,0.0,Waiting to go - held up,2,Car,No,Back,2005
2005350313605,36 - 45,4.0,Urban area,6.0,1298.0,,,Commuting to/from work,Entering roundabout,YAMAHA,,Petrol,Male,Skidded and overturned,No tow/articulation,Did not leave carriageway,0.0,Turning left,1,Motorcycle over 500cc,No,Front,2005
2005350317805,56 - 65,,Small town,7.0,2300.0,,,Journey as part of work,Mid Junction - on roundabout or on main road,IVECO,DAILY 35 C12 LWB,Heavy oil,Male,,No tow/articulation,Did not leave carriageway,0.0,Going ahead other,2,Van / Goods 3.5 tonnes mgw or under,No,Front,2005
2005350321805,16 - 20,1.0,Urban area,5.0,102.0,,,Other/Not known (2005-10),Mid Junction - on roundabout or on main road,HONDA,SCV100F-E,Petrol,Male,,No tow/articulation,Did not leave carriageway,0.0,Overtaking static vehicle - offside,1,Motorcycle 125cc and under,No,Front,2005