Accident_Index,Age_Band_of_Driver,Age_of_Vehicle,Driver_Home_Area_Type,Driver_IMD_Decile,Engine_Capacity_.CC.,Hit_Object_in_Carriageway,Hit_Object_off_Carriageway,Journey_Purpose_of_Driver,Junction_Location,make,model,Propulsion_Code,Sex_of_Driver,Skidding_and_Overturning,Towing_and_Articulation,Vehicle_Leaving_Carriageway,Vehicle_Location.Restricted_Lane,Vehicle_Manoeuvre,Vehicle_Reference,Vehicle_Type,Was_Vehicle_Left_Hand_Drive,X1st_Point_of_Impact,Year
2005360033081,46 - 55,,Urban area,4.0,1997.0,,,Journey as part of work,Not at or within 20 metres of junction,CITROEN,XSARA PICASSO DESIRE 2HDI,Heavy oil,Female,,No tow/articulation,Did not leave carriageway,0.0,Slowing or stopping,2,Car,No,Back,2005
2005360033164,21 - 25,13.0,Small town,7.0,1120.0,,,Other/Not known (2005-10),Entering main road,ROVER,METRO QUEST,Petrol,Male,,No tow/articulation,Did not leave carriageway,0.0,Turning right,2,Car,No,Front,2005
2005360033306,36 - 45,8.0,Urban area,2.0,11000.0,,,Journey as part of work,Not at or within 20 metres of junction,SCANIA,,Heavy oil,Male,,No tow/articulation,Did not leave carriageway,0.0,Moving off,1,Bus or coach (17 or more pass seats),No,Front,2005
200536T050014,21 - 25,3.0,Rural,6.0,1149.0,,,Other/Not known (2005-10),Leaving main road,RENAULT,CLIO DYNAMIQUE 16V,Petrol,Female,,No tow/articulation,Did not leave carriageway,0.0,Turning right,1,Car,No,Front,2005
200536T050032,36 - 45,5.0,Rural,6.0,1596.0,,Telegraph or electricity pole,Journey as part of work,Not at or within 20 metres of junction,FORD,FOCUS GHIA AUTO,Petrol,Female,Skidded,No tow/articulation,Offside,0.0,Going ahead right-hand bend,1,Car,No,Nearside,2005
200536T050035,21 - 25,8.0,Rural,6.0,1332.0,,,Other/Not known (2005-10),Not at or within 20 metres of junction,TOYOTA,,Petrol,Male,Overturned,No tow/articulation,Nearside,0.0,Going ahead other,1,Car,No,Front,2005
200536T050043,21 - 25,14.0,Small town,5.0,1781.0,,,Commuting to/from work,Not at or within 20 metres of junction,VOLKSWAGEN,,Petrol,Male,,No tow/articulation,Offside,0.0,Parked,2,Van / Goods 3.5 tonnes mgw or under,No,Nearside,2005
200536T050121,26 - 35,,Small town,10.0,1598.0,,,Other/Not known (2005-10),Approaching junction or waiting/parked at junction approach,VAUXHALL,ZAFIRA BREEZE 16V,Petrol,Male,,No tow/articulation,Did not leave carriageway,0.0,Waiting to go - held up,2,Car,No,Back,2005
200536T050139,16 - 20,,Urban area,2.0,125.0,Kerb,,Other/Not known (2005-10),Mid Junction - on roundabout or on main road,HONDA,CBR 125 R-5,Petrol,Male,Overturned,No tow/articulation,Nearside,0.0,Going ahead other,2,Motorcycle 125cc and under,No,Front,2005
200536T050161,21 - 25,,Data missing or out of range,,,,,Journey as part of work,Not at or within 20 metres of junction,FORD,TRANSIT 350 LWB TD,,Male,,No tow/articulation,Did not leave carriageway,0.0,Slowing or stopping,2,Goods over 3.5t. and under 7.5t,No,Back,2005
200536T050170,26 - 35,6.0,Rural,5.0,9000.0,,,Journey as part of work,Not at or within 20 metres of junction,SCANIA,,Heavy oil,Male,,No tow/articulation,Did not leave carriageway,0.0,Going ahead right-hand bend,1,Bus or coach (17 or more pass seats),No,Offside,2005
200536T050170,26 - 35,6.0,Data missing or out of range,,9000.0,,,Journey as part of work,Not at or within 20 metres of junction,SCANIA,,Heavy oil,Female,,No tow/articulation,Did not leave carriageway,0.0,Going ahead left-hand bend,2,Bus or coach (17 or more pass seats),No,Offside,2005
200536T050240,21 - 25,2.0,Rural,5.0,1753.0,,,Journey as part of work,Mid Junction - on roundabout or on main road,FORD,TRANSIT CONNECT T220 TDCI S,Heavy oil,Male,,No tow/articulation,Did not leave carriageway,0.0,Going ahead other,1,Van / Goods 3.5 tonnes mgw or under,No,Front,2005
200537B021505,36 - 45,3.0,Data missing or out of range,,12130.0,,,Journey as part of work,Not at or within 20 metres of junction,VOLVO,,Heavy oil,Male,,Articulated vehicle,Did not leave carriageway,0.0,Going ahead other,1,Goods 7.5 tonnes mgw and over,No,Front,2005
200537B021505,56 - 65,2.0,Small town,8.0,,,,Journey as part of work,Not at or within 20 metres of junction,MCCORMICK,,Heavy oil,Male,Overturned,Single trailer,Did not leave carriageway,0.0,Going ahead other,2,Agricultural vehicle,No,Back,2005
200537B021506,Over 75,9.0,Rural,5.0,1731.0,,,Other/Not known (2005-10),Not at or within 20 metres of junction,VOLVO,S40 1.8I AUTO,Petrol,Male,,No tow/articulation,Did not leave carriageway,0.0,Going ahead other,1,Car,No,Front,2005
200537B021506,46 - 55,6.0,Rural,6.0,2793.0,,,Commuting to/from work,Not at or within 20 metres of junction,BMW,,Petrol,Male,,No tow/articulation,Did not leave carriageway,0.0,Going ahead other,2,Car,No,Back,2005
200537B021574,26 - 35,9.0,Rural,7.0,1796.0,,,Commuting to/from work,Cleared junction or waiting/parked at junction exit,MG,MGF 1.8I VVC,Petrol,Female,,No tow/articulation,Did not leave carriageway,0.0,Going ahead other,2,Car,No,Offside,2005
200537B021580,46 - 55,1.0,Rural,10.0,1598.0,,Tree,Journey as part of work,Not at or within 20 metres of junction,VAUXHALL,MERIVA LIFE 8V,Petrol,Female,Skidded,No tow/articulation,Offside on to central reservation,0.0,Going ahead other,2,Car,No,Offside,2005
200537B021630,46 - 55,1.0,Urban area,3.0,11946.0,Bridge (roof),,Journey as part of work,Not at or within 20 metres of junction,MERCEDES,,Heavy oil,Male,Overturned,Articulated vehicle,Did not leave carriageway,0.0,Going ahead right-hand bend,1,Goods 7.5 tonnes mgw and over,No,Nearside,2005
200537B021668,21 - 25,8.0,Urban area,2.0,1495.0,,,Other/Not known (2005-10),Approaching junction or waiting/parked at junction approach,HYUNDAI,ACCENT GLS,Petrol,Female,,No tow/articulation,Did not leave carriageway,0.0,Waiting to go - held up,2,Car,No,Back,2005
200537B021769,46 - 55,,Rural,5.0,,,,Other/Not known (2005-10),Entering main road,FORD,RANGER 4X4 TURBO DIESEL,,Male,,No tow/articulation,Did not leave carriageway,0.0,Turning left,1,Car,No,Front,2005
200537B021769,36 - 45,10.0,Urban area,5.0,1597.0,,,Other/Not known (2005-10),Approaching junction or waiting/parked at junction approach,FORD,ESCORT SAPPHIRE,Petrol,Male,Skidded,No tow/articulation,Did not leave carriageway,0.0,Overtaking moving vehicle - offside,2,Car,No,Front,2005
200537B022188,46 - 55,,Data missing or out of range,,,,,Commuting to/from work,Mid Junction - on roundabout or on main road,PEUGEOT,PARTNER 600 LX HDI,,Male,,No tow/articulation,Did not leave carriageway,0.0,Turning right,1,Car,No,Front,2005
200537B022188,36 - 45,11.0,Data missing or out of range,,954.0,,,Commuting to/from work,Mid Junction - on roundabout or on main road,CITROEN,AX NEON,Petrol,Female,,No tow/articulation,Nearside,0.0,Going ahead left-hand bend,2,Car,No,Front,2005
200537B022212,36 - 45,9.0,Data missing or out of range,,2935.0,,,Journey as part of work,Approaching junction or waiting/parked at junction approach,FORD,SCORPIO ULTIMA 12V AUTO,Petrol,Male,,No tow/articulation,Did not leave carriageway,0.0,Going ahead other,1,Car,No,Front,2005
200537B022345,46 - 55,7.0,Urban area,8.0,11000.0,,,Journey as part of work,Not at or within 20 metres of junction,ERF,,Heavy oil,Male,Overturned,Articulated vehicle,Did not leave carriageway,0.0,Turning left,1,Goods 7.5 tonnes mgw and over,No,Offside,2005
200537B022553,56 - 65,1.0,Urban area,9.0,1248.0,,,Journey as part of work,Mid Junction - on roundabout or on main road,FIAT,DOBLO MULTIJET FAMILY,Heavy oil,Male,,No tow/articulation,Did not leave carriageway,0.0,Going ahead other,2,Car,No,Front,2005
200537B022610,36 - 45,,Small town,8.0,,,,Other/Not known (2005-10),Approaching junction or waiting/parked at junction approach,FORD,FIESTA COURIER KOMBI D,,Male,,No tow/articulation,Did not leave carriageway,0.0,Slowing or stopping,2,Car,No,Front,2005
200537B022692,16 - 20,,Rural,6.0,1300.0,,Tree,Commuting to/from work,Not at or within 20 metres of junction,FORD,ESCORT 1300 GT,Petrol,Male,Skidded and overturned,No tow/articulation,Offside,0.0,Going ahead left-hand bend,1,Car,No,Front,2005
200537B022699,26 - 35,14.0,Urban area,1.0,749.0,,Other permanent object,Other/Not known (2005-10),Not at or within 20 metres of junction,SUZUKI,,Petrol,Male,Skidded and overturned,No tow/articulation,Offside,0.0,Going ahead left-hand bend,1,Motorcycle over 500cc,No,Front,2005
200537B023033,26 - 35,8.0,Small town,8.0,1581.0,,,Other/Not known (2005-10),Approaching junction or waiting/parked at junction approach,FIAT,BRAVA 1.6 SX,Petrol,Male,Skidded,No tow/articulation,Did not leave carriageway,0.0,Going ahead other,1,Car,No,Front,2005
200537B023087,36 - 45,4.0,Rural,6.0,1052.0,,,Other/Not known (2005-10),Not at or within 20 metres of junction,KAWASAKI,ZR1100-C4,Petrol,Male,,No tow/articulation,Did not leave carriageway,0.0,Going ahead right-hand bend,1,Motorcycle over 500cc,No,Offside,2005
200537B023212,36 - 45,,Urban area,9.0,,,,Journey as part of work,Approaching junction or waiting/parked at junction approach,TOYOTA,HIACE 280 GS SWB 88 BHP,,Male,,No tow/articulation,Nearside,0.0,Waiting to turn left,2,Car,No,Back,2005
200537B023391,56 - 65,10.0,Urban area,3.0,1998.0,,,Other/Not known (2005-10),Entering roundabout,VAUXHALL,CALIBRA SE4,Petrol,Female,,No tow/articulation,Did not leave carriageway,0.0,Going ahead other,1,Car,No,Offside,2005
200537B023426,46 - 55,13.0,Urban area,9.0,1580.0,,,Taking pupil to/from school,Entering roundabout,PEUGEOT,309 GL AUTO,Petrol,Female,,No tow/articulation,Did not leave carriageway,0.0,Waiting to go - held up,2,Car,No,Back,2005
200537B023518,26 - 35,4.0,Rural,6.0,1000.0,,,Journey as part of work,Not at or within 20 metres of junction,APRILIA,,Petrol,Male,,No tow/articulation,Did not leave carriageway,0.0,Going ahead other,1,Motorcycle over 500cc,No,Front,2005
200537B023518,16 - 20,5.0,Rural,3.0,1242.0,,,Other/Not known (2005-10),Not at or within 20 metres of junction,FIAT,PUNTO ELX 8V,Petrol,Female,,No tow/articulation,Did not leave carriageway,0.0,Going ahead other,2,Car,No,Back,2005
200537B023575,36 - 45,8.0,Urban area,,1389.0,,,Other/Not known (2005-10),Not at or within 20 metres of junction,VAUXHALL,TIGRA BLUE,Petrol,Female,Skidded,No tow/articulation,Did not leave carriageway,0.0,Going ahead other,6,Car,No,Front,2005
200537B023722,46 - 55,6.0,Rural,6.0,1997.0,,,Journey as part of work,Mid Junction - on roundabout or on main road,PEUGEOT,406 GTX,Petrol,Male,,No tow/articulation,Did not leave carriageway,0.0,Turning right,1,Car,No,Offside,2005
200537B023747,36 - 45,2.0,Small town,7.0,1985.0,,,Other/Not known (2005-10),Approaching junction or waiting/parked at junction approach,SAAB,9-3 SE TURBO,Petrol,Male,,No tow/articulation,Did not leave carriageway,0.0,Waiting to go - held up,3,Car,No,Back,2005
200537B023770,21 - 25,3.0,Urban area,7.0,1360.0,,,Other/Not known (2005-10),Not at or within 20 metres of junction,CITROEN,SAXO FURIO,Petrol,Male,Skidded,No tow/articulation,Nearside,0.0,Going ahead other,2,Car,No,Offside,2005
200537B023905,36 - 45,6.0,Rural,6.0,1716.0,,,Commuting to/from work,Not at or within 20 metres of junction,SEAT,AROSA 1.7 SDI,Heavy oil,Male,Skidded,No tow/articulation,Did not leave carriageway,0.0,Going ahead left-hand bend,1,Car,No,Offside,2005
200537B023906,36 - 45,6.0,Rural,8.0,1598.0,,,Commuting to/from work,Not at or within 20 metres of junction,DAEWOO,LANOS SX AUTO,Petrol,Male,,No tow/articulation,Did not leave carriageway,0.0,Turning right,1,Car,No,Nearside,2005
200537B023937,21 - 25,6.0,Rural,6.0,1997.0,,Entered ditch,Other/Not known (2005-10),Not at or within 20 metres of junction,PEUGEOT,306 MERIDIAN HDI (90),Heavy oil,Male,Skidded and overturned,No tow/articulation,Offside,0.0,Going ahead right-hand bend,1,Car,No,Front,2005
200537B023992,46 - 55,12.0,Rural,7.0,1171.0,Parked vehicle,,Taking pupil to/from school,Approaching junction or waiting/parked at junction approach,RENAULT,CLIO RN LIBERTE,Petrol,Female,,No tow/articulation,Did not leave carriageway,0.0,Going ahead other,1,Car,No,Front,2005
200537B024101,46 - 55,6.0,Rural,6.0,998.0,,Other permanent object,Other/Not known (2005-10),Not at or within 20 metres of junction,NISSAN,MICRA EQUATION,Petrol,Female,,No tow/articulation,Offside and rebounded,0.0,Going ahead left-hand bend,1,Car,No,Front,2005
200537B024112,21 - 25,18.0,Urban area,10.0,2495.0,,,Other/Not known (2005-10),Not at or within 20 metres of junction,LAND ROVER,110 4C REG D,Heavy oil,Male,Skidded,No tow/articulation,Did not leave carriageway,0.0,Going ahead other,1,Car,No,Front,2005
200537G016919,26 - 35,4.0,Urban area,8.0,1997.0,,,Other/Not known (2005-10),Not at or within 20 metres of junction,CITROEN,XSARA LX HDI,Heavy oil,Female,,No tow/articulation,Did not leave carriageway,0.0,Waiting to go - held up,3,Car,No,Back,2005
200537G017012,46 - 55,11.0,Urban area,7.0,1389.0,,,Other/Not known (2005-10),Mid Junction - on roundabout or on main road,VAUXHALL,,Petrol,Female,,No tow/articulation,Did not leave carriageway,0.0,Waiting to turn right,1,Car,No,Nearside,2005
200537G017045,26 - 35,7.0,Urban area,2.0,1799.0,,,Other/Not known (2005-10),Mid Junction - on roundabout or on main road,VAUXHALL,VECTRA ARCTIC 16V,Petrol,Female,,No tow/articulation,Did not leave carriageway,0.0,Turning right,1,Car,No,Front,2005
200537G017061,36 - 45,7.0,Urban area,10.0,1995.0,,,Other/Not known (2005-10),Not at or within 20 metres of junction,MAZDA,323 ZXI V6,Petrol,Male,,No tow/articulation,Did not leave carriageway,0.0,Waiting to turn right,1,Car,No,Back,2005
200537G017489,26 - 35,12.0,Urban area,9.0,1994.0,,,Other/Not known (2005-10),Entering roundabout,ROVER,220 GTI,Petrol,Male,,No tow/articulation,Did not leave carriageway,0.0,Going ahead other,1,Car,No,Offside,2005
200537G017533,16 - 20,13.0,Urban area,2.0,1193.0,,,Other/Not known (2005-10),Cleared junction or waiting/parked at junction exit,SEAT,IBIZA SLX I,Petrol,Male,,No tow/articulation,Did not leave carriageway,0.0,Turning left,1,Car,No,Front,2005
200537G017533,46 - 55,1.0,Urban area,1.0,998.0,,,Other/Not known (2005-10),Approaching junction or waiting/parked at junction approach,TOYOTA,YARIS T SPIRIT,Petrol,Female,,No tow/articulation,Did not leave carriageway,0.0,Going ahead other,2,Car,No,Front,2005
200537G017748,26 - 35,,Urban area,7.0,,,,Other/Not known (2005-10),Entering roundabout,FORD,TRAN CONNECT L 220 TD SWB,,Male,,No tow/articulation,Did not leave carriageway,0.0,Going ahead other,1,Car,No,Offside,2005
200537G017751,46 - 55,3.0,Urban area,4.0,11967.0,,,Other/Not known (2005-10),Not at or within 20 metres of junction,MERCEDES,,Heavy oil,Male,,Articulated vehicle,Did not leave carriageway,0.0,Parked,2,Goods 7.5 tonnes mgw and over,No,Back,2005
200537G017887,Over 75,10.0,Urban area,9.0,1389.0,,,Other/Not known (2005-10),Mid Junction - on roundabout or on main road,VAUXHALL,ASTRA MERIT AUTO,Petrol,Female,,No tow/articulation,Did not leave carriageway,0.0,Turning right,1,Car,No,Did not impact,2005
200537G018014,21 - 25,,Urban area,5.0,,,,Journey as part of work,Leaving main road,VOLKSWAGEN,LT 35 TDI MWB,,Male,,No tow/articulation,Did not leave carriageway,0.0,Going ahead other,1,Goods over 3.5t. and under 7.5t,No,Front,2005
200537G018164,66 - 75,,Rural,6.0,,,,Journey as part of work,Mid Junction - on roundabout or on main road,PEUGEOT,PARTNER 600 LX DIESEL,,Male,,No tow/articulation,Did not leave carriageway,0.0,Going ahead other,1,Car,No,Front,2005
200537G018164,56 - 65,11.0,Rural,7.0,1597.0,,,Other/Not known (2005-10),Mid Junction - on roundabout or on main road,FORD,ESCORT L SPECIAL EDITION,Petrol,Male,,No tow/articulation,Did not leave carriageway,0.0,Going ahead other,2,Car,No,Offside,2005
200537G018191,56 - 65,1.0,Urban area,8.0,1598.0,,,Other/Not known (2005-10),Not at or within 20 metres of junction,VAUXHALL,MERIVA ENERGY 8V,Petrol,Female,,No tow/articulation,Did not leave carriageway,0.0,Going ahead right-hand bend,2,Car,No,Front,2005
200537G018301,26 - 35,2.0,Data missing or out of range,,1497.0,,,Other/Not known (2005-10),Approaching junction or waiting/parked at junction approach,TOYOTA,YARIS TS,Petrol,Female,,No tow/articulation,Did not leave carriageway,0.0,Waiting to turn left,2,Car,No,Nearside,2005
200537G018769,26 - 35,1.0,Data missing or out of range,,1600.0,,,Journey as part of work,Approaching junction or waiting/parked at junction approach,VOLKSWAGEN,GOLF FSI SE,Petrol,Male,,No tow/articulation,Did not leave carriageway,0.0,Slowing or stopping,4,Car,No,Back,2005
200537G018792,66 - 75,6.0,Rural,8.0,1799.0,,,Other/Not known (2005-10),Not at or within 20 metres of junction,VAUXHALL,VECTRA LS 16V AUTO,Petrol,Male,Skidded,No tow/articulation,Offside,0.0,Going ahead other,1,Car,No,Nearside,2005
200537G018936,56 - 65,5.0,Urban area,9.0,1590.0,,,Other/Not known (2005-10),Cleared junction or waiting/parked at junction exit,HONDA,CIVIC VTEC SE,Petrol,Male,,No tow/articulation,Did not leave carriageway,0.0,Waiting to go - held up,2,Car,No,Back,2005
200537G018992,16 - 20,,Urban area,2.0,1461.0,,,Other/Not known (2005-10),Entering roundabout,RENAULT,CLIO DYNAMIQUE DCI 80,Heavy oil,Male,Skidded,No tow/articulation,Did not leave carriageway,0.0,Turning left,1,Car,No,Front,2005
200537G019032,16 - 20,13.0,Rural,7.0,1289.0,Kerb,Road sign or traffic signal,Other/Not known (2005-10),Leaving main road,SKODA,FAVORIT FORUM,Petrol,Male,Skidded,No tow/articulation,Straight ahead at junction,0.0,Turning left,1,Car,No,Front,2005
200537G019128,26 - 35,1.0,Urban area,,1199.0,,,Other/Not known (2005-10),Mid Junction - on roundabout or on main road,VAUXHALL,CORSA LIFE SEMI-AUTO,Petrol,Female,,No tow/articulation,Did not leave carriageway,0.0,Going ahead other,2,Car,No,Front,2005
200537L011186,46 - 55,10.0,Rural,4.0,1905.0,,,Other/Not known (2005-10),Approaching junction or waiting/parked at junction approach,CITROEN,ZX AVANTAGE DIESEL AUTO,Heavy oil,Male,,No tow/articulation,Nearside,0.0,Waiting to turn right,2,Car,No,Back,2005
200537L011233,26 - 35,12.0,Data missing or out of range,,1974.0,,,Journey as part of work,Approaching junction or waiting/parked at junction approach,TOYOTA,CARINA E,Heavy oil,Male,Skidded,No tow/articulation,Did not leave carriageway,0.0,Slowing or stopping,3,Car,No,Front,2005
200537L011304,36 - 45,7.0,Data missing or out of range,,1597.0,,,Other/Not known (2005-10),Mid Junction - on roundabout or on main road,FORD,ESCORT FINESSE 16V,Petrol,Female,,No tow/articulation,Did not leave carriageway,0.0,Turning right,2,Car,No,Front,2005
200537L011338,56 - 65,2.0,Data missing or out of range,,1834.0,,,Journey as part of work,Not at or within 20 metres of junction,MITSUBISHI,SHOGUN PININ VIVO II,Petrol,Male,,No tow/articulation,Did not leave carriageway,0.0,Going ahead other,1,Car,No,Front,2005
200537L011393,21 - 25,8.0,Urban area,5.0,2000.0,,,Other/Not known (2005-10),Not at or within 20 metres of junction,SUBARU,,Petrol,Male,Skidded,No tow/articulation,Did not leave carriageway,0.0,Going ahead other,1,Car,No,Front,2005
200537L011502,16 - 20,4.0,Urban area,5.0,49.0,,Near/Offside crash barrier,Commuting to/from work,Not at or within 20 metres of junction,APRILIA,,Petrol,Male,,No tow/articulation,Offside,0.0,Overtaking moving vehicle - offside,1,Motorcycle 50cc and under,No,Nearside,2005
200537L011552,36 - 45,1.0,Rural,5.0,1461.0,,,Other/Not known (2005-10),Mid Junction - on roundabout or on main road,NISSAN,MICRA SVE DCI 80PS,Heavy oil,Female,,No tow/articulation,Did not leave carriageway,0.0,Going ahead other,1,Car,No,Offside,2005
200537L011554,Over 75,12.0,Small town,4.0,1995.0,,,Other/Not known (2005-10),Cleared junction or waiting/parked at junction exit,RENAULT,SAFRANE RT,Petrol,Male,,No tow/articulation,Did not leave carriageway,0.0,Slowing or stopping,1,Car,No,Nearside,2005
200537L011651,66 - 75,3.0,Urban area,9.0,1998.0,,,Other/Not known (2005-10),Cleared junction or waiting/parked at junction exit,TOYOTA,AVENSIS GLS VVT-I AUTO,Petrol,Female,,No tow/articulation,Did not leave carriageway,0.0,Going ahead right-hand bend,1,Car,No,Front,2005
200537L011726,46 - 55,8.0,Data missing or out of range,,1994.0,,,Other/Not known (2005-10),Not at or within 20 metres of junction,VAUXHALL,VECTRA 2.0 DI GLS,Heavy oil,Female,,No tow/articulation,Did not leave carriageway,0.0,Going ahead right-hand bend,3,Car,No,Offside,2005
200537L011747,36 - 45,,Rural,,8100.0,,,Journey as part of work,Not at or within 20 metres of junction,JOHN DEERE,,Heavy oil,Male,,No tow/articulation,Did not leave carriageway,0.0,Waiting to go - held up,2,Agricultural vehicle,No,Front,2005
200537L011788,46 - 55,10.0,Small town,7.0,1998.0,,,Other/Not known (2005-10),Approaching junction or waiting/parked at junction approach,DAEWOO,ESPERO CDXI,Petrol,Female,,No tow/articulation,Did not leave carriageway,0.0,Waiting to go - held up,2,Car,No,Back,2005
200537L011825,16 - 20,,Urban area,7.0,,,,Journey as part of work,Mid Junction - on roundabout or on main road,RENAULT,KANGOO 665 1.9D,,Male,Skidded,No tow/articulation,Did not leave carriageway,0.0,Going ahead other,2,Car,No,Front,2005
200537L011945,26 - 35,7.0,Rural,5.0,1905.0,,Tree,Other/Not known (2005-10),Not at or within 20 metres of junction,PEUGEOT,306 GLX DT,Heavy oil,Male,Skidded,No tow/articulation,Offside,0.0,Going ahead right-hand bend,1,Car,No,Front,2005
200537L012069,46 - 55,7.0,Urban area,4.0,1870.0,,,Other/Not known (2005-10),Not at or within 20 metres of junction,RENAULT,MEGANE RT 1.9 D,Heavy oil,Female,,No tow/articulation,Did not leave carriageway,0.0,Overtaking static vehicle - offside,1,Car,No,Offside,2005
200537L012159,56 - 65,4.0,Urban area,4.0,1995.0,,,Other/Not known (2005-10),Cleared junction or waiting/parked at junction exit,TOYOTA,RAV4 D-4D GX,Heavy oil,Male,,No tow/articulation,Did not leave carriageway,0.0,Parked,3,Car,No,Offside,2005
200537L012159,56 - 65,3.0,Urban area,2.0,1686.0,,,Other/Not known (2005-10),Leaving roundabout,VAUXHALL,COMBO 1700 DI,Heavy oil,Male,,No tow/articulation,Did not leave carriageway,0.0,Parked,6,Van / Goods 3.5 tonnes mgw or under,No,Front,2005
200537L012203,26 - 35,4.0,Small town,9.0,1995.0,,,Other/Not known (2005-10),Not at or within 20 metres of junction,TOYOTA,AVENSIS CDX D4-D,Heavy oil,Male,Skidded and overturned,No tow/articulation,Nearside,0.0,Going ahead other,1,Car,No,Front,2005
200537L012256,16 - 20,4.0,Urban area,5.0,49.0,,,Other/Not known (2005-10),Not at or within 20 metres of junction,HONDA,X8R,Petrol,Male,Skidded,No tow/articulation,Did not leave carriageway,0.0,Overtaking static vehicle - offside,1,Motorcycle 50cc and under,No,Front,2005
200537L012331,Over 75,11.0,Urban area,5.0,1796.0,,,Other/Not known (2005-10),Mid Junction - on roundabout or on main road,VAUXHALL,CAVALIER EXPRESSION AUTO,Petrol,Male,,No tow/articulation,Offside,0.0,Turning right,1,Car,No,Offside,2005
200537L012343,66 - 75,1.0,Rural,6.0,1396.0,,,Other/Not known (2005-10),Mid Junction - on roundabout or on main road,ROVER,25 IMPRESSION S3,Petrol,Male,,No tow/articulation,Did not leave carriageway,0.0,Turning right,1,Car,No,Nearside,2005
200537L012379,36 - 45,,Urban area,8.0,,,,Journey as part of work,Mid Junction - on roundabout or on main road,VAUXHALL,ASTRAVAN SPORTIVE CDTI,,Male,,No tow/articulation,Did not leave carriageway,0.0,Turning right,2,Car,No,Offside,2005
200537L012442,16 - 20,2.0,Urban area,6.0,1242.0,,Tree,Other/Not known (2005-10),Not at or within 20 metres of junction,FIAT,PUNTO ACTIVE SPORT 16V,Petrol,Female,,No tow/articulation,Nearside and rebounded,0.0,Going ahead right-hand bend,1,Car,No,Front,2005
200540B000530,36 - 45,1.0,Urban area,8.0,124.0,,,Journey as part of work,Approaching junction or waiting/parked at junction approach,PIAGGIO,ZIP 125,Petrol,Male,Skidded,No tow/articulation,Did not leave carriageway,0.0,Going ahead other,1,Motorcycle 125cc and under,No,Front,2005
200540B002890,21 - 25,8.0,Urban area,3.0,1124.0,,Tree,Taking pupil to/from school,Not at or within 20 metres of junction,PEUGEOT,106 XN INDEPENDENCE,Petrol,Male,Skidded,No tow/articulation,Offside,0.0,Going ahead right-hand bend,1,Car,No,Front,2005
200540B003480,36 - 45,8.0,Small town,9.0,4580.0,,,Journey as part of work,Approaching junction or waiting/parked at junction approach,MAN,,Heavy oil,Male,,No tow/articulation,Did not leave carriageway,0.0,Parked,1,Goods over 3.5t. and under 7.5t,No,Back,2005
200540B003790,56 - 65,11.0,Small town,9.0,2835.0,,,Commuting to/from work,Approaching junction or waiting/parked at junction approach,MITSUBISHI,,Heavy oil,Male,,No tow/articulation,Did not leave carriageway,0.0,Going ahead other,2,Car,No,Front,2005
200540B005720,36 - 45,3.0,Data missing or out of range,,2402.0,,,Journey as part of work,Mid Junction - on roundabout or on main road,FORD,TRANSIT 350 LWB TD,Heavy oil,Male,,No tow/articulation,Offside,0.0,Turning right,1,Van / Goods 3.5 tonnes mgw or under,No,Offside,2005
200540B006230,26 - 35,3.0,Urban area,2.0,3920.0,,,Journey as part of work,Not at or within 20 metres of junction,IVECO-FORD,,Heavy oil,Male,,No tow/articulation,Did not leave carriageway,0.0,Going ahead left-hand bend,2,Goods over 3.5t. and under 7.5t,No,Offside,2005
200540B008130,36 - 45,2.0,Small town,10.0,1781.0,,,Commuting to/from work,Mid Junction - on roundabout or on main road,SKODA,OCTAVIA LAURIN+KLEMENT,Petrol,Male,,No tow/articulation,Did not leave carriageway,0.0,Going ahead other,2,Car,No,Front,2005
200540B010050,36 - 45,11.0,Data missing or out of range,,98.0,,,Commuting to/from work,Not at or within 20 metres of junction,YAMAHA,,Petrol,Male,Skidded,No tow/articulation,Did not leave carriageway,0.0,Going ahead other,1,Motorcycle 125cc and under,No,Front,2005
200540B010440,46 - 55,9.0,Rural,8.0,1598.0,,,Journey as part of work,Mid Junction - on roundabout or on main road,VAUXHALL,VECTRA PREMIER,Petrol,Female,,No tow/articulation,Did not leave carriageway,0.0,Turning right,2,Car,No,Nearside,2005
200540B011180,46 - 55,,Urban area,7.0,1997.0,,,Journey as part of work,Leaving main road,CITROEN,DISPATCH 900 ENTERPRISE,Heavy oil,Male,,No tow/articulation,Did not leave carriageway,0.0,Turning right,1,Van / Goods 3.5 tonnes mgw or under,No,Front,2005
200540B014070,36 - 45,2.0,Urban area,6.0,1998.0,,,Other/Not known (2005-10),Not at or within 20 metres of junction,TOYOTA,AVENSIS T4,Petrol,Male,,No tow/articulation,Did not leave carriageway,0.0,Slowing or stopping,2,Car,No,Back,2005
200540B017490,36 - 45,6.0,Urban area,2.0,1769.0,,Near/Offside crash barrier,Commuting to/from work,Not at or within 20 metres of junction,NISSAN,PRIMERA S,Petrol,Female,Skidded,No tow/articulation,Nearside and rebounded,0.0,Changing lane to left,1,Car,No,Front,2005
200540B018330,16 - 20,1.0,Urban area,10.0,2204.0,,,Other/Not known (2005-10),Not at or within 20 metres of junction,HONDA,ACCORD I CTDI EXECUTIVE,Heavy oil,Male,,No tow/articulation,Did not leave carriageway,0.0,Going ahead other,1,Car,No,Offside,2005
200540B020920,36 - 45,7.0,Urban area,6.0,1598.0,,,Other/Not known (2005-10),Approaching junction or waiting/parked at junction approach,VAUXHALL,VECTRA ENVOY,Petrol,Female,,No tow/articulation,Nearside,0.0,Waiting to turn left,2,Car,No,Offside,2005
200540B023860,66 - 75,1.0,Urban area,3.0,1598.0,,,Commuting to/from work,Entering roundabout,VAUXHALL,ASTRA ACTIVE,Petrol,Female,,No tow/articulation,Did not leave carriageway,0.0,Turning right,1,Car,No,Offside,2005
200540B028050,26 - 35,11.0,Urban area,3.0,1994.0,,,Journey as part of work,Approaching junction or waiting/parked at junction approach,ROVER,620 TI,Petrol,Male,,No tow/articulation,Did not leave carriageway,0.0,Slowing or stopping,2,Taxi/Private hire car,No,Front,2005
200540B028900,26 - 35,1.0,Data missing or out of range,,4116.0,,,Journey as part of work,Approaching junction or waiting/parked at junction approach,RENAULT,,Heavy oil,Male,,Articulated vehicle,Did not leave carriageway,0.0,Going ahead other,1,Goods 7.5 tonnes mgw and over,No,Front,2005