Accident_Index,Age_Band_of_Driver,Age_of_Vehicle,Driver_Home_Area_Type,Driver_IMD_Decile,Engine_Capacity_.CC.,Hit_Object_in_Carriageway,Hit_Object_off_Carriageway,Journey_Purpose_of_Driver,Junction_Location,make,model,Propulsion_Code,Sex_of_Driver,Skidding_and_Overturning,Towing_and_Articulation,Vehicle_Leaving_Carriageway,Vehicle_Location.Restricted_Lane,Vehicle_Manoeuvre,Vehicle_Reference,Vehicle_Type,Was_Vehicle_Left_Hand_Drive,X1st_Point_of_Impact,Year
20054100C1473,26 - 35,7.0,Data missing or out of range,,599.0,,,Commuting to/from work,Mid Junction - on roundabout or on main road,SUZUKI,GSF 600 SW,Petrol,Male,,No tow/articulation,Did not leave carriageway,0.0,Going ahead other,2,Motorcycle over 500cc,No,Nearside,2005
20054100D0169,26 - 35,6.0,Urban area,2.0,2544.0,,,Other/Not known (2005-10),Not at or within 20 metres of junction,FORD,MONDEO GHIA X AUTO,Petrol,Female,,No tow/articulation,Did not leave carriageway,0.0,Parked,2,Taxi/Private hire car,No,Nearside,2005
20054100D0280,16 - 20,7.0,Urban area,7.0,1149.0,,,Other/Not known (2005-10),Mid Junction - on roundabout or on main road,RENAULT,CLIO RL PARIS,Petrol,Female,Skidded,No tow/articulation,Did not leave carriageway,0.0,Going ahead other,2,Car,No,Front,2005
20054100D0448,36 - 45,3.0,Urban area,7.0,4250.0,,,Journey as part of work,Entering roundabout,MERCEDES,,Heavy oil,Male,,No tow/articulation,Did not leave carriageway,0.0,Going ahead other,1,Goods over 3.5t. and under 7.5t,No,Front,2005
20054100D0537,26 - 35,1.0,Urban area,9.0,2178.0,,,Other/Not known (2005-10),Approaching junction or waiting/parked at junction approach,PEUGEOT,BOXER 330 LX MWB HDI,Heavy oil,Male,,No tow/articulation,Did not leave carriageway,0.0,Waiting to turn right,2,Van / Goods 3.5 tonnes mgw or under,No,Back,2005
20054100D0539,56 - 65,4.0,Urban area,10.0,1588.0,,,Journey as part of work,Mid Junction - on roundabout or on main road,ROVER,45 IL 16V,Petrol,Male,,No tow/articulation,Did not leave carriageway,0.0,Turning right,1,Car,No,Front,2005
20054100D0539,21 - 25,4.0,Data missing or out of range,,1753.0,,,Journey as part of work,Approaching junction or waiting/parked at junction approach,FORD,ESCORT 55TD,Heavy oil,Male,,No tow/articulation,Offside,0.0,Going ahead other,2,Van / Goods 3.5 tonnes mgw or under,No,Front,2005
20054100D0543,26 - 35,1.0,Urban area,3.0,1242.0,,,Journey as part of work,Not at or within 20 metres of junction,FIAT,PUNTO DYNAMIC 16V,Petrol,Male,,No tow/articulation,Did not leave carriageway,0.0,Going ahead other,1,Car,No,Offside,2005
20054100D0655,36 - 45,17.0,Data missing or out of range,,1392.0,,,Commuting to/from work,Approaching junction or waiting/parked at junction approach,FORD,ESCORT L 5SPD,Petrol,Male,,No tow/articulation,Did not leave carriageway,0.0,Slowing or stopping,2,Car,No,Back,2005
20054100D0655,26 - 35,5.0,Data missing or out of range,,1769.0,,,Taking pupil to/from school,Approaching junction or waiting/parked at junction approach,NISSAN,ALMERA TINO SE,Petrol,Male,,No tow/articulation,Did not leave carriageway,0.0,Waiting to go - held up,3,Car,No,Back,2005
20054100D0679,46 - 55,12.0,Urban area,9.0,1905.0,Parked vehicle,,Journey as part of work,Not at or within 20 metres of junction,CITROEN,ZX REFLEX DIESEL,Heavy oil,Male,Skidded,No tow/articulation,Did not leave carriageway,0.0,Going ahead other,1,Car,No,Front,2005
20054100D0685,36 - 45,1.0,Urban area,9.0,1988.0,,,Journey as part of work,Approaching junction or waiting/parked at junction approach,FORD,FOCUS ST170,Petrol,Male,Skidded,No tow/articulation,Did not leave carriageway,0.0,Going ahead other,2,Car,No,Front,2005
20054100D0689,66 - 75,3.0,Urban area,9.0,1783.0,,,Other/Not known (2005-10),Not at or within 20 metres of junction,RENAULT,LAGUNA PRIVILEGE 16V AUTO,Petrol,Male,,No tow/articulation,Did not leave carriageway,0.0,Waiting to go - held up,2,Car,No,Back,2005
20054100D0732,66 - 75,1.0,Urban area,9.0,1590.0,,,Other/Not known (2005-10),Cleared junction or waiting/parked at junction exit,HONDA,CIVIC VTEC EXECUTIVE,Petrol,Male,Skidded,No tow/articulation,Nearside,0.0,Going ahead other,3,Car,No,Front,2005
20054100D0743,46 - 55,2.0,Rural,7.0,2521.0,,,Other/Not known (2005-10),Not at or within 20 metres of junction,VOLVO,XC70 T SE AWD GEARTRONIC,Petrol,Male,,No tow/articulation,Did not leave carriageway,0.0,Going ahead other,1,Car,No,Did not impact,2005
20054100D0853,26 - 35,6.0,Urban area,2.0,1998.0,,,Other/Not known (2005-10),Mid Junction - on roundabout or on main road,VAUXHALL,VECTRA GLS 16V,Petrol,Male,Skidded,No tow/articulation,Nearside,0.0,Going ahead other,2,Car,No,Offside,2005
20054100D1015,26 - 35,,Urban area,7.0,12130.0,,,Other/Not known (2005-10),Not at or within 20 metres of junction,VOLVO,,Heavy oil,Male,,Articulated vehicle,Did not leave carriageway,0.0,Parked,2,Goods 7.5 tonnes mgw and over,No,Front,2005
20054100E0229,46 - 55,13.0,Urban area,4.0,2494.0,,,Other/Not known (2005-10),Approaching junction or waiting/parked at junction approach,BMW,325 I AUTO,Petrol,Male,,No tow/articulation,Did not leave carriageway,0.0,Slowing or stopping,1,Car,No,Front,2005
20054100E0370,26 - 35,9.0,Urban area,4.0,1896.0,,,Other/Not known (2005-10),Not at or within 20 metres of junction,VOLKSWAGEN,SHARAN GL,Heavy oil,Female,,No tow/articulation,Did not leave carriageway,8.0,Waiting to go - held up,2,Car,No,Back,2005
20054100E0377,26 - 35,15.0,Urban area,4.0,1796.0,,Telegraph or electricity pole,Other/Not known (2005-10),Cleared junction or waiting/parked at junction exit,BMW,518 I,Petrol,Male,Skidded,No tow/articulation,Offside,0.0,Turning right,1,Car,No,Front,2005
20054100E0527,26 - 35,18.0,Urban area,7.0,1580.0,,,Other/Not known (2005-10),Mid Junction - on roundabout or on main road,PEUGEOT,205 AUTOMATIC,Petrol,Male,,No tow/articulation,Did not leave carriageway,0.0,Going ahead other,1,Car,No,Back,2005
20054100E0597,66 - 75,11.0,Rural,6.0,1997.0,,,Other/Not known (2005-10),Entering roundabout,ROVER,620 I,Petrol,Male,,No tow/articulation,Did not leave carriageway,0.0,Going ahead other,1,Car,No,Front,2005
20054100E0597,21 - 25,9.0,Urban area,8.0,1124.0,,,Other/Not known (2005-10),Mid Junction - on roundabout or on main road,PEUGEOT,106 ESCAPADE,Petrol,Female,,No tow/articulation,Did not leave carriageway,0.0,Turning right,2,Car,No,Nearside,2005
20054100F4020,26 - 35,4.0,Urban area,,1242.0,,,Other/Not known (2005-10),Mid Junction - on roundabout or on main road,FIAT,PUNTO ELX 16V,Petrol,Female,Skidded,No tow/articulation,Did not leave carriageway,0.0,Overtaking - nearside,1,Car,No,Offside,2005
20054100F4161,26 - 35,14.0,Rural,8.0,1388.0,,,Taking pupil to/from school,Mid Junction - on roundabout or on main road,VAUXHALL,ASTRA LX,Petrol,Female,,No tow/articulation,Did not leave carriageway,0.0,Turning right,1,Car,No,Front,2005
20054100F4265,16 - 20,7.0,Urban area,6.0,1124.0,,,Other/Not known (2005-10),Mid Junction - on roundabout or on main road,PEUGEOT,106 XN ZEST 2,Petrol,Male,,No tow/articulation,Did not leave carriageway,0.0,Going ahead other,1,Car,No,Front,2005
20054100F4316,36 - 45,2.0,Urban area,10.0,3497.0,,,Other/Not known (2005-10),Not at or within 20 metres of junction,MITSUBISHI,SHOGUN ELEGANCE GDI A LWB,Petrol,Female,,No tow/articulation,Did not leave carriageway,0.0,Going ahead right-hand bend,2,Car,No,Offside,2005
20054100F4349,16 - 20,1.0,Urban area,10.0,1242.0,,,Other/Not known (2005-10),Entering roundabout,FIAT,PUNTO ACTIVE 8V,Petrol,Female,,No tow/articulation,Did not leave carriageway,0.0,Going ahead other,1,Car,No,Front,2005
20054100F4361,36 - 45,2.0,Small town,10.0,1588.0,,,Other/Not known (2005-10),Not at or within 20 metres of junction,ROVER,25 IXL STEPSPEED,Petrol,Male,,No tow/articulation,Did not leave carriageway,0.0,Going ahead other,2,Car,No,Offside,2005
20054100F4386,46 - 55,,Urban area,4.0,1997.0,,,Journey as part of work,Entering roundabout,FIAT,,Heavy oil,Male,,No tow/articulation,Did not leave carriageway,0.0,Turning right,1,Taxi/Private hire car,No,Front,2005
20054100F4457,26 - 35,5.0,Urban area,10.0,1998.0,,,Other/Not known (2005-10),Approaching junction or waiting/parked at junction approach,NISSAN,200 SX TOURING,Petrol,Male,,No tow/articulation,Did not leave carriageway,0.0,Going ahead other,1,Car,No,Front,2005
20054100F4498,16 - 20,9.0,Urban area,8.0,1998.0,,Telegraph or electricity pole,Other/Not known (2005-10),Not at or within 20 metres of junction,PEUGEOT,306 GTI-6,Petrol,Male,,No tow/articulation,Nearside and rebounded,0.0,Going ahead left-hand bend,1,Car,No,Offside,2005
20054100F4498,21 - 25,4.0,Urban area,10.0,2979.0,,,Other/Not known (2005-10),Not at or within 20 metres of junction,BMW,530I SE AUTO,Petrol,Male,,No tow/articulation,Did not leave carriageway,0.0,Going ahead right-hand bend,2,Car,No,Offside,2005
20054100F4504,36 - 45,1.0,Data missing or out of range,,1997.0,,,Commuting to/from work,Cleared junction or waiting/parked at junction exit,PEUGEOT,206 S,Heavy oil,Male,,No tow/articulation,Did not leave carriageway,0.0,Slowing or stopping,3,Car,No,Back,2005
20054100F4532,21 - 25,18.0,Data missing or out of range,,1490.0,,,Other/Not known (2005-10),Approaching junction or waiting/parked at junction approach,MAZDA,323 1.5 GLX,Petrol,Male,,No tow/articulation,Did not leave carriageway,0.0,Waiting to go - held up,1,Car,No,Nearside,2005
20054100F4559,26 - 35,1.0,Urban area,6.0,1339.0,,,Other/Not known (2005-10),Not at or within 20 metres of junction,HONDA,JAZZ SE,Petrol,Male,,No tow/articulation,Did not leave carriageway,0.0,Going ahead other,3,Car,No,Front,2005
20054100F4741,16 - 20,4.0,Data missing or out of range,,1299.0,,,Other/Not known (2005-10),Cleared junction or waiting/parked at junction exit,TOYOTA,YARIS SR,Petrol,Female,,No tow/articulation,Did not leave carriageway,0.0,Going ahead other,1,Car,No,Front,2005
20054100F4801,36 - 45,18.0,Rural,6.0,3528.0,,,Taking pupil to/from school,Not at or within 20 metres of junction,LAND ROVER,LR 110 V8 REG,Petrol,Male,,No tow/articulation,Did not leave carriageway,0.0,Going ahead right-hand bend,2,Car,No,Front,2005
20054100F4836,56 - 65,2.0,Small town,10.0,1389.0,,,Journey as part of work,Approaching junction or waiting/parked at junction approach,VAUXHALL,CORSA DESIGN 16V AUTO,Petrol,Male,,No tow/articulation,Did not leave carriageway,0.0,Going ahead other,2,Car,No,Front,2005
20054100F4984,16 - 20,5.0,Urban area,10.0,1868.0,,,Journey as part of work,Mid Junction - on roundabout or on main road,CITROEN,BERLINGO MULTISPACE D,Heavy oil,Male,,No tow/articulation,Did not leave carriageway,0.0,Turning right,1,Car,No,Offside,2005
20054100F5023,26 - 35,2.0,Urban area,4.0,625.0,,,Other/Not known (2005-10),Mid Junction - on roundabout or on main road,KTM,,Petrol,Male,,No tow/articulation,Did not leave carriageway,0.0,Going ahead other,2,Motorcycle over 500cc,No,Front,2005
20054100F5218,26 - 35,,Urban area,10.0,2497.0,,,Other/Not known (2005-10),Mid Junction - on roundabout or on main road,ROVER,75 CONTEMPORARY SE V6 A,Petrol,Male,,No tow/articulation,Did not leave carriageway,0.0,Going ahead other,1,Car,No,Front,2005
20054100G0006,36 - 45,5.0,Urban area,9.0,2597.0,,,Other/Not known (2005-10),Not at or within 20 metres of junction,VAUXHALL,VECTRA CDX V6,Petrol,Female,,No tow/articulation,Did not leave carriageway,0.0,Slowing or stopping,2,Car,No,Back,2005
20054100G0066,16 - 20,11.0,Data missing or out of range,,1343.0,,Tree,Other/Not known (2005-10),Not at or within 20 metres of junction,HONDA,CIVIC BALI,Petrol,Male,Overturned,No tow/articulation,Nearside,0.0,Going ahead other,1,Car,No,Front,2005
20054100G0077,21 - 25,1.0,Rural,6.0,1596.0,,Road sign or traffic signal,Journey as part of work,Mid Junction - on roundabout or on main road,FIAT,STILO ACTIVE SPORT 16V,Petrol,Male,,No tow/articulation,Offside,0.0,Overtaking static vehicle - offside,2,Car,No,Front,2005
20054100G0157,26 - 35,13.0,Urban area,3.0,954.0,,Other permanent object,Other/Not known (2005-10),Not at or within 20 metres of junction,CITROEN,AX DEBUT PLUS,Petrol,Male,Overturned,No tow/articulation,Offside and rebounded,0.0,Going ahead other,1,Car,No,Front,2005
20054100G0266,46 - 55,2.0,Urban area,10.0,1584.0,,,Other/Not known (2005-10),Approaching junction or waiting/parked at junction approach,MITSUBISHI,SPACE STAR MIRAGE,Petrol,Female,,No tow/articulation,Did not leave carriageway,0.0,Moving off,1,Car,No,Front,2005
20054100G0266,26 - 35,,Urban area,5.0,,,,Other/Not known (2005-10),Approaching junction or waiting/parked at junction approach,SUZUKI,SUPERCARRY TX,,Female,,No tow/articulation,Did not leave carriageway,0.0,Moving off,2,Car,No,Back,2005
20054100G0343,16 - 20,18.0,Urban area,8.0,1196.0,,,Other/Not known (2005-10),Approaching junction or waiting/parked at junction approach,VAUXHALL,NOVA ANTIBES,Petrol,Male,,No tow/articulation,Did not leave carriageway,0.0,Waiting to go - held up,2,Car,No,Back,2005
20054100G0437,66 - 75,5.0,Urban area,7.0,1341.0,,,Other/Not known (2005-10),Entering roundabout,HYUNDAI,ACCENT 1,Petrol,Male,,No tow/articulation,Did not leave carriageway,0.0,Going ahead other,1,Car,No,Front,2005
20054100G0501,16 - 20,14.0,Urban area,10.0,1360.0,,,Commuting to/from work,Approaching junction or waiting/parked at junction approach,PEUGEOT,309 TRIO S,Petrol,Male,,No tow/articulation,Did not leave carriageway,0.0,Slowing or stopping,1,Car,No,Front,2005
20054100G0501,36 - 45,3.0,Urban area,10.0,1339.0,,,Other/Not known (2005-10),Approaching junction or waiting/parked at junction approach,HONDA,JAZZ SE,Petrol,Female,,No tow/articulation,Did not leave carriageway,0.0,Going ahead other,2,Car,No,Back,2005
20054100G0553,Data missing or out of range,10.0,Small town,,1124.0,,,Other/Not known (2005-10),Approaching junction or waiting/parked at junction approach,PEUGEOT,106 MARDI GRAS,Petrol,Female,,No tow/articulation,Did not leave carriageway,0.0,Slowing or stopping,2,Car,No,Back,2005
20054100G0577,26 - 35,,Data missing or out of range,,,,,Other/Not known (2005-10),Not at or within 20 metres of junction,PEUGEOT,PARTNER 600 L DIESEL,,Male,,No tow/articulation,Did not leave carriageway,0.0,Going ahead right-hand bend,2,Car,No,Front,2005
20054100G0706,21 - 25,3.0,Urban area,7.0,1870.0,,,Commuting to/from work,Approaching junction or waiting/parked at junction approach,VOLVO,V40 DS,Heavy oil,Male,,No tow/articulation,Did not leave carriageway,0.0,U-turn,1,Car,No,Offside,2005
20054100G0924,16 - 20,3.0,Urban area,9.0,49.0,,,Journey as part of work,Mid Junction - on roundabout or on main road,HONDA,SH50,Petrol,Male,,No tow/articulation,Did not leave carriageway,0.0,Going ahead other,2,Motorcycle 50cc and under,No,Front,2005
20054100G0986,56 - 65,10.0,Small town,9.0,1120.0,,,Other/Not known (2005-10),Cleared junction or waiting/parked at junction exit,ROVER,100 KENSINGTON,Petrol,Female,,No tow/articulation,Did not leave carriageway,0.0,Going ahead other,2,Car,No,Front,2005
20054100J2006,36 - 45,5.0,Urban area,8.0,1590.0,,,Other/Not known (2005-10),Not at or within 20 metres of junction,SUZUKI,VITARA JX 4 U HARD-TOP,Petrol,Female,,No tow/articulation,Did not leave carriageway,0.0,Going ahead other,2,Car,No,Back,2005
20054100J2057,16 - 20,13.0,Urban area,4.0,1118.0,,,Other/Not known (2005-10),Approaching junction or waiting/parked at junction approach,FORD,FIESTA FANFARE,Petrol,Male,,No tow/articulation,Did not leave carriageway,0.0,Going ahead left-hand bend,1,Car,No,Front,2005
20054100J2152,36 - 45,19.0,Urban area,10.0,123.0,,,Commuting to/from work,Not at or within 20 metres of junction,VESPA (DOUGLAS),,Petrol,Male,,No tow/articulation,Did not leave carriageway,0.0,Going ahead other,2,Motorcycle 125cc and under,No,Nearside,2005
20054100J2162,21 - 25,10.0,Urban area,9.0,1341.0,,,Other/Not known (2005-10),Leaving main road,HYUNDAI,ACCENT COUPE SI,Petrol,Female,,No tow/articulation,Did not leave carriageway,0.0,Turning right,1,Car,No,Front,2005
20054100J2297,46 - 55,3.0,Data missing or out of range,,7300.0,,,Journey as part of work,Approaching junction or waiting/parked at junction approach,VOLVO,,Heavy oil,Male,Skidded,No tow/articulation,Did not leave carriageway,0.0,Going ahead other,1,Bus or coach (17 or more pass seats),No,Front,2005
20054100J2356,26 - 35,6.0,Urban area,2.0,1498.0,,,Other/Not known (2005-10),Cleared junction or waiting/parked at junction exit,MAZDA,323F GXI,Petrol,Not known,,No tow/articulation,Did not leave carriageway,6.0,Parked,3,Car,No,Back,2005
20054100J2565,26 - 35,1.0,Urban area,2.0,1360.0,,,Other/Not known (2005-10),Mid Junction - on roundabout or on main road,PEUGEOT,307 S 90,Petrol,Female,,No tow/articulation,Did not leave carriageway,0.0,Going ahead other,2,Car,No,Front,2005
20054100J2658,26 - 35,1.0,Urban area,4.0,1910.0,,Other permanent object,Other/Not known (2005-10),Mid Junction - on roundabout or on main road,VAUXHALL,VECTRA LS CDTI,Heavy oil,Male,,No tow/articulation,Nearside,0.0,Turning right,1,Car,No,Front,2005
20054100J2682,66 - 75,4.0,Urban area,7.0,2198.0,,,Other/Not known (2005-10),Not at or within 20 metres of junction,VAUXHALL,OMEGA CD AUTO,Petrol,Male,,No tow/articulation,Did not leave carriageway,0.0,Slowing or stopping,2,Car,No,Back,2005
20054100J2844,16 - 20,7.0,Urban area,8.0,1242.0,Kerb,,Other/Not known (2005-10),Not at or within 20 metres of junction,FIAT,PUNTO SX 60,Petrol,Female,Overturned,No tow/articulation,Did not leave carriageway,0.0,Going ahead other,1,Car,No,Front,2005
20054100K0068,Data missing or out of range,1.0,Data missing or out of range,,2170.0,,,Commuting to/from work,Approaching junction or waiting/parked at junction approach,SAAB,9-3 LINEAR TID,Heavy oil,Male,,No tow/articulation,Did not leave carriageway,0.0,Slowing or stopping,2,Car,No,Front,2005
20054100K0077,26 - 35,6.0,Urban area,3.0,8970.0,,Near/Offside crash barrier,Journey as part of work,Mid Junction - on roundabout or on main road,SCANIA,,Heavy oil,Male,Overturned,No tow/articulation,Nearside,0.0,Going ahead right-hand bend,1,Goods 7.5 tonnes mgw and over,No,Nearside,2005
20054100K0102,36 - 45,2.0,Urban area,7.0,2685.0,,,Other/Not known (2005-10),Approaching junction or waiting/parked at junction approach,JEEP,GR CHEROKEE CRD OV-LAND A,Heavy oil,Female,,No tow/articulation,Did not leave carriageway,0.0,Turning right,1,Car,No,Offside,2005
20054100K0178,36 - 45,8.0,Data missing or out of range,,1781.0,,,Other/Not known (2005-10),Cleared junction or waiting/parked at junction exit,AUDI,A4 1.8T,Petrol,Male,,No tow/articulation,Did not leave carriageway,0.0,Slowing or stopping,1,Car,No,Front,2005
20054100K0178,16 - 20,13.0,Urban area,6.0,1118.0,,,Other/Not known (2005-10),Cleared junction or waiting/parked at junction exit,FORD,FIESTA FANFARE,Petrol,Female,,No tow/articulation,Did not leave carriageway,0.0,Waiting to go - held up,2,Car,No,Back,2005
20054100K0341,Data missing or out of range,3.0,Data missing or out of range,,1598.0,,,Other/Not known (2005-10),Not at or within 20 metres of junction,VAUXHALL,ASTRA ENVOY 8V,Petrol,Male,,No tow/articulation,Did not leave carriageway,0.0,Going ahead other,1,Car,No,Front,2005
20054100K0374,36 - 45,7.0,Urban area,5.0,1389.0,,,Other/Not known (2005-10),Approaching junction or waiting/parked at junction approach,VAUXHALL,CORSA LS 1.4I AUTO,Petrol,Female,,No tow/articulation,Did not leave carriageway,0.0,Going ahead other,1,Car,No,Front,2005
20054100K0374,21 - 25,2.0,Urban area,4.0,2402.0,,,Journey as part of work,Mid Junction - on roundabout or on main road,FORD,TRANSIT 350 LWB TD,Heavy oil,Male,,No tow/articulation,Did not leave carriageway,0.0,Moving off,2,Van / Goods 3.5 tonnes mgw or under,No,Front,2005
20054100K0504,56 - 65,1.0,Small town,10.0,1299.0,,Near/Offside crash barrier,Other/Not known (2005-10),Not at or within 20 metres of junction,TOYOTA,YARIS T SPIRIT,Petrol,Male,Overturned,No tow/articulation,Did not leave carriageway,0.0,Going ahead other,1,Car,No,Nearside,2005
20054100K0681,56 - 65,12.0,Urban area,5.0,1997.0,,,Other/Not known (2005-10),Approaching junction or waiting/parked at junction approach,ROVER,620 SI AUTO,Petrol,Female,,No tow/articulation,Did not leave carriageway,0.0,Moving off,1,Car,No,Front,2005
20054100K0747,46 - 55,,Urban area,5.0,,,,Other/Not known (2005-10),Mid Junction - on roundabout or on main road,MERCEDES,208D SWB,,Male,,No tow/articulation,Did not leave carriageway,0.0,Going ahead other,2,Car,No,Front,2005
20054100T1019,26 - 35,3.0,Data missing or out of range,,4580.0,,Near/Offside crash barrier,Journey as part of work,Cleared junction or waiting/parked at junction exit,MAN,,Heavy oil,Male,Skidded and overturned,Articulated vehicle,Nearside,0.0,Going ahead other,2,Goods 7.5 tonnes mgw and over,No,Offside,2005
20054100T1029,26 - 35,9.0,Urban area,3.0,1796.0,,,Other/Not known (2005-10),Not at or within 20 metres of junction,FORD,ESCORT GHIA X,Petrol,Male,,No tow/articulation,Did not leave carriageway,0.0,Slowing or stopping,2,Car,No,Back,2005
20054100T1041,36 - 45,,Urban area,9.0,,,,Commuting to/from work,Not at or within 20 metres of junction,FORD,TRANSIT 280 SWB TD,,Male,,No tow/articulation,Did not leave carriageway,0.0,Slowing or stopping,2,Car,No,Front,2005
20054100T1061,36 - 45,2.0,Urban area,4.0,1896.0,,,Other/Not known (2005-10),Not at or within 20 metres of junction,VOLKSWAGEN,SHARAN SPORT TDI,Heavy oil,Male,,No tow/articulation,Did not leave carriageway,0.0,Slowing or stopping,2,Car,No,Back,2005
20054100T1110,36 - 45,4.0,Small town,10.0,6240.0,,,Journey as part of work,Not at or within 20 metres of junction,DAF TRUCKS,FA65CF.210,Heavy oil,Male,Skidded,No tow/articulation,Did not leave carriageway,0.0,Going ahead other,1,Goods 7.5 tonnes mgw and over,No,Front,2005
20054100T1145,21 - 25,2.0,Data missing or out of range,,600.0,,Central crash barrier,Other/Not known (2005-10),Not at or within 20 metres of junction,YAMAHA,,Petrol,Male,Skidded,No tow/articulation,Offside on to centrl res + rebounded,0.0,Going ahead left-hand bend,1,Motorcycle over 500cc,No,Offside,2005
20054100T1159,26 - 35,11.0,Small town,6.0,1991.0,,Central crash barrier,Other/Not known (2005-10),Not at or within 20 metres of junction,MAZDA,626 GLX ABS,Petrol,Male,,No tow/articulation,Offside on to centrl res + rebounded,0.0,Going ahead right-hand bend,1,Car,No,Front,2005
20054100T1178,26 - 35,10.0,Urban area,4.0,1495.0,,,Other/Not known (2005-10),Not at or within 20 metres of junction,HYUNDAI,S-COUPE MVI,Petrol,Male,,No tow/articulation,Did not leave carriageway,0.0,Going ahead other,3,Car,No,Back,2005
20054100T1196,26 - 35,1.0,Urban area,7.0,5880.0,,,Journey as part of work,Not at or within 20 metres of junction,IVECO-FORD,,Heavy oil,Male,Skidded,No tow/articulation,Nearside,0.0,Slowing or stopping,1,Goods over 3.5t. and under 7.5t,No,Front,2005
20054100T1205,26 - 35,3.0,Small town,8.0,12130.0,,,Journey as part of work,Not at or within 20 metres of junction,VOLVO,,Heavy oil,Male,,No tow/articulation,Did not leave carriageway,0.0,Going ahead other,3,Goods 7.5 tonnes mgw and over,No,Offside,2005
20054100T1211,46 - 55,1.0,Urban area,5.0,1587.0,,,Other/Not known (2005-10),Not at or within 20 metres of junction,PEUGEOT,206 ALLURE AUTO,Petrol,Male,Skidded,No tow/articulation,Nearside,0.0,Going ahead other,2,Car,No,Nearside,2005
20054100T1221,26 - 35,7.0,Urban area,6.0,2664.0,,,Other/Not known (2005-10),Not at or within 20 metres of junction,NISSAN,TERRANO II TDI SE TOURING,Heavy oil,Male,,No tow/articulation,Did not leave carriageway,0.0,Slowing or stopping,3,Car,No,Back,2005
20054100T1288,36 - 45,,Urban area,5.0,2401.0,,,Other/Not known (2005-10),Not at or within 20 metres of junction,VOLVO,S80 SE D5 AUTO,Heavy oil,Male,Skidded,No tow/articulation,Did not leave carriageway,0.0,Going ahead other,1,Car,No,Front,2005
20054100T1355,26 - 35,7.0,Urban area,8.0,1149.0,,,Other/Not known (2005-10),Not at or within 20 metres of junction,RENAULT,CLIO RL PARIS,Petrol,Male,,No tow/articulation,Did not leave carriageway,0.0,Going ahead other,2,Car,No,Front,2005
20054100T1355,66 - 75,,Urban area,1.0,1896.0,,,Other/Not known (2005-10),Not at or within 20 metres of junction,VOLKSWAGEN,PASSAT TRENDLINE TDI 100,Heavy oil,Male,,No tow/articulation,Did not leave carriageway,0.0,Going ahead other,3,Car,No,Back,2005
20054100T1358,36 - 45,,Urban area,,1248.0,,Near/Offside crash barrier,Other/Not known (2005-10),Not at or within 20 metres of junction,VAUXHALL,CORSA BREEZE CDTI,Heavy oil,Female,Skidded and overturned,No tow/articulation,Nearside and rebounded,0.0,Going ahead other,2,Car,No,Back,2005
20054100T1373,26 - 35,,Urban area,1.0,11705.0,,,Journey as part of work,Not at or within 20 metres of junction,SCANIA,,Heavy oil,Male,,Articulated vehicle,Did not leave carriageway,0.0,Changing lane to right,2,Goods 7.5 tonnes mgw and over,No,Back,2005
20054100T2004,36 - 45,11.0,Small town,10.0,2598.0,,,Other/Not known (2005-10),Not at or within 20 metres of junction,AUDI,A6 2.6 SE AUTO,Petrol,Male,Skidded,No tow/articulation,Did not leave carriageway,0.0,Overtaking moving vehicle - offside,1,Car,No,Front,2005
20054100T2044,26 - 35,3.0,Data missing or out of range,,2494.0,Any animal (except ridden horse),Near/Offside crash barrier,Other/Not known (2005-10),Not at or within 20 metres of junction,BMW,325 CI SPORT,Petrol,Male,Skidded and overturned,No tow/articulation,Nearside,0.0,Slowing or stopping,1,Car,No,Back,2005
20054100T2069,21 - 25,3.0,Small town,9.0,599.0,,Central crash barrier,Other/Not known (2005-10),Not at or within 20 metres of junction,HONDA,CBR600F-2,Petrol,Male,Skidded,No tow/articulation,Offside on to centrl res + rebounded,0.0,Going ahead other,1,Motorcycle over 500cc,No,Front,2005
20054100T2074,26 - 35,1.0,Urban area,7.0,2172.0,,,Commuting to/from work,Not at or within 20 metres of junction,VAUXHALL,SIGNUM DESIGN DTI,Heavy oil,Male,,No tow/articulation,Did not leave carriageway,0.0,Slowing or stopping,2,Car,No,Back,2005
20054100T2074,26 - 35,6.0,Data missing or out of range,,1598.0,,,Other/Not known (2005-10),Not at or within 20 metres of junction,VAUXHALL,VECTRA ENVOY,Petrol,Female,,No tow/articulation,Did not leave carriageway,0.0,Slowing or stopping,3,Car,No,Back,2005
20054100T2098,56 - 65,12.0,Small town,5.0,9603.0,,,Journey as part of work,Not at or within 20 metres of junction,VOLVO,,Heavy oil,Male,,No tow/articulation,Nearside,0.0,Going ahead other,2,Goods 7.5 tonnes mgw and over,No,Back,2005
20054100T2128,56 - 65,3.0,Urban area,5.0,1951.0,,,Other/Not known (2005-10),Not at or within 20 metres of junction,LAND ROVER,FREELANDER TD4 GS,Heavy oil,Male,,No tow/articulation,Did not leave carriageway,0.0,Waiting to go - held up,3,Car,No,Back,2005
20054100T2138,26 - 35,3.0,Small town,4.0,1988.0,,,Commuting to/from work,Not at or within 20 metres of junction,FORD,FOCUS ST170,Petrol,Male,,No tow/articulation,Did not leave carriageway,0.0,Going ahead other,1,Car,No,Front,2005
20054100T3044,36 - 45,,Urban area,1.0,1910.0,,Near/Offside crash barrier,Journey as part of work,Not at or within 20 metres of junction,VAUXHALL,VECTRA SXI CDTI,Heavy oil,Female,Skidded,No tow/articulation,Nearside and rebounded,0.0,Going ahead other,2,Car,No,Nearside,2005
20054100T3048,36 - 45,12.0,Urban area,6.0,2150.0,,,Commuting to/from work,Not at or within 20 metres of junction,HONDA,,Petrol,Female,,No tow/articulation,Did not leave carriageway,0.0,Slowing or stopping,2,Car,No,Back,2005
20054100T3099,56 - 65,3.0,Urban area,8.0,11967.0,,,Journey as part of work,Not at or within 20 metres of junction,MAN,,Heavy oil,Male,,Articulated vehicle,Did not leave carriageway,0.0,Going ahead other,2,Goods 7.5 tonnes mgw and over,No,Front,2005
20054100T3149,26 - 35,2.0,Urban area,3.0,2800.0,,,Journey as part of work,Not at or within 20 metres of junction,IVECO,,Heavy oil,Male,,No tow/articulation,Did not leave carriageway,0.0,Slowing or stopping,2,Van / Goods 3.5 tonnes mgw or under,No,Back,2005