Accident_Index,Age_Band_of_Driver,Age_of_Vehicle,Driver_Home_Area_Type,Driver_IMD_Decile,Engine_Capacity_.CC.,Hit_Object_in_Carriageway,Hit_Object_off_Carriageway,Journey_Purpose_of_Driver,Junction_Location,make,model,Propulsion_Code,Sex_of_Driver,Skidding_and_Overturning,Towing_and_Articulation,Vehicle_Leaving_Carriageway,Vehicle_Location.Restricted_Lane,Vehicle_Manoeuvre,Vehicle_Reference,Vehicle_Type,Was_Vehicle_Left_Hand_Drive,X1st_Point_of_Impact,Year
20054100T3197,26 - 35,3.0,Small town,6.0,998.0,Open door of vehicle,,Other/Not known (2005-10),Not at or within 20 metres of junction,DUCATI,998 BIP,Petrol,Male,Skidded,No tow/articulation,Did not leave carriageway,0.0,Going ahead other,2,Motorcycle over 500cc,No,Front,2005
20054100T3212,36 - 45,1.0,Data missing or out of range,,1461.0,,,Other/Not known (2005-10),Not at or within 20 metres of junction,RENAULT,MEGANE DYNAMIQUE DCI 80,Heavy oil,Male,,No tow/articulation,Did not leave carriageway,0.0,Slowing or stopping,2,Car,No,Back,2005
20054100T3231,26 - 35,6.0,Data missing or out of range,,1896.0,,,Other/Not known (2005-10),Not at or within 20 metres of junction,FORD,GALAXY ZETEC TD,Heavy oil,Male,,No tow/articulation,Did not leave carriageway,0.0,Going ahead other,2,Car,No,Back,2005
20054100T3233,36 - 45,,Urban area,9.0,1598.0,,,Commuting to/from work,Not at or within 20 metres of junction,VAUXHALL,ASTRA DESIGN TWINPORT,Petrol,Male,,No tow/articulation,Did not leave carriageway,0.0,Slowing or stopping,1,Car,No,Front,2005
20054100T3237,26 - 35,1.0,Data missing or out of range,,1994.0,,,Other/Not known (2005-10),Not at or within 20 metres of junction,SUBARU,IMPREZA GX SPORT AWD,Petrol,Male,Skidded,No tow/articulation,Did not leave carriageway,0.0,Slowing or stopping,1,Car,No,Front,2005
20054100T3244,36 - 45,3.0,Urban area,9.0,1896.0,,,Commuting to/from work,Not at or within 20 metres of junction,SEAT,ALHAMBRA TDI SE TIPTRONIC,Heavy oil,Male,,No tow/articulation,Did not leave carriageway,0.0,Going ahead other,2,Car,No,Front,2005
20054100T3263,56 - 65,1.0,Data missing or out of range,,1870.0,,,Commuting to/from work,Not at or within 20 metres of junction,RENAULT,GRND SCENIC PRIVILEGE DCI,Heavy oil,Male,,No tow/articulation,Did not leave carriageway,0.0,Slowing or stopping,3,Car,No,Back,2005
20054100T3283,26 - 35,,Urban area,3.0,2800.0,,,Journey as part of work,Not at or within 20 metres of junction,FIAT,DUCATO 18 JTD LWB,Heavy oil,Male,,No tow/articulation,Did not leave carriageway,0.0,Slowing or stopping,3,Van / Goods 3.5 tonnes mgw or under,No,Front,2005
20054100Z9995,21 - 25,3.0,Urban area,4.0,1149.0,,,Other/Not known (2005-10),Mid Junction - on roundabout or on main road,RENAULT,CLIO EXPRESSION+ 16V,Petrol,Female,,No tow/articulation,Did not leave carriageway,0.0,Going ahead other,1,Car,No,Front,2005
200542A007702,36 - 45,,Urban area,8.0,,,,Journey as part of work,Not at or within 20 metres of junction,FORD,TRAN CONNECT L 200 TD SWB,,Male,,No tow/articulation,Did not leave carriageway,0.0,Waiting to go - held up,3,Car,No,Back,2005
200542A011503,Data missing or out of range,,Data missing or out of range,,,,,Other/Not known (2005-10),Not at or within 20 metres of junction,FIAT,FIORINO 1.7 TD,,Not known,,No tow/articulation,Did not leave carriageway,0.0,Parked,2,Car,No,Back,2005
200542A012003,46 - 55,4.0,Rural,7.0,1149.0,,,Commuting to/from work,Not at or within 20 metres of junction,RENAULT,CLIO DYNAMIQUE 16V,Petrol,Male,,No tow/articulation,Nearside,0.0,Going ahead other,2,Car,No,Front,2005
200542A018604,36 - 45,8.0,Urban area,6.0,11705.0,,,Journey as part of work,Not at or within 20 metres of junction,SCANIA,,Heavy oil,Male,Skidded,No tow/articulation,Did not leave carriageway,0.0,Going ahead other,1,Goods 7.5 tonnes mgw and over,No,Offside,2005
200542A022905,Data missing or out of range,12.0,Data missing or out of range,,1597.0,,,Other/Not known (2005-10),Not at or within 20 metres of junction,MITSUBISHI,COLT GLXI AUTO,Petrol,Not known,,No tow/articulation,Did not leave carriageway,0.0,Parked,3,Car,No,Back,2005
200542A026604,56 - 65,9.0,Small town,10.0,885.0,,,Other/Not known (2005-10),Not at or within 20 metres of junction,TRIUMPH,,Petrol,Male,Skidded,No tow/articulation,Did not leave carriageway,0.0,Going ahead other,1,Motorcycle over 500cc,No,Front,2005
200542A026604,56 - 65,,Rural,3.0,1450.0,,,Other/Not known (2005-10),Not at or within 20 metres of junction,HARLEY-DAVIDSON,FLHRCI ROAD KING CLA,Petrol,Male,,No tow/articulation,Did not leave carriageway,0.0,Slowing or stopping,2,Motorcycle over 500cc,No,Back,2005
200542A028606,36 - 45,6.0,Urban area,4.0,599.0,,,Other/Not known (2005-10),Mid Junction - on roundabout or on main road,KAWASAKI,ZX600-G2,Petrol,Male,Skidded and overturned,No tow/articulation,Nearside,0.0,Going ahead right-hand bend,1,Motorcycle over 500cc,No,Offside,2005
200542A030306,16 - 20,11.0,Urban area,6.0,1171.0,,Central crash barrier,Other/Not known (2005-10),Not at or within 20 metres of junction,RENAULT,CLIO RN LIBERTE,Petrol,Female,Skidded and overturned,No tow/articulation,Nearside,0.0,Going ahead other,1,Car,No,Front,2005
200542A037505,36 - 45,8.0,Urban area,7.0,1998.0,,,Other/Not known (2005-10),Mid Junction - on roundabout or on main road,CITROEN,XANTIA ACTIVA TURBO,Petrol,Female,,No tow/articulation,Did not leave carriageway,0.0,Slowing or stopping,2,Car,No,Nearside,2005
200542A040908,46 - 55,,Urban area,6.0,,,,Other/Not known (2005-10),Not at or within 20 metres of junction,VAUXHALL,COMBO 1700 CDTI 16V,,Female,,No tow/articulation,Did not leave carriageway,0.0,Going ahead other,2,Car,No,Front,2005
200542A040908,36 - 45,18.0,Urban area,4.0,1117.0,,,Other/Not known (2005-10),Not at or within 20 metres of junction,FORD,FIESTA FESTIVAL,Petrol,Female,,No tow/articulation,Did not leave carriageway,0.0,Going ahead other,3,Car,No,Back,2005
200542A046709,21 - 25,11.0,Urban area,10.0,1108.0,,,Commuting to/from work,Not at or within 20 metres of junction,FIAT,PUNTO 55 SX,Petrol,Female,Skidded,No tow/articulation,Did not leave carriageway,0.0,Slowing or stopping,1,Car,No,Front,2005
200542A047809,46 - 55,,Urban area,10.0,,,,Journey as part of work,Not at or within 20 metres of junction,VAUXHALL,COMBO DUALFUEL,,Male,,No tow/articulation,Did not leave carriageway,0.0,Parked,1,Car,No,Offside,2005
200542A047809,36 - 45,5.0,Rural,5.0,4580.0,,,Journey as part of work,Not at or within 20 metres of junction,MAN,,Heavy oil,Male,,No tow/articulation,Did not leave carriageway,0.0,Overtaking static vehicle - offside,2,Goods over 3.5t. and under 7.5t,No,Nearside,2005
200542A048909,66 - 75,2.0,Rural,5.0,1951.0,,,Other/Not known (2005-10),Mid Junction - on roundabout or on main road,ROVER,75 CLASSIC CDT SE,Heavy oil,Male,,No tow/articulation,Did not leave carriageway,0.0,Slowing or stopping,2,Car,No,Front,2005
200542A052410,56 - 65,9.0,Urban area,2.0,9600.0,,,Journey as part of work,Mid Junction - on roundabout or on main road,VOLVO,,Heavy oil,Male,,No tow/articulation,Did not leave carriageway,0.0,Going ahead other,1,Bus or coach (17 or more pass seats),No,Front,2005
200542A055110,21 - 25,2.0,Urban area,3.0,698.0,,,Journey as part of work,Not at or within 20 metres of junction,SMART,CITY PURE 61 AUTO,Petrol,Female,,No tow/articulation,Did not leave carriageway,0.0,Slowing or stopping,1,Car,No,Back,2005
200542A056910,21 - 25,6.0,Rural,8.0,1389.0,,,Journey as part of work,Approaching junction or waiting/parked at junction approach,VAUXHALL,CORSA CDX 16V,Petrol,Female,,No tow/articulation,Did not leave carriageway,0.0,Turning right,1,Car,No,Front,2005
200542A056910,66 - 75,11.0,Rural,8.0,2935.0,,,Other/Not known (2005-10),Approaching junction or waiting/parked at junction approach,FORD,GRANADA SCORPIO 24V A,Petrol,Male,,No tow/articulation,Did not leave carriageway,0.0,Going ahead other,2,Car,No,Front,2005
200542A057110,26 - 35,8.0,Data missing or out of range,,3301.0,,,Other/Not known (2005-10),Not at or within 20 metres of junction,CHRYSLER,,Petrol,Male,,No tow/articulation,Did not leave carriageway,0.0,Slowing or stopping,1,Car,No,Front,2005
200542A057410,56 - 65,1.0,Data missing or out of range,,12130.0,,,Journey as part of work,Not at or within 20 metres of junction,VOLVO,,Heavy oil,Male,,Articulated vehicle,Did not leave carriageway,0.0,Waiting to go - held up,4,Goods 7.5 tonnes mgw and over,No,Back,2005
200542A066011,46 - 55,2.0,Small town,9.0,2393.0,,,Other/Not known (2005-10),Cleared junction or waiting/parked at junction exit,AUDI,A4 SPORT CABRIOLET AUTO,Petrol,Male,,No tow/articulation,Did not leave carriageway,0.0,Turning right,1,Car,No,Offside,2005
200542A068011,46 - 55,12.0,Rural,7.0,1985.0,,,Other/Not known (2005-10),Not at or within 20 metres of junction,SAAB,900 T16,Petrol,Male,,No tow/articulation,Did not leave carriageway,0.0,Reversing,2,Car,No,Back,2005
200542A076512,21 - 25,8.0,Urban area,5.0,1242.0,Parked vehicle,,Other/Not known (2005-10),Not at or within 20 metres of junction,FORD,FIESTA FUSION,Petrol,Male,,No tow/articulation,Did not leave carriageway,0.0,Going ahead other,1,Car,No,Front,2005
200542B000701,21 - 25,1.0,Urban area,7.0,1390.0,,,Commuting to/from work,Approaching junction or waiting/parked at junction approach,RENAULT,CLIO EXPRESSION 16V AUTO,Petrol,Female,Skidded,No tow/articulation,Did not leave carriageway,0.0,Waiting to turn left,1,Car,No,Front,2005
200542B002501,21 - 25,14.0,Urban area,1.0,1596.0,,,Other/Not known (2005-10),Not at or within 20 metres of junction,FORD,ESCORT 1600 GHIA,Petrol,Male,Skidded,No tow/articulation,Did not leave carriageway,0.0,Overtaking moving vehicle - offside,1,Car,No,Nearside,2005
200542B006503,26 - 35,5.0,Urban area,7.0,1598.0,,,Commuting to/from work,Not at or within 20 metres of junction,RENAULT,MEGANE SPORT ALIZE,Petrol,Female,Skidded,No tow/articulation,Did not leave carriageway,0.0,Slowing or stopping,1,Car,No,Front,2005
200542B009804,66 - 75,13.0,Urban area,6.0,1118.0,,,Commuting to/from work,Leaving main road,ROVER,METRO QUEST PLUS,Petrol,Male,,No tow/articulation,Nearside,0.0,Changing lane to right,1,Car,No,Offside,2005
200542B013203,21 - 25,2.0,Urban area,9.0,1598.0,,,Other/Not known (2005-10),Not at or within 20 metres of junction,MERCEDES,A160 ELEGANCE,Petrol,Female,,No tow/articulation,Did not leave carriageway,0.0,Slowing or stopping,1,Car,No,Back,2005
200542B017906,26 - 35,,Data missing or out of range,,,,,Other/Not known (2005-10),Mid Junction - on roundabout or on main road,FIAT,DUCATO 15 JTD SWB,,Male,Skidded,No tow/articulation,Did not leave carriageway,0.0,Going ahead other,2,Taxi/Private hire car,No,Front,2005
200542B019205,36 - 45,10.0,Urban area,10.0,1590.0,,,Other/Not known (2005-10),Not at or within 20 metres of junction,ROVER,216 CABRIOLET SE,Petrol,Female,,No tow/articulation,Did not leave carriageway,0.0,Going ahead other,2,Car,No,Front,2005
200542B024806,66 - 75,11.0,Urban area,7.0,1597.0,,,Other/Not known (2005-10),Not at or within 20 metres of junction,FORD,ESCORT L SPECIAL EDITION,Petrol,Female,,No tow/articulation,Did not leave carriageway,0.0,Going ahead left-hand bend,1,Car,No,Nearside,2005
200542B025907,21 - 25,5.0,Urban area,9.0,1199.0,,,Commuting to/from work,Approaching junction or waiting/parked at junction approach,VAUXHALL,CORSA COMFORT 16V,Petrol,Female,,No tow/articulation,Did not leave carriageway,0.0,Waiting to turn left,2,Car,No,Back,2005
200542B030308,36 - 45,10.0,Data missing or out of range,,1052.0,,Near/Offside crash barrier,Other/Not known (2005-10),Entering from slip road,KAWASAKI,,Petrol,Male,Skidded,No tow/articulation,Nearside,0.0,Moving off,2,Motorcycle over 500cc,No,Front,2005
200542B032809,46 - 55,5.0,Urban area,3.0,1997.0,,,Journey as part of work,Not at or within 20 metres of junction,PEUGEOT,406 GLX HDI(110),Heavy oil,Male,,No tow/articulation,Did not leave carriageway,0.0,Slowing or stopping,1,Taxi/Private hire car,No,Front,2005
200542B035810,56 - 65,15.0,Urban area,1.0,1998.0,,,Other/Not known (2005-10),Cleared junction or waiting/parked at junction exit,FORD,GRANADA GHIA XI AUTO,Petrol,Male,,No tow/articulation,Did not leave carriageway,0.0,Slowing or stopping,1,Car,No,Front,2005
200542B035810,26 - 35,1.0,Urban area,6.0,2953.0,,,Journey as part of work,Cleared junction or waiting/parked at junction exit,NISSAN,CABSTAR 34.10 SWB,Heavy oil,Male,,No tow/articulation,Did not leave carriageway,0.0,Slowing or stopping,2,Van / Goods 3.5 tonnes mgw or under,No,Back,2005
200542B037107,21 - 25,8.0,Urban area,8.0,1597.0,,,Other/Not known (2005-10),Not at or within 20 metres of junction,MITSUBISHI,CARISMA GLXI,Petrol,Male,Skidded,No tow/articulation,Did not leave carriageway,0.0,Going ahead other,1,Car,No,Front,2005
200542B037810,46 - 55,2.0,Urban area,3.0,1590.0,,,Other/Not known (2005-10),Not at or within 20 metres of junction,HONDA,CIVIC VTEC SE SPORT,Petrol,Female,Skidded,No tow/articulation,Did not leave carriageway,0.0,Going ahead other,1,Car,No,Front,2005
200542B038110,21 - 25,,Urban area,2.0,1248.0,,,Journey as part of work,Approaching junction or waiting/parked at junction approach,VAUXHALL,CORSA BREEZE CDTI,Heavy oil,Female,,No tow/articulation,Did not leave carriageway,0.0,Going ahead other,1,Car,No,Front,2005
200542B039810,36 - 45,11.0,Urban area,1.0,1296.0,,,Other/Not known (2005-10),Approaching junction or waiting/parked at junction approach,FORD,FIESTA MISTRAL,Petrol,Female,,No tow/articulation,Did not leave carriageway,0.0,Waiting to go - held up,3,Car,No,Back,2005
200542B044611,46 - 55,2.0,Urban area,4.0,1998.0,,,Other/Not known (2005-10),Not at or within 20 metres of junction,FORD,MONDEO GRAPHITE TDCI,Heavy oil,Female,,No tow/articulation,Did not leave carriageway,0.0,Going ahead right-hand bend,2,Car,No,Front,2005
200542B045411,46 - 55,7.0,Urban area,10.0,1597.0,,,Other/Not known (2005-10),Approaching junction or waiting/parked at junction approach,FORD,ESCORT FINESSE 16V,Petrol,Female,,No tow/articulation,Did not leave carriageway,0.0,Slowing or stopping,2,Car,No,Front,2005
200542B046412,26 - 35,,Urban area,8.0,1598.0,,,Other/Not known (2005-10),Entering roundabout,VAUXHALL,ASTRA SXI TWINPORT,Petrol,Male,,No tow/articulation,Did not leave carriageway,0.0,Waiting to go - held up,2,Car,No,Back,2005
200542B047011,46 - 55,,Data missing or out of range,,3311.0,,,Commuting to/from work,Not at or within 20 metres of junction,LEXUS,RX400 H SE CVT,Hybrid electric,Male,,No tow/articulation,Did not leave carriageway,0.0,Going ahead other,2,Car,No,Back,2005
200542B047112,26 - 35,1.0,Urban area,8.0,2926.0,,,Other/Not known (2005-10),Not at or within 20 metres of junction,LAND ROVER,RANGEROVER VOGUE,Heavy oil,Female,,No tow/articulation,Did not leave carriageway,0.0,Turning right,2,Car,No,Back,2005
200542B049912,26 - 35,6.0,Data missing or out of range,,1905.0,,,Other/Not known (2005-10),Cleared junction or waiting/parked at junction exit,CITROEN,RELAY 1000D,Heavy oil,Male,,No tow/articulation,Did not leave carriageway,0.0,Turning right,1,Van / Goods 3.5 tonnes mgw or under,No,Did not impact,2005
200542B050212,36 - 45,1.0,Urban area,8.0,1951.0,,,Other/Not known (2005-10),Not at or within 20 metres of junction,LAND ROVER,FREELANDER TD4 PREMIUM SP,Heavy oil,Female,,No tow/articulation,Did not leave carriageway,0.0,Parked,2,Car,No,Front,2005
200542C001001,21 - 25,,Urban area,7.0,,,,Journey as part of work,Not at or within 20 metres of junction,FORD,TRANSIT 350 LWB TD,,Male,,No tow/articulation,Did not leave carriageway,0.0,Slowing or stopping,2,Van / Goods 3.5 tonnes mgw or under,No,Back,2005
200542C013203,46 - 55,4.0,Urban area,3.0,1781.0,,,Other/Not known (2005-10),Not at or within 20 metres of junction,AUDI,A4 1.8T SPORT,Petrol,Male,Skidded,No tow/articulation,Offside,0.0,Going ahead right-hand bend,1,Car,No,Front,2005
200542C014301,21 - 25,1.0,Data missing or out of range,,1149.0,,,Commuting to/from work,Entering roundabout,RENAULT,CLIO DYNAMIQUE 16V,Petrol,Female,,No tow/articulation,Did not leave carriageway,0.0,Waiting to go - held up,1,Car,No,Front,2005
200542C014403,Data missing or out of range,,Data missing or out of range,,,,,Other/Not known (2005-10),Not at or within 20 metres of junction,IVECO-FORD,,,Female,,No tow/articulation,Did not leave carriageway,0.0,Going ahead other,1,Minibus (8 - 16 passenger seats),No,Front,2005
200542C017703,36 - 45,6.0,Urban area,5.0,5900.0,,,Journey as part of work,Approaching junction or waiting/parked at junction approach,DENNIS,,Heavy oil,Male,,No tow/articulation,Did not leave carriageway,0.0,Going ahead other,1,Bus or coach (17 or more pass seats),No,Did not impact,2005
200542C018303,21 - 25,10.0,Data missing or out of range,,583.0,,,Other/Not known (2005-10),Approaching junction or waiting/parked at junction approach,DUCATI,,Petrol,Male,,No tow/articulation,Did not leave carriageway,0.0,Going ahead other,2,Motorcycle over 500cc,No,Front,2005
200542C020604,36 - 45,3.0,Data missing or out of range,,,,,Commuting to/from work,Not at or within 20 metres of junction,SCANIA,,Heavy oil,Male,,No tow/articulation,Did not leave carriageway,0.0,Parked,2,Bus or coach (17 or more pass seats),No,Back,2005
200542C023405,16 - 20,,Rural,5.0,398.0,,,Other/Not known (2005-10),Approaching junction or waiting/parked at junction approach,SUZUKI,DRZ 400SK3,Petrol,Male,Skidded,No tow/articulation,Offside,0.0,Going ahead other,1,Motorcycle over 125cc and up to 500cc,No,Front,2005
200542C023405,46 - 55,11.0,Urban area,8.0,1984.0,,,Other/Not known (2005-10),Entering main road,VOLVO,850 SE AUTO,Petrol,Female,,No tow/articulation,Did not leave carriageway,0.0,Turning right,2,Car,No,Offside,2005
200542C027905,56 - 65,9.0,Urban area,9.0,1747.0,,Telegraph or electricity pole,Other/Not known (2005-10),Approaching junction or waiting/parked at junction approach,ALFA ROMEO,155 T.SPARK 16V,Petrol,Male,Skidded,No tow/articulation,Offside,0.0,Going ahead other,2,Car,No,Front,2005
200542C028205,36 - 45,13.0,Rural,5.0,1118.0,,,Pupil riding to/from school,Mid Junction - on roundabout or on main road,ROVER,METRO C,Petrol,Female,,No tow/articulation,Did not leave carriageway,0.0,Waiting to go - held up,4,Car,No,Did not impact,2005
200542C029506,66 - 75,5.0,Urban area,9.0,1299.0,,Other permanent object,Other/Not known (2005-10),Not at or within 20 metres of junction,FORD,,Petrol,Male,,No tow/articulation,Offside,0.0,Going ahead other,1,Car,No,Front,2005
200542C032206,56 - 65,5.0,Rural,8.0,1850.0,,,Other/Not known (2005-10),Not at or within 20 metres of junction,HONDA,ACCORD VTEC SE AUTO,Petrol,Female,,No tow/articulation,Nearside,8.0,U-turn,1,Car,No,Front,2005
200542C035806,21 - 25,1.0,Rural,6.0,1360.0,,,Other/Not known (2005-10),Approaching junction or waiting/parked at junction approach,PEUGEOT,206 S,Petrol,Female,,No tow/articulation,Did not leave carriageway,0.0,Turning left,1,Car,No,Front,2005
200542C041505,36 - 45,,Small town,9.0,,,,Other/Not known (2005-10),Mid Junction - on roundabout or on main road,BMW,R 1200 GS 04,,Male,,No tow/articulation,Did not leave carriageway,0.0,Going ahead other,1,Car,No,Front,2005
200542C041907,66 - 75,,Rural,6.0,1998.0,,,Other/Not known (2005-10),Cleared junction or waiting/parked at junction exit,RENAULT,GRND SCENIC PRIVILEGE 16V,Petrol,Male,,No tow/articulation,Did not leave carriageway,0.0,Turning right,1,Car,No,Nearside,2005
200542C043107,26 - 35,8.0,Urban area,,1948.0,,,Other/Not known (2005-10),Not at or within 20 metres of junction,RENAULT,LAGUNA RTI 2.0S,Petrol,Male,,No tow/articulation,Did not leave carriageway,0.0,Going ahead other,2,Car,No,Back,2005
200542C048408,66 - 75,10.0,Rural,10.0,2498.0,,,Other/Not known (2005-10),Cleared junction or waiting/parked at junction exit,VAUXHALL,OMEGA 2.5 V6 CD AUTO,Petrol,Male,,No tow/articulation,Did not leave carriageway,0.0,Going ahead other,1,Car,No,Front,2005
200542C051909,36 - 45,6.0,Urban area,3.0,1870.0,,,Other/Not known (2005-10),Approaching junction or waiting/parked at junction approach,RENAULT,LAGUNA SPORT DTI,Heavy oil,Female,Skidded,No tow/articulation,Did not leave carriageway,0.0,Going ahead other,1,Car,No,Front,2005
200542C059310,16 - 20,7.0,Data missing or out of range,,1796.0,,,Other/Not known (2005-10),Not at or within 20 metres of junction,ROVER,200 VI,Petrol,Male,Skidded,No tow/articulation,Nearside,0.0,Going ahead left-hand bend,1,Car,No,Back,2005
200542C060410,26 - 35,2.0,Small town,9.0,2402.0,,,Commuting to/from work,Not at or within 20 metres of junction,FORD,TRANSIT 350 LWB TD,Heavy oil,Male,,No tow/articulation,Did not leave carriageway,0.0,Going ahead other,2,Van / Goods 3.5 tonnes mgw or under,No,Did not impact,2005
200542C061610,21 - 25,4.0,Small town,5.0,2402.0,,,Journey as part of work,Cleared junction or waiting/parked at junction exit,FORD,TRANSIT 350 LWB TD,Heavy oil,Male,Jackknifed,Single trailer,Did not leave carriageway,0.0,Going ahead other,1,Van / Goods 3.5 tonnes mgw or under,No,Did not impact,2005
200542C067210,16 - 20,7.0,Small town,9.0,1124.0,Kerb,,Pupil riding to/from school,Not at or within 20 metres of junction,PEUGEOT,106 XN ZEST 2,Petrol,Male,Skidded,No tow/articulation,Nearside,0.0,Going ahead right-hand bend,1,Car,No,Nearside,2005
200542C076812,21 - 25,4.0,Data missing or out of range,,1997.0,,,Journey as part of work,Approaching junction or waiting/parked at junction approach,CITROEN,XSARA PICASSO SX HDI,Heavy oil,Male,Skidded,No tow/articulation,Did not leave carriageway,0.0,Going ahead other,1,Car,No,Front,2005
200542C076812,36 - 45,,Data missing or out of range,,2993.0,,,Journey as part of work,Cleared junction or waiting/parked at junction exit,BMW,730D SPORT AUTO,Heavy oil,Male,,No tow/articulation,Did not leave carriageway,0.0,Turning right,2,Car,No,Front,2005
200542C077412,16 - 20,3.0,Data missing or out of range,,1910.0,,Other permanent object,Other/Not known (2005-10),Not at or within 20 metres of junction,FIAT,MAREA 110 ELX JTD,Heavy oil,Male,,No tow/articulation,Nearside,0.0,Going ahead other,2,Car,No,Front,2005
200542C078412,26 - 35,4.0,Urban area,7.0,124.0,,,Commuting to/from work,Approaching junction or waiting/parked at junction approach,PIAGGIO,VESPA ET4,Petrol,Female,,No tow/articulation,Did not leave carriageway,0.0,Going ahead other,1,Motorcycle 125cc and under,No,Offside,2005
200542D001901,46 - 55,,Urban area,4.0,,,,Journey as part of work,Not at or within 20 metres of junction,VAUXHALL,ASTRA LS DTI,,Female,,Double or multiple trailer,Did not leave carriageway,0.0,Going ahead left-hand bend,2,Van / Goods 3.5 tonnes mgw or under,No,Front,2005
200542D007403,Data missing or out of range,11.0,Data missing or out of range,,1468.0,,,Other/Not known (2005-10),Approaching junction or waiting/parked at junction approach,HYUNDAI,X2 PONY GSI,Petrol,Male,,No tow/articulation,Did not leave carriageway,0.0,Going ahead other,1,Car,No,Front,2005
200542D010804,46 - 55,4.0,Rural,6.0,1299.0,,,Other/Not known (2005-10),Approaching junction or waiting/parked at junction approach,FORD,KA LUXURY,Petrol,Male,,No tow/articulation,Did not leave carriageway,0.0,Waiting to turn right,2,Car,No,Nearside,2005
200542D011004,46 - 55,3.0,Data missing or out of range,,2497.0,,,Other/Not known (2005-10),Not at or within 20 metres of junction,BMW,525D SE AUTO,Heavy oil,Female,,No tow/articulation,Did not leave carriageway,0.0,Going ahead other,1,Car,No,Front,2005
200542D011805,26 - 35,4.0,Urban area,5.0,2362.0,,,Other/Not known (2005-10),Not at or within 20 metres of junction,TOYOTA,PREVIA GS VVTI,Petrol,Female,,No tow/articulation,Did not leave carriageway,0.0,Going ahead other,1,Car,No,Front,2005
200542D012005,56 - 65,2.0,Data missing or out of range,,1598.0,,,Other/Not known (2005-10),Not at or within 20 metres of junction,VAUXHALL,ASTRA ACTIVE,Petrol,Male,,No tow/articulation,Did not leave carriageway,0.0,Slowing or stopping,1,Car,No,Front,2005
200542D015506,36 - 45,,Rural,5.0,2720.0,,,Other/Not known (2005-10),Approaching junction or waiting/parked at junction approach,LAND ROVER,DISCOVERY 3 TDV6 S AUTO,Heavy oil,Female,,No tow/articulation,Did not leave carriageway,0.0,Going ahead other,1,Car,No,Front,2005
200542D026608,56 - 65,2.0,Urban area,2.0,1299.0,,,Other/Not known (2005-10),Not at or within 20 metres of junction,TOYOTA,YARIS T SPIRIT AUTO,Petrol,Female,,No tow/articulation,Did not leave carriageway,0.0,Slowing or stopping,2,Car,No,Back,2005
200542D032810,36 - 45,14.0,Rural,7.0,798.0,,,Commuting to/from work,Mid Junction - on roundabout or on main road,BMW,R80RT,Petrol,Male,,No tow/articulation,Did not leave carriageway,0.0,Moving off,1,Motorcycle over 500cc,No,Front,2005
200542D036711,36 - 45,13.0,Urban area,5.0,1580.0,,,Other/Not known (2005-10),Mid Junction - on roundabout or on main road,PEUGEOT,309 GL AUTO,Petrol,Male,,No tow/articulation,Did not leave carriageway,0.0,Going ahead right-hand bend,1,Car,No,Nearside,2005
200542D036911,Data missing or out of range,,Data missing or out of range,,,,,Other/Not known (2005-10),Not at or within 20 metres of junction,MITSUBISHI,L200 2.5TD 4LIFE 4WD,,Not known,,No tow/articulation,Did not leave carriageway,0.0,Parked,2,Car,No,Did not impact,2005
200542D037812,16 - 20,,Small town,9.0,1998.0,,,Other/Not known (2005-10),Leaving main road,RENAULT,CLIO RENAULTSPORT 182 16V,Petrol,Male,Skidded,No tow/articulation,Nearside,0.0,Turning left,1,Car,No,Offside,2005
200542D038011,21 - 25,7.0,Rural,3.0,2446.0,,,Other/Not known (2005-10),Leaving roundabout,TOYOTA,HILUX 2.4 TURBO-D4WD,Heavy oil,Male,,No tow/articulation,Offside,0.0,Turning right,1,Van / Goods 3.5 tonnes mgw or under,No,Offside,2005
200542D040912,Over 75,12.0,Urban area,5.0,1870.0,,,Other/Not known (2005-10),Mid Junction - on roundabout or on main road,RENAULT,19 RN BIARRITZ D,Heavy oil,Male,,No tow/articulation,Did not leave carriageway,0.0,Turning right,1,Car,No,Nearside,2005
200542D042212,Over 75,4.0,Small town,5.0,2179.0,,,Other/Not known (2005-10),Entering roundabout,PEUGEOT,607 SE TD,Heavy oil,Male,,No tow/articulation,Did not leave carriageway,0.0,Going ahead other,1,Car,No,Front,2005
200542E006602,21 - 25,2.0,Urban area,,1242.0,,Central crash barrier,Commuting to/from work,Not at or within 20 metres of junction,FIAT,PUNTO ACTIVE SPORT,Petrol,Female,,No tow/articulation,Offside on to central reservation,0.0,Going ahead other,2,Car,No,Nearside,2005
200542E013304,Data missing or out of range,14.0,Data missing or out of range,,1769.0,,,Other/Not known (2005-10),Not at or within 20 metres of junction,FORD,SIERRA CHASSEUR,Petrol,Not known,,No tow/articulation,Did not leave carriageway,0.0,Parked,2,Car,No,Back,2005
200542E013304,21 - 25,3.0,Small town,9.0,1149.0,Parked vehicle,,Other/Not known (2005-10),Not at or within 20 metres of junction,RENAULT,CLIO DYNAMIQUE 16V,Petrol,Male,,No tow/articulation,Did not leave carriageway,0.0,Going ahead other,3,Car,No,Front,2005
200542E013504,46 - 55,,Data missing or out of range,,,,,Other/Not known (2005-10),Not at or within 20 metres of junction,FORD,RANGER XLT 4X4 TD,,Male,,No tow/articulation,Did not leave carriageway,0.0,Parked,3,Car,No,Back,2005
200542E014304,26 - 35,18.0,Urban area,4.0,1781.0,,Tree,Other/Not known (2005-10),Not at or within 20 metres of junction,VOLKSWAGEN,GOLF GL 1.8 AUTO,Petrol,Female,,No tow/articulation,Nearside,0.0,Going ahead other,1,Car,No,Front,2005
200542E015104,36 - 45,,Urban area,3.0,1896.0,,,Other/Not known (2005-10),Not at or within 20 metres of junction,FORD,GALAXY GHIA TDDI,Heavy oil,Female,,No tow/articulation,Did not leave carriageway,0.0,Going ahead other,3,Car,No,Front,2005
200542E018105,36 - 45,7.0,Urban area,8.0,1149.0,,Tree,Journey as part of work,Not at or within 20 metres of junction,RENAULT,CLIO BIARRITZ,Petrol,Female,Overturned,No tow/articulation,Nearside,0.0,Going ahead left-hand bend,1,Car,No,Front,2005
200542E018905,16 - 20,,Urban area,3.0,,,,Journey as part of work,Not at or within 20 metres of junction,CAGIVA,PLANET 125,,Male,,No tow/articulation,Did not leave carriageway,0.0,Moving off,1,Goods over 3.5t. and under 7.5t,No,Offside,2005