Accident_Index,Age_Band_of_Driver,Age_of_Vehicle,Driver_Home_Area_Type,Driver_IMD_Decile,Engine_Capacity_.CC.,Hit_Object_in_Carriageway,Hit_Object_off_Carriageway,Journey_Purpose_of_Driver,Junction_Location,make,model,Propulsion_Code,Sex_of_Driver,Skidding_and_Overturning,Towing_and_Articulation,Vehicle_Leaving_Carriageway,Vehicle_Location.Restricted_Lane,Vehicle_Manoeuvre,Vehicle_Reference,Vehicle_Type,Was_Vehicle_Left_Hand_Drive,X1st_Point_of_Impact,Year
200542E018905,16 - 20,,Urban area,3.0,3908.0,,,Journey as part of work,Not at or within 20 metres of junction,MITSUBISHI,CANTER 75,Heavy oil,Male,,No tow/articulation,Did not leave carriageway,0.0,Moving off,2,Goods over 3.5t. and under 7.5t,No,Offside,2005
200542E019005,36 - 45,7.0,Urban area,1.0,124.0,,,Other/Not known (2005-10),Approaching junction or waiting/parked at junction approach,YAMAHA,XV125,Petrol,Male,,No tow/articulation,Did not leave carriageway,0.0,Going ahead other,2,Motorcycle 125cc and under,No,Front,2005
200542E021305,16 - 20,9.0,Urban area,3.0,1119.0,,,Other/Not known (2005-10),Not at or within 20 metres of junction,FORD,FIESTA CLASSIC QUARTZ,Petrol,Female,,No tow/articulation,Did not leave carriageway,0.0,Going ahead right-hand bend,1,Car,No,Front,2005
200542E022106,26 - 35,2.0,Urban area,8.0,599.0,,Other permanent object,Other/Not known (2005-10),Approaching junction or waiting/parked at junction approach,HONDA,CBR600F-2,Petrol,Male,Skidded,No tow/articulation,Offside,0.0,Going ahead other,2,Motorcycle over 500cc,No,Front,2005
200542E022806,26 - 35,,Small town,10.0,,,,Commuting to/from work,Approaching junction or waiting/parked at junction approach,FIAT,PUNTO ACTIVE,,Female,,No tow/articulation,Did not leave carriageway,0.0,Going ahead other,1,Motorcycle 125cc and under,No,Front,2005
200542E022806,46 - 55,11.0,Small town,9.0,1299.0,,,Other/Not known (2005-10),Approaching junction or waiting/parked at junction approach,FORD,FIESTA FREESTYLE II,Petrol,Male,,No tow/articulation,Did not leave carriageway,0.0,Turning right,2,Car,No,Offside,2005
200542E025605,26 - 35,4.0,Urban area,3.0,1783.0,,,Commuting to/from work,Cleared junction or waiting/parked at junction exit,VOLVO,S40 S,Petrol,Male,,No tow/articulation,Did not leave carriageway,0.0,Moving off,1,Car,No,Front,2005
200542E026706,36 - 45,,Rural,6.0,1399.0,,,Journey as part of work,Mid Junction - on roundabout or on main road,FORD,FIESTA STYLE D,Heavy oil,Male,,No tow/articulation,Did not leave carriageway,0.0,Going ahead other,2,Car,No,Back,2005
200542E027506,21 - 25,9.0,Urban area,3.0,1120.0,,,Other/Not known (2005-10),Cleared junction or waiting/parked at junction exit,ROVER,100 KENSINGTON,Petrol,Male,,No tow/articulation,Did not leave carriageway,0.0,Waiting to go - held up,2,Car,No,Front,2005
200542E028607,26 - 35,7.0,Rural,6.0,1597.0,,,Other/Not known (2005-10),Not at or within 20 metres of junction,FORD,ESCORT FINESSE 16V,Petrol,Male,,No tow/articulation,Did not leave carriageway,0.0,Turning right,1,Car,No,Offside,2005
200542E033108,Over 75,3.0,Urban area,9.0,124.0,,,Other/Not known (2005-10),Approaching junction or waiting/parked at junction approach,PIAGGIO,ZIP 125,Petrol,Male,,No tow/articulation,Did not leave carriageway,0.0,Going ahead other,1,Motorcycle 125cc and under,No,Did not impact,2005
200542E036908,26 - 35,8.0,Urban area,10.0,1242.0,,,Other/Not known (2005-10),Mid Junction - on roundabout or on main road,FIAT,PUNTO 60 SX SELECTA,Petrol,Male,,No tow/articulation,Did not leave carriageway,0.0,Going ahead other,2,Car,No,Front,2005
200542E037208,46 - 55,16.0,Urban area,4.0,400.0,,,Other/Not known (2005-10),Approaching junction or waiting/parked at junction approach,HONDA,,Petrol,Male,,No tow/articulation,Nearside,0.0,Waiting to turn left,2,Motorcycle over 125cc and up to 500cc,No,Back,2005
200542E043110,21 - 25,10.0,Small town,7.0,1761.0,,Entered ditch,Other/Not known (2005-10),Not at or within 20 metres of junction,PEUGEOT,405 GLX AUTO,Petrol,Male,,No tow/articulation,Nearside,0.0,Going ahead other,1,Car,No,Front,2005
200542E057412,46 - 55,13.0,Small town,10.0,1988.0,,,Other/Not known (2005-10),Approaching junction or waiting/parked at junction approach,FORD,MONDEO GHIA A,Petrol,Female,Skidded,No tow/articulation,Did not leave carriageway,0.0,Slowing or stopping,2,Car,No,Front,2005
200542F001201,36 - 45,4.0,Data missing or out of range,,498.0,,,Other/Not known (2005-10),Cleared junction or waiting/parked at junction exit,KAWASAKI,ER500-C1,Petrol,Male,,No tow/articulation,Did not leave carriageway,0.0,Going ahead right-hand bend,2,Motorcycle over 125cc and up to 500cc,No,Front,2005
200542F001401,36 - 45,3.0,Data missing or out of range,,640.0,,,Other/Not known (2005-10),Approaching junction or waiting/parked at junction approach,KTM,,Petrol,Male,,No tow/articulation,Did not leave carriageway,0.0,Going ahead other,2,Motorcycle over 500cc,No,Nearside,2005
200542F001501,Data missing or out of range,,Data missing or out of range,,,,,Other/Not known (2005-10),Not at or within 20 metres of junction,TOYOTA,HI-ACE P,,Female,,No tow/articulation,Did not leave carriageway,0.0,Waiting to go - held up,2,Car,No,Back,2005
200542F004502,56 - 65,3.0,Urban area,1.0,1686.0,,,Journey as part of work,Approaching junction or waiting/parked at junction approach,VAUXHALL,COMBO 1700 DTI,Heavy oil,Male,,No tow/articulation,Did not leave carriageway,0.0,Slowing or stopping,2,Van / Goods 3.5 tonnes mgw or under,No,Front,2005
200542F008403,36 - 45,11.0,Urban area,9.0,600.0,,,Journey as part of work,Not at or within 20 metres of junction,VOLVO,,Heavy oil,Male,,No tow/articulation,Did not leave carriageway,0.0,Slowing or stopping,2,Bus or coach (17 or more pass seats),No,Front,2005
200542F009903,66 - 75,2.0,Urban area,5.0,1870.0,,,Other/Not known (2005-10),Approaching junction or waiting/parked at junction approach,RENAULT,LAGUNA PRIV-GE DCI 120BHP,Heavy oil,Male,,No tow/articulation,Did not leave carriageway,0.0,Going ahead other,1,Car,No,Front,2005
200542F012003,36 - 45,3.0,Urban area,5.0,1997.0,,,Other/Not known (2005-10),Not at or within 20 metres of junction,PEUGEOT,206 GLX HDI,Heavy oil,Female,,No tow/articulation,Did not leave carriageway,0.0,Waiting to go - held up,2,Car,No,Back,2005
200542F014704,36 - 45,4.0,Urban area,1.0,1590.0,,,Other/Not known (2005-10),Not at or within 20 metres of junction,HONDA,HR-V,Petrol,Male,,No tow/articulation,Did not leave carriageway,0.0,Slowing or stopping,3,Car,No,Back,2005
200542F014704,66 - 75,3.0,Urban area,9.0,2148.0,,,Other/Not known (2005-10),Not at or within 20 metres of junction,MERCEDES,E220 CDI ELEGANCE AUTO,Heavy oil,Male,,No tow/articulation,Did not leave carriageway,0.0,Slowing or stopping,4,Car,No,Back,2005
200542F018405,26 - 35,,Urban area,4.0,10518.0,,,Journey as part of work,Mid Junction - on roundabout or on main road,MAN,,Heavy oil,Male,,Articulated vehicle,Offside on to central reservation,0.0,Going ahead other,2,Goods 7.5 tonnes mgw and over,No,Front,2005
200542F019005,26 - 35,2.0,Urban area,4.0,1124.0,,Other permanent object,Commuting to/from work,Mid Junction - on roundabout or on main road,PEUGEOT,206 LOOK,Petrol,Female,Skidded,No tow/articulation,Did not leave carriageway,0.0,Going ahead other,2,Car,No,Front,2005
200542F021905,46 - 55,4.0,Small town,5.0,1995.0,,,Other/Not known (2005-10),Not at or within 20 metres of junction,VAUXHALL,VECTRA LS DTI,Heavy oil,Male,,No tow/articulation,Did not leave carriageway,0.0,Going ahead other,2,Car,No,Back,2005
200542F022405,26 - 35,4.0,Urban area,3.0,1951.0,,,Other/Not known (2005-10),Approaching junction or waiting/parked at junction approach,ROVER,75 CONNOISSEUR CDT SE AUTO,Heavy oil,Male,,No tow/articulation,Did not leave carriageway,0.0,Turning left,2,Car,No,Nearside,2005
200542F024006,46 - 55,2.0,Urban area,8.0,1398.0,,,Other/Not known (2005-10),Entering roundabout,PEUGEOT,206 SW HDI XT,Heavy oil,Female,,No tow/articulation,Did not leave carriageway,0.0,Moving off,1,Car,No,Offside,2005
200542F026006,Data missing or out of range,,Data missing or out of range,,,,,Journey as part of work,Not at or within 20 metres of junction,IVECO-FORD,,,Male,,No tow/articulation,Did not leave carriageway,0.0,Reversing,1,Car,No,Back,2005
200542F026006,36 - 45,7.0,Urban area,4.0,1124.0,,,Journey as part of work,Not at or within 20 metres of junction,PEUGEOT,106 XN ZEST 2,Petrol,Male,,No tow/articulation,Did not leave carriageway,0.0,Waiting to go - held up,2,Car,No,Front,2005
200542F027006,36 - 45,1.0,Urban area,3.0,1461.0,,,Journey as part of work,Approaching junction or waiting/parked at junction approach,RENAULT,KANGOO SL17 DCI 70+,Heavy oil,Male,,No tow/articulation,Did not leave carriageway,0.0,Changing lane to right,2,Van / Goods 3.5 tonnes mgw or under,No,Offside,2005
200542F032307,26 - 35,2.0,Urban area,5.0,1686.0,,,Other/Not known (2005-10),Not at or within 20 metres of junction,VAUXHALL,CORSA ELEGANCE DTI,Heavy oil,Male,,No tow/articulation,Did not leave carriageway,0.0,Waiting to go - held up,2,Car,No,Back,2005
200542F037409,26 - 35,1.0,Urban area,4.0,1796.0,,,Journey as part of work,Mid Junction - on roundabout or on main road,LOTUS,ELISE 111S,Petrol,Male,,No tow/articulation,Did not leave carriageway,0.0,Changing lane to right,2,Car,No,Back,2005
200542F039609,56 - 65,14.0,Urban area,8.0,998.0,,,Commuting to/from work,Approaching junction or waiting/parked at junction approach,HONDA,CBR1000F-L,Petrol,Male,Skidded and overturned,No tow/articulation,Did not leave carriageway,0.0,Overtaking static vehicle - offside,1,Motorcycle over 500cc,No,Nearside,2005
200542F047811,46 - 55,,Rural,7.0,1560.0,,,Commuting to/from work,Not at or within 20 metres of junction,FORD,FIESTA GHIA TD,Heavy oil,Female,,No tow/articulation,Did not leave carriageway,0.0,Going ahead other,3,Car,No,Back,2005
200542F051511,21 - 25,,Urban area,3.0,,,,Other/Not known (2005-10),Not at or within 20 metres of junction,MCCORMICK,,,Male,,No tow/articulation,Did not leave carriageway,0.0,Going ahead other,2,Car,No,Offside,2005
200542F051711,21 - 25,1.0,Urban area,2.0,1299.0,,,Commuting to/from work,Not at or within 20 metres of junction,FORD,KA STYLE,Petrol,Female,,No tow/articulation,Did not leave carriageway,0.0,Going ahead other,1,Car,No,Front,2005
200542F053311,36 - 45,2.0,Data missing or out of range,,2402.0,,,Journey as part of work,Leaving roundabout,FORD,TRANSIT 350 LWB TD,Heavy oil,Male,,No tow/articulation,Did not leave carriageway,2.0,Slowing or stopping,1,Van / Goods 3.5 tonnes mgw or under,No,Back,2005
200542F053311,46 - 55,9.0,Urban area,3.0,5900.0,,,Journey as part of work,Leaving roundabout,DENNIS,,Heavy oil,Male,,No tow/articulation,Did not leave carriageway,2.0,Going ahead other,2,Bus or coach (17 or more pass seats),No,Front,2005
200542F053811,21 - 25,,Urban area,3.0,1598.0,,,Taking pupil to/from school,Not at or within 20 metres of junction,VAUXHALL,ASTRA SXI TWINPORT,Petrol,Female,,No tow/articulation,Did not leave carriageway,0.0,Going ahead other,1,Car,No,Offside,2005
200542F060412,26 - 35,10.0,Urban area,4.0,1998.0,,Tree,Other/Not known (2005-10),Not at or within 20 metres of junction,VAUXHALL,CAVALIER SRI 16V,Petrol,Male,Skidded and overturned,No tow/articulation,Nearside,0.0,Going ahead other,1,Car,No,Front,2005
200542G001101,26 - 35,9.0,Data missing or out of range,,1998.0,,,Commuting to/from work,Entering main road,KIA,SPORTAGE GLX,Petrol,Female,,No tow/articulation,Did not leave carriageway,0.0,Turning right,1,Car,No,Did not impact,2005
200542G001601,21 - 25,11.0,Data missing or out of range,,1600.0,,,Other/Not known (2005-10),Mid Junction - on roundabout or on main road,HONDA,,Petrol,Male,,No tow/articulation,Did not leave carriageway,0.0,Going ahead other,1,Car,No,Front,2005
200542G002401,36 - 45,5.0,Rural,8.0,1747.0,,,Other/Not known (2005-10),Entering roundabout,ALFA ROMEO,156 1.8 T SPARK,Petrol,Male,,No tow/articulation,Did not leave carriageway,0.0,Going ahead other,1,Car,No,Front,2005
200542G002501,36 - 45,3.0,Small town,9.0,1590.0,Other object,,Commuting to/from work,Approaching junction or waiting/parked at junction approach,HONDA,HR-V AUTO,Petrol,Female,,No tow/articulation,Did not leave carriageway,0.0,Slowing or stopping,1,Car,No,Nearside,2005
200542G002601,56 - 65,6.0,Data missing or out of range,,1796.0,Bollard or refuge,Central crash barrier,Other/Not known (2005-10),Not at or within 20 metres of junction,FORD,MONDEO VERONA,Petrol,Male,,No tow/articulation,Offside on to central reservation,0.0,Going ahead other,2,Car,No,Front,2005
200542G002601,66 - 75,8.0,Data missing or out of range,,2300.0,Previous accident,,Other/Not known (2005-10),Not at or within 20 metres of junction,FORD,SCORPIO ULTIMA 16V AUTO,Petrol,Male,,No tow/articulation,Did not leave carriageway,0.0,Going ahead other,4,Car,No,Front,2005
200542G004501,46 - 55,8.0,Urban area,2.0,1686.0,,,Other/Not known (2005-10),Approaching junction or waiting/parked at junction approach,VAUXHALL,ASTRA LS 1.7D TURBO,Heavy oil,Male,,No tow/articulation,Did not leave carriageway,0.0,Going ahead other,1,Car,No,Front,2005
200542G008702,36 - 45,14.0,Data missing or out of range,,1590.0,,,Other/Not known (2005-10),Mid Junction - on roundabout or on main road,SUZUKI,VITARA JLX SE (VAN),Petrol,Female,,No tow/articulation,Did not leave carriageway,0.0,Turning right,1,Car,No,Offside,2005
200542G008702,36 - 45,9.0,Urban area,8.0,1984.0,,,Journey as part of work,Approaching junction or waiting/parked at junction approach,SEAT,TOLEDO 2.0 16V,Petrol,Male,,No tow/articulation,Did not leave carriageway,0.0,Going ahead other,2,Car,No,Front,2005
200542G009002,66 - 75,6.0,Urban area,4.0,1797.0,,,Other/Not known (2005-10),Not at or within 20 metres of junction,ROVER,618I L AUTO,Petrol,Female,Overturned,No tow/articulation,Did not leave carriageway,0.0,Going ahead other,1,Car,No,Nearside,2005
200542G009002,36 - 45,1.0,Data missing or out of range,,2477.0,,,Other/Not known (2005-10),Not at or within 20 metres of junction,MITSUBISHI,SHOGUN SPORT WARRIOR TD,Heavy oil,Male,,No tow/articulation,Did not leave carriageway,0.0,Going ahead other,2,Car,No,Offside,2005
200542G010302,21 - 25,11.0,Urban area,5.0,1997.0,,,Other/Not known (2005-10),Cleared junction or waiting/parked at junction exit,MITSUBISHI,,Petrol,Male,,No tow/articulation,Did not leave carriageway,0.0,Going ahead left-hand bend,1,Car,No,Front,2005
200542G010302,36 - 45,6.0,Urban area,4.0,1390.0,,,Other/Not known (2005-10),Approaching junction or waiting/parked at junction approach,RENAULT,MEGANE SCENIC 16V,Petrol,Male,,No tow/articulation,Did not leave carriageway,0.0,Going ahead left-hand bend,2,Car,No,Front,2005
200542G021504,26 - 35,,Data missing or out of range,,,,,Journey as part of work,Not at or within 20 metres of junction,PEUGEOT,306 GTI-6,,Male,,No tow/articulation,Did not leave carriageway,0.0,Going ahead other,1,Goods 7.5 tonnes mgw and over,No,Front,2005
200542G021504,26 - 35,10.0,Data missing or out of range,,12024.0,,,Journey as part of work,Not at or within 20 metres of junction,RENAULT,,Heavy oil,Male,,Articulated vehicle,Did not leave carriageway,0.0,Going ahead other,2,Goods 7.5 tonnes mgw and over,No,Back,2005
200542G021904,46 - 55,2.0,Urban area,10.0,1796.0,,,Commuting to/from work,Not at or within 20 metres of junction,MERCEDES,E200 KOMP CLASSIC A,Petrol,Male,,No tow/articulation,Did not leave carriageway,0.0,Going ahead left-hand bend,1,Car,No,Front,2005
200542G025104,36 - 45,9.0,Data missing or out of range,,2370.0,,,Journey as part of work,Entering from slip road,VOLKSWAGEN,1200 D SWB,Heavy oil,Male,,No tow/articulation,Offside,0.0,Going ahead other,2,Van / Goods 3.5 tonnes mgw or under,No,Front,2005
200542G029505,46 - 55,7.0,Rural,5.0,2393.0,,,Other/Not known (2005-10),Entering main road,AUDI,A6 2.4 SE AUTO,Petrol,Female,,No tow/articulation,Did not leave carriageway,0.0,Turning right,2,Car,No,Front,2005
200542G031605,21 - 25,,Data missing or out of range,,,,,Journey as part of work,Not at or within 20 metres of junction,VAUXHALL,VIVARO 2700 DTI SWB,,Male,Skidded,No tow/articulation,Did not leave carriageway,0.0,Going ahead other,1,Car,No,Front,2005
200542G033305,46 - 55,3.0,Urban area,6.0,2597.0,,,Other/Not known (2005-10),Not at or within 20 metres of junction,MERCEDES,CLK 240 AVANTGARDE AUTO,Petrol,Male,,No tow/articulation,Did not leave carriageway,0.0,Going ahead other,2,Car,No,Back,2005
200542G038405,21 - 25,7.0,Rural,10.0,1242.0,,,Other/Not known (2005-10),Mid Junction - on roundabout or on main road,FIAT,PUNTO SX 60,Petrol,Female,,No tow/articulation,Did not leave carriageway,0.0,Going ahead right-hand bend,2,Car,No,Offside,2005
200542G042306,46 - 55,19.0,Urban area,10.0,1979.0,,,Journey as part of work,Approaching junction or waiting/parked at junction approach,BEDFORD,97 790,Petrol,Male,Skidded,No tow/articulation,Did not leave carriageway,0.0,Going ahead other,2,Other vehicle,No,Front,2005
200542G043006,56 - 65,12.0,Urban area,3.0,1118.0,,,Other/Not known (2005-10),Approaching junction or waiting/parked at junction approach,ROVER,METRO QUEST,Petrol,Male,,No tow/articulation,Did not leave carriageway,0.0,Going ahead other,2,Car,No,Nearside,2005
200542G044206,36 - 45,5.0,Small town,7.0,781.0,,,Other/Not known (2005-10),Not at or within 20 metres of junction,HONDA,,Petrol,Male,,No tow/articulation,Nearside,0.0,Going ahead right-hand bend,1,Motorcycle over 500cc,No,Offside,2005
200542G049307,46 - 55,,Urban area,2.0,,,Central crash barrier,Other/Not known (2005-10),Not at or within 20 metres of junction,CITROEN,ZX AVANTAGE DIESEL AUTO,,Male,,No tow/articulation,Did not leave carriageway,0.0,Going ahead other,1,Car,No,Front,2005
200542G051606,16 - 20,13.0,Urban area,6.0,1118.0,,,Other/Not known (2005-10),Cleared junction or waiting/parked at junction exit,FORD,FIESTA FANFARE,Petrol,Female,,No tow/articulation,Did not leave carriageway,0.0,Turning right,2,Car,No,Front,2005
200542G052607,46 - 55,12.0,Data missing or out of range,,1389.0,,,Other/Not known (2005-10),Not at or within 20 metres of junction,VAUXHALL,ASTRA LS I,Petrol,Male,,No tow/articulation,Did not leave carriageway,0.0,Going ahead other,2,Car,No,Back,2005
200542G052607,26 - 35,1.0,Data missing or out of range,,2959.0,,,Other/Not known (2005-10),Not at or within 20 metres of junction,VAUXHALL,SIGNUM DESIGN CDTI,Heavy oil,Male,,No tow/articulation,Did not leave carriageway,0.0,Going ahead other,3,Car,No,Front,2005
200542G054007,56 - 65,3.0,Urban area,10.0,1390.0,,,Other/Not known (2005-10),Approaching junction or waiting/parked at junction approach,RENAULT,CLIO EXPRESSION+ 16V,Petrol,Female,,No tow/articulation,Did not leave carriageway,0.0,Going ahead other,3,Car,No,Did not impact,2005
200542G057308,21 - 25,2.0,Urban area,5.0,2148.0,,,Other/Not known (2005-10),Leaving main road,MERCEDES,C220 CDI SE AUTO,Heavy oil,Female,,No tow/articulation,Did not leave carriageway,0.0,Turning right,1,Car,No,Nearside,2005
200542G061108,56 - 65,,Rural,9.0,,,,Other/Not known (2005-10),Leaving main road,FORD,TRANSIT 280 MWB TD,,Female,,No tow/articulation,Did not leave carriageway,0.0,Turning right,1,Car,No,Nearside,2005
200542G062708,46 - 55,3.0,Data missing or out of range,,2179.0,,,Other/Not known (2005-10),Not at or within 20 metres of junction,CITROEN,C5 HDI SX,Heavy oil,Female,,No tow/articulation,Did not leave carriageway,0.0,Going ahead other,1,Car,No,Did not impact,2005
200542G066409,56 - 65,4.0,Rural,7.0,2664.0,,,Journey as part of work,Approaching junction or waiting/parked at junction approach,LONDON TAXIS INT,TX1 BRONZE AUTO,Heavy oil,Male,,No tow/articulation,Did not leave carriageway,0.0,Going ahead other,1,Taxi/Private hire car,No,Front,2005
200542G069009,Data missing or out of range,3.0,Data missing or out of range,,1686.0,,Other permanent object,Other/Not known (2005-10),Approaching junction or waiting/parked at junction approach,VAUXHALL,COMBO 1700 DI,Heavy oil,Male,Skidded,No tow/articulation,Offside,0.0,Going ahead other,1,Van / Goods 3.5 tonnes mgw or under,No,Front,2005
200542G069009,26 - 35,1.0,Urban area,8.0,2979.0,,,Commuting to/from work,Approaching junction or waiting/parked at junction approach,BMW,330 CI SPORT AUTO,Petrol,Male,,No tow/articulation,Did not leave carriageway,0.0,Waiting to go - held up,2,Car,No,Back,2005
200542G071109,66 - 75,1.0,Data missing or out of range,,1951.0,,,Commuting to/from work,Approaching junction or waiting/parked at junction approach,ROVER,75 CONTEMPORARY SE CDTI A,Heavy oil,Male,,No tow/articulation,Did not leave carriageway,0.0,Going ahead right-hand bend,2,Car,No,Front,2005
200542G071609,26 - 35,4.0,Urban area,9.0,599.0,,,Commuting to/from work,Mid Junction - on roundabout or on main road,SUZUKI,GSX R600 K1,Petrol,Male,,No tow/articulation,Did not leave carriageway,0.0,Changing lane to right,2,Motorcycle over 500cc,No,Offside,2005
200542G072110,66 - 75,15.0,Rural,6.0,1396.0,,,Other/Not known (2005-10),Mid Junction - on roundabout or on main road,HONDA,CIVIC GL AUTO,Petrol,Male,,No tow/articulation,Did not leave carriageway,0.0,Going ahead other,2,Car,No,Nearside,2005
200542G072609,66 - 75,8.0,Small town,10.0,2498.0,,,Other/Not known (2005-10),Not at or within 20 metres of junction,MITSUBISHI,GALANT V6-24 AUTO,Petrol,Male,,No tow/articulation,Did not leave carriageway,0.0,Going ahead other,2,Car,No,Front,2005
200542G075210,26 - 35,1.0,Urban area,3.0,1794.0,,,Journey as part of work,Not at or within 20 metres of junction,TOYOTA,AVENSIS T3-S,Petrol,Male,,No tow/articulation,Did not leave carriageway,0.0,Waiting to go - held up,2,Car,No,Back,2005
200542G078210,21 - 25,2.0,Small town,10.0,998.0,,,Other/Not known (2005-10),Mid Junction - on roundabout or on main road,VAUXHALL,CORSA ACTIVE TWINPORT,Petrol,Female,,No tow/articulation,Did not leave carriageway,0.0,Going ahead left-hand bend,1,Car,No,Front,2005
200542G090811,26 - 35,1.0,Data missing or out of range,,1997.0,,Telegraph or electricity pole,Commuting to/from work,Not at or within 20 metres of junction,PEUGEOT,206 ALLURE,Petrol,Female,Skidded,No tow/articulation,Nearside and rebounded,0.0,Going ahead right-hand bend,1,Car,No,Front,2005
200542G092311,Data missing or out of range,2.0,Data missing or out of range,,6370.0,,,Other/Not known (2005-10),Not at or within 20 metres of junction,MERCEDES,,Heavy oil,Not known,,No tow/articulation,Did not leave carriageway,0.0,Reversing,1,Goods over 3.5t. and under 7.5t,No,Back,2005
200542G092311,26 - 35,,Urban area,2.0,1598.0,,,Journey as part of work,Not at or within 20 metres of junction,VAUXHALL,ASTRA LIFE TWINPORT,Petrol,Female,,No tow/articulation,Did not leave carriageway,0.0,Waiting to go - held up,2,Car,No,Front,2005
200542G096212,46 - 55,10.0,Urban area,8.0,1468.0,,,Commuting to/from work,Not at or within 20 metres of junction,HYUNDAI,LANTRA GLS,Petrol,Male,Skidded,No tow/articulation,Did not leave carriageway,0.0,Going ahead other,2,Car,No,Nearside,2005
200542G096311,26 - 35,4.0,Small town,9.0,1396.0,,,Taking pupil to/from school,Not at or within 20 metres of junction,ROVER,45 IE 16V,Petrol,Female,,No tow/articulation,Did not leave carriageway,0.0,Going ahead other,2,Car,No,Back,2005
200542G099512,Data missing or out of range,1.0,Data missing or out of range,,2461.0,,,Other/Not known (2005-10),Cleared junction or waiting/parked at junction exit,VOLKSWAGEN,LT 35 TDI LWB,Heavy oil,Not known,,No tow/articulation,Did not leave carriageway,0.0,Parked,3,Van / Goods 3.5 tonnes mgw or under,No,Back,2005
200542G103412,26 - 35,2.0,Urban area,9.0,1997.0,,,Journey as part of work,Approaching junction or waiting/parked at junction approach,CITROEN,BERLINGO MSPACE FORTE HDI,Heavy oil,Male,,No tow/articulation,Did not leave carriageway,0.0,Slowing or stopping,2,Car,No,Front,2005
200542G104112,26 - 35,3.0,Urban area,3.0,1360.0,,,Commuting to/from work,Not at or within 20 metres of junction,PEUGEOT,206 LX AUTO,Petrol,Female,,No tow/articulation,Did not leave carriageway,0.0,Going ahead other,2,Car,No,Front,2005
200542H002401,21 - 25,4.0,Urban area,2.0,1108.0,,,Other/Not known (2005-10),Entering main road,FIAT,SEICENTO SX,Petrol,Male,,No tow/articulation,Did not leave carriageway,0.0,Going ahead other,1,Car,No,Front,2005
200542H006502,36 - 45,1.0,Urban area,8.0,1796.0,,,Journey as part of work,Approaching junction or waiting/parked at junction approach,TOYOTA,CELICA T SPORT VVTLI,Petrol,Male,,No tow/articulation,Did not leave carriageway,0.0,U-turn,1,Car,No,Front,2005
200542H008403,36 - 45,4.0,Data missing or out of range,,1998.0,,,Journey as part of work,Entering main road,FORD,TRANSIT 260 SWB TD,Heavy oil,Male,,No tow/articulation,Did not leave carriageway,0.0,Going ahead other,1,Van / Goods 3.5 tonnes mgw or under,No,Front,2005
200542H010303,36 - 45,12.0,Data missing or out of range,,2500.0,,,Other/Not known (2005-10),Mid Junction - on roundabout or on main road,MITSUBISHI,,Heavy oil,Male,,No tow/articulation,Did not leave carriageway,0.0,Parked,2,Car,No,Back,2005
200542H011803,56 - 65,10.0,Rural,6.0,885.0,,,Other/Not known (2005-10),Approaching junction or waiting/parked at junction approach,TRIUMPH,,Petrol,Male,,No tow/articulation,Did not leave carriageway,0.0,Going ahead other,1,Motorcycle over 500cc,No,Front,2005
200542H013804,46 - 55,6.0,Data missing or out of range,,1998.0,,,Other/Not known (2005-10),Mid Junction - on roundabout or on main road,NISSAN,PRIMERA SX 16V,Petrol,Male,,No tow/articulation,Did not leave carriageway,0.0,Going ahead other,3,Taxi/Private hire car,No,Did not impact,2005
200542H016604,Data missing or out of range,4.0,Data missing or out of range,,12130.0,,,Other/Not known (2005-10),Entering roundabout,VOLVO,,Heavy oil,Not known,Skidded,Articulated vehicle,Did not leave carriageway,0.0,Changing lane to left,1,Goods 7.5 tonnes mgw and over,No,Offside,2005
200542H016604,Data missing or out of range,7.0,Data missing or out of range,,1587.0,,,Other/Not known (2005-10),Entering roundabout,TOYOTA,COROLLA GLS AUTO,Petrol,Male,,No tow/articulation,Did not leave carriageway,0.0,Waiting to go - held up,3,Car,No,Back,2005
200542H019305,16 - 20,3.0,Urban area,3.0,1149.0,,,Other/Not known (2005-10),Not at or within 20 metres of junction,RENAULT,CLIO DYNAMIQUE 16V,Petrol,Male,,No tow/articulation,Did not leave carriageway,0.0,Reversing,1,Car,No,Back,2005
200542H019405,46 - 55,3.0,Urban area,2.0,498.0,,,Other/Not known (2005-10),Not at or within 20 metres of junction,KAWASAKI,EX500 E9,Petrol,Male,,No tow/articulation,Did not leave carriageway,0.0,Slowing or stopping,2,Motorcycle over 125cc and up to 500cc,No,Nearside,2005
200542H021305,56 - 65,,Urban area,3.0,,,,Other/Not known (2005-10),Not at or within 20 metres of junction,VAUXHALL,ASTRA SPORTIV.DI,,Male,,No tow/articulation,Did not leave carriageway,0.0,Parked,1,Car,No,Offside,2005
200542H021505,36 - 45,11.0,Data missing or out of range,,1063.0,,,Other/Not known (2005-10),Approaching junction or waiting/parked at junction approach,YAMAHA,,Petrol,Male,,No tow/articulation,Did not leave carriageway,0.0,Overtaking moving vehicle - offside,2,Motorcycle over 500cc,No,Offside,2005
200542H023906,26 - 35,,Urban area,2.0,,,,Journey as part of work,Cleared junction or waiting/parked at junction exit,VAUXHALL,COMBO SE 1.7D,,Male,,No tow/articulation,Did not leave carriageway,0.0,Moving off,2,Car,No,Offside,2005
200542H028006,Data missing or out of range,11.0,Data missing or out of range,,,,,Journey as part of work,Approaching junction or waiting/parked at junction approach,DENNIS,,Heavy oil,Male,,No tow/articulation,Did not leave carriageway,0.0,Slowing or stopping,1,Bus or coach (17 or more pass seats),No,Nearside,2005
200542H035308,56 - 65,8.0,Data missing or out of range,,1781.0,,,Other/Not known (2005-10),Entering main road,AUDI,A4 1.8T SPORT,Petrol,Male,,No tow/articulation,Did not leave carriageway,9.0,Waiting to go - held up,2,Car,No,Nearside,2005