Accident_Index,Age_Band_of_Driver,Age_of_Vehicle,Driver_Home_Area_Type,Driver_IMD_Decile,Engine_Capacity_.CC.,Hit_Object_in_Carriageway,Hit_Object_off_Carriageway,Journey_Purpose_of_Driver,Junction_Location,make,model,Propulsion_Code,Sex_of_Driver,Skidding_and_Overturning,Towing_and_Articulation,Vehicle_Leaving_Carriageway,Vehicle_Location.Restricted_Lane,Vehicle_Manoeuvre,Vehicle_Reference,Vehicle_Type,Was_Vehicle_Left_Hand_Drive,X1st_Point_of_Impact,Year
200543S067055,66 - 75,,Urban area,5.0,1598.0,Kerb,,Other/Not known (2005-10),Mid Junction - on roundabout or on main road,RENAULT,SCENIC EXPRESSION 16V,Petrol,Male,,No tow/articulation,Did not leave carriageway,0.0,Turning right,2,Car,No,Offside,2005
200543S074045,36 - 45,6.0,Urban area,5.0,4250.0,,,Journey as part of work,Mid Junction - on roundabout or on main road,MERCEDES,,Heavy oil,Male,,No tow/articulation,Did not leave carriageway,0.0,Turning right,1,Bus or coach (17 or more pass seats),No,Nearside,2005
200543S078045,56 - 65,9.0,Data missing or out of range,,11000.0,,,Other/Not known (2005-10),Not at or within 20 metres of junction,SCANIA,,Heavy oil,Male,,Articulated vehicle,Did not leave carriageway,0.0,Going ahead other,1,Goods 7.5 tonnes mgw and over,No,Front,2005
200543S081015,36 - 45,2.0,Urban area,10.0,1796.0,,,Other/Not known (2005-10),Entering main road,LAND ROVER,FREELANDER SERENGETI SE,Petrol,Male,,No tow/articulation,Did not leave carriageway,0.0,Turning right,1,Car,No,Offside,2005
200543S093065,26 - 35,6.0,Urban area,2.0,973.0,,,Other/Not known (2005-10),Not at or within 20 metres of junction,VAUXHALL,CORSA GLS 12V,Petrol,Female,Skidded,No tow/articulation,Did not leave carriageway,0.0,Going ahead other,1,Car,No,Front,2005
200543S109015,21 - 25,2.0,Urban area,9.0,1686.0,,,Journey as part of work,Mid Junction - on roundabout or on main road,VAUXHALL,COMBO 1700 DI,Heavy oil,Male,Skidded,No tow/articulation,Did not leave carriageway,0.0,Going ahead other,2,Van / Goods 3.5 tonnes mgw or under,No,Front,2005
200543S114045,21 - 25,8.0,Urban area,10.0,1341.0,Kerb,Tree,Other/Not known (2005-10),Not at or within 20 metres of junction,HYUNDAI,ACCENT COUPE I,Petrol,Female,Skidded and overturned,No tow/articulation,Nearside,0.0,Going ahead other,1,Car,No,Front,2005
200543S134055,66 - 75,2.0,Rural,8.0,1399.0,,,Other/Not known (2005-10),Not at or within 20 metres of junction,FORD,FIESTA LX TDCI,Heavy oil,Male,,No tow/articulation,Did not leave carriageway,0.0,Going ahead other,1,Car,No,Front,2005
200543S141035,21 - 25,3.0,Urban area,10.0,1998.0,,,Other/Not known (2005-10),Approaching junction or waiting/parked at junction approach,FORD,MONDEO ZETEC TDCI,Heavy oil,Female,,No tow/articulation,Did not leave carriageway,0.0,Going ahead other,2,Car,No,Back,2005
200543S144045,56 - 65,8.0,Urban area,4.0,15980.0,,,Other/Not known (2005-10),Mid Junction - on roundabout or on main road,VAUXHALL,ASTRA GLS 16V AUTO,Petrol,Male,Skidded,No tow/articulation,Offside,0.0,Going ahead other,2,Car,No,Front,2005
200543S151065,21 - 25,7.0,Urban area,8.0,1242.0,,,Commuting to/from work,Leaving roundabout,FIAT,PUNTO SX 60,Petrol,Male,,No tow/articulation,Did not leave carriageway,0.0,Going ahead left-hand bend,2,Car,No,Front,2005
200543S161065,21 - 25,8.0,Urban area,4.0,1396.0,,,Journey as part of work,Approaching junction or waiting/parked at junction approach,ROVER,214 IS,Petrol,Male,,No tow/articulation,Did not leave carriageway,0.0,Going ahead other,2,Car,No,Nearside,2005
200543W006125,36 - 45,,Urban area,10.0,1753.0,,,Commuting to/from work,Mid Junction - on roundabout or on main road,FORD,FOCUS SPORT TDCI,Heavy oil,Male,,No tow/articulation,Did not leave carriageway,0.0,Turning right,1,Car,No,Front,2005
200543W006125,26 - 35,7.0,Urban area,5.0,1389.0,,,Other/Not known (2005-10),Mid Junction - on roundabout or on main road,VAUXHALL,CORSA BREEZE HI-TORQ,Petrol,Female,,No tow/articulation,Did not leave carriageway,0.0,Turning right,2,Car,No,Front,2005
200543W010025,46 - 55,8.0,Urban area,10.0,1985.0,,,Commuting to/from work,Not at or within 20 metres of junction,SAAB,9000 CSE TURBO,Petrol,Male,,No tow/articulation,Did not leave carriageway,0.0,Overtaking moving vehicle - offside,1,Car,No,Front,2005
200543W017125,66 - 75,9.0,Urban area,9.0,1275.0,,,Other/Not known (2005-10),Cleared junction or waiting/parked at junction exit,NISSAN,MICRA LX AUTO,Petrol,Male,,No tow/articulation,Did not leave carriageway,0.0,Going ahead other,1,Car,No,Front,2005
200543W025055,Data missing or out of range,9.0,Data missing or out of range,,954.0,,,Other/Not known (2005-10),Not at or within 20 metres of junction,CITROEN,AX DIMENSION,Petrol,Female,,No tow/articulation,Did not leave carriageway,0.0,Going ahead other,1,Car,No,Nearside,2005
200543W027015,26 - 35,1.0,Data missing or out of range,,1998.0,,Other permanent object,Other/Not known (2005-10),Not at or within 20 metres of junction,HONDA,CIVIC TYPE-R,Petrol,Male,Overturned,No tow/articulation,Nearside,0.0,Going ahead right-hand bend,1,Car,No,Nearside,2005
200543W035025,36 - 45,2.0,Urban area,5.0,1870.0,,,Commuting to/from work,Not at or within 20 metres of junction,RENAULT,TRAFIC SL29 DCI 100 SWB,Heavy oil,Male,,No tow/articulation,Did not leave carriageway,0.0,Slowing or stopping,2,Van / Goods 3.5 tonnes mgw or under,No,Back,2005
200543W037115,36 - 45,18.0,Urban area,10.0,1955.0,,,Other/Not known (2005-10),Not at or within 20 metres of junction,HONDA,ACCORD AERODECK AX,Petrol,Male,Skidded,No tow/articulation,Offside,0.0,Going ahead other,1,Car,No,Nearside,2005
200543W038025,46 - 55,2.0,Data missing or out of range,,3498.0,,,Other/Not known (2005-10),Mid Junction - on roundabout or on main road,RENAULT,ESPACE PRIVILEGE V6 AUTO,Petrol,Male,,No tow/articulation,Did not leave carriageway,0.0,Reversing,1,Car,No,Back,2005
200543W042095,Data missing or out of range,17.0,Data missing or out of range,,1990.0,,,Other/Not known (2005-10),Not at or within 20 metres of junction,BMW,520 I AUTO,Petrol,Male,,No tow/articulation,Did not leave carriageway,0.0,Going ahead other,1,Car,No,Nearside,2005
200543W053125,21 - 25,7.0,Urban area,8.0,1242.0,,,Journey as part of work,Not at or within 20 metres of junction,FIAT,PUNTO SX 60,Petrol,Male,,No tow/articulation,Did not leave carriageway,0.0,Going ahead other,2,Car,No,Front,2005
200543W054055,26 - 35,4.0,Urban area,5.0,2800.0,,,Journey as part of work,Not at or within 20 metres of junction,FIAT,DUCATO 14 D MWB,Heavy oil,Male,,No tow/articulation,Offside on to central reservation,0.0,Going ahead other,1,Van / Goods 3.5 tonnes mgw or under,No,Front,2005
200543W054055,21 - 25,2.0,Urban area,10.0,1242.0,,,Other/Not known (2005-10),Not at or within 20 metres of junction,FIAT,PUNTO ACTIVE 8V,Petrol,Female,,No tow/articulation,Did not leave carriageway,0.0,Going ahead other,2,Car,No,Front,2005
200543W069015,26 - 35,12.0,Data missing or out of range,,1996.0,,Near/Offside crash barrier,Other/Not known (2005-10),Not at or within 20 metres of junction,HONDA,ACCORD LS AUTO,Petrol,Male,Skidded,No tow/articulation,Nearside and rebounded,0.0,Going ahead other,1,Car,No,Front,2005
200543W071015,Data missing or out of range,3.0,Urban area,,1796.0,,,Commuting to/from work,Not at or within 20 metres of junction,MG,TF 160,Petrol,Female,,No tow/articulation,Did not leave carriageway,0.0,Slowing or stopping,3,Car,No,Back,2005
200543W077105,36 - 45,7.0,Urban area,3.0,599.0,,,Other/Not known (2005-10),Mid Junction - on roundabout or on main road,KAWASAKI,,Petrol,Male,,No tow/articulation,Did not leave carriageway,0.0,Going ahead other,2,Motorcycle over 500cc,No,Nearside,2005
200543W078105,16 - 20,2.0,Rural,7.0,1997.0,Kerb,,Commuting to/from work,Not at or within 20 metres of junction,PEUGEOT,307 S HDI 90,Heavy oil,Female,Overturned,No tow/articulation,Offside,0.0,Going ahead right-hand bend,1,Car,No,Front,2005
200543W079025,56 - 65,7.0,Urban area,10.0,1587.0,,,Other/Not known (2005-10),Mid Junction - on roundabout or on main road,TOYOTA,COROLLA SR,Petrol,Male,,No tow/articulation,Did not leave carriageway,0.0,Turning right,1,Car,No,Nearside,2005
200543W092085,26 - 35,5.0,Urban area,8.0,2402.0,,,Other/Not known (2005-10),Approaching junction or waiting/parked at junction approach,FORD,TRANSIT 350 LWB TD,Heavy oil,Male,,No tow/articulation,Did not leave carriageway,0.0,Slowing or stopping,2,Van / Goods 3.5 tonnes mgw or under,No,Back,2005
200543W098065,26 - 35,,Urban area,2.0,,,,Journey as part of work,Not at or within 20 metres of junction,SCANIA,,,Male,Skidded,No tow/articulation,Did not leave carriageway,0.0,Going ahead other,1,Car,No,Offside,2005
200543W098065,21 - 25,,Data missing or out of range,,,,,Journey as part of work,Not at or within 20 metres of junction,VOLKSWAGEN,CADDY 69PS SDI,,Male,Jackknifed and overturned,Articulated vehicle,Nearside,0.0,Going ahead other,2,Goods 7.5 tonnes mgw and over,No,Nearside,2005
200543W098085,26 - 35,,Urban area,3.0,,Parked vehicle,Other permanent object,Other/Not known (2005-10),Not at or within 20 metres of junction,FORDSON,,,Male,Skidded,No tow/articulation,Offside,0.0,Going ahead other,1,Motorcycle over 500cc,No,Offside,2005
200543W098085,66 - 75,5.0,Urban area,8.0,1390.0,,,Other/Not known (2005-10),Not at or within 20 metres of junction,RENAULT,CLIO ALIZE,Petrol,Not known,,No tow/articulation,Did not leave carriageway,0.0,Parked,2,Car,No,Offside,2005
200543W101015,Over 75,9.0,Data missing or out of range,,1598.0,,,Other/Not known (2005-10),Approaching junction or waiting/parked at junction approach,RENAULT,MEGANE RT 1.6 AUTO,Petrol,Male,,No tow/articulation,Did not leave carriageway,0.0,Waiting to go - held up,2,Car,No,Back,2005
200543W124085,16 - 20,1.0,Urban area,7.0,49.0,,,Other/Not known (2005-10),Not at or within 20 metres of junction,Z Y MOTOR,ZY 50 QT-7,Petrol,Male,,No tow/articulation,Did not leave carriageway,0.0,U-turn,1,Motorcycle 50cc and under,No,Offside,2005
200543W131025,16 - 20,,Urban area,10.0,,,,Other/Not known (2005-10),Entering roundabout,HYUNDAI,SANTA FE TD,,Male,,No tow/articulation,Did not leave carriageway,0.0,Going ahead other,2,Motorcycle 50cc and under,No,Front,2005
200543W131055,16 - 20,,Data missing or out of range,,,,,Other/Not known (2005-10),Not at or within 20 metres of junction,PIAGGIO,ZIP SP,,Female,,No tow/articulation,Did not leave carriageway,0.0,Overtaking moving vehicle - offside,1,Motorcycle 125cc and under,No,Did not impact,2005
200543W131055,56 - 65,1.0,Urban area,10.0,1753.0,,,Journey as part of work,Not at or within 20 metres of junction,FORD,TRANSIT CONNECT L220 D,Heavy oil,Male,,No tow/articulation,Did not leave carriageway,0.0,Waiting to go - held up,2,Van / Goods 3.5 tonnes mgw or under,No,Did not impact,2005
200543W141085,21 - 25,1.0,Small town,8.0,1461.0,,,Journey as part of work,Not at or within 20 metres of junction,RENAULT,MEGANE RUSH DCI 80,Heavy oil,Female,,No tow/articulation,Did not leave carriageway,0.0,Changing lane to left,1,Car,No,Front,2005
200543W149015,21 - 25,5.0,Urban area,5.0,1800.0,,,Other/Not known (2005-10),Not at or within 20 metres of junction,LAND ROVER,,Petrol,Male,,No tow/articulation,Did not leave carriageway,0.0,Overtaking moving vehicle - offside,1,Car,No,Front,2005
200543W149015,21 - 25,5.0,Urban area,7.0,2435.0,,,Other/Not known (2005-10),Not at or within 20 metres of junction,VOLVO,S80 AUTO,Petrol,Male,,No tow/articulation,Did not leave carriageway,0.0,Going ahead other,2,Car,No,Front,2005
200543W157115,21 - 25,2.0,Urban area,10.0,1686.0,,,Other/Not known (2005-10),Approaching junction or waiting/parked at junction approach,VAUXHALL,COMBO 1700 DI,Heavy oil,Male,,No tow/articulation,Did not leave carriageway,0.0,Going ahead other,2,Van / Goods 3.5 tonnes mgw or under,No,Front,2005
200543W161115,36 - 45,,Urban area,8.0,1560.0,,,Journey as part of work,Approaching junction or waiting/parked at junction approach,FORD,FOCUS LX TDCI 90,Heavy oil,Male,,No tow/articulation,Did not leave carriageway,0.0,Waiting to turn right,2,Car,No,Back,2005
200543W167075,26 - 35,14.0,Urban area,9.0,1598.0,,,Other/Not known (2005-10),Approaching junction or waiting/parked at junction approach,MAZDA,323 GLXI ABS,Petrol,Female,,No tow/articulation,Did not leave carriageway,0.0,Waiting to go - held up,3,Car,No,Offside,2005
200543W168045,46 - 55,5.0,Data missing or out of range,,1581.0,,,Commuting to/from work,Leaving roundabout,FIAT,BRAVA 100 SX AUTO,Petrol,Male,,No tow/articulation,Did not leave carriageway,0.0,Going ahead right-hand bend,1,Car,No,Did not impact,2005
200543W175105,26 - 35,,Urban area,7.0,,,,Pupil riding to/from school,Approaching junction or waiting/parked at junction approach,FORD,TRANSIT 280 MWB TD,,Female,,No tow/articulation,Did not leave carriageway,0.0,Waiting to turn right,1,Car,No,Back,2005
200543W178055,66 - 75,1.0,Urban area,10.0,1399.0,,Road sign or traffic signal,Other/Not known (2005-10),Entering roundabout,FORD,FIESTA ZETEC TDCI,Heavy oil,Male,,No tow/articulation,Straight ahead at junction,0.0,Going ahead other,1,Car,No,Front,2005
200543W187065,21 - 25,,Urban area,2.0,,,,Other/Not known (2005-10),Leaving roundabout,VAUXHALL,COMBO 1700 DI,,Male,,No tow/articulation,Did not leave carriageway,0.0,Going ahead other,1,Car,No,Front,2005
200543W198115,56 - 65,1.0,Urban area,5.0,12580.0,,,Journey as part of work,Approaching junction or waiting/parked at junction approach,DAF TRUCKS,FADCF85.340,Heavy oil,Male,,No tow/articulation,Did not leave carriageway,0.0,Changing lane to left,1,Goods 7.5 tonnes mgw and over,No,Front,2005
200543W214115,26 - 35,,Data missing or out of range,,,,,Journey as part of work,Leaving roundabout,VAUXHALL,COMBO 1700 DTI,,Female,,No tow/articulation,Did not leave carriageway,0.0,Going ahead other,1,Car,No,Did not impact,2005
200543W218025,21 - 25,5.0,Urban area,,1450.0,,,Journey as part of work,Approaching junction or waiting/parked at junction approach,HARLEY-DAVIDSON,FXDX DYNA SUPER GLIDE SPO,Petrol,Male,Skidded,No tow/articulation,Did not leave carriageway,0.0,Going ahead other,1,Motorcycle over 500cc,No,Did not impact,2005
200543W238075,16 - 20,,Rural,5.0,,,,Other/Not known (2005-10),Not at or within 20 metres of junction,LAND ROVER,,,Male,,No tow/articulation,Did not leave carriageway,0.0,Slowing or stopping,1,Car,No,Front,2005
200543W239025,36 - 45,,Urban area,10.0,,,,Other/Not known (2005-10),Not at or within 20 metres of junction,SKODA,FELICIA PICK-UP 1.3,,Male,,No tow/articulation,Did not leave carriageway,0.0,Going ahead other,1,Car,No,Nearside,2005
200543W239085,36 - 45,5.0,Urban area,3.0,1997.0,,,Commuting to/from work,Approaching junction or waiting/parked at junction approach,PEUGEOT,406 LX HDI(90),Heavy oil,Male,,No tow/articulation,Did not leave carriageway,0.0,Going ahead other,2,Car,No,Front,2005
200543W240125,36 - 45,9.0,Urban area,4.0,1590.0,,,Other/Not known (2005-10),Not at or within 20 metres of junction,HONDA,CIVIC 1.6I LS AUTO,Petrol,Female,,No tow/articulation,Did not leave carriageway,0.0,Turning left,1,Car,No,Offside,2005
200543W243125,56 - 65,3.0,Urban area,10.0,2771.0,,,Journey as part of work,Not at or within 20 metres of junction,AUDI,A8 QUATTRO SPORT AUTO,Petrol,Male,,No tow/articulation,Did not leave carriageway,0.0,Going ahead other,3,Car,No,Back,2005
200543W244085,26 - 35,7.0,Urban area,8.0,1761.0,,,Other/Not known (2005-10),Approaching junction or waiting/parked at junction approach,PEUGEOT,306 LX AUTO,Petrol,Female,,No tow/articulation,Did not leave carriageway,0.0,Waiting to go - held up,3,Car,No,Back,2005
200543W247115,56 - 65,11.0,Urban area,10.0,1991.0,,,Other/Not known (2005-10),Not at or within 20 metres of junction,BMW,320 I SE AUTO,Petrol,Male,,No tow/articulation,Did not leave carriageway,0.0,Parked,2,Car,No,Front,2005
200543W257095,36 - 45,5.0,Urban area,9.0,1997.0,,,Other/Not known (2005-10),Approaching junction or waiting/parked at junction approach,HYUNDAI,TRAJET GSI,Petrol,Male,,No tow/articulation,Did not leave carriageway,0.0,Going ahead other,2,Car,No,Front,2005
200543W268045,21 - 25,9.0,Data missing or out of range,,1998.0,,,Other/Not known (2005-10),Entering roundabout,FORD,SCORPIO ULTIMA 16V AUTO,Petrol,Male,,No tow/articulation,Did not leave carriageway,0.0,Going ahead other,1,Car,No,Front,2005
200543W275115,46 - 55,,Urban area,6.0,,,,Other/Not known (2005-10),Not at or within 20 metres of junction,CITROEN,C4 SX HDI,,Male,,No tow/articulation,Did not leave carriageway,0.0,Going ahead other,2,Van / Goods 3.5 tonnes mgw or under,No,Back,2005
200543W276015,66 - 75,4.0,Data missing or out of range,,4164.0,,,Other/Not known (2005-10),Cleared junction or waiting/parked at junction exit,TOYOTA,LANDCRUISER AMAZON VX TDA,Heavy oil,Female,,No tow/articulation,Did not leave carriageway,0.0,Turning right,2,Car,No,Nearside,2005
200543W279035,36 - 45,9.0,Urban area,4.0,1108.0,,,Taking pupil to/from school,Approaching junction or waiting/parked at junction approach,FIAT,PUNTO 55 SX,Petrol,Female,,No tow/articulation,Did not leave carriageway,0.0,Turning right,2,Car,No,Offside,2005
200543W299105,36 - 45,4.0,Data missing or out of range,,498.0,,,Other/Not known (2005-10),Mid Junction - on roundabout or on main road,KAWASAKI,ER500-C1,Petrol,Male,,No tow/articulation,Did not leave carriageway,0.0,Going ahead other,2,Motorcycle over 125cc and up to 500cc,No,Front,2005
200543W301115,56 - 65,8.0,Urban area,4.0,1597.0,,,Other/Not known (2005-10),Mid Junction - on roundabout or on main road,NISSAN,ALMERA 1.6 GX,Petrol,Male,,No tow/articulation,Did not leave carriageway,0.0,Going ahead other,2,Car,No,Offside,2005
200543W304085,56 - 65,,Rural,7.0,2401.0,,,Other/Not known (2005-10),Approaching junction or waiting/parked at junction approach,VOLVO,XC 90 D5 SE AWD SEMI-AUTO,Heavy oil,Male,,No tow/articulation,Did not leave carriageway,0.0,Turning right,1,Car,No,Nearside,2005
200543W305065,21 - 25,10.0,Rural,4.0,1794.0,,,Other/Not known (2005-10),Approaching junction or waiting/parked at junction approach,VOLVO,460 SE,Petrol,Male,,No tow/articulation,Did not leave carriageway,0.0,Waiting to go - held up,2,Car,No,Back,2005
200543W306125,46 - 55,,Small town,10.0,1984.0,,,Other/Not known (2005-10),Approaching junction or waiting/parked at junction approach,VOLVO,C70 T AUTO,Petrol,Male,,No tow/articulation,Did not leave carriageway,0.0,Going ahead other,3,Car,No,Back,2005
200543W315045,36 - 45,18.0,Urban area,6.0,1188.0,,,Other/Not known (2005-10),Not at or within 20 metres of junction,YAMAHA,,Petrol,Male,Skidded,No tow/articulation,Nearside,0.0,Going ahead other,1,Motorcycle over 500cc,No,Nearside,2005
200543W317065,Data missing or out of range,,Data missing or out of range,,2204.0,,,Commuting to/from work,Approaching junction or waiting/parked at junction approach,HONDA,CR-V I-CTDI SE,Heavy oil,Male,,No tow/articulation,Did not leave carriageway,0.0,Turning left,1,Car,No,Front,2005
200543W352015,16 - 20,11.0,Urban area,6.0,1753.0,,,Other/Not known (2005-10),Mid Junction - on roundabout or on main road,FORD,ESCORT LX DIESEL,Heavy oil,Male,,No tow/articulation,Did not leave carriageway,0.0,Going ahead other,1,Car,No,Front,2005
200543W355065,46 - 55,1.0,Data missing or out of range,,2995.0,,,Commuting to/from work,Not at or within 20 metres of junction,LEXUS,RX300 SE-L AUTO,Petrol,Male,,No tow/articulation,Did not leave carriageway,0.0,Going ahead other,2,Car,No,Front,2005
200543W355125,26 - 35,,Data missing or out of range,,1590.0,,,Other/Not known (2005-10),Not at or within 20 metres of junction,HONDA,CIVIC SE AUTO,Petrol,Female,,No tow/articulation,Did not leave carriageway,0.0,Going ahead other,1,Car,No,Front,2005
200543W357075,16 - 20,10.0,Data missing or out of range,,1781.0,,,Other/Not known (2005-10),Not at or within 20 metres of junction,AUDI,A4 1.8T,Petrol,Male,,No tow/articulation,Did not leave carriageway,0.0,Going ahead other,1,Car,No,Front,2005
200543W380105,36 - 45,12.0,Urban area,3.0,1392.0,,,Other/Not known (2005-10),Not at or within 20 metres of junction,NISSAN,SUNNY CHIC,Petrol,Male,,No tow/articulation,Did not leave carriageway,0.0,Waiting to go - held up,2,Car,No,Back,2005
200543W384075,36 - 45,2.0,Urban area,6.0,954.0,,,Other/Not known (2005-10),Not at or within 20 metres of junction,HONDA,CBR 900 RR-3,Petrol,Male,Skidded and overturned,No tow/articulation,Did not leave carriageway,0.0,Overtaking - nearside,1,Motorcycle over 500cc,No,Offside,2005
200543W395115,26 - 35,11.0,Urban area,9.0,9570.0,,,Journey as part of work,Mid Junction - on roundabout or on main road,MERCEDES,,Heavy oil,Male,,No tow/articulation,Did not leave carriageway,0.0,Going ahead other,1,Goods 7.5 tonnes mgw and over,No,Front,2005
200543W403035,66 - 75,2.0,Urban area,10.0,2497.0,,,Other/Not known (2005-10),Approaching junction or waiting/parked at junction approach,MG,ZT+,Petrol,Female,,No tow/articulation,Did not leave carriageway,0.0,Going ahead other,1,Car,No,Front,2005
200543W417125,56 - 65,1.0,Urban area,10.0,2184.0,,Entered ditch,Journey as part of work,Not at or within 20 metres of junction,NISSAN,PRIMERA SE TD,Heavy oil,Male,Skidded,No tow/articulation,Nearside,0.0,Going ahead other,1,Taxi/Private hire car,No,Offside,2005
200543W423105,Data missing or out of range,2.0,Data missing or out of range,,2188.0,,,Other/Not known (2005-10),Not at or within 20 metres of junction,RENAULT,ESPACE THE RACE DCI,Heavy oil,Female,,No tow/articulation,Did not leave carriageway,0.0,Going ahead other,1,Car,No,Front,2005
200543W445095,46 - 55,1.0,Urban area,5.0,2000.0,,,Journey as part of work,Not at or within 20 metres of junction,WESTFIELD,,Petrol,Male,Skidded,No tow/articulation,Did not leave carriageway,0.0,Changing lane to right,1,Car,Yes,Offside,2005
200543W445095,21 - 25,,Urban area,10.0,,,,Journey as part of work,Not at or within 20 metres of junction,VAUXHALL,COMBO CLUB DIESEL,,Male,,No tow/articulation,Did not leave carriageway,0.0,Waiting to go - held up,2,Car,No,Front,2005
200543W445095,46 - 55,,Urban area,10.0,1796.0,,,Journey as part of work,Not at or within 20 metres of junction,VAUXHALL,ASTRA ELITE AUTO,Petrol,Female,,No tow/articulation,Did not leave carriageway,0.0,Waiting to go - held up,3,Car,No,Offside,2005
200543W451095,26 - 35,1.0,Urban area,4.0,1598.0,Open door of vehicle,,Other/Not known (2005-10),Cleared junction or waiting/parked at junction exit,VAUXHALL,ASTRA SXI TWINPORT,Petrol,Female,,No tow/articulation,Did not leave carriageway,0.0,Going ahead other,2,Car,No,Nearside,2005
200543W457125,16 - 20,8.0,Data missing or out of range,,1597.0,Any animal (except ridden horse),Telegraph or electricity pole,Commuting to/from work,Not at or within 20 metres of junction,FORD,ESCORT SERENADE 16V,Petrol,Female,,No tow/articulation,Offside,0.0,Going ahead other,1,Car,No,Front,2005
200543W461125,26 - 35,,Data missing or out of range,,,,,Journey as part of work,Not at or within 20 metres of junction,RENAULT,,,Male,,No tow/articulation,Did not leave carriageway,0.0,Going ahead other,1,Car,No,Nearside,2005
200543W464085,36 - 45,,Urban area,2.0,,,,Commuting to/from work,Not at or within 20 metres of junction,FORD,FIESTA COURIER 50 TD,,Male,Overturned,No tow/articulation,Did not leave carriageway,0.0,Going ahead other,2,Car,No,Front,2005
200543W470075,Data missing or out of range,8.0,Data missing or out of range,,2996.0,,,Other/Not known (2005-10),Mid Junction - on roundabout or on main road,MERCEDES,E300 ELEGANCE TD AUTO,Heavy oil,Not known,,No tow/articulation,Did not leave carriageway,0.0,Parked,3,Car,No,Did not impact,2005
200543W470095,36 - 45,1.0,Urban area,7.0,1998.0,,,Other/Not known (2005-10),Not at or within 20 metres of junction,RENAULT,GR SCENIC P-EGE VVT 16V A,Petrol,Female,,No tow/articulation,Did not leave carriageway,0.0,Going ahead other,1,Car,No,Offside,2005
200543W473105,46 - 55,1.0,Urban area,3.0,9000.0,,,Journey as part of work,Not at or within 20 metres of junction,SCANIA,,Heavy oil,Male,,No tow/articulation,Did not leave carriageway,0.0,Going ahead left-hand bend,2,Bus or coach (17 or more pass seats),No,Did not impact,2005
200543W488095,36 - 45,4.0,Urban area,8.0,2198.0,,,Journey as part of work,Mid Junction - on roundabout or on main road,VAUXHALL,OMEGA CD AUTO,Petrol,Male,,No tow/articulation,Did not leave carriageway,0.0,Waiting to turn left,1,Car,No,Front,2005
200543W500065,26 - 35,,Urban area,7.0,124.0,,,Commuting to/from work,Approaching junction or waiting/parked at junction approach,HONDA,XR 125 L-4,Petrol,Male,,No tow/articulation,Did not leave carriageway,0.0,Slowing or stopping,1,Motorcycle 125cc and under,No,Front,2005
200543W512055,36 - 45,2.0,Small town,8.0,2171.0,,,Other/Not known (2005-10),Not at or within 20 metres of junction,VAUXHALL,VECTRA ELEGANCE DTI 16V,Heavy oil,Male,,No tow/articulation,Nearside,0.0,Going ahead other,1,Car,No,Front,2005
200543W512055,Over 75,8.0,Small town,10.0,1392.0,,,Other/Not known (2005-10),Not at or within 20 metres of junction,NISSAN,ALMERA 1.4 ACTIV,Petrol,Male,Skidded,No tow/articulation,Did not leave carriageway,0.0,Going ahead other,2,Car,No,Offside,2005
200543W527095,21 - 25,16.0,Data missing or out of range,,399.0,,,Commuting to/from work,Approaching junction or waiting/parked at junction approach,SUZUKI,,Petrol,Male,,No tow/articulation,Did not leave carriageway,0.0,Overtaking static vehicle - offside,1,Motorcycle over 125cc and up to 500cc,No,Front,2005
200543W544095,21 - 25,3.0,Urban area,6.0,2172.0,,,Other/Not known (2005-10),Approaching junction or waiting/parked at junction approach,VAUXHALL,OMEGA CD DTI,Heavy oil,Male,,No tow/articulation,Did not leave carriageway,0.0,Going ahead other,1,Car,No,Front,2005
200543W557055,46 - 55,7.0,Urban area,5.0,2664.0,,,Journey as part of work,Cleared junction or waiting/parked at junction exit,LONDON TAXIS INT,TX1 BRONZE AUTO,Heavy oil,Male,,No tow/articulation,Did not leave carriageway,2.0,Moving off,1,Taxi/Private hire car,No,Front,2005
200543W565075,46 - 55,1.0,Rural,6.0,1769.0,,,Other/Not known (2005-10),Not at or within 20 metres of junction,NISSAN,ALMERA TINO SE,Petrol,Male,,No tow/articulation,Did not leave carriageway,0.0,Waiting to go - held up,1,Car,No,Offside,2005
200543W565075,21 - 25,11.0,Data missing or out of range,,1389.0,,,Other/Not known (2005-10),Not at or within 20 metres of junction,VAUXHALL,ASTRA LS (HI-TORQ),Petrol,Male,,No tow/articulation,Did not leave carriageway,0.0,Going ahead other,2,Car,No,Front,2005
200543W569065,46 - 55,2.0,Rural,8.0,1598.0,,,Other/Not known (2005-10),Mid Junction - on roundabout or on main road,VOLKSWAGEN,GOLF MATCH,Petrol,Female,,No tow/articulation,Did not leave carriageway,0.0,Turning left,1,Car,No,Front,2005
200543W573105,21 - 25,2.0,Urban area,10.0,1896.0,,,Journey as part of work,Cleared junction or waiting/parked at junction exit,VOLKSWAGEN,GOLF MATCH TDI PD,Heavy oil,Male,,No tow/articulation,Did not leave carriageway,1.0,Going ahead other,1,Car,No,Front,2005
200543W578115,26 - 35,,Urban area,4.0,,,,Journey as part of work,Approaching junction or waiting/parked at junction approach,VOLKSWAGEN,CARAVELLE TDI SWB,,Male,,No tow/articulation,Did not leave carriageway,0.0,Parked,2,Minibus (8 - 16 passenger seats),No,Back,2005
200543W606075,36 - 45,4.0,Urban area,10.0,2295.0,Kerb,Road sign or traffic signal,Other/Not known (2005-10),Leaving main road,FORD,,Petrol,Female,Overturned,No tow/articulation,Nearside,0.0,Going ahead right-hand bend,1,Car,No,Front,2005
200543W665125,46 - 55,8.0,Data missing or out of range,,1975.0,,,Other/Not known (2005-10),Not at or within 20 metres of junction,TOYOTA,,Heavy oil,Female,,No tow/articulation,Did not leave carriageway,0.0,Going ahead other,2,Car,No,Back,2005
200543W667125,Over 75,5.0,Urban area,9.0,1199.0,,,Other/Not known (2005-10),Not at or within 20 metres of junction,VAUXHALL,CORSA 16V,Petrol,Male,,No tow/articulation,Did not leave carriageway,0.0,Going ahead other,1,Car,No,Front,2005