Accident_Index,Age_Band_of_Driver,Age_of_Vehicle,Driver_Home_Area_Type,Driver_IMD_Decile,Engine_Capacity_.CC.,Hit_Object_in_Carriageway,Hit_Object_off_Carriageway,Journey_Purpose_of_Driver,Junction_Location,make,model,Propulsion_Code,Sex_of_Driver,Skidding_and_Overturning,Towing_and_Articulation,Vehicle_Leaving_Carriageway,Vehicle_Location.Restricted_Lane,Vehicle_Manoeuvre,Vehicle_Reference,Vehicle_Type,Was_Vehicle_Left_Hand_Drive,X1st_Point_of_Impact,Year
2005445BB0327,46 - 55,16.0,Urban area,4.0,1598.0,,,Other/Not known (2005-10),Approaching junction or waiting/parked at junction approach,NISSAN,BLUEBIRD PREMIUM,Petrol,Male,,No tow/articulation,Did not leave carriageway,0.0,Slowing or stopping,2,Car,No,Back,2005
2005445BB0351,26 - 35,1.0,Urban area,10.0,1165.0,,,Commuting to/from work,Approaching junction or waiting/parked at junction approach,KAWASAKI,ZR 1200 A3P,Petrol,Male,,No tow/articulation,Did not leave carriageway,0.0,Turning right,1,Motorcycle over 500cc,No,Nearside,2005
2005445DG0025,36 - 45,8.0,Urban area,10.0,1242.0,,,Other/Not known (2005-10),Mid Junction - on roundabout or on main road,FORD,FIESTA CHICANE,Petrol,Female,,No tow/articulation,Did not leave carriageway,0.0,Going ahead other,2,Car,No,Offside,2005
2005445DH0007,56 - 65,4.0,Urban area,6.0,1396.0,,,Other/Not known (2005-10),Not at or within 20 metres of junction,ROVER,25 IMPRESSION S,Petrol,Male,,No tow/articulation,Did not leave carriageway,0.0,Going ahead left-hand bend,2,Car,No,Offside,2005
2005445DR0009,36 - 45,2.0,Rural,10.0,2979.0,,,Other/Not known (2005-10),Not at or within 20 metres of junction,BMW,330 I SPORT,Petrol,Male,,No tow/articulation,Did not leave carriageway,0.0,Waiting to go - held up,1,Car,No,Back,2005
2005445DR0042,36 - 45,2.0,Urban area,6.0,6371.0,,,Journey as part of work,Approaching junction or waiting/parked at junction approach,GROVE,,Petrol,Male,,No tow/articulation,Did not leave carriageway,0.0,Going ahead other,1,Other vehicle,No,Front,2005
2005445DR0042,36 - 45,1.0,Urban area,4.0,1124.0,,,Other/Not known (2005-10),Approaching junction or waiting/parked at junction approach,PEUGEOT,206 FEVER,Petrol,Male,,No tow/articulation,Did not leave carriageway,0.0,Turning right,2,Car,No,Back,2005
2005445DT0015,26 - 35,,Urban area,4.0,,,,Commuting to/from work,Mid Junction - on roundabout or on main road,YAMAHA,YN 50 NEO'S,,Male,,No tow/articulation,Did not leave carriageway,0.0,Overtaking moving vehicle - offside,1,Motorcycle 125cc and under,No,Front,2005
2005445DT0034,16 - 20,,Small town,7.0,,,,Other/Not known (2005-10),Approaching junction or waiting/parked at junction approach,PEUGEOT,205 XAD STD,,Male,,No tow/articulation,Did not leave carriageway,0.0,Going ahead other,2,Car,No,Front,2005
2005445DT0057,56 - 65,11.0,Rural,5.0,5973.0,,,Other/Not known (2005-10),Entering main road,MERCEDES,S600 COUPE AUTO,Petrol,Male,,No tow/articulation,Did not leave carriageway,0.0,Turning right,2,Car,No,Front,2005
2005445HB0032,21 - 25,2.0,Urban area,10.0,599.0,,Road sign or traffic signal,Other/Not known (2005-10),Not at or within 20 metres of junction,TRIUMPH,SPEED FOUR,Petrol,Male,Skidded,No tow/articulation,Offside and rebounded,0.0,Going ahead other,1,Motorcycle over 500cc,No,Front,2005
2005445HB0035,46 - 55,14.0,Small town,8.0,2771.0,,,Other/Not known (2005-10),Approaching junction or waiting/parked at junction approach,ISUZU,TROOPER LWB TURBO DIESEL,Heavy oil,Male,,No tow/articulation,Offside,0.0,Going ahead other,2,Other vehicle,No,Nearside,2005
2005445HB0041,46 - 55,17.0,Small town,5.0,1781.0,,,Journey as part of work,Not at or within 20 metres of junction,VOLKSWAGEN,GOLF CLIPPER CABRIO,Petrol,Male,,No tow/articulation,Did not leave carriageway,0.0,Slowing or stopping,1,Car,No,Back,2005
2005445HB0041,46 - 55,3.0,Urban area,8.0,1242.0,,,Journey as part of work,Not at or within 20 metres of junction,FIAT,PUNTO ACTIVE,Petrol,Female,Skidded,No tow/articulation,Did not leave carriageway,0.0,Slowing or stopping,2,Car,No,Front,2005
2005445HG0101,16 - 20,,Urban area,3.0,,,,Other/Not known (2005-10),Cleared junction or waiting/parked at junction exit,RENAULT,MEGANE SCENIC RXE AUTO,,Male,Skidded and overturned,No tow/articulation,Did not leave carriageway,0.0,Going ahead other,1,Motorcycle 50cc and under,No,Front,2005
2005445HP0105,26 - 35,4.0,Data missing or out of range,,1796.0,,,Commuting to/from work,Not at or within 20 metres of junction,TOYOTA,CELICA 190 VVTLI,Petrol,Male,,No tow/articulation,Did not leave carriageway,0.0,Changing lane to right,1,Car,No,Offside,2005
2005445JW0038,26 - 35,8.0,Urban area,7.0,1799.0,,,Other/Not known (2005-10),Not at or within 20 metres of junction,VAUXHALL,VECTRA LS 16V AUTO,Petrol,Female,Skidded and overturned,No tow/articulation,Did not leave carriageway,0.0,Going ahead other,1,Car,No,Front,2005
2005445JW0073,46 - 55,7.0,Data missing or out of range,,1597.0,,,Other/Not known (2005-10),Approaching junction or waiting/parked at junction approach,FORD,ESCORT FINESSE 16V,Petrol,Male,Skidded,No tow/articulation,Did not leave carriageway,0.0,Going ahead other,2,Car,No,Nearside,2005
2005445KK0035,36 - 45,2.0,Data missing or out of range,,2179.0,,,Other/Not known (2005-10),Approaching junction or waiting/parked at junction approach,PEUGEOT,406 COUPE HDI,Heavy oil,Male,,No tow/articulation,Did not leave carriageway,0.0,Going ahead left-hand bend,2,Car,No,Did not impact,2005
2005445KK0096,36 - 45,18.0,Urban area,6.0,988.0,,,Other/Not known (2005-10),Mid Junction - on roundabout or on main road,NISSAN,MICRA 1.0 SGL AUTO,Petrol,Female,,No tow/articulation,Did not leave carriageway,0.0,Turning right,1,Car,No,Front,2005
2005445KK0265,26 - 35,10.0,Urban area,1.0,1781.0,,,Other/Not known (2005-10),Not at or within 20 metres of junction,AUDI,A4 1.8 SE AUTO,Petrol,Female,,No tow/articulation,Did not leave carriageway,0.0,Waiting to go - held up,3,Car,No,Back,2005
2005445KK0289,21 - 25,1.0,Urban area,7.0,1598.0,,,Other/Not known (2005-10),Not at or within 20 metres of junction,VAUXHALL,ASTRA LIFE TWINPORT,Petrol,Male,,No tow/articulation,Did not leave carriageway,0.0,Going ahead left-hand bend,1,Car,No,Front,2005
2005445KK0488,26 - 35,1.0,Urban area,10.0,1998.0,,Other permanent object,Other/Not known (2005-10),Not at or within 20 metres of junction,HONDA,CIVIC TYPE-R,Petrol,Male,Skidded,No tow/articulation,Offside,0.0,Going ahead other,1,Car,No,Front,2005
2005445OC0044,46 - 55,2.0,Data missing or out of range,,3900.0,,,Journey as part of work,Not at or within 20 metres of junction,DENNIS,,Heavy oil,Male,,No tow/articulation,Did not leave carriageway,0.0,Slowing or stopping,1,Bus or coach (17 or more pass seats),No,Did not impact,2005
2005445OC0167,36 - 45,3.0,Urban area,10.0,1870.0,,,Commuting to/from work,Entering from slip road,RENAULT,MEGANE SCENIC FIDJI DCI,Heavy oil,Male,,No tow/articulation,Did not leave carriageway,0.0,Waiting to go - held up,2,Car,No,Back,2005
2005445OC0314,16 - 20,1.0,Rural,10.0,2402.0,,,Journey as part of work,Approaching junction or waiting/parked at junction approach,FORD,TRANSIT 350 LWB TD,Heavy oil,Male,Skidded,No tow/articulation,Did not leave carriageway,0.0,Slowing or stopping,3,Van / Goods 3.5 tonnes mgw or under,No,Front,2005
2005445OC0432,Over 75,5.0,Rural,9.0,998.0,,Tree,Other/Not known (2005-10),Not at or within 20 metres of junction,NISSAN,MICRA CELEBRATION 16V,Petrol,Female,,No tow/articulation,Did not leave carriageway,0.0,Going ahead other,1,Car,No,Front,2005
2005445OL0015,16 - 20,14.0,Small town,9.0,1124.0,,,Other/Not known (2005-10),Approaching junction or waiting/parked at junction approach,PEUGEOT,205 TRIO SX,Petrol,Male,,No tow/articulation,Did not leave carriageway,0.0,Going ahead other,1,Car,No,Front,2005
2005445OL0210,46 - 55,2.0,Urban area,,1686.0,,,Journey as part of work,Not at or within 20 metres of junction,VAUXHALL,ASTRA LS CDTI,Heavy oil,Male,,No tow/articulation,Did not leave carriageway,0.0,Waiting to go - held up,1,Car,No,Did not impact,2005
2005445OL0289,26 - 35,11.0,Data missing or out of range,,1994.0,,,Commuting to/from work,Approaching junction or waiting/parked at junction approach,ROVER,MAESTRO 500 L DIESEL,Heavy oil,Male,,No tow/articulation,Did not leave carriageway,0.0,Turning right,1,Van / Goods 3.5 tonnes mgw or under,No,Offside,2005
2005445OL0289,36 - 45,8.0,Data missing or out of range,,2283.0,,,Commuting to/from work,Approaching junction or waiting/parked at junction approach,NISSAN,VANETTE CARGO LWB,Heavy oil,Male,Skidded,No tow/articulation,Did not leave carriageway,0.0,Going ahead other,2,Van / Goods 3.5 tonnes mgw or under,No,Front,2005
2005445OL0423,21 - 25,,Urban area,9.0,1398.0,,,Other/Not known (2005-10),Approaching junction or waiting/parked at junction approach,CITROEN,C3 HDI EXCLUSIVE,Heavy oil,Female,,No tow/articulation,Did not leave carriageway,0.0,Waiting to turn right,1,Car,No,Back,2005
2005445SC0004,36 - 45,6.0,Data missing or out of range,,9834.0,,,Other/Not known (2005-10),Mid Junction - on roundabout or on main road,RENAULT,,Heavy oil,Male,,Articulated vehicle,Did not leave carriageway,0.0,Going ahead other,1,Goods 7.5 tonnes mgw and over,No,Front,2005
2005445SC0004,21 - 25,10.0,Urban area,9.0,1108.0,,,Other/Not known (2005-10),Mid Junction - on roundabout or on main road,FIAT,PUNTO 55 SX,Petrol,Male,,No tow/articulation,Did not leave carriageway,0.0,Going ahead other,2,Car,No,Back,2005
2005445SC0056,26 - 35,8.0,Urban area,8.0,1834.0,,,Other/Not known (2005-10),Entering main road,MITSUBISHI,CARISMA GLXI,Petrol,Male,,No tow/articulation,Nearside,0.0,Moving off,1,Car,No,Front,2005
2005445SP0008,21 - 25,3.0,Data missing or out of range,,1124.0,,Tree,Other/Not known (2005-10),Not at or within 20 metres of junction,CITROEN,SAXO FORTE,Petrol,Male,Skidded,No tow/articulation,Offside and rebounded,0.0,Going ahead left-hand bend,1,Car,No,Front,2005
2005445SP0048,46 - 55,,Urban area,9.0,1598.0,,,Journey as part of work,Approaching junction or waiting/parked at junction approach,VAUXHALL,ASTRA LIFE TWINPORT,Petrol,Male,,No tow/articulation,Did not leave carriageway,0.0,Waiting to go - held up,1,Car,No,Back,2005
2005445ST0153,Data missing or out of range,10.0,Urban area,1.0,1289.0,,,Other/Not known (2005-10),Not at or within 20 metres of junction,SKODA,FAVORIT LXIE PL FLAIRLINE,Petrol,Female,,No tow/articulation,Did not leave carriageway,0.0,Going ahead other,2,Car,No,Front,2005
2005445SY0065,46 - 55,,Urban area,5.0,1296.0,,,Journey as part of work,Approaching junction or waiting/parked at junction approach,TRIUMPH,SPITFIRE MK4,Petrol,Male,,No tow/articulation,Did not leave carriageway,0.0,Waiting to go - held up,1,Car,No,Back,2005
2005445WA0005,36 - 45,10.0,Urban area,9.0,1905.0,,,Taking pupil to/from school,Leaving main road,PEUGEOT,405 GLX TURBO DIESEL,Heavy oil,Female,,No tow/articulation,Did not leave carriageway,0.0,Turning right,1,Car,No,Front,2005
2005445WA0005,Over 75,8.0,Urban area,4.0,1389.0,,,Other/Not known (2005-10),Approaching junction or waiting/parked at junction approach,VAUXHALL,CORSA BREEZE HI-TORQ,Petrol,Female,,No tow/articulation,Did not leave carriageway,0.0,Going ahead other,2,Car,No,Front,2005
2005445WA0083,26 - 35,1.0,Urban area,1.0,1461.0,,Near/Offside crash barrier,Other/Not known (2005-10),Leaving main road,RENAULT,MEGANE DYNAMIQUE DCI 100,Heavy oil,Male,Skidded,No tow/articulation,Offside,0.0,Turning left,1,Car,No,Front,2005
2005445WE0113,56 - 65,,Urban area,10.0,,,,Other/Not known (2005-10),Approaching junction or waiting/parked at junction approach,NISSAN,,,Male,,No tow/articulation,Did not leave carriageway,0.0,Turning right,1,Van / Goods 3.5 tonnes mgw or under,No,Offside,2005
2005445WE0125,26 - 35,2.0,Urban area,4.0,1396.0,,,Journey as part of work,Not at or within 20 metres of junction,HONDA,CIVIC INSPIRE S,Petrol,Female,,No tow/articulation,Did not leave carriageway,0.0,Going ahead other,2,Car,No,Front,2005
2005445WE0131,36 - 45,3.0,Urban area,4.0,5480.0,,,Journey as part of work,Not at or within 20 metres of junction,VOLVO,,Heavy oil,Male,,No tow/articulation,Did not leave carriageway,6.0,Going ahead other,2,Other vehicle,No,Front,2005
2005445WH0039,26 - 35,9.0,Urban area,4.0,1390.0,,,Other/Not known (2005-10),Mid Junction - on roundabout or on main road,RENAULT,,Petrol,Male,,No tow/articulation,Offside,0.0,Changing lane to right,1,Car,No,Offside,2005
2005445WH0039,36 - 45,10.0,Small town,9.0,,,,Journey as part of work,Mid Junction - on roundabout or on main road,LEYLAND DAF,FA60.180,Heavy oil,Male,,No tow/articulation,Did not leave carriageway,0.0,Going ahead other,2,Goods 7.5 tonnes mgw and over,No,Nearside,2005
2005445WR0005,56 - 65,5.0,Rural,9.0,2495.0,,,Other/Not known (2005-10),Approaching junction or waiting/parked at junction approach,LAND ROVER,DISCOVERY TD5 GS AUTO,Heavy oil,Male,,No tow/articulation,Did not leave carriageway,0.0,Going ahead other,2,Car,No,Front,2005
2005445ZD0026,26 - 35,33.0,Rural,5.0,1300.0,,Other permanent object,Journey as part of work,Approaching junction or waiting/parked at junction approach,VOLKSWAGEN,1303 BEETLE,Petrol,Female,,No tow/articulation,Offside,0.0,Turning right,1,Car,No,Offside,2005
2005445ZD0026,36 - 45,5.0,Small town,5.0,599.0,,,Journey as part of work,Approaching junction or waiting/parked at junction approach,HONDA,CB600 HORNET,Petrol,Male,,No tow/articulation,Did not leave carriageway,0.0,Overtaking moving vehicle - offside,2,Motorcycle over 500cc,No,Nearside,2005
2005445ZD0149,26 - 35,12.0,Urban area,8.0,2180.0,,,Commuting to/from work,Approaching junction or waiting/parked at junction approach,TOYOTA,,Heavy oil,Female,,No tow/articulation,Did not leave carriageway,0.0,Waiting to go - held up,2,Car,No,Back,2005
200545EL63922,26 - 35,1.0,Data missing or out of range,,1951.0,,,Commuting to/from work,Not at or within 20 metres of junction,LAND ROVER,FREELANDER TD4 SPORT S/W,Heavy oil,Male,,No tow/articulation,Did not leave carriageway,0.0,Slowing or stopping,2,Car,No,Back,2005
200545EL66767,36 - 45,22.0,Urban area,10.0,1993.0,,,Commuting to/from work,Approaching junction or waiting/parked at junction approach,FORD,CAPRI CABARET,Petrol,Male,Skidded,No tow/articulation,Did not leave carriageway,0.0,Waiting to turn right,2,Car,No,Offside,2005
200545EL66853,Data missing or out of range,4.0,Small town,9.0,973.0,,,Other/Not known (2005-10),Not at or within 20 metres of junction,VAUXHALL,CORSA EXPRESSION 12V,Petrol,Male,,No tow/articulation,Did not leave carriageway,0.0,Going ahead other,1,Car,No,Front,2005
200545EL67577,46 - 55,17.0,Urban area,6.0,1990.0,,,Other/Not known (2005-10),Not at or within 20 metres of junction,BMW,520 I LUX,Petrol,Male,,No tow/articulation,Did not leave carriageway,0.0,Going ahead other,1,Car,No,Did not impact,2005
200545EL67583,46 - 55,2.0,Small town,6.0,1998.0,,Near/Offside crash barrier,Other/Not known (2005-10),Not at or within 20 metres of junction,HONDA,CIVIC TYPE-S,Petrol,Male,,No tow/articulation,Nearside,0.0,Changing lane to left,1,Car,No,Offside,2005
200545EL68315,16 - 20,5.0,Urban area,10.0,998.0,,,Other/Not known (2005-10),Not at or within 20 metres of junction,NISSAN,MICRA CELEBRATION 16V,Petrol,Female,Skidded,No tow/articulation,Did not leave carriageway,0.0,Going ahead other,1,Car,No,Front,2005
200545EL68315,Over 75,18.0,Urban area,10.0,1781.0,,,Other/Not known (2005-10),Not at or within 20 metres of junction,VOLKSWAGEN,GOLF GL 1.8 AUTO,Petrol,Female,Skidded,No tow/articulation,Did not leave carriageway,0.0,Going ahead other,2,Car,No,Front,2005
200545EL69577,Over 75,11.0,Data missing or out of range,,1997.0,,,Other/Not known (2005-10),Leaving main road,ROVER,620 SI AUTO,Petrol,Male,,No tow/articulation,Did not leave carriageway,0.0,Turning right,1,Car,No,Back,2005
200545EL70923,36 - 45,7.0,Urban area,3.0,1396.0,,Central crash barrier,Other/Not known (2005-10),Not at or within 20 metres of junction,ROVER,414 SI,Petrol,Male,Skidded,No tow/articulation,Offside on to centrl res + rebounded,0.0,Going ahead other,2,Car,No,Did not impact,2005
200545EL71220,36 - 45,3.0,Urban area,10.0,1781.0,,,Other/Not known (2005-10),Approaching junction or waiting/parked at junction approach,SKODA,OCTAVIA RS,Petrol,Female,,No tow/articulation,Did not leave carriageway,0.0,Going ahead other,1,Car,No,Front,2005
200545EL71522,66 - 75,5.0,Data missing or out of range,,1299.0,,,Other/Not known (2005-10),Entering main road,FORD,KA NOW,Petrol,Male,,No tow/articulation,Did not leave carriageway,0.0,Moving off,2,Car,No,Nearside,2005
200545EL72895,26 - 35,,Urban area,3.0,,,,Other/Not known (2005-10),Not at or within 20 metres of junction,VAUXHALL,VIVARO 2700 DTI SWB,,Male,,No tow/articulation,Did not leave carriageway,0.0,Waiting to turn right,1,Car,No,Front,2005
200545EL74207,66 - 75,1.0,Data missing or out of range,,1388.0,,,Other/Not known (2005-10),Mid Junction - on roundabout or on main road,FORD,FUSION 1 16V,Petrol,Male,,No tow/articulation,Did not leave carriageway,0.0,Turning right,1,Car,No,Front,2005
200545EL75388,56 - 65,1.0,Urban area,9.0,1998.0,,,Other/Not known (2005-10),Cleared junction or waiting/parked at junction exit,FORD,MONDEO ZETEC TDCI,Heavy oil,Male,,No tow/articulation,Did not leave carriageway,0.0,Moving off,1,Car,No,Nearside,2005
200545EL76783,21 - 25,2.0,Data missing or out of range,,1199.0,,,Other/Not known (2005-10),Mid Junction - on roundabout or on main road,VAUXHALL,CORSA ELEGANCE 16V,Petrol,Female,,No tow/articulation,Did not leave carriageway,0.0,Moving off,2,Car,No,Offside,2005
200545EL76783,26 - 35,6.0,Data missing or out of range,,955.0,,,Commuting to/from work,Mid Junction - on roundabout or on main road,TRIUMPH,SPEED TRIPLE 955I,Petrol,Male,Skidded,No tow/articulation,Did not leave carriageway,0.0,Overtaking moving vehicle - offside,3,Motorcycle over 500cc,No,Front,2005
200545EL78477,36 - 45,3.0,Urban area,5.0,1870.0,,,Other/Not known (2005-10),Not at or within 20 metres of junction,RENAULT,MEGANE EXPRESSION+ DCI,Heavy oil,Male,,No tow/articulation,Did not leave carriageway,0.0,Waiting to go - held up,4,Car,No,Back,2005
200545EL78827,26 - 35,6.0,Urban area,9.0,3201.0,,Tree,Other/Not known (2005-10),Not at or within 20 metres of junction,BMW,M3 EVOLUTION,Petrol,Male,Skidded,No tow/articulation,Nearside,0.0,Going ahead left-hand bend,1,Car,No,Back,2005
200545EL79505,16 - 20,10.0,Data missing or out of range,,1905.0,,,Other/Not known (2005-10),Approaching junction or waiting/parked at junction approach,CITROEN,XANTIA VSX TD,Heavy oil,Male,Skidded,No tow/articulation,Did not leave carriageway,0.0,Slowing or stopping,1,Car,No,Front,2005
200545EL79585,21 - 25,2.0,Data missing or out of range,,1149.0,Other object,Other permanent object,Other/Not known (2005-10),Cleared junction or waiting/parked at junction exit,RENAULT,CLIO DYNAMIQUE 16V,Petrol,Female,,No tow/articulation,Straight ahead at junction,0.0,Moving off,1,Car,No,Offside,2005
200545EL79585,26 - 35,20.0,Data missing or out of range,,2746.0,,Lamp post,Other/Not known (2005-10),Cleared junction or waiting/parked at junction exit,MERCEDES,280 SE AUTO,Petrol,Male,,No tow/articulation,Nearside and rebounded,0.0,Going ahead other,2,Car,No,Front,2005
200545EP63711,56 - 65,9.0,Urban area,10.0,1998.0,,,Commuting to/from work,Approaching junction or waiting/parked at junction approach,VOLVO,440 GS AUTO,Petrol,Male,,No tow/articulation,Did not leave carriageway,0.0,Turning right,2,Car,No,Offside,2005
200545EP65392,56 - 65,1.0,Urban area,8.0,1398.0,,,Other/Not known (2005-10),Entering main road,TOYOTA,COROLLA COLOUR COL-N VVTI,Petrol,Male,Skidded and overturned,No tow/articulation,Did not leave carriageway,0.0,Turning right,2,Car,No,Front,2005
200545EP67587,36 - 45,2.0,Urban area,9.0,1796.0,,,Taking pupil to/from school,Not at or within 20 metres of junction,MERCEDES,C180 KOMP. AVANTGARDE SE A,Petrol,Female,,No tow/articulation,Did not leave carriageway,0.0,Turning right,1,Car,No,Offside,2005
200545EP69982,66 - 75,4.0,Urban area,10.0,1796.0,,,Other/Not known (2005-10),Mid Junction - on roundabout or on main road,VAUXHALL,VECTRA CLUB AUTO,Petrol,Male,,No tow/articulation,Did not leave carriageway,0.0,Going ahead other,1,Car,No,Front,2005
200545EP70305,21 - 25,3.0,Urban area,7.0,988.0,Kerb,Road sign or traffic signal,Other/Not known (2005-10),Entering roundabout,SUZUKI,GSX R1000K1,Petrol,Male,,No tow/articulation,Straight ahead at junction,0.0,Going ahead other,1,Motorcycle over 500cc,No,Front,2005
200545EP70966,21 - 25,8.0,Urban area,8.0,993.0,,Road sign or traffic signal,Other/Not known (2005-10),Entering main road,SUZUKI,SWIFT GLX AUTO,Petrol,Female,Skidded and overturned,No tow/articulation,Nearside,0.0,Turning left,1,Car,No,Did not impact,2005
200545EP71934,21 - 25,,Urban area,1.0,,,,Commuting to/from work,Approaching junction or waiting/parked at junction approach,MITSUBISHI,L200 2.5TD 4LIFE 4WD,,Male,,No tow/articulation,Did not leave carriageway,0.0,Going ahead other,3,Car,No,Nearside,2005
200545EP71934,56 - 65,8.0,Data missing or out of range,,5861.0,,,Commuting to/from work,Approaching junction or waiting/parked at junction approach,IVECO-FORD,,Heavy oil,Male,,No tow/articulation,Did not leave carriageway,0.0,Going ahead other,4,Goods 7.5 tonnes mgw and over,No,Offside,2005
200545EP72229,16 - 20,3.0,Urban area,8.0,998.0,,,Other/Not known (2005-10),Approaching junction or waiting/parked at junction approach,NISSAN,MICRA TEMPEST,Petrol,Male,Skidded,No tow/articulation,Did not leave carriageway,0.0,Going ahead other,3,Car,No,Front,2005
200545GU63224,46 - 55,2.0,Urban area,3.0,1587.0,,,Other/Not known (2005-10),Entering from slip road,PEUGEOT,307 S AUTO,Petrol,Male,,No tow/articulation,Nearside,0.0,Going ahead other,2,Car,No,Front,2005
200545GU63980,16 - 20,2.0,Urban area,9.0,1598.0,Kerb,,Commuting to/from work,Mid Junction - on roundabout or on main road,MINI,MINI ONE AUTO,Petrol,Male,,No tow/articulation,Nearside,0.0,Going ahead other,1,Car,No,Front,2005
200545GU64401,Data missing or out of range,13.0,Data missing or out of range,,1595.0,,,Other/Not known (2005-10),Not at or within 20 metres of junction,HONDA,CIVIC CRX VTEC,Petrol,Not known,Skidded and overturned,No tow/articulation,Did not leave carriageway,0.0,Going ahead right-hand bend,1,Car,No,Offside,2005
200545GU64639,46 - 55,3.0,Urban area,10.0,1896.0,,,Other/Not known (2005-10),Approaching junction or waiting/parked at junction approach,AUDI,A4 TDI SPORT,Heavy oil,Male,,No tow/articulation,Did not leave carriageway,0.0,Turning right,1,Car,No,Did not impact,2005
200545GU64694,26 - 35,2.0,Urban area,6.0,1870.0,,,Other/Not known (2005-10),Not at or within 20 metres of junction,RENAULT,LAGUNA EXP-ION DCI 120BHP,Heavy oil,Male,,No tow/articulation,Offside on to central reservation,0.0,Slowing or stopping,1,Car,No,Front,2005
200545GU65919,Over 75,2.0,Data missing or out of range,,1397.0,Bridge (side),,Other/Not known (2005-10),Mid Junction - on roundabout or on main road,MERCEDES,A140 CLASSIC SE LWB,Petrol,Male,,No tow/articulation,Did not leave carriageway,0.0,Going ahead right-hand bend,1,Car,No,Front,2005
200545GU66722,26 - 35,2.0,Urban area,9.0,1598.0,,,Other/Not known (2005-10),Not at or within 20 metres of junction,RENAULT,MEGANE SCENIC EXPRESSION,Petrol,Female,,No tow/articulation,Offside on to central reservation,0.0,Going ahead other,3,Car,No,Did not impact,2005
200545GU67143,56 - 65,9.0,Data missing or out of range,,1389.0,,,Other/Not known (2005-10),Not at or within 20 metres of junction,VAUXHALL,ASTRA MERIT,Petrol,Female,,No tow/articulation,Did not leave carriageway,0.0,Reversing,1,Car,No,Back,2005
200545GU67746,36 - 45,3.0,Urban area,8.0,11967.0,,,Journey as part of work,Cleared junction or waiting/parked at junction exit,MAN,,Heavy oil,Male,Skidded,No tow/articulation,Did not leave carriageway,0.0,Going ahead other,1,Van / Goods 3.5 tonnes mgw or under,No,Front,2005
200545GU68551,26 - 35,2.0,Urban area,7.0,1360.0,,Lamp post,Other/Not known (2005-10),Cleared junction or waiting/parked at junction exit,PEUGEOT,206 S SEMI-AUTO,Petrol,Female,,No tow/articulation,Nearside,0.0,Going ahead right-hand bend,1,Car,No,Front,2005
200545GU68632,16 - 20,5.0,Urban area,5.0,50.0,,,Other/Not known (2005-10),Entering roundabout,HONDA,,Petrol,Male,,No tow/articulation,Did not leave carriageway,0.0,Going ahead other,1,Motorcycle 50cc and under,No,Nearside,2005
200545GU68855,46 - 55,3.0,Urban area,10.0,955.0,,,Commuting to/from work,Mid Junction - on roundabout or on main road,TRIUMPH,DAYTONA 955I,Petrol,Male,Skidded,No tow/articulation,Did not leave carriageway,0.0,U-turn,2,Motorcycle over 500cc,No,Front,2005
200545GU69060,Data missing or out of range,3.0,Urban area,9.0,11021.0,,,Journey as part of work,Mid Junction - on roundabout or on main road,SCANIA,,Heavy oil,Male,,No tow/articulation,Did not leave carriageway,0.0,Turning left,2,Goods 7.5 tonnes mgw and over,No,Nearside,2005
200545GU69459,26 - 35,12.0,Urban area,5.0,893.0,,,Other/Not known (2005-10),Mid Junction - on roundabout or on main road,HONDA,,Petrol,Male,,No tow/articulation,Did not leave carriageway,0.0,Going ahead other,1,Motorcycle over 500cc,No,Front,2005
200545GU69459,56 - 65,14.0,Rural,6.0,1598.0,,,Other/Not known (2005-10),Mid Junction - on roundabout or on main road,MAZDA,MX-3 1.6I ABS AUTO,Petrol,Female,,No tow/articulation,Did not leave carriageway,0.0,Slowing or stopping,2,Car,No,Offside,2005
200545GU69688,Over 75,9.0,Rural,10.0,1598.0,,Near/Offside crash barrier,Other/Not known (2005-10),Not at or within 20 metres of junction,VAUXHALL,ASTRA LS AUTO,Petrol,Female,,No tow/articulation,Nearside and rebounded,0.0,Slowing or stopping,1,Car,No,Back,2005
200545GU69688,46 - 55,3.0,Urban area,4.0,1997.0,,,Journey as part of work,Not at or within 20 metres of junction,CITROEN,XSARA PICASSO SX HDI,Heavy oil,Male,,No tow/articulation,Did not leave carriageway,0.0,Going ahead other,2,Car,No,Back,2005
200545GU69688,26 - 35,22.0,Data missing or out of range,,10450.0,,,Journey as part of work,Not at or within 20 metres of junction,BRISTOL (BLMC),,Heavy oil,Male,,No tow/articulation,Did not leave carriageway,0.0,Going ahead other,3,Bus or coach (17 or more pass seats),No,Front,2005
200545GU70289,46 - 55,1.0,Urban area,7.0,1896.0,,,Commuting to/from work,Not at or within 20 metres of junction,VOLKSWAGEN,POLO SPORT TDI,Heavy oil,Female,,No tow/articulation,Did not leave carriageway,0.0,Going ahead other,2,Car,No,Front,2005
200545GU70403,36 - 45,5.0,Data missing or out of range,,1589.0,,,Other/Not known (2005-10),Not at or within 20 metres of junction,ROVER,45 CLUB 16V,Petrol,Male,,No tow/articulation,Did not leave carriageway,0.0,Slowing or stopping,4,Car,No,Back,2005
200545GU70413,36 - 45,5.0,Rural,4.0,899.0,,,Other/Not known (2005-10),Not at or within 20 metres of junction,KAWASAKI,ZX900-E1,Petrol,Male,,No tow/articulation,Did not leave carriageway,0.0,Going ahead left-hand bend,1,Motorcycle over 500cc,No,Did not impact,2005
200545GU71102,66 - 75,10.0,Rural,8.0,1389.0,,,Other/Not known (2005-10),Mid Junction - on roundabout or on main road,VAUXHALL,ASTRA LS (HI-TORQ),Petrol,Female,Skidded,No tow/articulation,Did not leave carriageway,0.0,Going ahead other,1,Car,No,Front,2005
200545GU71425,36 - 45,7.0,Data missing or out of range,,2998.0,,,Commuting to/from work,Entering roundabout,LEXUS,,Petrol,Male,,No tow/articulation,Did not leave carriageway,0.0,Going ahead other,3,Car,No,Front,2005
200545GU72317,66 - 75,1.0,Data missing or out of range,,1596.0,,,Other/Not known (2005-10),Not at or within 20 metres of junction,FORD,FOCUS GHIA AUTO,Petrol,Male,,No tow/articulation,Did not leave carriageway,0.0,Going ahead other,1,Car,No,Front,2005
200545GU72503,21 - 25,1.0,Data missing or out of range,,1896.0,,,Journey as part of work,Approaching junction or waiting/parked at junction approach,SEAT,LEON SX TDI 110,Heavy oil,Female,,No tow/articulation,Did not leave carriageway,0.0,Waiting to go - held up,2,Car,No,Back,2005